{"type": "FeatureCollection", "features": [{"type": "Feature", "geometry": {"type": "Polygon", "coordinates": [[[-16.212305, 20.175007], [-16.212303, 20.174736], [-16.21259, 20.174734], [-16.212588, 20.174463], [-16.212875, 20.174461], [-16.212873, 20.17419], [-16.212586, 20.174192], [-16.212584, 20.173921], [-16.212297, 20.173922], [-16.212301, 20.174465], [-16.212014, 20.174467], [-16.212018, 20.175009], [-16.212305, 20.175007]]]}, "properties": {"layer": "core", "exposure_min": 0.6, "area_ha": 0.54}}, {"type": "Feature", "geometry": {"type": "Polygon", "coordinates": [[[-16.261235, 20.11964], [-16.261233, 20.119369], [-16.26152, 20.119367], [-16.261518, 20.119096], [-16.260083, 20.119106], [-16.260085, 20.119378], [-16.260659, 20.119373], [-16.260661, 20.119644], [-16.261235, 20.11964]]]}, "properties": {"layer": "core", "exposure_min": 0.6, "area_ha": 0.63}}, {"type": "Feature", "geometry": {"type": "Polygon", "coordinates": [[[-16.259216, 20.1183], [-16.259213, 20.118029], [-16.260361, 20.11802], [-16.260359, 20.117749], [-16.260072, 20.117751], [-16.26007, 20.11748], [-16.259783, 20.117482], [-16.259785, 20.117753], [-16.259211, 20.117757], [-16.259207, 20.117215], [-16.25892, 20.117217], [-16.258918, 20.116946], [-16.258344, 20.116951], [-16.25835, 20.117764], [-16.258924, 20.11776], [-16.258929, 20.118302], [-16.259216, 20.1183]]]}, "properties": {"layer": "core", "exposure_min": 0.6, "area_ha": 1.35}}, {"type": "Feature", "geometry": {"type": "Polygon", "coordinates": [[[-16.256903, 20.116148], [-16.256896, 20.115335], [-16.256609, 20.115337], [-16.256603, 20.114524], [-16.256316, 20.114526], [-16.256309, 20.113712], [-16.256023, 20.113715], [-16.256018, 20.113172], [-16.255731, 20.113175], [-16.255723, 20.11209], [-16.255436, 20.112092], [-16.255431, 20.11155], [-16.255718, 20.111548], [-16.255714, 20.111006], [-16.256001, 20.111004], [-16.255999, 20.110733], [-16.255425, 20.110737], [-16.255427, 20.111008], [-16.25514, 20.11101], [-16.255144, 20.111552], [-16.254858, 20.111554], [-16.25486, 20.111825], [-16.255147, 20.111823], [-16.255157, 20.113179], [-16.255444, 20.113177], [-16.255453, 20.114261], [-16.25574, 20.114259], [-16.255746, 20.115072], [-16.256033, 20.11507], [-16.256036, 20.115341], [-16.256322, 20.115339], [-16.256325, 20.11561], [-16.256612, 20.115608], [-16.256616, 20.11615], [-16.256903, 20.116148]]]}, "properties": {"layer": "core", "exposure_min": 0.6, "area_ha": 3.69}}, {"type": "Feature", "geometry": {"type": "Polygon", "coordinates": [[[-16.253677, 20.107497], [-16.253669, 20.106413], [-16.253095, 20.106417], [-16.253093, 20.106146], [-16.252806, 20.106148], [-16.252804, 20.105877], [-16.252517, 20.105879], [-16.25251, 20.105066], [-16.253084, 20.105062], [-16.253078, 20.104249], [-16.252791, 20.104251], [-16.252793, 20.104522], [-16.252219, 20.104526], [-16.252217, 20.104255], [-16.25193, 20.104257], [-16.251928, 20.103986], [-16.251641, 20.103988], [-16.251639, 20.103717], [-16.251352, 20.103719], [-16.25135, 20.103448], [-16.251063, 20.10345], [-16.251069, 20.104263], [-16.251643, 20.104259], [-16.25165, 20.105072], [-16.251937, 20.10507], [-16.251943, 20.105883], [-16.25223, 20.105881], [-16.252234, 20.106423], [-16.252808, 20.106419], [-16.25281, 20.10669], [-16.253097, 20.106688], [-16.253099, 20.106959], [-16.253386, 20.106957], [-16.253391, 20.107499], [-16.253677, 20.107497]], [[-16.252221, 20.104797], [-16.251934, 20.104799], [-16.251932, 20.104528], [-16.252219, 20.104526], [-16.252221, 20.104797]]]}, "properties": {"layer": "core", "exposure_min": 0.6, "area_ha": 3.24}}, {"type": "Feature", "geometry": {"type": "Polygon", "coordinates": [[[-16.251063, 20.10345], [-16.25105, 20.101824], [-16.251624, 20.10182], [-16.251622, 20.101549], [-16.251335, 20.101551], [-16.251333, 20.10128], [-16.250472, 20.101286], [-16.250483, 20.102641], [-16.250769, 20.102639], [-16.250776, 20.103452], [-16.251063, 20.10345]]]}, "properties": {"layer": "core", "exposure_min": 0.6, "area_ha": 1.44}}, {"type": "Feature", "geometry": {"type": "Polygon", "coordinates": [[[-16.250176, 20.100204], [-16.250174, 20.099933], [-16.250461, 20.099931], [-16.250459, 20.09966], [-16.250746, 20.099658], [-16.250744, 20.099387], [-16.250457, 20.099389], [-16.250452, 20.098846], [-16.250166, 20.098849], [-16.250159, 20.098035], [-16.249872, 20.098037], [-16.249866, 20.097224], [-16.250153, 20.097222], [-16.250148, 20.09668], [-16.249575, 20.096684], [-16.249587, 20.098311], [-16.249874, 20.098308], [-16.249883, 20.099393], [-16.25017, 20.099391], [-16.250172, 20.099662], [-16.249885, 20.099664], [-16.249889, 20.100206], [-16.250176, 20.100204]]]}, "properties": {"layer": "core", "exposure_min": 0.6, "area_ha": 1.8}}, {"type": "Feature", "geometry": {"type": "Polygon", "coordinates": [[[-16.250101, 20.090718], [-16.250097, 20.090175], [-16.24981, 20.090177], [-16.249808, 20.089906], [-16.250095, 20.089904], [-16.250082, 20.088278], [-16.249795, 20.08828], [-16.249793, 20.088009], [-16.250079, 20.088007], [-16.250077, 20.087736], [-16.24979, 20.087738], [-16.249788, 20.087467], [-16.249501, 20.087469], [-16.249499, 20.087198], [-16.249212, 20.0872], [-16.249215, 20.087471], [-16.248928, 20.087473], [-16.24893, 20.087744], [-16.249217, 20.087742], [-16.249225, 20.088826], [-16.249512, 20.088824], [-16.249527, 20.090722], [-16.250101, 20.090718]]]}, "properties": {"layer": "core", "exposure_min": 0.6, "area_ha": 2.52}}, {"type": "Feature", "geometry": {"type": "Polygon", "coordinates": [[[-16.246907, 20.085861], [-16.246904, 20.08559], [-16.247191, 20.085588], [-16.247189, 20.085317], [-16.246902, 20.085319], [-16.2469, 20.085048], [-16.246613, 20.08505], [-16.246615, 20.085321], [-16.245755, 20.085327], [-16.245757, 20.085598], [-16.246044, 20.085596], [-16.246046, 20.085867], [-16.246907, 20.085861]]]}, "properties": {"layer": "core", "exposure_min": 0.6, "area_ha": 0.81}}, {"type": "Feature", "geometry": {"type": "Polygon", "coordinates": [[[-16.243674, 20.076126], [-16.243668, 20.075313], [-16.243381, 20.075315], [-16.243379, 20.075044], [-16.243092, 20.075046], [-16.243094, 20.075317], [-16.242807, 20.075319], [-16.242809, 20.07559], [-16.243096, 20.075588], [-16.2431, 20.07613], [-16.243674, 20.076126]]]}, "properties": {"layer": "core", "exposure_min": 0.6, "area_ha": 0.72}}, {"type": "Feature", "geometry": {"type": "Polygon", "coordinates": [[[-16.248538, 20.074466], [-16.248531, 20.073653], [-16.247671, 20.073659], [-16.247673, 20.07393], [-16.24796, 20.073928], [-16.247964, 20.07447], [-16.248538, 20.074466]]]}, "properties": {"layer": "core", "exposure_min": 0.6, "area_ha": 0.63}}, {"type": "Feature", "geometry": {"type": "Polygon", "coordinates": [[[-16.245755, 20.085327], [-16.245748, 20.084514], [-16.246035, 20.084512], [-16.246033, 20.084241], [-16.245746, 20.084243], [-16.245742, 20.083701], [-16.246029, 20.083699], [-16.246027, 20.083428], [-16.246887, 20.083422], [-16.246889, 20.083693], [-16.247176, 20.083691], [-16.247172, 20.083149], [-16.246885, 20.083151], [-16.246883, 20.08288], [-16.247457, 20.082876], [-16.247459, 20.083147], [-16.24832, 20.083141], [-16.248317, 20.08287], [-16.248891, 20.082866], [-16.248889, 20.082595], [-16.249176, 20.082593], [-16.249172, 20.082051], [-16.248885, 20.082053], [-16.24888, 20.081511], [-16.249167, 20.081508], [-16.249165, 20.081237], [-16.248878, 20.081239], [-16.24887, 20.080155], [-16.249157, 20.080153], [-16.24915, 20.07934], [-16.248863, 20.079342], [-16.248846, 20.077174], [-16.249133, 20.077172], [-16.249131, 20.076901], [-16.248844, 20.076903], [-16.248837, 20.07609], [-16.248551, 20.076092], [-16.248546, 20.07555], [-16.248259, 20.075552], [-16.248255, 20.07501], [-16.247968, 20.075012], [-16.247966, 20.074741], [-16.247106, 20.074747], [-16.247103, 20.074476], [-16.24653, 20.07448], [-16.246534, 20.075022], [-16.246247, 20.075024], [-16.246249, 20.075295], [-16.245962, 20.075297], [-16.245984, 20.078007], [-16.245697, 20.078009], [-16.245693, 20.077467], [-16.245119, 20.077471], [-16.245123, 20.078013], [-16.24541, 20.078011], [-16.245412, 20.078282], [-16.244839, 20.078286], [-16.244836, 20.078015], [-16.244263, 20.078019], [-16.244261, 20.077748], [-16.244547, 20.077746], [-16.244545, 20.077475], [-16.244258, 20.077477], [-16.244254, 20.076935], [-16.24368, 20.076939], [-16.243678, 20.076668], [-16.243104, 20.076672], [-16.243115, 20.078028], [-16.243402, 20.078026], [-16.243404, 20.078297], [-16.243117, 20.078299], [-16.243119, 20.07857], [-16.242833, 20.078572], [-16.24283, 20.078301], [-16.242544, 20.078303], [-16.242539, 20.077761], [-16.242252, 20.077763], [-16.242255, 20.078034], [-16.241681, 20.078038], [-16.241683, 20.078309], [-16.241396, 20.078311], [-16.241394, 20.07804], [-16.241107, 20.078042], [-16.241103, 20.0775], [-16.24139, 20.077498], [-16.241383, 20.076684], [-16.240523, 20.076691], [-16.240525, 20.076962], [-16.240238, 20.076964], [-16.240242, 20.077506], [-16.239955, 20.077508], [-16.239958, 20.077779], [-16.239384, 20.077783], [-16.23938, 20.077241], [-16.239093, 20.077243], [-16.239091, 20.076972], [-16.239951, 20.076966], [-16.239943, 20.075881], [-16.240803, 20.075875], [-16.240797, 20.075062], [-16.24051, 20.075064], [-16.240508, 20.074793], [-16.240795, 20.074791], [-16.24079, 20.074249], [-16.241077, 20.074247], [-16.241073, 20.073705], [-16.240786, 20.073707], [-16.240775, 20.072352], [-16.240202, 20.072356], [-16.240191, 20.071001], [-16.239904, 20.071003], [-16.239909, 20.071545], [-16.239622, 20.071547], [-16.239626, 20.072089], [-16.239339, 20.072091], [-16.239343, 20.072633], [-16.239056, 20.072635], [-16.239059, 20.072906], [-16.239345, 20.072904], [-16.239348, 20.073175], [-16.239061, 20.073177], [-16.239063, 20.073448], [-16.238776, 20.07345], [-16.238778, 20.073721], [-16.238491, 20.073723], [-16.238496, 20.074265], [-16.238209, 20.074267], [-16.238213, 20.074809], [-16.237926, 20.074811], [-16.237928, 20.075082], [-16.237641, 20.075084], [-16.237643, 20.075355], [-16.237357, 20.075358], [-16.237359, 20.075629], [-16.237072, 20.075631], [-16.237074, 20.075902], [-16.236787, 20.075904], [-16.236791, 20.076446], [-16.237078, 20.076444], [-16.237082, 20.076986], [-16.236796, 20.076988], [-16.236806, 20.078343], [-16.237093, 20.078341], [-16.237099, 20.079154], [-16.237673, 20.07915], [-16.237675, 20.079421], [-16.237962, 20.079419], [-16.237964, 20.07969], [-16.237677, 20.079692], [-16.237697, 20.082131], [-16.237984, 20.082129], [-16.23799, 20.082942], [-16.238277, 20.08294], [-16.238275, 20.082669], [-16.238562, 20.082667], [-16.238564, 20.082938], [-16.238851, 20.082936], [-16.238853, 20.083207], [-16.23914, 20.083205], [-16.239142, 20.083476], [-16.239429, 20.083474], [-16.239431, 20.083745], [-16.240291, 20.083739], [-16.240293, 20.08401], [-16.24058, 20.084008], [-16.240578, 20.083737], [-16.241439, 20.083731], [-16.241441, 20.084002], [-16.241154, 20.084004], [-16.24116, 20.084818], [-16.242308, 20.084809], [-16.242304, 20.084267], [-16.242591, 20.084265], [-16.242593, 20.084536], [-16.243166, 20.084532], [-16.243164, 20.084261], [-16.243451, 20.084259], [-16.243455, 20.084801], [-16.244029, 20.084797], [-16.244034, 20.085339], [-16.245755, 20.085327]], [[-16.245455, 20.083703], [-16.245168, 20.083705], [-16.245162, 20.082892], [-16.246309, 20.082884], [-16.246311, 20.083155], [-16.246025, 20.083157], [-16.246027, 20.083428], [-16.245453, 20.083432], [-16.245455, 20.083703]], [[-16.243156, 20.083177], [-16.242295, 20.083183], [-16.242293, 20.082912], [-16.242006, 20.082914], [-16.242004, 20.082643], [-16.242578, 20.082639], [-16.24258, 20.08291], [-16.243154, 20.082906], [-16.243156, 20.083177]], [[-16.242008, 20.083185], [-16.241435, 20.083189], [-16.241432, 20.082918], [-16.241146, 20.08292], [-16.241143, 20.082649], [-16.240857, 20.082651], [-16.240854, 20.08238], [-16.240568, 20.082382], [-16.240565, 20.082111], [-16.241139, 20.082107], [-16.241135, 20.081565], [-16.240848, 20.081567], [-16.240846, 20.081296], [-16.240272, 20.0813], [-16.240268, 20.080758], [-16.239981, 20.08076], [-16.239979, 20.080489], [-16.239692, 20.080491], [-16.239688, 20.079949], [-16.240261, 20.079945], [-16.240264, 20.080216], [-16.241124, 20.08021], [-16.241126, 20.080481], [-16.241413, 20.080479], [-16.241417, 20.081021], [-16.241704, 20.081019], [-16.241706, 20.08129], [-16.241993, 20.081288], [-16.241998, 20.08183], [-16.242284, 20.081828], [-16.242287, 20.082099], [-16.242, 20.082101], [-16.242002, 20.082372], [-16.241428, 20.082376], [-16.24143, 20.082647], [-16.241717, 20.082645], [-16.241719, 20.082916], [-16.242006, 20.082914], [-16.242008, 20.083185]], [[-16.244871, 20.082352], [-16.243723, 20.08236], [-16.243721, 20.082089], [-16.244295, 20.082085], [-16.24429, 20.081543], [-16.244577, 20.081541], [-16.244582, 20.082083], [-16.244868, 20.082081], [-16.244871, 20.082352]], [[-16.242863, 20.082366], [-16.242576, 20.082368], [-16.242573, 20.082097], [-16.24286, 20.082095], [-16.242863, 20.082366]], [[-16.239133, 20.082392], [-16.238846, 20.082394], [-16.238844, 20.082123], [-16.239131, 20.082121], [-16.239133, 20.082392]], [[-16.240565, 20.082111], [-16.239992, 20.082115], [-16.239989, 20.081844], [-16.239703, 20.081846], [-16.2397, 20.081575], [-16.239414, 20.081577], [-16.239411, 20.081306], [-16.239125, 20.081308], [-16.23912, 20.080766], [-16.238833, 20.080768], [-16.238827, 20.079955], [-16.239114, 20.079953], [-16.239116, 20.080224], [-16.239403, 20.080222], [-16.239409, 20.081035], [-16.239696, 20.081033], [-16.239698, 20.081304], [-16.239985, 20.081302], [-16.239987, 20.081573], [-16.240274, 20.081571], [-16.240276, 20.081842], [-16.240563, 20.08184], [-16.240565, 20.082111]], [[-16.245723, 20.081262], [-16.245436, 20.081264], [-16.245434, 20.080993], [-16.245721, 20.080991], [-16.245723, 20.081262]], [[-16.244288, 20.081272], [-16.244001, 20.081274], [-16.243999, 20.081003], [-16.243712, 20.081005], [-16.243715, 20.081276], [-16.243428, 20.081278], [-16.243423, 20.080736], [-16.244571, 20.080728], [-16.244573, 20.080999], [-16.244286, 20.081001], [-16.244288, 20.081272]], [[-16.245427, 20.08018], [-16.24514, 20.080182], [-16.245136, 20.07964], [-16.245423, 20.079638], [-16.245427, 20.08018]], [[-16.24657, 20.07963], [-16.246284, 20.079632], [-16.246281, 20.07936], [-16.246568, 20.079358], [-16.24657, 20.07963]], [[-16.239399, 20.07968], [-16.239112, 20.079682], [-16.23911, 20.079411], [-16.239397, 20.079409], [-16.239399, 20.07968]], [[-16.246279, 20.079089], [-16.245706, 20.079094], [-16.245703, 20.078822], [-16.245417, 20.078824], [-16.245414, 20.078553], [-16.245988, 20.078549], [-16.245984, 20.078007], [-16.246558, 20.078003], [-16.246564, 20.078816], [-16.246277, 20.078818], [-16.246279, 20.079089]], [[-16.239105, 20.078869], [-16.238819, 20.078871], [-16.238816, 20.0786], [-16.239103, 20.078598], [-16.239105, 20.078869]], [[-16.238814, 20.078329], [-16.238527, 20.078331], [-16.238521, 20.077518], [-16.238808, 20.077516], [-16.238814, 20.078329]], [[-16.239095, 20.077514], [-16.238808, 20.077516], [-16.238806, 20.077245], [-16.239093, 20.077243], [-16.239095, 20.077514]], [[-16.239088, 20.076701], [-16.238802, 20.076703], [-16.238799, 20.076432], [-16.239086, 20.07643], [-16.239088, 20.076701]], [[-16.239654, 20.075612], [-16.239367, 20.075614], [-16.239365, 20.075343], [-16.239078, 20.075345], [-16.239073, 20.074803], [-16.23936, 20.074801], [-16.239358, 20.07453], [-16.239645, 20.074528], [-16.239643, 20.074257], [-16.23993, 20.074255], [-16.239938, 20.075339], [-16.239651, 20.075341], [-16.239654, 20.075612]]]}, "properties": {"layer": "core", "exposure_min": 0.6, "area_ha": 98.64}}, {"type": "Feature", "geometry": {"type": "Polygon", "coordinates": [[[-16.248232, 20.072028], [-16.248229, 20.071757], [-16.248516, 20.071755], [-16.248514, 20.071484], [-16.248227, 20.071486], [-16.248223, 20.070944], [-16.24851, 20.070942], [-16.248508, 20.070671], [-16.249081, 20.070667], [-16.249075, 20.069854], [-16.248788, 20.069856], [-16.248786, 20.069585], [-16.247925, 20.069591], [-16.247928, 20.069862], [-16.24678, 20.06987], [-16.246782, 20.070141], [-16.246495, 20.070143], [-16.2465, 20.070685], [-16.246787, 20.070683], [-16.246789, 20.070954], [-16.247076, 20.070952], [-16.247084, 20.072037], [-16.248232, 20.072028]]]}, "properties": {"layer": "core", "exposure_min": 0.6, "area_ha": 4.68}}, {"type": "Feature", "geometry": {"type": "Polygon", "coordinates": [[[-16.250464, 20.064152], [-16.25046, 20.06361], [-16.250747, 20.063608], [-16.250744, 20.063337], [-16.251031, 20.063335], [-16.251027, 20.062793], [-16.25074, 20.062795], [-16.250738, 20.062524], [-16.249878, 20.06253], [-16.24988, 20.062801], [-16.249306, 20.062805], [-16.24931, 20.063347], [-16.249597, 20.063345], [-16.249599, 20.063616], [-16.249312, 20.063618], [-16.249315, 20.063889], [-16.248741, 20.063893], [-16.248737, 20.063351], [-16.24845, 20.063353], [-16.248456, 20.064166], [-16.250464, 20.064152]]]}, "properties": {"layer": "core", "exposure_min": 0.6, "area_ha": 2.88}}, {"type": "Feature", "geometry": {"type": "Polygon", "coordinates": [[[-16.234607, 20.053964], [-16.234605, 20.053693], [-16.234031, 20.053697], [-16.234029, 20.053426], [-16.233456, 20.05343], [-16.233454, 20.053159], [-16.23288, 20.053163], [-16.232882, 20.053434], [-16.233169, 20.053432], [-16.233171, 20.053703], [-16.233458, 20.053701], [-16.23346, 20.053972], [-16.234607, 20.053964]]]}, "properties": {"layer": "core", "exposure_min": 0.6, "area_ha": 0.81}}, {"type": "Feature", "geometry": {"type": "Polygon", "coordinates": [[[-16.231142, 20.051006], [-16.231136, 20.050193], [-16.231423, 20.050191], [-16.23142, 20.04992], [-16.231707, 20.049918], [-16.231703, 20.049376], [-16.230843, 20.049382], [-16.230845, 20.049653], [-16.230558, 20.049655], [-16.230566, 20.050739], [-16.230853, 20.050737], [-16.230855, 20.051008], [-16.231142, 20.051006]]]}, "properties": {"layer": "core", "exposure_min": 0.6, "area_ha": 1.35}}, {"type": "Feature", "geometry": {"type": "Polygon", "coordinates": [[[-16.24651, 20.072041], [-16.246508, 20.07177], [-16.246221, 20.071772], [-16.246217, 20.071229], [-16.246504, 20.071227], [-16.2465, 20.070685], [-16.245639, 20.070691], [-16.245637, 20.07042], [-16.24535, 20.070422], [-16.245348, 20.070151], [-16.245061, 20.070153], [-16.245059, 20.069882], [-16.244772, 20.069884], [-16.244768, 20.069342], [-16.244481, 20.069344], [-16.244479, 20.069073], [-16.244192, 20.069075], [-16.24419, 20.068804], [-16.244477, 20.068802], [-16.244475, 20.068531], [-16.245622, 20.068523], [-16.245624, 20.068794], [-16.246772, 20.068786], [-16.246769, 20.068515], [-16.247056, 20.068513], [-16.247052, 20.067971], [-16.246765, 20.067973], [-16.246763, 20.067702], [-16.24705, 20.0677], [-16.247046, 20.067158], [-16.246472, 20.067162], [-16.24647, 20.066891], [-16.246183, 20.066893], [-16.246181, 20.066622], [-16.245607, 20.066626], [-16.245605, 20.066355], [-16.245318, 20.066357], [-16.245314, 20.065815], [-16.245887, 20.065811], [-16.245885, 20.06554], [-16.246172, 20.065538], [-16.24617, 20.065267], [-16.247317, 20.065259], [-16.247315, 20.064988], [-16.247028, 20.06499], [-16.247018, 20.063634], [-16.247305, 20.063632], [-16.247292, 20.062006], [-16.247005, 20.062008], [-16.247003, 20.061737], [-16.246429, 20.061741], [-16.246425, 20.061199], [-16.246998, 20.061195], [-16.246996, 20.060924], [-16.247283, 20.060922], [-16.247281, 20.060651], [-16.247568, 20.060649], [-16.247566, 20.060378], [-16.247279, 20.06038], [-16.247277, 20.060109], [-16.24699, 20.060111], [-16.246988, 20.05984], [-16.246414, 20.059844], [-16.246408, 20.059031], [-16.247268, 20.059025], [-16.247264, 20.058483], [-16.247551, 20.058481], [-16.247549, 20.05821], [-16.247835, 20.058208], [-16.247831, 20.057666], [-16.247544, 20.057668], [-16.247542, 20.057397], [-16.246968, 20.057401], [-16.246966, 20.05713], [-16.246679, 20.057132], [-16.246675, 20.05659], [-16.246388, 20.056592], [-16.246386, 20.056321], [-16.246099, 20.056323], [-16.246097, 20.056052], [-16.245524, 20.056056], [-16.245521, 20.055785], [-16.245235, 20.055787], [-16.24523, 20.055245], [-16.244657, 20.055249], [-16.244652, 20.054706], [-16.244939, 20.054704], [-16.244941, 20.054976], [-16.245228, 20.054973], [-16.245226, 20.054702], [-16.245513, 20.0547], [-16.245511, 20.054429], [-16.245798, 20.054427], [-16.2458, 20.054698], [-16.247521, 20.054686], [-16.247516, 20.054144], [-16.24723, 20.054146], [-16.247225, 20.053604], [-16.247512, 20.053602], [-16.24751, 20.053331], [-16.248084, 20.053327], [-16.248077, 20.052514], [-16.248364, 20.052512], [-16.248362, 20.052241], [-16.248936, 20.052237], [-16.248938, 20.052508], [-16.249224, 20.052506], [-16.249227, 20.052777], [-16.2498, 20.052773], [-16.249794, 20.05196], [-16.249507, 20.051962], [-16.249503, 20.05142], [-16.248929, 20.051424], [-16.248931, 20.051695], [-16.248644, 20.051697], [-16.248647, 20.051968], [-16.24836, 20.05197], [-16.248358, 20.051699], [-16.247497, 20.051705], [-16.247499, 20.051976], [-16.246926, 20.05198], [-16.246919, 20.051167], [-16.247206, 20.051165], [-16.247202, 20.050623], [-16.247489, 20.050621], [-16.247482, 20.049808], [-16.247769, 20.049806], [-16.247767, 20.049535], [-16.248054, 20.049533], [-16.248047, 20.048719], [-16.24776, 20.048721], [-16.247758, 20.04845], [-16.247471, 20.048452], [-16.247474, 20.048724], [-16.247187, 20.048726], [-16.247189, 20.048997], [-16.246328, 20.049003], [-16.246324, 20.048461], [-16.246037, 20.048463], [-16.246035, 20.048192], [-16.245462, 20.048196], [-16.245464, 20.048467], [-16.245177, 20.048469], [-16.245181, 20.049011], [-16.245468, 20.049009], [-16.245474, 20.049822], [-16.245188, 20.049824], [-16.245186, 20.049553], [-16.244325, 20.049559], [-16.244327, 20.04983], [-16.244614, 20.049828], [-16.244625, 20.051183], [-16.244051, 20.051187], [-16.244055, 20.051729], [-16.243769, 20.051731], [-16.243771, 20.052002], [-16.243484, 20.052004], [-16.243486, 20.052275], [-16.243199, 20.052277], [-16.243201, 20.052548], [-16.242914, 20.05255], [-16.242917, 20.052821], [-16.24263, 20.052823], [-16.242632, 20.053094], [-16.242058, 20.053098], [-16.24206, 20.053369], [-16.241774, 20.053371], [-16.241778, 20.053914], [-16.242065, 20.053912], [-16.242067, 20.054183], [-16.244075, 20.054168], [-16.244085, 20.055524], [-16.244372, 20.055522], [-16.244374, 20.055793], [-16.244661, 20.055791], [-16.244663, 20.056062], [-16.24495, 20.05606], [-16.244956, 20.056873], [-16.24467, 20.056875], [-16.244667, 20.056604], [-16.244381, 20.056606], [-16.244378, 20.056335], [-16.244092, 20.056337], [-16.244094, 20.056608], [-16.243807, 20.05661], [-16.243809, 20.056881], [-16.244096, 20.056879], [-16.244098, 20.05715], [-16.244385, 20.057148], [-16.244387, 20.057419], [-16.244674, 20.057417], [-16.244678, 20.057959], [-16.244965, 20.057957], [-16.244971, 20.05877], [-16.244685, 20.058772], [-16.244687, 20.059043], [-16.2444, 20.059045], [-16.244402, 20.059316], [-16.244115, 20.059318], [-16.244117, 20.059589], [-16.24383, 20.059591], [-16.243841, 20.060946], [-16.243554, 20.060948], [-16.243563, 20.062033], [-16.242989, 20.062037], [-16.242991, 20.062308], [-16.243278, 20.062306], [-16.24328, 20.062577], [-16.243567, 20.062575], [-16.243569, 20.062846], [-16.243282, 20.062848], [-16.243285, 20.063119], [-16.242998, 20.063121], [-16.243004, 20.063934], [-16.243578, 20.06393], [-16.24358, 20.064201], [-16.243006, 20.064205], [-16.243008, 20.064476], [-16.242722, 20.064478], [-16.242719, 20.064207], [-16.241572, 20.064215], [-16.241578, 20.065028], [-16.241865, 20.065026], [-16.24187, 20.065568], [-16.241296, 20.065572], [-16.241292, 20.06503], [-16.241005, 20.065032], [-16.240996, 20.063948], [-16.240709, 20.06395], [-16.240684, 20.060697], [-16.240397, 20.060699], [-16.240391, 20.059886], [-16.240104, 20.059888], [-16.240095, 20.058804], [-16.239808, 20.058806], [-16.239806, 20.058535], [-16.239519, 20.058537], [-16.239517, 20.058266], [-16.23923, 20.058268], [-16.239228, 20.057997], [-16.238368, 20.058003], [-16.238366, 20.057732], [-16.238079, 20.057734], [-16.238075, 20.057192], [-16.237788, 20.057194], [-16.237781, 20.056381], [-16.237495, 20.056383], [-16.237488, 20.05557], [-16.237201, 20.055572], [-16.237199, 20.055301], [-16.236626, 20.055305], [-16.236624, 20.055034], [-16.236337, 20.055036], [-16.236341, 20.055578], [-16.236054, 20.05558], [-16.236063, 20.056664], [-16.236349, 20.056662], [-16.236352, 20.056933], [-16.236638, 20.056931], [-16.23664, 20.057202], [-16.236927, 20.0572], [-16.236929, 20.057471], [-16.236643, 20.057473], [-16.236645, 20.057744], [-16.236932, 20.057742], [-16.236934, 20.058013], [-16.237221, 20.058011], [-16.237223, 20.058282], [-16.238083, 20.058276], [-16.238085, 20.058547], [-16.238372, 20.058545], [-16.238374, 20.058816], [-16.238661, 20.058814], [-16.238663, 20.059085], [-16.23895, 20.059083], [-16.238954, 20.059625], [-16.239241, 20.059623], [-16.239252, 20.060979], [-16.239539, 20.060977], [-16.239543, 20.061519], [-16.23983, 20.061517], [-16.239853, 20.064498], [-16.24014, 20.064496], [-16.240142, 20.064767], [-16.239855, 20.064769], [-16.239868, 20.066395], [-16.239581, 20.066397], [-16.23959, 20.067481], [-16.239877, 20.067479], [-16.239891, 20.069377], [-16.240178, 20.069375], [-16.240176, 20.069104], [-16.240463, 20.069102], [-16.240474, 20.070457], [-16.240187, 20.070459], [-16.240191, 20.071001], [-16.240478, 20.070999], [-16.240476, 20.070728], [-16.240763, 20.070726], [-16.240758, 20.070184], [-16.241045, 20.070182], [-16.24105, 20.070724], [-16.241336, 20.070722], [-16.241334, 20.070451], [-16.241621, 20.070449], [-16.241623, 20.07072], [-16.24191, 20.070718], [-16.241902, 20.069634], [-16.241615, 20.069636], [-16.241617, 20.069907], [-16.24133, 20.069909], [-16.241328, 20.069638], [-16.241041, 20.06964], [-16.241037, 20.069098], [-16.241897, 20.069092], [-16.241899, 20.069363], [-16.242473, 20.069359], [-16.242471, 20.069087], [-16.242758, 20.069085], [-16.242756, 20.068814], [-16.243043, 20.068812], [-16.24304, 20.068541], [-16.243327, 20.068539], [-16.243336, 20.069623], [-16.243623, 20.069621], [-16.243621, 20.06935], [-16.243907, 20.069348], [-16.243914, 20.070162], [-16.243627, 20.070164], [-16.243629, 20.070435], [-16.244203, 20.070431], [-16.244205, 20.070702], [-16.244492, 20.0707], [-16.244494, 20.070971], [-16.244781, 20.070969], [-16.244779, 20.070698], [-16.245352, 20.070693], [-16.245361, 20.071778], [-16.245648, 20.071776], [-16.24565, 20.072047], [-16.24651, 20.072041]], [[-16.240403, 20.061513], [-16.240117, 20.061515], [-16.240114, 20.061244], [-16.239828, 20.061246], [-16.239825, 20.060975], [-16.240399, 20.060971], [-16.240403, 20.061513]], [[-16.246945, 20.054419], [-16.246658, 20.054421], [-16.246656, 20.05415], [-16.246943, 20.054148], [-16.246945, 20.054419]]]}, "properties": {"layer": "core", "exposure_min": 0.6, "area_ha": 112.23}}, {"type": "Feature", "geometry": {"type": "Polygon", "coordinates": [[[-16.237191, 20.054217], [-16.237187, 20.053675], [-16.237473, 20.053673], [-16.237471, 20.053402], [-16.237758, 20.0534], [-16.237756, 20.053129], [-16.237469, 20.053131], [-16.237467, 20.05286], [-16.23718, 20.052862], [-16.237176, 20.05232], [-16.237463, 20.052318], [-16.237461, 20.052046], [-16.237747, 20.052044], [-16.237741, 20.051231], [-16.237454, 20.051233], [-16.237452, 20.050962], [-16.238026, 20.050958], [-16.238017, 20.049874], [-16.238304, 20.049872], [-16.2383, 20.04933], [-16.238587, 20.049328], [-16.238585, 20.049057], [-16.238871, 20.049055], [-16.238865, 20.048242], [-16.239152, 20.04824], [-16.239148, 20.047698], [-16.239434, 20.047696], [-16.23943, 20.047154], [-16.239717, 20.047152], [-16.239713, 20.04661], [-16.238852, 20.046616], [-16.238854, 20.046887], [-16.237994, 20.046893], [-16.237998, 20.047435], [-16.237711, 20.047437], [-16.237716, 20.047979], [-16.237429, 20.047981], [-16.237431, 20.048252], [-16.237144, 20.048254], [-16.237148, 20.048796], [-16.236862, 20.048798], [-16.236864, 20.049069], [-16.236003, 20.049075], [-16.236007, 20.049617], [-16.236294, 20.049615], [-16.236301, 20.050428], [-16.235727, 20.050432], [-16.235729, 20.050703], [-16.235155, 20.050707], [-16.235158, 20.050978], [-16.234871, 20.05098], [-16.234875, 20.051522], [-16.235162, 20.05152], [-16.235166, 20.052063], [-16.235453, 20.052061], [-16.235455, 20.052332], [-16.235742, 20.05233], [-16.235746, 20.052872], [-16.236033, 20.05287], [-16.236035, 20.053141], [-16.236322, 20.053139], [-16.236328, 20.053952], [-16.236615, 20.05395], [-16.236617, 20.054221], [-16.237191, 20.054217]]]}, "properties": {"layer": "core", "exposure_min": 0.6, "area_ha": 15.93}}, {"type": "Feature", "geometry": {"type": "Polygon", "coordinates": [[[-16.243996, 20.04414], [-16.243993, 20.043869], [-16.244567, 20.043865], [-16.244565, 20.043594], [-16.242844, 20.043606], [-16.242848, 20.044148], [-16.243996, 20.04414]]]}, "properties": {"layer": "core", "exposure_min": 0.6, "area_ha": 0.9}}, {"type": "Feature", "geometry": {"type": "Polygon", "coordinates": [[[-16.250883, 20.044634], [-16.250881, 20.044363], [-16.250594, 20.044365], [-16.250592, 20.044094], [-16.250305, 20.044096], [-16.250303, 20.043825], [-16.250016, 20.043827], [-16.250014, 20.043556], [-16.249727, 20.043558], [-16.249725, 20.043287], [-16.249152, 20.043291], [-16.249149, 20.04302], [-16.248863, 20.043022], [-16.248861, 20.042751], [-16.248, 20.042757], [-16.248002, 20.043028], [-16.247715, 20.04303], [-16.247722, 20.043843], [-16.248582, 20.043837], [-16.248584, 20.044108], [-16.248871, 20.044106], [-16.248873, 20.044377], [-16.249447, 20.044373], [-16.249445, 20.044102], [-16.249732, 20.0441], [-16.249734, 20.044371], [-16.250307, 20.044367], [-16.25031, 20.044638], [-16.250883, 20.044634]]]}, "properties": {"layer": "core", "exposure_min": 0.6, "area_ha": 3.24}}, {"type": "Feature", "geometry": {"type": "Polygon", "coordinates": [[[-16.255545, 20.053816], [-16.255543, 20.053545], [-16.25583, 20.053543], [-16.255828, 20.053272], [-16.256115, 20.05327], [-16.256112, 20.052999], [-16.256399, 20.052997], [-16.256397, 20.052726], [-16.256971, 20.052722], [-16.256969, 20.052451], [-16.257542, 20.052447], [-16.25754, 20.052176], [-16.257827, 20.052174], [-16.257825, 20.051903], [-16.258112, 20.051901], [-16.258109, 20.05163], [-16.258683, 20.051626], [-16.258681, 20.051355], [-16.259254, 20.051351], [-16.259252, 20.051079], [-16.259539, 20.051077], [-16.259537, 20.050806], [-16.25925, 20.050808], [-16.259237, 20.049182], [-16.25895, 20.049184], [-16.258944, 20.048371], [-16.259518, 20.048367], [-16.259515, 20.048096], [-16.259229, 20.048098], [-16.259226, 20.047827], [-16.25894, 20.047829], [-16.258937, 20.047558], [-16.258651, 20.04756], [-16.258648, 20.047289], [-16.258935, 20.047287], [-16.258933, 20.047016], [-16.258646, 20.047018], [-16.258644, 20.046747], [-16.258071, 20.046751], [-16.258066, 20.046209], [-16.257779, 20.046211], [-16.257775, 20.045669], [-16.258062, 20.045667], [-16.258055, 20.044854], [-16.257482, 20.044858], [-16.257484, 20.045129], [-16.25691, 20.045133], [-16.256908, 20.044862], [-16.257195, 20.04486], [-16.257191, 20.044318], [-16.256904, 20.04432], [-16.256902, 20.044049], [-16.257189, 20.044047], [-16.257186, 20.043776], [-16.257473, 20.043774], [-16.257465, 20.04269], [-16.257178, 20.042692], [-16.257173, 20.04215], [-16.256887, 20.042152], [-16.256884, 20.041881], [-16.256598, 20.041883], [-16.256596, 20.041612], [-16.256882, 20.04161], [-16.25688, 20.041339], [-16.257167, 20.041337], [-16.257165, 20.041066], [-16.256878, 20.041068], [-16.256874, 20.040525], [-16.2563, 20.04053], [-16.256304, 20.041072], [-16.256591, 20.04107], [-16.256593, 20.041341], [-16.25602, 20.041345], [-16.256013, 20.040532], [-16.255726, 20.040534], [-16.255724, 20.040263], [-16.254004, 20.040275], [-16.254008, 20.040817], [-16.254295, 20.040815], [-16.254301, 20.041628], [-16.254588, 20.041626], [-16.254592, 20.042168], [-16.255166, 20.042164], [-16.255168, 20.042435], [-16.255455, 20.042433], [-16.255461, 20.043246], [-16.255748, 20.043244], [-16.255755, 20.044057], [-16.255468, 20.044059], [-16.255466, 20.043788], [-16.254892, 20.043792], [-16.254898, 20.044605], [-16.254612, 20.044607], [-16.254622, 20.045962], [-16.254909, 20.04596], [-16.254911, 20.046231], [-16.255198, 20.046229], [-16.255205, 20.047043], [-16.255491, 20.04704], [-16.255496, 20.047583], [-16.255783, 20.047581], [-16.255787, 20.048123], [-16.2555, 20.048125], [-16.255504, 20.048667], [-16.255218, 20.048669], [-16.255226, 20.049753], [-16.254653, 20.049757], [-16.254655, 20.050028], [-16.255515, 20.050022], [-16.255517, 20.050293], [-16.255804, 20.050291], [-16.255806, 20.050562], [-16.255519, 20.050564], [-16.255522, 20.050835], [-16.255235, 20.050837], [-16.255237, 20.051108], [-16.25495, 20.05111], [-16.254957, 20.051923], [-16.255243, 20.051921], [-16.25525, 20.052734], [-16.254963, 20.052736], [-16.254967, 20.053278], [-16.254394, 20.053282], [-16.254396, 20.053553], [-16.254683, 20.053551], [-16.254685, 20.053822], [-16.254972, 20.05382], [-16.254969, 20.053549], [-16.255256, 20.053547], [-16.255258, 20.053818], [-16.255545, 20.053816]], [[-16.256647, 20.048116], [-16.25636, 20.048119], [-16.256358, 20.047847], [-16.256645, 20.047845], [-16.256647, 20.048116]], [[-16.256932, 20.047843], [-16.256645, 20.047845], [-16.256639, 20.047032], [-16.256925, 20.04703], [-16.256932, 20.047843]], [[-16.256345, 20.046221], [-16.256059, 20.046223], [-16.256056, 20.045952], [-16.256343, 20.04595], [-16.256345, 20.046221]], [[-16.256337, 20.045137], [-16.25605, 20.045139], [-16.256048, 20.044868], [-16.256335, 20.044866], [-16.256337, 20.045137]], [[-16.256619, 20.044593], [-16.255759, 20.044599], [-16.255755, 20.044057], [-16.256041, 20.044055], [-16.256043, 20.044326], [-16.256617, 20.044322], [-16.256619, 20.044593]]]}, "properties": {"layer": "core", "exposure_min": 0.6, "area_ha": 42.75}}, {"type": "Feature", "geometry": {"type": "Polygon", "coordinates": [[[-16.238238, 20.04147], [-16.238236, 20.041199], [-16.238523, 20.041197], [-16.238519, 20.040655], [-16.238232, 20.040657], [-16.238228, 20.040115], [-16.237367, 20.040121], [-16.237369, 20.040392], [-16.236796, 20.040396], [-16.2368, 20.040938], [-16.237087, 20.040936], [-16.237089, 20.041207], [-16.237376, 20.041205], [-16.237378, 20.041476], [-16.238238, 20.04147]]]}, "properties": {"layer": "core", "exposure_min": 0.6, "area_ha": 1.98}}, {"type": "Feature", "geometry": {"type": "Polygon", "coordinates": [[[-16.249104, 20.037328], [-16.2491, 20.036786], [-16.248813, 20.036788], [-16.248809, 20.036246], [-16.248522, 20.036248], [-16.24852, 20.035977], [-16.247947, 20.035981], [-16.247949, 20.036252], [-16.248236, 20.03625], [-16.24824, 20.036792], [-16.248527, 20.03679], [-16.248529, 20.037061], [-16.248816, 20.037059], [-16.248818, 20.03733], [-16.249104, 20.037328]]]}, "properties": {"layer": "core", "exposure_min": 0.6, "area_ha": 0.81}}, {"type": "Feature", "geometry": {"type": "Polygon", "coordinates": [[[-16.245948, 20.037079], [-16.245945, 20.036808], [-16.246519, 20.036804], [-16.246517, 20.036533], [-16.246804, 20.036531], [-16.246793, 20.035176], [-16.246506, 20.035178], [-16.246502, 20.034636], [-16.245928, 20.03464], [-16.245933, 20.035182], [-16.245646, 20.035184], [-16.245648, 20.035455], [-16.245361, 20.035457], [-16.245363, 20.035728], [-16.245077, 20.03573], [-16.245085, 20.036814], [-16.245659, 20.03681], [-16.245661, 20.037081], [-16.245948, 20.037079]]]}, "properties": {"layer": "core", "exposure_min": 0.6, "area_ha": 3.33}}, {"type": "Feature", "geometry": {"type": "Polygon", "coordinates": [[[-16.252582, 20.041911], [-16.25258, 20.04164], [-16.252867, 20.041638], [-16.252865, 20.041367], [-16.253152, 20.041365], [-16.25315, 20.041094], [-16.253436, 20.041092], [-16.253428, 20.040008], [-16.254575, 20.04], [-16.254573, 20.039729], [-16.254286, 20.039731], [-16.254282, 20.039189], [-16.254569, 20.039187], [-16.254566, 20.038916], [-16.254853, 20.038914], [-16.254851, 20.038642], [-16.254564, 20.038645], [-16.25456, 20.038102], [-16.254847, 20.0381], [-16.254845, 20.037829], [-16.254271, 20.037833], [-16.254267, 20.037291], [-16.254553, 20.037289], [-16.254551, 20.037018], [-16.254838, 20.037016], [-16.254834, 20.036474], [-16.255121, 20.036472], [-16.255118, 20.036201], [-16.255405, 20.036199], [-16.255403, 20.035928], [-16.25483, 20.035932], [-16.254832, 20.036203], [-16.253971, 20.036209], [-16.253973, 20.03648], [-16.253113, 20.036486], [-16.253102, 20.035131], [-16.253389, 20.035129], [-16.253391, 20.0354], [-16.254252, 20.035394], [-16.254249, 20.035123], [-16.254823, 20.035119], [-16.254819, 20.034577], [-16.254532, 20.034579], [-16.25453, 20.034308], [-16.254817, 20.034306], [-16.254806, 20.032951], [-16.254519, 20.032953], [-16.254521, 20.033224], [-16.253374, 20.033232], [-16.253376, 20.033503], [-16.252803, 20.033507], [-16.252813, 20.034862], [-16.252527, 20.034864], [-16.252529, 20.035135], [-16.252242, 20.035137], [-16.252244, 20.035408], [-16.251957, 20.03541], [-16.251959, 20.035681], [-16.251099, 20.035688], [-16.251101, 20.035959], [-16.250814, 20.035961], [-16.250812, 20.03569], [-16.250239, 20.035694], [-16.250237, 20.035423], [-16.24995, 20.035425], [-16.249948, 20.035154], [-16.249661, 20.035156], [-16.249667, 20.035969], [-16.249954, 20.035967], [-16.249961, 20.03678], [-16.250247, 20.036778], [-16.250249, 20.037049], [-16.250536, 20.037047], [-16.250538, 20.037318], [-16.250825, 20.037316], [-16.250827, 20.037587], [-16.250541, 20.037589], [-16.250547, 20.038402], [-16.251121, 20.038398], [-16.251123, 20.038669], [-16.25141, 20.038667], [-16.251412, 20.038938], [-16.251125, 20.03894], [-16.251127, 20.039211], [-16.251414, 20.039209], [-16.251418, 20.039751], [-16.251705, 20.039749], [-16.251707, 20.04002], [-16.252281, 20.040016], [-16.252285, 20.040558], [-16.252572, 20.040556], [-16.252574, 20.040827], [-16.252861, 20.040825], [-16.252863, 20.041096], [-16.252289, 20.0411], [-16.252294, 20.041642], [-16.252007, 20.041644], [-16.252009, 20.041915], [-16.252582, 20.041911]]]}, "properties": {"layer": "core", "exposure_min": 0.6, "area_ha": 25.83}}, {"type": "Feature", "geometry": {"type": "Polygon", "coordinates": [[[-16.254797, 20.031867], [-16.254793, 20.031325], [-16.254506, 20.031327], [-16.254504, 20.031056], [-16.254217, 20.031058], [-16.254215, 20.030787], [-16.253928, 20.030789], [-16.253933, 20.031331], [-16.254219, 20.031329], [-16.254224, 20.031871], [-16.254797, 20.031867]]]}, "properties": {"layer": "core", "exposure_min": 0.6, "area_ha": 0.63}}, {"type": "Feature", "geometry": {"type": "Polygon", "coordinates": [[[-16.251634, 20.030805], [-16.251632, 20.030534], [-16.251919, 20.030532], [-16.251912, 20.029719], [-16.251625, 20.029721], [-16.251628, 20.029992], [-16.251341, 20.029994], [-16.251343, 20.030265], [-16.251056, 20.030267], [-16.251058, 20.030538], [-16.251345, 20.030536], [-16.251347, 20.030807], [-16.251634, 20.030805]]]}, "properties": {"layer": "core", "exposure_min": 0.6, "area_ha": 0.63}}, {"type": "Feature", "geometry": {"type": "Polygon", "coordinates": [[[-16.236702, 20.02847], [-16.236692, 20.027115], [-16.236979, 20.027113], [-16.236976, 20.026842], [-16.237837, 20.026836], [-16.237833, 20.026294], [-16.238693, 20.026288], [-16.238691, 20.026017], [-16.238404, 20.026019], [-16.238402, 20.025748], [-16.238689, 20.025746], [-16.238686, 20.025475], [-16.238973, 20.025473], [-16.23898, 20.026286], [-16.239266, 20.026284], [-16.239262, 20.025742], [-16.239836, 20.025738], [-16.239829, 20.024925], [-16.240403, 20.024921], [-16.240399, 20.024379], [-16.240112, 20.024381], [-16.240114, 20.024652], [-16.239827, 20.024654], [-16.239825, 20.024383], [-16.238965, 20.024389], [-16.238967, 20.02466], [-16.237533, 20.02467], [-16.237535, 20.024941], [-16.237248, 20.024943], [-16.23725, 20.025214], [-16.236964, 20.025216], [-16.236966, 20.025487], [-16.236392, 20.025491], [-16.236394, 20.025762], [-16.235821, 20.025766], [-16.235823, 20.026037], [-16.235536, 20.026039], [-16.235538, 20.02631], [-16.235252, 20.026312], [-16.235254, 20.026583], [-16.234967, 20.026585], [-16.234969, 20.026856], [-16.234395, 20.02686], [-16.234398, 20.027131], [-16.234111, 20.027133], [-16.234113, 20.027404], [-16.2344, 20.027402], [-16.234408, 20.028486], [-16.236702, 20.02847]]]}, "properties": {"layer": "core", "exposure_min": 0.6, "area_ha": 12.15}}, {"type": "Feature", "geometry": {"type": "Polygon", "coordinates": [[[-16.239235, 20.022218], [-16.239232, 20.021947], [-16.239806, 20.021943], [-16.2398, 20.02113], [-16.239513, 20.021132], [-16.239511, 20.020861], [-16.239224, 20.020863], [-16.239226, 20.021134], [-16.238652, 20.021138], [-16.238655, 20.021409], [-16.238081, 20.021413], [-16.238083, 20.021684], [-16.237796, 20.021686], [-16.237801, 20.022229], [-16.239235, 20.022218]]]}, "properties": {"layer": "core", "exposure_min": 0.6, "area_ha": 2.07}}, {"type": "Feature", "geometry": {"type": "Polygon", "coordinates": [[[-16.239502, 20.019777], [-16.2395, 20.019506], [-16.24036, 20.0195], [-16.240358, 20.019229], [-16.240645, 20.019227], [-16.240643, 20.018956], [-16.240356, 20.018958], [-16.240348, 20.017874], [-16.240061, 20.017876], [-16.240059, 20.017605], [-16.239772, 20.017607], [-16.23977, 20.017336], [-16.239196, 20.01734], [-16.239194, 20.017069], [-16.239481, 20.017067], [-16.239472, 20.015983], [-16.239186, 20.015985], [-16.239184, 20.015714], [-16.238897, 20.015716], [-16.238895, 20.015445], [-16.238321, 20.015449], [-16.23833, 20.016533], [-16.238043, 20.016535], [-16.238047, 20.017077], [-16.237474, 20.017081], [-16.237472, 20.01681], [-16.237185, 20.016812], [-16.237178, 20.015999], [-16.236892, 20.016001], [-16.23689, 20.01573], [-16.236029, 20.015736], [-16.236027, 20.015465], [-16.23574, 20.015467], [-16.235743, 20.015738], [-16.235456, 20.01574], [-16.235458, 20.016011], [-16.235171, 20.016013], [-16.235169, 20.015742], [-16.234309, 20.015748], [-16.234311, 20.016019], [-16.234024, 20.016021], [-16.23403, 20.016834], [-16.235177, 20.016826], [-16.235175, 20.016555], [-16.235462, 20.016553], [-16.235464, 20.016824], [-16.235751, 20.016822], [-16.235757, 20.017635], [-16.236044, 20.017633], [-16.236053, 20.018717], [-16.236339, 20.018715], [-16.236341, 20.018986], [-16.236628, 20.018984], [-16.23663, 20.019255], [-16.236344, 20.019257], [-16.236348, 20.019799], [-16.237208, 20.019793], [-16.237206, 20.019522], [-16.237779, 20.019518], [-16.237782, 20.019789], [-16.238355, 20.019785], [-16.238353, 20.019514], [-16.23864, 20.019512], [-16.238642, 20.019783], [-16.239502, 20.019777]], [[-16.239203, 20.018153], [-16.238916, 20.018155], [-16.23891, 20.017342], [-16.239196, 20.01734], [-16.239203, 20.018153]], [[-16.238342, 20.018159], [-16.238056, 20.018161], [-16.238054, 20.01789], [-16.23834, 20.017888], [-16.238342, 20.018159]]]}, "properties": {"layer": "core", "exposure_min": 0.6, "area_ha": 18.09}}, {"type": "Feature", "geometry": {"type": "Polygon", "coordinates": [[[-16.239746, 20.014354], [-16.239742, 20.013812], [-16.239455, 20.013814], [-16.239453, 20.013543], [-16.240027, 20.013539], [-16.240025, 20.013268], [-16.240311, 20.013266], [-16.240307, 20.012724], [-16.24002, 20.012726], [-16.240018, 20.012455], [-16.240305, 20.012453], [-16.240299, 20.01164], [-16.240012, 20.011642], [-16.240006, 20.010829], [-16.240292, 20.010827], [-16.24029, 20.010556], [-16.240003, 20.010558], [-16.240001, 20.010287], [-16.239428, 20.010291], [-16.239426, 20.01002], [-16.239999, 20.010016], [-16.239997, 20.009745], [-16.23971, 20.009747], [-16.239708, 20.009476], [-16.239421, 20.009478], [-16.239419, 20.009207], [-16.239706, 20.009205], [-16.239704, 20.008934], [-16.239991, 20.008932], [-16.239986, 20.00839], [-16.2397, 20.008392], [-16.239693, 20.007578], [-16.23912, 20.007583], [-16.239118, 20.007311], [-16.239404, 20.007309], [-16.2394, 20.006767], [-16.239114, 20.006769], [-16.239105, 20.005685], [-16.238532, 20.005689], [-16.238529, 20.005418], [-16.238243, 20.00542], [-16.238245, 20.005691], [-16.237958, 20.005693], [-16.23796, 20.005964], [-16.237673, 20.005966], [-16.237678, 20.006508], [-16.237391, 20.00651], [-16.237389, 20.006239], [-16.236529, 20.006245], [-16.236527, 20.005974], [-16.2371, 20.00597], [-16.237098, 20.005699], [-16.237671, 20.005695], [-16.237669, 20.005424], [-16.237956, 20.005422], [-16.237954, 20.005151], [-16.238527, 20.005147], [-16.238521, 20.004334], [-16.238808, 20.004332], [-16.238806, 20.004061], [-16.238519, 20.004063], [-16.238512, 20.00325], [-16.237939, 20.003254], [-16.237937, 20.002983], [-16.238224, 20.002981], [-16.238217, 20.002168], [-16.237931, 20.00217], [-16.237933, 20.002441], [-16.237072, 20.002447], [-16.237075, 20.002718], [-16.236788, 20.00272], [-16.236792, 20.003262], [-16.237079, 20.00326], [-16.237081, 20.003531], [-16.236794, 20.003533], [-16.236798, 20.004075], [-16.235938, 20.004081], [-16.23594, 20.004352], [-16.235367, 20.004356], [-16.235369, 20.004627], [-16.236516, 20.004619], [-16.236518, 20.00489], [-16.235658, 20.004896], [-16.23566, 20.005167], [-16.235373, 20.005169], [-16.235384, 20.006524], [-16.23481, 20.006528], [-16.234815, 20.00707], [-16.233954, 20.007076], [-16.233952, 20.006805], [-16.233665, 20.006807], [-16.233661, 20.006265], [-16.233375, 20.006267], [-16.233372, 20.005996], [-16.233086, 20.005998], [-16.23309, 20.00654], [-16.232803, 20.006542], [-16.232807, 20.007084], [-16.233094, 20.007082], [-16.233103, 20.008167], [-16.233389, 20.008165], [-16.233402, 20.009791], [-16.233689, 20.009789], [-16.233691, 20.01006], [-16.233978, 20.010058], [-16.233984, 20.010871], [-16.234271, 20.010869], [-16.234275, 20.011411], [-16.234562, 20.011409], [-16.234557, 20.010867], [-16.234844, 20.010865], [-16.234831, 20.009239], [-16.235405, 20.009235], [-16.235411, 20.010048], [-16.235125, 20.01005], [-16.235127, 20.010321], [-16.235413, 20.010319], [-16.235416, 20.01059], [-16.235129, 20.010592], [-16.235131, 20.010863], [-16.235704, 20.010859], [-16.235707, 20.01113], [-16.23628, 20.011126], [-16.236293, 20.012752], [-16.236866, 20.012748], [-16.236868, 20.013019], [-16.237442, 20.013015], [-16.23744, 20.012744], [-16.2383, 20.012738], [-16.238311, 20.014093], [-16.238597, 20.014091], [-16.238595, 20.01382], [-16.238882, 20.013818], [-16.238886, 20.01436], [-16.239173, 20.014358], [-16.239171, 20.014087], [-16.239458, 20.014085], [-16.23946, 20.014356], [-16.239746, 20.014354]], [[-16.235991, 20.010857], [-16.235704, 20.010859], [-16.235698, 20.010046], [-16.235985, 20.010044], [-16.235991, 20.010857]], [[-16.238283, 20.01057], [-16.237996, 20.010572], [-16.237992, 20.01003], [-16.238279, 20.010028], [-16.238283, 20.01057]], [[-16.237701, 20.00949], [-16.237414, 20.009492], [-16.237412, 20.009221], [-16.237699, 20.009219], [-16.237701, 20.00949]], [[-16.237412, 20.009221], [-16.237125, 20.009223], [-16.237123, 20.008952], [-16.23741, 20.00895], [-16.237412, 20.009221]], [[-16.235692, 20.009233], [-16.235405, 20.009235], [-16.235403, 20.008964], [-16.23569, 20.008962], [-16.235692, 20.009233]], [[-16.238557, 20.008942], [-16.237984, 20.008946], [-16.237981, 20.008675], [-16.238555, 20.008671], [-16.238557, 20.008942]], [[-16.237695, 20.008677], [-16.237408, 20.008679], [-16.237406, 20.008408], [-16.237119, 20.00841], [-16.237117, 20.008139], [-16.237404, 20.008137], [-16.237402, 20.007866], [-16.237688, 20.007864], [-16.237686, 20.007593], [-16.238833, 20.007585], [-16.238835, 20.007856], [-16.238262, 20.00786], [-16.238266, 20.008402], [-16.237693, 20.008406], [-16.237695, 20.008677]], [[-16.236803, 20.004617], [-16.236516, 20.004619], [-16.236514, 20.004348], [-16.236801, 20.004346], [-16.236803, 20.004617]]]}, "properties": {"layer": "core", "exposure_min": 0.6, "area_ha": 50.58}}, {"type": "Feature", "geometry": {"type": "Polygon", "coordinates": [[[-16.233925, 20.003282], [-16.233923, 20.003011], [-16.234209, 20.003009], [-16.234205, 20.002467], [-16.234492, 20.002465], [-16.23449, 20.002194], [-16.234776, 20.002192], [-16.234774, 20.001921], [-16.235061, 20.001919], [-16.235059, 20.001648], [-16.235346, 20.001646], [-16.235341, 20.001104], [-16.235628, 20.001102], [-16.235626, 20.000831], [-16.235053, 20.000835], [-16.235055, 20.001106], [-16.234768, 20.001108], [-16.23477, 20.001379], [-16.234483, 20.001381], [-16.234486, 20.001652], [-16.233625, 20.001658], [-16.233627, 20.001929], [-16.233341, 20.001931], [-16.233339, 20.00166], [-16.232765, 20.001664], [-16.232778, 20.00329], [-16.233925, 20.003282]]]}, "properties": {"layer": "core", "exposure_min": 0.6, "area_ha": 3.69}}, {"type": "Feature", "geometry": {"type": "Polygon", "coordinates": [[[-16.232478, 20.001666], [-16.232474, 20.001124], [-16.232761, 20.001122], [-16.232759, 20.000851], [-16.233332, 20.000847], [-16.23333, 20.000576], [-16.233904, 20.000572], [-16.233902, 20.000301], [-16.233041, 20.000307], [-16.233039, 20.000035], [-16.232753, 20.000037], [-16.23275, 19.999766], [-16.233037, 19.999764], [-16.233033, 19.999222], [-16.23332, 19.99922], [-16.233318, 19.998949], [-16.233891, 19.998945], [-16.233889, 19.998674], [-16.233602, 19.998676], [-16.2336, 19.998405], [-16.233313, 19.998407], [-16.233315, 19.998678], [-16.232455, 19.998684], [-16.232457, 19.998955], [-16.231884, 19.998959], [-16.23189, 19.999772], [-16.232177, 19.99977], [-16.232181, 20.000313], [-16.231894, 20.000314], [-16.231903, 20.001399], [-16.23219, 20.001397], [-16.232192, 20.001668], [-16.232478, 20.001666]]]}, "properties": {"layer": "core", "exposure_min": 0.6, "area_ha": 3.78}}, {"type": "Feature", "geometry": {"type": "Polygon", "coordinates": [[[-16.22801, 20.05401], [-16.228008, 20.053739], [-16.229729, 20.053727], [-16.229725, 20.053185], [-16.231446, 20.053173], [-16.231444, 20.052902], [-16.229149, 20.052918], [-16.229147, 20.052647], [-16.22886, 20.052649], [-16.228858, 20.052378], [-16.228571, 20.05238], [-16.228569, 20.052108], [-16.228282, 20.05211], [-16.22828, 20.051839], [-16.228567, 20.051837], [-16.228563, 20.051295], [-16.228276, 20.051297], [-16.22827, 20.050484], [-16.227983, 20.050486], [-16.227979, 20.049944], [-16.227692, 20.049946], [-16.227694, 20.050217], [-16.227407, 20.050219], [-16.227395, 20.048593], [-16.227681, 20.048591], [-16.227675, 20.047778], [-16.227962, 20.047776], [-16.227956, 20.046963], [-16.227669, 20.046965], [-16.227667, 20.046694], [-16.228814, 20.046686], [-16.228812, 20.046415], [-16.229385, 20.046411], [-16.229383, 20.04614], [-16.22967, 20.046138], [-16.229668, 20.045867], [-16.229955, 20.045865], [-16.229953, 20.045594], [-16.229092, 20.0456], [-16.229088, 20.045058], [-16.229375, 20.045056], [-16.229371, 20.044513], [-16.229944, 20.044509], [-16.229946, 20.044781], [-16.231954, 20.044767], [-16.231945, 20.043682], [-16.231659, 20.043684], [-16.231657, 20.043413], [-16.23137, 20.043415], [-16.231368, 20.043144], [-16.231081, 20.043146], [-16.231079, 20.042875], [-16.230792, 20.042877], [-16.23079, 20.042606], [-16.229929, 20.042612], [-16.229925, 20.04207], [-16.229638, 20.042072], [-16.229634, 20.04153], [-16.229921, 20.041528], [-16.229923, 20.041799], [-16.23021, 20.041797], [-16.230208, 20.041526], [-16.230495, 20.041524], [-16.230492, 20.041253], [-16.230779, 20.041251], [-16.230777, 20.04098], [-16.231064, 20.040978], [-16.231062, 20.040707], [-16.231349, 20.040705], [-16.231347, 20.040434], [-16.231633, 20.040432], [-16.231631, 20.040161], [-16.232205, 20.040157], [-16.232207, 20.040428], [-16.232494, 20.040426], [-16.232489, 20.039884], [-16.232776, 20.039882], [-16.232774, 20.039611], [-16.233061, 20.039609], [-16.233059, 20.039338], [-16.233919, 20.039332], [-16.233917, 20.039061], [-16.234204, 20.039059], [-16.234202, 20.038788], [-16.234489, 20.038786], [-16.234486, 20.038515], [-16.234773, 20.038513], [-16.234775, 20.038784], [-16.235349, 20.03878], [-16.235345, 20.038238], [-16.235632, 20.038236], [-16.235629, 20.037965], [-16.235916, 20.037963], [-16.235906, 20.036607], [-16.236192, 20.036605], [-16.236203, 20.037961], [-16.236777, 20.037957], [-16.236779, 20.038228], [-16.237066, 20.038226], [-16.237061, 20.037684], [-16.237922, 20.037678], [-16.237924, 20.037949], [-16.238211, 20.037947], [-16.238213, 20.038218], [-16.2385, 20.038216], [-16.238502, 20.038487], [-16.239649, 20.038479], [-16.239647, 20.038208], [-16.24022, 20.038204], [-16.240225, 20.038746], [-16.240511, 20.038744], [-16.240509, 20.038473], [-16.240796, 20.038471], [-16.24079, 20.037657], [-16.241363, 20.037653], [-16.241361, 20.037382], [-16.243082, 20.03737], [-16.243078, 20.036828], [-16.242791, 20.03683], [-16.242789, 20.036559], [-16.243075, 20.036557], [-16.243067, 20.035473], [-16.24278, 20.035475], [-16.242778, 20.035204], [-16.242491, 20.035206], [-16.242485, 20.034393], [-16.242772, 20.034391], [-16.242769, 20.03412], [-16.242483, 20.034122], [-16.242468, 20.032225], [-16.241894, 20.032229], [-16.241892, 20.031958], [-16.241605, 20.03196], [-16.24161, 20.032502], [-16.241323, 20.032504], [-16.241316, 20.031691], [-16.241603, 20.031689], [-16.241599, 20.031147], [-16.241312, 20.031149], [-16.241308, 20.030607], [-16.242168, 20.0306], [-16.242164, 20.030058], [-16.242737, 20.030054], [-16.242735, 20.029783], [-16.243022, 20.029781], [-16.24302, 20.02951], [-16.241586, 20.02952], [-16.241582, 20.028978], [-16.241008, 20.028982], [-16.24101, 20.029253], [-16.240724, 20.029255], [-16.240732, 20.03034], [-16.240445, 20.030342], [-16.240443, 20.03007], [-16.240156, 20.030072], [-16.240165, 20.031157], [-16.239878, 20.031159], [-16.239885, 20.031972], [-16.240171, 20.03197], [-16.240184, 20.033596], [-16.239897, 20.033598], [-16.239895, 20.033327], [-16.239608, 20.033329], [-16.239606, 20.033058], [-16.239319, 20.03306], [-16.239322, 20.033331], [-16.239035, 20.033333], [-16.239037, 20.033604], [-16.23875, 20.033606], [-16.238752, 20.033877], [-16.238466, 20.033879], [-16.238463, 20.033608], [-16.237603, 20.033614], [-16.237607, 20.034156], [-16.23732, 20.034158], [-16.237325, 20.0347], [-16.237038, 20.034702], [-16.237042, 20.035244], [-16.236755, 20.035246], [-16.236743, 20.03362], [-16.236456, 20.033622], [-16.236458, 20.033893], [-16.236171, 20.033895], [-16.236173, 20.034166], [-16.235887, 20.034168], [-16.235891, 20.03471], [-16.235604, 20.034712], [-16.235606, 20.034983], [-16.235319, 20.034985], [-16.235324, 20.035527], [-16.23475, 20.035531], [-16.234744, 20.034718], [-16.234457, 20.03472], [-16.234448, 20.033636], [-16.233875, 20.03364], [-16.233873, 20.033369], [-16.234159, 20.033367], [-16.234157, 20.033096], [-16.234444, 20.033094], [-16.234442, 20.032823], [-16.234729, 20.032821], [-16.23472, 20.031737], [-16.235007, 20.031735], [-16.235003, 20.031193], [-16.23529, 20.031191], [-16.235288, 20.03092], [-16.235574, 20.030918], [-16.23557, 20.030376], [-16.235857, 20.030374], [-16.235855, 20.030103], [-16.236142, 20.030101], [-16.236137, 20.029559], [-16.236424, 20.029557], [-16.236418, 20.028743], [-16.236131, 20.028745], [-16.236133, 20.029016], [-16.235846, 20.029018], [-16.235844, 20.028747], [-16.235557, 20.028749], [-16.23556, 20.02902], [-16.234126, 20.02903], [-16.234124, 20.028759], [-16.23355, 20.028763], [-16.233546, 20.028221], [-16.233259, 20.028223], [-16.233255, 20.027681], [-16.232968, 20.027683], [-16.232972, 20.028225], [-16.232685, 20.028227], [-16.232683, 20.027956], [-16.232396, 20.027958], [-16.23239, 20.027145], [-16.231817, 20.027149], [-16.231812, 20.026607], [-16.231239, 20.026611], [-16.231235, 20.026069], [-16.231808, 20.026065], [-16.2318, 20.024981], [-16.231513, 20.024983], [-16.231509, 20.024441], [-16.231795, 20.024439], [-16.231787, 20.023355], [-16.2315, 20.023357], [-16.231496, 20.022815], [-16.231783, 20.022813], [-16.231779, 20.022271], [-16.232065, 20.022269], [-16.232059, 20.021455], [-16.231772, 20.021457], [-16.231757, 20.01956], [-16.232044, 20.019558], [-16.232032, 20.017932], [-16.231745, 20.017934], [-16.23173, 20.016037], [-16.232017, 20.016035], [-16.23201, 20.015222], [-16.232297, 20.01522], [-16.232299, 20.015491], [-16.232873, 20.015487], [-16.232867, 20.014673], [-16.233153, 20.014671], [-16.233147, 20.013858], [-16.233434, 20.013856], [-16.233429, 20.013314], [-16.233143, 20.013316], [-16.233141, 20.013045], [-16.232854, 20.013047], [-16.23285, 20.012505], [-16.233136, 20.012503], [-16.233128, 20.011419], [-16.232841, 20.011421], [-16.232837, 20.010879], [-16.23255, 20.010881], [-16.232546, 20.010339], [-16.232259, 20.010341], [-16.232236, 20.007359], [-16.231949, 20.007361], [-16.231945, 20.006819], [-16.231658, 20.006821], [-16.231635, 20.00384], [-16.231348, 20.003842], [-16.231346, 20.003571], [-16.231633, 20.003569], [-16.231627, 20.002756], [-16.231913, 20.002754], [-16.231911, 20.002483], [-16.231625, 20.002485], [-16.231618, 20.001672], [-16.231332, 20.001674], [-16.231327, 20.001132], [-16.231041, 20.001134], [-16.231038, 20.000863], [-16.230752, 20.000865], [-16.23075, 20.000594], [-16.230463, 20.000595], [-16.230457, 19.999782], [-16.23017, 19.999784], [-16.230166, 19.999242], [-16.229879, 19.999244], [-16.229877, 19.998973], [-16.22959, 19.998975], [-16.229584, 19.998162], [-16.229297, 19.998164], [-16.229295, 19.997893], [-16.229008, 19.997895], [-16.229006, 19.997624], [-16.228719, 19.997626], [-16.228724, 19.998168], [-16.22901, 19.998166], [-16.229015, 19.998708], [-16.229301, 19.998706], [-16.229305, 19.999248], [-16.229592, 19.999246], [-16.229596, 19.999788], [-16.229883, 19.999786], [-16.229887, 20.000328], [-16.230174, 20.000326], [-16.230178, 20.000869], [-16.230465, 20.000867], [-16.230469, 20.001409], [-16.230756, 20.001407], [-16.23076, 20.001949], [-16.230473, 20.001951], [-16.230471, 20.00168], [-16.230185, 20.001682], [-16.230189, 20.002224], [-16.230476, 20.002222], [-16.230484, 20.003306], [-16.230771, 20.003304], [-16.230779, 20.004388], [-16.231066, 20.004386], [-16.231074, 20.00547], [-16.231361, 20.005468], [-16.231376, 20.007365], [-16.231663, 20.007363], [-16.231679, 20.009532], [-16.231966, 20.00953], [-16.231981, 20.011427], [-16.232268, 20.011425], [-16.23228, 20.013051], [-16.231994, 20.013053], [-16.232004, 20.014408], [-16.231717, 20.01441], [-16.231724, 20.015224], [-16.231437, 20.015226], [-16.231445, 20.01631], [-16.231159, 20.016312], [-16.231165, 20.017125], [-16.230878, 20.017127], [-16.230882, 20.017669], [-16.230596, 20.017671], [-16.230602, 20.018484], [-16.230315, 20.018486], [-16.230353, 20.023365], [-16.23064, 20.023363], [-16.230642, 20.023634], [-16.230355, 20.023636], [-16.230374, 20.026075], [-16.230661, 20.026073], [-16.23067, 20.027157], [-16.230956, 20.027155], [-16.230967, 20.02851], [-16.231254, 20.028508], [-16.231271, 20.030677], [-16.231557, 20.030675], [-16.231568, 20.03203], [-16.231281, 20.032032], [-16.231283, 20.032303], [-16.23157, 20.032301], [-16.231572, 20.032572], [-16.231859, 20.03257], [-16.23184, 20.030131], [-16.232127, 20.030129], [-16.232129, 20.0304], [-16.232416, 20.030398], [-16.23242, 20.03094], [-16.232707, 20.030938], [-16.232704, 20.030667], [-16.233278, 20.030663], [-16.23328, 20.030934], [-16.233567, 20.030932], [-16.233571, 20.031474], [-16.233284, 20.031476], [-16.233286, 20.031747], [-16.233, 20.031749], [-16.233002, 20.03202], [-16.232715, 20.032022], [-16.232717, 20.032293], [-16.23243, 20.032295], [-16.232432, 20.032566], [-16.232146, 20.032568], [-16.232154, 20.033652], [-16.232441, 20.03365], [-16.232437, 20.033108], [-16.232723, 20.033106], [-16.232719, 20.032564], [-16.233006, 20.032562], [-16.233004, 20.032291], [-16.234151, 20.032283], [-16.234153, 20.032554], [-16.23358, 20.032558], [-16.233582, 20.032829], [-16.233295, 20.032831], [-16.233297, 20.033102], [-16.23301, 20.033104], [-16.233025, 20.035001], [-16.232738, 20.035003], [-16.232747, 20.036087], [-16.233033, 20.036085], [-16.233036, 20.036356], [-16.232749, 20.036358], [-16.232751, 20.036629], [-16.232464, 20.036631], [-16.232466, 20.036903], [-16.232179, 20.036905], [-16.232182, 20.037176], [-16.231895, 20.037178], [-16.231897, 20.037449], [-16.23161, 20.037451], [-16.231619, 20.038535], [-16.231905, 20.038533], [-16.231907, 20.038804], [-16.232768, 20.038798], [-16.23277, 20.039069], [-16.232483, 20.039071], [-16.232485, 20.039342], [-16.231912, 20.039346], [-16.231914, 20.039617], [-16.23134, 20.039621], [-16.231342, 20.039892], [-16.230769, 20.039896], [-16.230771, 20.040167], [-16.230484, 20.040169], [-16.23048, 20.039627], [-16.230193, 20.039629], [-16.230189, 20.039087], [-16.229902, 20.039089], [-16.229906, 20.039631], [-16.229619, 20.039633], [-16.229622, 20.039904], [-16.229335, 20.039906], [-16.229337, 20.040177], [-16.22905, 20.040179], [-16.229052, 20.04045], [-16.228765, 20.040452], [-16.228767, 20.040723], [-16.228481, 20.040725], [-16.228485, 20.041267], [-16.228198, 20.041269], [-16.2282, 20.04154], [-16.227913, 20.041542], [-16.227915, 20.041813], [-16.227629, 20.041815], [-16.227631, 20.042086], [-16.227344, 20.042088], [-16.227348, 20.04263], [-16.227061, 20.042632], [-16.227066, 20.043174], [-16.226779, 20.043176], [-16.226783, 20.043718], [-16.226496, 20.04372], [-16.226505, 20.044804], [-16.226218, 20.044806], [-16.226224, 20.04562], [-16.225937, 20.045622], [-16.225939, 20.045893], [-16.225653, 20.045895], [-16.225657, 20.046437], [-16.22537, 20.046439], [-16.225372, 20.04671], [-16.225659, 20.046708], [-16.225665, 20.047521], [-16.225378, 20.047523], [-16.225385, 20.048336], [-16.225098, 20.048338], [-16.225104, 20.049151], [-16.224817, 20.049153], [-16.224824, 20.049966], [-16.224537, 20.049968], [-16.224539, 20.050239], [-16.224252, 20.050241], [-16.224256, 20.050783], [-16.22397, 20.050785], [-16.223972, 20.051056], [-16.224258, 20.051054], [-16.224263, 20.051596], [-16.224549, 20.051594], [-16.224552, 20.051865], [-16.224838, 20.051863], [-16.224841, 20.052134], [-16.22398, 20.05214], [-16.223982, 20.052411], [-16.224843, 20.052405], [-16.224845, 20.052676], [-16.224558, 20.052678], [-16.22456, 20.052949], [-16.225134, 20.052945], [-16.225138, 20.053488], [-16.225425, 20.053486], [-16.22542, 20.052943], [-16.225994, 20.05294], [-16.225998, 20.053482], [-16.226572, 20.053478], [-16.226574, 20.053749], [-16.227721, 20.053741], [-16.227723, 20.054012], [-16.22801, 20.05401]], [[-16.22858, 20.053464], [-16.228006, 20.053468], [-16.228004, 20.053197], [-16.228578, 20.053193], [-16.22858, 20.053464]], [[-16.228004, 20.053197], [-16.227717, 20.053199], [-16.227715, 20.052928], [-16.228002, 20.052926], [-16.228004, 20.053197]], [[-16.227705, 20.051572], [-16.227418, 20.051574], [-16.227413, 20.051032], [-16.2277, 20.05103], [-16.227705, 20.051572]], [[-16.226553, 20.051038], [-16.226266, 20.05104], [-16.226264, 20.050769], [-16.226551, 20.050767], [-16.226553, 20.051038]], [[-16.226542, 20.049683], [-16.225969, 20.049687], [-16.22596, 20.048603], [-16.226821, 20.048597], [-16.226825, 20.049139], [-16.226538, 20.049141], [-16.226542, 20.049683]], [[-16.227108, 20.048595], [-16.226821, 20.048597], [-16.22681, 20.047242], [-16.227097, 20.04724], [-16.227108, 20.048595]], [[-16.227093, 20.046698], [-16.226806, 20.0467], [-16.226802, 20.046158], [-16.226515, 20.04616], [-16.226509, 20.045347], [-16.226796, 20.045345], [-16.226794, 20.045073], [-16.227367, 20.045069], [-16.227365, 20.044798], [-16.227939, 20.044794], [-16.227943, 20.045337], [-16.227656, 20.045339], [-16.227658, 20.04561], [-16.227371, 20.045612], [-16.227376, 20.046154], [-16.227089, 20.046156], [-16.227093, 20.046698]], [[-16.231089, 20.04423], [-16.229942, 20.044238], [-16.22994, 20.043967], [-16.229366, 20.043971], [-16.229358, 20.042887], [-16.230218, 20.042881], [-16.23022, 20.043152], [-16.230507, 20.04315], [-16.230509, 20.043421], [-16.230796, 20.043419], [-16.230798, 20.04369], [-16.231085, 20.043688], [-16.231089, 20.04423]], [[-16.230204, 20.040984], [-16.229917, 20.040986], [-16.229913, 20.040444], [-16.230199, 20.040442], [-16.230197, 20.040171], [-16.230484, 20.040169], [-16.230486, 20.04044], [-16.230773, 20.040438], [-16.230775, 20.040709], [-16.230201, 20.040713], [-16.230204, 20.040984]], [[-16.237059, 20.037413], [-16.236772, 20.037415], [-16.236768, 20.036872], [-16.237055, 20.03687], [-16.237059, 20.037413]], [[-16.235621, 20.03688], [-16.235334, 20.036883], [-16.235332, 20.036611], [-16.235619, 20.036609], [-16.235621, 20.03688]], [[-16.239343, 20.036041], [-16.239056, 20.036043], [-16.239054, 20.035772], [-16.238767, 20.035774], [-16.238765, 20.035503], [-16.238191, 20.035507], [-16.238185, 20.034694], [-16.239619, 20.034684], [-16.239623, 20.035226], [-16.239337, 20.035228], [-16.239343, 20.036041]], [[-16.239041, 20.034146], [-16.238754, 20.034148], [-16.238752, 20.033877], [-16.239039, 20.033875], [-16.239041, 20.034146]], [[-16.234429, 20.031197], [-16.234143, 20.031199], [-16.234132, 20.029844], [-16.234992, 20.029838], [-16.23499, 20.029567], [-16.235564, 20.029563], [-16.235568, 20.030105], [-16.234994, 20.030109], [-16.234997, 20.03038], [-16.23471, 20.030382], [-16.234714, 20.030924], [-16.234427, 20.030926], [-16.234429, 20.031197]], [[-16.231823, 20.027962], [-16.231536, 20.027964], [-16.231534, 20.027693], [-16.231821, 20.027691], [-16.231823, 20.027962]], [[-16.231504, 20.023899], [-16.230931, 20.023903], [-16.230927, 20.023361], [-16.2315, 20.023357], [-16.231504, 20.023899]], [[-16.230908, 20.020921], [-16.230621, 20.020923], [-16.230619, 20.020652], [-16.230906, 20.02065], [-16.230908, 20.020921]], [[-16.231188, 20.020106], [-16.230901, 20.020108], [-16.230891, 20.018753], [-16.231178, 20.018751], [-16.23118, 20.019022], [-16.231467, 20.01902], [-16.231471, 20.019562], [-16.231184, 20.019564], [-16.231188, 20.020106]], [[-16.231051, 20.002489], [-16.230764, 20.002491], [-16.230762, 20.00222], [-16.231049, 20.002218], [-16.231051, 20.002489]]]}, "properties": {"layer": "core", "exposure_min": 0.6, "area_ha": 157.68}}, {"type": "Feature", "geometry": {"type": "Polygon", "coordinates": [[[-16.236758, 19.998925], [-16.236756, 19.998654], [-16.237043, 19.998652], [-16.237041, 19.998381], [-16.236467, 19.998385], [-16.236463, 19.997843], [-16.23675, 19.997841], [-16.236745, 19.997299], [-16.236459, 19.997301], [-16.236461, 19.997572], [-16.235887, 19.997576], [-16.23589, 19.997847], [-16.235603, 19.997849], [-16.235605, 19.99812], [-16.236178, 19.998116], [-16.236185, 19.998929], [-16.236758, 19.998925]]]}, "properties": {"layer": "core", "exposure_min": 0.6, "area_ha": 1.17}}, {"type": "Feature", "geometry": {"type": "Polygon", "coordinates": [[[-16.228719, 19.997626], [-16.228717, 19.997355], [-16.228431, 19.997357], [-16.228428, 19.997086], [-16.227855, 19.99709], [-16.227857, 19.997361], [-16.22757, 19.997363], [-16.227573, 19.997634], [-16.228719, 19.997626]]]}, "properties": {"layer": "core", "exposure_min": 0.6, "area_ha": 0.54}}, {"type": "Feature", "geometry": {"type": "Polygon", "coordinates": [[[-16.231298, 19.997337], [-16.231291, 19.996524], [-16.231005, 19.996526], [-16.231003, 19.996255], [-16.230716, 19.996257], [-16.230718, 19.996528], [-16.230431, 19.99653], [-16.230436, 19.997072], [-16.231009, 19.997068], [-16.231011, 19.997339], [-16.231298, 19.997337]]]}, "properties": {"layer": "core", "exposure_min": 0.6, "area_ha": 0.72}}, {"type": "Feature", "geometry": {"type": "Polygon", "coordinates": [[[-16.235027, 19.997582], [-16.235025, 19.997311], [-16.235312, 19.997309], [-16.235303, 19.996225], [-16.235017, 19.996227], [-16.235015, 19.995956], [-16.235301, 19.995954], [-16.235299, 19.995683], [-16.235012, 19.995685], [-16.23501, 19.995414], [-16.234724, 19.995416], [-16.234717, 19.994603], [-16.234431, 19.994605], [-16.234428, 19.994334], [-16.234142, 19.994336], [-16.23414, 19.994065], [-16.23328, 19.994071], [-16.233277, 19.9938], [-16.232991, 19.993802], [-16.232995, 19.994344], [-16.233282, 19.994342], [-16.233284, 19.994613], [-16.232997, 19.994615], [-16.232999, 19.994886], [-16.232139, 19.994892], [-16.232145, 19.995705], [-16.232432, 19.995703], [-16.232434, 19.995974], [-16.232147, 19.995976], [-16.232152, 19.996518], [-16.231578, 19.996522], [-16.231582, 19.997064], [-16.231869, 19.997062], [-16.231867, 19.996791], [-16.232154, 19.996789], [-16.232158, 19.997331], [-16.233592, 19.997321], [-16.233594, 19.997592], [-16.235027, 19.997582]]]}, "properties": {"layer": "core", "exposure_min": 0.6, "area_ha": 10.35}}, {"type": "Feature", "geometry": {"type": "Polygon", "coordinates": [[[-16.230421, 19.995175], [-16.230419, 19.994904], [-16.230705, 19.994902], [-16.230699, 19.994089], [-16.230986, 19.994087], [-16.230979, 19.993273], [-16.230693, 19.993275], [-16.230695, 19.993547], [-16.230408, 19.993549], [-16.23041, 19.99382], [-16.229837, 19.993824], [-16.229845, 19.994908], [-16.230132, 19.994906], [-16.230134, 19.995177], [-16.230421, 19.995175]]]}, "properties": {"layer": "core", "exposure_min": 0.6, "area_ha": 1.53}}, {"type": "Feature", "geometry": {"type": "Polygon", "coordinates": [[[-16.229171, 19.981902], [-16.229162, 19.980818], [-16.228876, 19.98082], [-16.228869, 19.980007], [-16.228583, 19.980009], [-16.228595, 19.981635], [-16.228882, 19.981633], [-16.228884, 19.981904], [-16.229171, 19.981902]]]}, "properties": {"layer": "core", "exposure_min": 0.6, "area_ha": 0.9}}, {"type": "Feature", "geometry": {"type": "Polygon", "coordinates": [[[-16.226712, 19.99764], [-16.226708, 19.997098], [-16.226421, 19.9971], [-16.226417, 19.996558], [-16.226131, 19.99656], [-16.226124, 19.995747], [-16.226411, 19.995745], [-16.226415, 19.996287], [-16.226702, 19.996285], [-16.226706, 19.996827], [-16.226993, 19.996825], [-16.226995, 19.997096], [-16.227282, 19.997094], [-16.227284, 19.997365], [-16.22757, 19.997363], [-16.227568, 19.997092], [-16.227855, 19.99709], [-16.227851, 19.996548], [-16.227564, 19.99655], [-16.227562, 19.996279], [-16.227275, 19.996281], [-16.227273, 19.99601], [-16.22756, 19.996008], [-16.227554, 19.995195], [-16.227267, 19.995197], [-16.227263, 19.994655], [-16.226976, 19.994657], [-16.226974, 19.994385], [-16.226687, 19.994387], [-16.226685, 19.994116], [-16.226112, 19.99412], [-16.226101, 19.992765], [-16.225814, 19.992767], [-16.22581, 19.992225], [-16.226097, 19.992223], [-16.226093, 19.991681], [-16.226379, 19.991679], [-16.226375, 19.991137], [-16.226662, 19.991135], [-16.226654, 19.990051], [-16.22694, 19.990049], [-16.226936, 19.989507], [-16.227223, 19.989505], [-16.227214, 19.988421], [-16.227501, 19.988419], [-16.227497, 19.987877], [-16.227784, 19.987875], [-16.227779, 19.987333], [-16.228066, 19.987331], [-16.228062, 19.986788], [-16.228349, 19.986786], [-16.228347, 19.986515], [-16.228633, 19.986513], [-16.22864, 19.987327], [-16.229213, 19.987323], [-16.229211, 19.987052], [-16.229784, 19.987048], [-16.229793, 19.988132], [-16.229506, 19.988134], [-16.22951, 19.988676], [-16.229223, 19.988678], [-16.229221, 19.988407], [-16.228935, 19.988409], [-16.228939, 19.988951], [-16.228079, 19.988957], [-16.228083, 19.989499], [-16.22837, 19.989497], [-16.228372, 19.989768], [-16.228658, 19.989766], [-16.228661, 19.990037], [-16.228947, 19.990035], [-16.228949, 19.990306], [-16.229236, 19.990304], [-16.229238, 19.990575], [-16.229525, 19.990573], [-16.229527, 19.990844], [-16.230387, 19.990838], [-16.230389, 19.991109], [-16.230676, 19.991107], [-16.230678, 19.991378], [-16.230965, 19.991376], [-16.230967, 19.991647], [-16.23154, 19.991643], [-16.231542, 19.991914], [-16.232116, 19.99191], [-16.232114, 19.991639], [-16.2324, 19.991637], [-16.232398, 19.991366], [-16.232972, 19.991362], [-16.232967, 19.99082], [-16.233254, 19.990818], [-16.233252, 19.990547], [-16.233826, 19.990543], [-16.233823, 19.990272], [-16.23411, 19.99027], [-16.234106, 19.989728], [-16.234679, 19.989724], [-16.234662, 19.987556], [-16.234376, 19.987558], [-16.234374, 19.987287], [-16.23466, 19.987285], [-16.234656, 19.986743], [-16.234369, 19.986745], [-16.234365, 19.986203], [-16.234078, 19.986205], [-16.23407, 19.98512], [-16.233783, 19.985122], [-16.233777, 19.984309], [-16.23349, 19.984311], [-16.233488, 19.98404], [-16.233201, 19.984042], [-16.233195, 19.983229], [-16.232908, 19.983231], [-16.232904, 19.982689], [-16.232618, 19.982691], [-16.232605, 19.981065], [-16.232318, 19.981067], [-16.232316, 19.980796], [-16.232029, 19.980798], [-16.232015, 19.978901], [-16.231728, 19.978902], [-16.23172, 19.977818], [-16.231433, 19.97782], [-16.231431, 19.977549], [-16.231144, 19.977551], [-16.23114, 19.977009], [-16.230853, 19.977011], [-16.230862, 19.978095], [-16.230575, 19.978097], [-16.230579, 19.978639], [-16.231152, 19.978635], [-16.231157, 19.979178], [-16.23087, 19.97918], [-16.230872, 19.979451], [-16.230585, 19.979453], [-16.230588, 19.979724], [-16.230301, 19.979726], [-16.230305, 19.980268], [-16.230018, 19.98027], [-16.230031, 19.981896], [-16.229744, 19.981898], [-16.229753, 19.982982], [-16.229466, 19.982984], [-16.22947, 19.983526], [-16.229757, 19.983524], [-16.229759, 19.983795], [-16.231192, 19.983785], [-16.231195, 19.984056], [-16.230908, 19.984058], [-16.23091, 19.984329], [-16.229763, 19.984337], [-16.229765, 19.984608], [-16.229479, 19.98461], [-16.229483, 19.985152], [-16.229196, 19.985154], [-16.229202, 19.985967], [-16.229489, 19.985965], [-16.229491, 19.986236], [-16.229205, 19.986238], [-16.229207, 19.986509], [-16.22892, 19.986511], [-16.228918, 19.98624], [-16.228344, 19.986244], [-16.228342, 19.985973], [-16.228056, 19.985975], [-16.228047, 19.984891], [-16.228334, 19.984889], [-16.22833, 19.984347], [-16.228616, 19.984345], [-16.228608, 19.983261], [-16.228895, 19.983259], [-16.228884, 19.981904], [-16.228597, 19.981906], [-16.228606, 19.98299], [-16.228319, 19.982992], [-16.228328, 19.984076], [-16.228041, 19.984078], [-16.228043, 19.984349], [-16.227756, 19.984351], [-16.227761, 19.984893], [-16.227474, 19.984895], [-16.227478, 19.985437], [-16.227191, 19.985439], [-16.227198, 19.986252], [-16.226911, 19.986254], [-16.226917, 19.987067], [-16.22663, 19.987069], [-16.226633, 19.98734], [-16.226346, 19.987342], [-16.226348, 19.987613], [-16.225775, 19.987617], [-16.225777, 19.987888], [-16.22549, 19.98789], [-16.225494, 19.988433], [-16.225207, 19.988435], [-16.225212, 19.988977], [-16.224925, 19.988979], [-16.224929, 19.989521], [-16.224642, 19.989523], [-16.224647, 19.990065], [-16.22436, 19.990067], [-16.224362, 19.990338], [-16.224075, 19.99034], [-16.224079, 19.990882], [-16.223793, 19.990884], [-16.223797, 19.991426], [-16.22351, 19.991428], [-16.223512, 19.991699], [-16.223799, 19.991697], [-16.223818, 19.994136], [-16.223531, 19.994138], [-16.223533, 19.994409], [-16.22382, 19.994407], [-16.223822, 19.994678], [-16.223535, 19.99468], [-16.22354, 19.995222], [-16.2244, 19.995216], [-16.224404, 19.995759], [-16.224691, 19.995757], [-16.224699, 19.996841], [-16.225559, 19.996835], [-16.225561, 19.997106], [-16.226135, 19.997102], [-16.226137, 19.997373], [-16.226424, 19.997371], [-16.226426, 19.997642], [-16.226712, 19.99764]], [[-16.226124, 19.995747], [-16.225838, 19.995749], [-16.225835, 19.995478], [-16.226122, 19.995476], [-16.226124, 19.995747]], [[-16.225835, 19.995478], [-16.225549, 19.99548], [-16.225547, 19.995209], [-16.22526, 19.99521], [-16.225258, 19.994939], [-16.224971, 19.994941], [-16.224967, 19.994399], [-16.22468, 19.994401], [-16.22467, 19.993046], [-16.224956, 19.993044], [-16.224965, 19.994128], [-16.225251, 19.994126], [-16.225254, 19.994397], [-16.22554, 19.994395], [-16.225544, 19.994937], [-16.225831, 19.994935], [-16.225835, 19.995478]], [[-16.232114, 19.991639], [-16.231827, 19.991641], [-16.231825, 19.99137], [-16.232112, 19.991368], [-16.232114, 19.991639]], [[-16.225231, 19.991416], [-16.224944, 19.991418], [-16.224942, 19.991147], [-16.225228, 19.991145], [-16.225231, 19.991416]], [[-16.232101, 19.990013], [-16.231814, 19.990015], [-16.231812, 19.989744], [-16.232099, 19.989742], [-16.232101, 19.990013]], [[-16.233246, 19.989734], [-16.232959, 19.989736], [-16.232957, 19.989465], [-16.233244, 19.989463], [-16.233246, 19.989734]], [[-16.232672, 19.989738], [-16.232386, 19.98974], [-16.232384, 19.989469], [-16.23267, 19.989467], [-16.232672, 19.989738]], [[-16.226936, 19.989507], [-16.226649, 19.989509], [-16.226647, 19.989238], [-16.226934, 19.989236], [-16.226936, 19.989507]], [[-16.234102, 19.989186], [-16.233815, 19.989188], [-16.233809, 19.988375], [-16.234095, 19.988373], [-16.234102, 19.989186]], [[-16.233235, 19.988379], [-16.232375, 19.988385], [-16.232373, 19.988114], [-16.233233, 19.988108], [-16.233235, 19.988379]], [[-16.23352, 19.988106], [-16.233233, 19.988108], [-16.233231, 19.987837], [-16.233518, 19.987835], [-16.23352, 19.988106]], [[-16.234378, 19.987829], [-16.234091, 19.987831], [-16.234089, 19.98756], [-16.234376, 19.987558], [-16.234378, 19.987829]], [[-16.2338, 19.987291], [-16.233513, 19.987293], [-16.233511, 19.987022], [-16.233225, 19.987024], [-16.233223, 19.986753], [-16.232936, 19.986755], [-16.232932, 19.986213], [-16.233218, 19.986211], [-16.233216, 19.98594], [-16.23293, 19.985942], [-16.232923, 19.985128], [-16.23321, 19.985126], [-16.233212, 19.985397], [-16.233499, 19.985395], [-16.233503, 19.985938], [-16.23379, 19.985936], [-16.233792, 19.986207], [-16.233505, 19.986209], [-16.233507, 19.98648], [-16.233794, 19.986478], [-16.2338, 19.987291]], [[-16.229782, 19.986777], [-16.229495, 19.986779], [-16.229493, 19.986507], [-16.22978, 19.986505], [-16.229782, 19.986777]], [[-16.231186, 19.982972], [-16.230899, 19.982974], [-16.230897, 19.982703], [-16.231184, 19.982701], [-16.231186, 19.982972]], [[-16.230889, 19.981619], [-16.230316, 19.981623], [-16.230313, 19.981352], [-16.230887, 19.981348], [-16.230889, 19.981619]]]}, "properties": {"layer": "core", "exposure_min": 0.6, "area_ha": 85.77}}, {"type": "Feature", "geometry": {"type": "Polygon", "coordinates": [[[-16.229995, 19.977288], [-16.229993, 19.977017], [-16.23028, 19.977015], [-16.230273, 19.976202], [-16.23056, 19.9762], [-16.230556, 19.975658], [-16.230843, 19.975656], [-16.230841, 19.975385], [-16.231127, 19.975383], [-16.231125, 19.975112], [-16.231412, 19.97511], [-16.23141, 19.974839], [-16.231696, 19.974837], [-16.231686, 19.973482], [-16.231399, 19.973484], [-16.231401, 19.973755], [-16.231115, 19.973757], [-16.231117, 19.974028], [-16.23083, 19.97403], [-16.230834, 19.974572], [-16.230548, 19.974574], [-16.230552, 19.975116], [-16.230265, 19.975118], [-16.230271, 19.975931], [-16.229985, 19.975933], [-16.229991, 19.976746], [-16.229704, 19.976748], [-16.229709, 19.97729], [-16.229995, 19.977288]]]}, "properties": {"layer": "core", "exposure_min": 0.6, "area_ha": 2.61}}, {"type": "Feature", "geometry": {"type": "Polygon", "coordinates": [[[-16.504521, 19.934246], [-16.504513, 19.933433], [-16.504227, 19.933436], [-16.504219, 19.932623], [-16.503933, 19.932625], [-16.503935, 19.932896], [-16.503649, 19.932899], [-16.503651, 19.93317], [-16.503938, 19.933167], [-16.50394, 19.933438], [-16.503367, 19.933443], [-16.50337, 19.933714], [-16.504229, 19.933707], [-16.504235, 19.934249], [-16.504521, 19.934246]]]}, "properties": {"layer": "core", "exposure_min": 0.6, "area_ha": 0.9}}, {"type": "Feature", "geometry": {"type": "Polygon", "coordinates": [[[-16.504787, 19.932076], [-16.504785, 19.931805], [-16.505071, 19.931802], [-16.505066, 19.93126], [-16.504779, 19.931263], [-16.504777, 19.930992], [-16.50449, 19.930994], [-16.504488, 19.930723], [-16.504774, 19.930721], [-16.504764, 19.929637], [-16.504477, 19.929639], [-16.504475, 19.929368], [-16.504188, 19.929371], [-16.504183, 19.928829], [-16.503897, 19.928831], [-16.503894, 19.92856], [-16.503608, 19.928562], [-16.503613, 19.929104], [-16.503326, 19.929107], [-16.503329, 19.929378], [-16.503615, 19.929375], [-16.503618, 19.929647], [-16.503331, 19.929649], [-16.503339, 19.930462], [-16.503625, 19.93046], [-16.503628, 19.930731], [-16.503915, 19.930728], [-16.50392, 19.93127], [-16.504206, 19.931268], [-16.504209, 19.931539], [-16.504495, 19.931536], [-16.504501, 19.932078], [-16.504787, 19.932076]]]}, "properties": {"layer": "core", "exposure_min": 0.6, "area_ha": 3.51}}, {"type": "Feature", "geometry": {"type": "Polygon", "coordinates": [[[-16.291213, 19.925354], [-16.291206, 19.924541], [-16.29092, 19.924543], [-16.290922, 19.924814], [-16.290635, 19.924816], [-16.290637, 19.925087], [-16.290064, 19.925091], [-16.290066, 19.925362], [-16.291213, 19.925354]]]}, "properties": {"layer": "core", "exposure_min": 0.6, "area_ha": 0.63}}, {"type": "Feature", "geometry": {"type": "Polygon", "coordinates": [[[-16.500412, 19.923982], [-16.500407, 19.92344], [-16.500693, 19.923438], [-16.500686, 19.922624], [-16.500112, 19.922629], [-16.500115, 19.9229], [-16.499828, 19.922903], [-16.499839, 19.923987], [-16.500412, 19.923982]]]}, "properties": {"layer": "core", "exposure_min": 0.6, "area_ha": 1.08}}, {"type": "Feature", "geometry": {"type": "Polygon", "coordinates": [[[-16.501829, 19.922344], [-16.501824, 19.921802], [-16.502111, 19.921799], [-16.502106, 19.921257], [-16.501532, 19.921262], [-16.501535, 19.921533], [-16.501248, 19.921536], [-16.501254, 19.922078], [-16.500967, 19.92208], [-16.50097, 19.922351], [-16.501829, 19.922344]]]}, "properties": {"layer": "core", "exposure_min": 0.6, "area_ha": 0.9}}, {"type": "Feature", "geometry": {"type": "Polygon", "coordinates": [[[-16.504679, 19.920694], [-16.504664, 19.919067], [-16.504377, 19.91907], [-16.504393, 19.920696], [-16.504679, 19.920694]]]}, "properties": {"layer": "core", "exposure_min": 0.6, "area_ha": 0.54}}, {"type": "Feature", "geometry": {"type": "Polygon", "coordinates": [[[-16.478269, 19.915765], [-16.478266, 19.915494], [-16.478553, 19.915492], [-16.478548, 19.91495], [-16.478834, 19.914948], [-16.478832, 19.914677], [-16.479118, 19.914674], [-16.479116, 19.914403], [-16.478256, 19.91441], [-16.478261, 19.914952], [-16.477975, 19.914955], [-16.477982, 19.915768], [-16.478269, 19.915765]]]}, "properties": {"layer": "core", "exposure_min": 0.6, "area_ha": 0.9}}, {"type": "Feature", "geometry": {"type": "Polygon", "coordinates": [[[-16.487139, 19.914336], [-16.487136, 19.914065], [-16.48685, 19.914068], [-16.486847, 19.913797], [-16.486561, 19.913799], [-16.486558, 19.913528], [-16.486272, 19.91353], [-16.486274, 19.913801], [-16.485988, 19.913804], [-16.485993, 19.914346], [-16.486279, 19.914344], [-16.486277, 19.914073], [-16.486563, 19.91407], [-16.486566, 19.914341], [-16.487139, 19.914336]]]}, "properties": {"layer": "core", "exposure_min": 0.6, "area_ha": 0.63}}, {"type": "Feature", "geometry": {"type": "Polygon", "coordinates": [[[-16.483409, 19.913825], [-16.483404, 19.913283], [-16.48369, 19.913281], [-16.483688, 19.91301], [-16.483401, 19.913012], [-16.483399, 19.912741], [-16.483112, 19.912744], [-16.483107, 19.912202], [-16.482821, 19.912204], [-16.482823, 19.912475], [-16.48225, 19.91248], [-16.482248, 19.912209], [-16.481961, 19.912211], [-16.481964, 19.912482], [-16.481677, 19.912485], [-16.48168, 19.912756], [-16.481393, 19.912758], [-16.481395, 19.913029], [-16.481969, 19.913024], [-16.481971, 19.913295], [-16.482258, 19.913293], [-16.48226, 19.913564], [-16.482547, 19.913562], [-16.482544, 19.913291], [-16.482831, 19.913288], [-16.482836, 19.91383], [-16.483409, 19.913825]]]}, "properties": {"layer": "core", "exposure_min": 0.6, "area_ha": 2.25}}, {"type": "Feature", "geometry": {"type": "Polygon", "coordinates": [[[-16.489152, 19.915133], [-16.489147, 19.914591], [-16.488861, 19.914593], [-16.488848, 19.913238], [-16.489708, 19.913231], [-16.489705, 19.91296], [-16.489419, 19.912962], [-16.489416, 19.912691], [-16.489129, 19.912693], [-16.489127, 19.912422], [-16.489413, 19.91242], [-16.489411, 19.912149], [-16.489697, 19.912147], [-16.489695, 19.911876], [-16.488835, 19.911883], [-16.488838, 19.912154], [-16.487978, 19.912161], [-16.487981, 19.912432], [-16.487694, 19.912434], [-16.487697, 19.912705], [-16.48741, 19.912708], [-16.487413, 19.912979], [-16.487699, 19.912976], [-16.487707, 19.91379], [-16.487993, 19.913787], [-16.488004, 19.914871], [-16.488863, 19.914864], [-16.488866, 19.915135], [-16.489152, 19.915133]], [[-16.489132, 19.912964], [-16.488845, 19.912967], [-16.488843, 19.912696], [-16.489129, 19.912693], [-16.489132, 19.912964]]]}, "properties": {"layer": "core", "exposure_min": 0.6, "area_ha": 4.32}}, {"type": "Feature", "geometry": {"type": "Polygon", "coordinates": [[[-16.479113, 19.914132], [-16.479111, 19.913861], [-16.47997, 19.913854], [-16.479963, 19.913041], [-16.479676, 19.913043], [-16.479679, 19.913314], [-16.479392, 19.913317], [-16.479382, 19.912233], [-16.479096, 19.912235], [-16.479091, 19.911693], [-16.478804, 19.911696], [-16.478802, 19.911424], [-16.480234, 19.911413], [-16.480227, 19.9106], [-16.47994, 19.910602], [-16.479943, 19.910873], [-16.479656, 19.910875], [-16.479659, 19.911146], [-16.478512, 19.911156], [-16.478518, 19.911698], [-16.478231, 19.9117], [-16.478233, 19.911971], [-16.47766, 19.911976], [-16.477663, 19.912247], [-16.477949, 19.912245], [-16.477952, 19.912516], [-16.477665, 19.912518], [-16.477673, 19.913331], [-16.478246, 19.913326], [-16.478249, 19.913597], [-16.477676, 19.913602], [-16.477678, 19.913873], [-16.478251, 19.913868], [-16.478254, 19.914139], [-16.479113, 19.914132]]]}, "properties": {"layer": "core", "exposure_min": 0.6, "area_ha": 5.31}}, {"type": "Feature", "geometry": {"type": "Polygon", "coordinates": [[[-16.487976, 19.91189], [-16.487973, 19.911619], [-16.48826, 19.911617], [-16.488257, 19.911346], [-16.487971, 19.911348], [-16.487966, 19.910806], [-16.488252, 19.910804], [-16.48825, 19.910533], [-16.48739, 19.91054], [-16.487393, 19.910811], [-16.486533, 19.910818], [-16.48653, 19.910547], [-16.486817, 19.910545], [-16.486814, 19.910274], [-16.486528, 19.910276], [-16.486523, 19.909734], [-16.485663, 19.909741], [-16.485661, 19.90947], [-16.485374, 19.909472], [-16.485377, 19.909743], [-16.484804, 19.909748], [-16.484801, 19.909477], [-16.483082, 19.909492], [-16.483084, 19.909763], [-16.483371, 19.90976], [-16.483373, 19.910031], [-16.48452, 19.910022], [-16.484525, 19.910564], [-16.484238, 19.910566], [-16.484241, 19.910837], [-16.484527, 19.910835], [-16.48453, 19.911106], [-16.485103, 19.911101], [-16.485105, 19.911372], [-16.485392, 19.91137], [-16.485397, 19.911912], [-16.485683, 19.911909], [-16.485681, 19.911638], [-16.485967, 19.911636], [-16.48597, 19.911907], [-16.486543, 19.911902], [-16.486541, 19.911631], [-16.487114, 19.911626], [-16.487116, 19.911897], [-16.487976, 19.91189]], [[-16.487398, 19.911353], [-16.487111, 19.911355], [-16.487109, 19.911084], [-16.487395, 19.911082], [-16.487398, 19.911353]]]}, "properties": {"layer": "core", "exposure_min": 0.6, "area_ha": 7.29}}, {"type": "Feature", "geometry": {"type": "Polygon", "coordinates": [[[-16.406034, 19.913641], [-16.406032, 19.91337], [-16.406892, 19.913363], [-16.406889, 19.913092], [-16.406603, 19.913094], [-16.4066, 19.912823], [-16.40746, 19.912817], [-16.407455, 19.912275], [-16.407168, 19.912277], [-16.407171, 19.912548], [-16.406884, 19.91255], [-16.40688, 19.912008], [-16.406593, 19.91201], [-16.406591, 19.911739], [-16.406304, 19.911742], [-16.406302, 19.911471], [-16.406015, 19.911473], [-16.406013, 19.911202], [-16.406299, 19.911199], [-16.406292, 19.910386], [-16.406006, 19.910389], [-16.406003, 19.910118], [-16.405717, 19.91012], [-16.405714, 19.909849], [-16.405428, 19.909851], [-16.405425, 19.90958], [-16.405139, 19.909582], [-16.405141, 19.909853], [-16.404568, 19.909858], [-16.404563, 19.909316], [-16.40485, 19.909314], [-16.404845, 19.908772], [-16.404558, 19.908774], [-16.404561, 19.909045], [-16.404274, 19.909047], [-16.404272, 19.908776], [-16.403985, 19.908778], [-16.403983, 19.908507], [-16.403696, 19.90851], [-16.403704, 19.909323], [-16.40399, 19.90932], [-16.403997, 19.910134], [-16.40457, 19.910129], [-16.404575, 19.910671], [-16.404862, 19.910669], [-16.404867, 19.911211], [-16.40458, 19.911213], [-16.404587, 19.912026], [-16.404301, 19.912028], [-16.404305, 19.91257], [-16.404592, 19.912568], [-16.404594, 19.912839], [-16.404881, 19.912837], [-16.404883, 19.913108], [-16.405456, 19.913103], [-16.405459, 19.913374], [-16.405745, 19.913372], [-16.405748, 19.913643], [-16.406034, 19.913641]], [[-16.405435, 19.910664], [-16.405148, 19.910667], [-16.405144, 19.910124], [-16.40543, 19.910122], [-16.405435, 19.910664]]]}, "properties": {"layer": "core", "exposure_min": 0.6, "area_ha": 8.73}}, {"type": "Feature", "geometry": {"type": "Polygon", "coordinates": [[[-16.472742, 19.906867], [-16.472739, 19.906596], [-16.473312, 19.906591], [-16.47331, 19.90632], [-16.474169, 19.906313], [-16.474167, 19.906042], [-16.473021, 19.906052], [-16.473018, 19.905781], [-16.472445, 19.905786], [-16.472455, 19.90687], [-16.472742, 19.906867]]]}, "properties": {"layer": "core", "exposure_min": 0.6, "area_ha": 1.08}}, {"type": "Feature", "geometry": {"type": "Polygon", "coordinates": [[[-16.416292, 19.907055], [-16.416287, 19.906513], [-16.416574, 19.90651], [-16.416569, 19.905968], [-16.416282, 19.905971], [-16.416285, 19.906242], [-16.415998, 19.906244], [-16.416001, 19.906515], [-16.415714, 19.906517], [-16.415717, 19.906788], [-16.416003, 19.906786], [-16.416006, 19.907057], [-16.416292, 19.907055]]]}, "properties": {"layer": "core", "exposure_min": 0.6, "area_ha": 0.54}}, {"type": "Feature", "geometry": {"type": "Polygon", "coordinates": [[[-16.433501, 19.908814], [-16.433499, 19.908543], [-16.433785, 19.908541], [-16.433783, 19.90827], [-16.43407, 19.908267], [-16.434062, 19.907454], [-16.434349, 19.907452], [-16.434344, 19.90691], [-16.434057, 19.906912], [-16.434055, 19.906641], [-16.434341, 19.906639], [-16.434339, 19.906368], [-16.434626, 19.906366], [-16.434635, 19.90745], [-16.434922, 19.907447], [-16.434917, 19.906905], [-16.43549, 19.906901], [-16.435488, 19.90663], [-16.436061, 19.906625], [-16.436058, 19.906354], [-16.435772, 19.906356], [-16.435769, 19.906085], [-16.435483, 19.906088], [-16.43548, 19.905817], [-16.435194, 19.905819], [-16.435191, 19.905548], [-16.434618, 19.905553], [-16.434611, 19.904739], [-16.433465, 19.904749], [-16.433467, 19.90502], [-16.433181, 19.905022], [-16.433186, 19.905564], [-16.432899, 19.905566], [-16.432901, 19.905837], [-16.432615, 19.90584], [-16.43262, 19.906382], [-16.432333, 19.906384], [-16.432336, 19.906655], [-16.432049, 19.906657], [-16.432059, 19.907741], [-16.432632, 19.907737], [-16.432637, 19.908279], [-16.432923, 19.908277], [-16.432928, 19.908819], [-16.433501, 19.908814]]]}, "properties": {"layer": "core", "exposure_min": 0.6, "area_ha": 9.45}}, {"type": "Feature", "geometry": {"type": "Polygon", "coordinates": [[[-16.420304, 19.907023], [-16.420301, 19.906752], [-16.420588, 19.906749], [-16.420581, 19.905936], [-16.420867, 19.905934], [-16.420862, 19.905392], [-16.421149, 19.90539], [-16.421146, 19.905119], [-16.42086, 19.905121], [-16.420853, 19.904308], [-16.41942, 19.904319], [-16.419422, 19.90459], [-16.419136, 19.904593], [-16.419133, 19.904322], [-16.418847, 19.904324], [-16.418852, 19.904866], [-16.418279, 19.90487], [-16.418281, 19.905141], [-16.417421, 19.905148], [-16.417424, 19.905419], [-16.416851, 19.905424], [-16.416853, 19.905695], [-16.416567, 19.905697], [-16.416569, 19.905968], [-16.417142, 19.905964], [-16.41714, 19.905693], [-16.417426, 19.90569], [-16.417429, 19.905961], [-16.417715, 19.905959], [-16.417718, 19.90623], [-16.418004, 19.906228], [-16.418007, 19.906499], [-16.418866, 19.906492], [-16.418869, 19.906763], [-16.419442, 19.906758], [-16.419444, 19.907029], [-16.420304, 19.907023]]]}, "properties": {"layer": "core", "exposure_min": 0.6, "area_ha": 8.19}}, {"type": "Feature", "geometry": {"type": "Polygon", "coordinates": [[[-16.472729, 19.905512], [-16.472722, 19.904699], [-16.472148, 19.904704], [-16.472141, 19.903891], [-16.471854, 19.903893], [-16.471849, 19.903351], [-16.471563, 19.903354], [-16.471565, 19.903625], [-16.471279, 19.903627], [-16.471284, 19.904169], [-16.47157, 19.904167], [-16.471573, 19.904438], [-16.471286, 19.90444], [-16.471291, 19.904982], [-16.471578, 19.90498], [-16.471575, 19.904709], [-16.471862, 19.904706], [-16.471869, 19.905519], [-16.472729, 19.905512]]]}, "properties": {"layer": "core", "exposure_min": 0.6, "area_ha": 1.89}}, {"type": "Feature", "geometry": {"type": "Polygon", "coordinates": [[[-16.489921, 19.905369], [-16.489918, 19.905098], [-16.490778, 19.905091], [-16.490775, 19.90482], [-16.490489, 19.904822], [-16.490486, 19.904551], [-16.490773, 19.904549], [-16.490767, 19.904007], [-16.489908, 19.904014], [-16.489905, 19.903743], [-16.489332, 19.903748], [-16.48933, 19.903477], [-16.488757, 19.903481], [-16.488754, 19.90321], [-16.488468, 19.903213], [-16.48847, 19.903484], [-16.487611, 19.903491], [-16.487613, 19.903762], [-16.488473, 19.903755], [-16.488478, 19.904297], [-16.489051, 19.904292], [-16.489053, 19.904563], [-16.48934, 19.904561], [-16.489342, 19.904832], [-16.488769, 19.904837], [-16.488772, 19.905108], [-16.489345, 19.905103], [-16.489348, 19.905374], [-16.489921, 19.905369]]]}, "properties": {"layer": "core", "exposure_min": 0.6, "area_ha": 3.51}}, {"type": "Feature", "geometry": {"type": "Polygon", "coordinates": [[[-16.495661, 19.906405], [-16.495656, 19.905863], [-16.495083, 19.905868], [-16.495081, 19.905597], [-16.494794, 19.905599], [-16.494791, 19.905328], [-16.495078, 19.905326], [-16.495073, 19.904784], [-16.495359, 19.904781], [-16.495365, 19.905323], [-16.495651, 19.905321], [-16.495654, 19.905592], [-16.496513, 19.905585], [-16.496511, 19.905314], [-16.496224, 19.905316], [-16.496222, 19.905045], [-16.495935, 19.905047], [-16.495927, 19.904234], [-16.495641, 19.904237], [-16.495633, 19.903424], [-16.495347, 19.903426], [-16.495349, 19.903697], [-16.494776, 19.903702], [-16.494781, 19.904244], [-16.494495, 19.904246], [-16.494477, 19.902349], [-16.493904, 19.902354], [-16.493909, 19.902896], [-16.493049, 19.902903], [-16.493047, 19.902632], [-16.49276, 19.902635], [-16.492763, 19.902906], [-16.492476, 19.902908], [-16.492479, 19.903179], [-16.492192, 19.903182], [-16.492195, 19.903453], [-16.491335, 19.90346], [-16.491338, 19.903731], [-16.492198, 19.903724], [-16.4922, 19.903995], [-16.49306, 19.903987], [-16.493062, 19.904258], [-16.493635, 19.904254], [-16.49364, 19.904796], [-16.493927, 19.904793], [-16.493929, 19.905064], [-16.493356, 19.905069], [-16.493354, 19.904798], [-16.492781, 19.904803], [-16.492783, 19.905074], [-16.492497, 19.905076], [-16.492494, 19.904805], [-16.492208, 19.904808], [-16.49221, 19.905079], [-16.491924, 19.905081], [-16.491926, 19.905352], [-16.493072, 19.905343], [-16.493077, 19.905885], [-16.493364, 19.905882], [-16.493367, 19.906153], [-16.493653, 19.906151], [-16.49365, 19.90588], [-16.493937, 19.905877], [-16.49394, 19.906148], [-16.494513, 19.906144], [-16.49451, 19.905873], [-16.494797, 19.90587], [-16.494802, 19.906412], [-16.495661, 19.906405]], [[-16.49451, 19.905873], [-16.494224, 19.905875], [-16.494221, 19.905604], [-16.494508, 19.905602], [-16.49451, 19.905873]], [[-16.494218, 19.905333], [-16.493932, 19.905335], [-16.493929, 19.905064], [-16.494216, 19.905062], [-16.494218, 19.905333]]]}, "properties": {"layer": "core", "exposure_min": 0.6, "area_ha": 10.17}}, {"type": "Feature", "geometry": {"type": "Polygon", "coordinates": [[[-16.437785, 19.907153], [-16.437782, 19.906882], [-16.438069, 19.90688], [-16.438066, 19.906609], [-16.438353, 19.906607], [-16.43835, 19.906336], [-16.438637, 19.906333], [-16.438635, 19.906062], [-16.438921, 19.90606], [-16.438919, 19.905789], [-16.439205, 19.905787], [-16.4392, 19.905245], [-16.439487, 19.905242], [-16.439489, 19.905513], [-16.440062, 19.905509], [-16.440057, 19.904967], [-16.440344, 19.904964], [-16.440346, 19.905235], [-16.440633, 19.905233], [-16.440628, 19.904691], [-16.440915, 19.904689], [-16.440912, 19.904418], [-16.441199, 19.904415], [-16.441196, 19.904144], [-16.44091, 19.904147], [-16.440907, 19.903875], [-16.441767, 19.903869], [-16.441757, 19.902784], [-16.44147, 19.902787], [-16.441475, 19.903329], [-16.441189, 19.903331], [-16.441191, 19.903602], [-16.440618, 19.903607], [-16.440626, 19.90442], [-16.440339, 19.904422], [-16.440337, 19.904151], [-16.44005, 19.904153], [-16.440048, 19.903882], [-16.439761, 19.903885], [-16.439756, 19.903343], [-16.43947, 19.903345], [-16.439475, 19.903887], [-16.438615, 19.903894], [-16.438612, 19.903623], [-16.438899, 19.903621], [-16.438894, 19.903079], [-16.438321, 19.903083], [-16.438331, 19.904167], [-16.438044, 19.90417], [-16.438042, 19.903899], [-16.437755, 19.903901], [-16.43776, 19.904443], [-16.438047, 19.904441], [-16.438052, 19.904983], [-16.437765, 19.904985], [-16.437768, 19.905256], [-16.437195, 19.905261], [-16.437197, 19.905532], [-16.437484, 19.905529], [-16.437486, 19.9058], [-16.437199, 19.905803], [-16.437202, 19.906074], [-16.436915, 19.906076], [-16.43691, 19.905534], [-16.436624, 19.905536], [-16.436631, 19.906349], [-16.436345, 19.906352], [-16.436347, 19.906623], [-16.436061, 19.906625], [-16.436063, 19.906896], [-16.43635, 19.906894], [-16.436352, 19.907165], [-16.436925, 19.90716], [-16.436923, 19.906889], [-16.437209, 19.906887], [-16.437212, 19.907158], [-16.437785, 19.907153]], [[-16.437496, 19.906885], [-16.437209, 19.906887], [-16.437207, 19.906616], [-16.437493, 19.906613], [-16.437496, 19.906885]], [[-16.438064, 19.906338], [-16.437777, 19.90634], [-16.437775, 19.906069], [-16.438061, 19.906067], [-16.438064, 19.906338]], [[-16.438348, 19.906065], [-16.438061, 19.906067], [-16.438057, 19.905525], [-16.438343, 19.905522], [-16.438348, 19.906065]], [[-16.437775, 19.906069], [-16.437488, 19.906071], [-16.437486, 19.9058], [-16.437772, 19.905798], [-16.437775, 19.906069]], [[-16.43863, 19.90552], [-16.438343, 19.905522], [-16.438341, 19.905251], [-16.438627, 19.905249], [-16.43863, 19.90552]], [[-16.440052, 19.904424], [-16.439766, 19.904427], [-16.439763, 19.904156], [-16.44005, 19.904153], [-16.440052, 19.904424]], [[-16.43862, 19.904436], [-16.438333, 19.904438], [-16.438331, 19.904167], [-16.438617, 19.904165], [-16.43862, 19.904436]]]}, "properties": {"layer": "core", "exposure_min": 0.6, "area_ha": 9.18}}, {"type": "Feature", "geometry": {"type": "Polygon", "coordinates": [[[-16.481639, 19.90842], [-16.481632, 19.907606], [-16.481345, 19.907609], [-16.481342, 19.907338], [-16.481629, 19.907335], [-16.481627, 19.907064], [-16.482486, 19.907057], [-16.482484, 19.906786], [-16.482197, 19.906789], [-16.482195, 19.906518], [-16.481908, 19.90652], [-16.481905, 19.906249], [-16.482765, 19.906242], [-16.482763, 19.905971], [-16.483336, 19.905966], [-16.483341, 19.906508], [-16.483627, 19.906506], [-16.48363, 19.906777], [-16.484203, 19.906772], [-16.484205, 19.907043], [-16.484492, 19.907041], [-16.484497, 19.907583], [-16.48507, 19.907578], [-16.485072, 19.907849], [-16.485645, 19.907844], [-16.485643, 19.907573], [-16.485356, 19.907575], [-16.485354, 19.907304], [-16.485067, 19.907307], [-16.485065, 19.907036], [-16.484778, 19.907038], [-16.484776, 19.906767], [-16.484489, 19.90677], [-16.484487, 19.906499], [-16.484773, 19.906496], [-16.484771, 19.906225], [-16.484484, 19.906228], [-16.484482, 19.905957], [-16.485055, 19.905952], [-16.48505, 19.90541], [-16.485336, 19.905407], [-16.485339, 19.905678], [-16.485912, 19.905674], [-16.485914, 19.905945], [-16.486774, 19.905937], [-16.486769, 19.905395], [-16.487055, 19.905393], [-16.487058, 19.905664], [-16.487631, 19.905659], [-16.487626, 19.905117], [-16.488199, 19.905112], [-16.488196, 19.904841], [-16.48791, 19.904844], [-16.487907, 19.904573], [-16.487048, 19.90458], [-16.487045, 19.904309], [-16.487618, 19.904304], [-16.487613, 19.903762], [-16.487327, 19.903764], [-16.487324, 19.903493], [-16.487611, 19.903491], [-16.487608, 19.90322], [-16.486462, 19.90323], [-16.48646, 19.902959], [-16.485886, 19.902963], [-16.485884, 19.902692], [-16.48617, 19.90269], [-16.486168, 19.902419], [-16.485595, 19.902424], [-16.485597, 19.902695], [-16.485024, 19.9027], [-16.485027, 19.902971], [-16.485313, 19.902968], [-16.485318, 19.90351], [-16.484745, 19.903515], [-16.48475, 19.904057], [-16.484464, 19.904059], [-16.484472, 19.904872], [-16.484185, 19.904875], [-16.484188, 19.905146], [-16.483615, 19.905151], [-16.483612, 19.90488], [-16.482466, 19.904889], [-16.482468, 19.90516], [-16.482755, 19.905158], [-16.48276, 19.9057], [-16.481614, 19.905709], [-16.481616, 19.90598], [-16.48047, 19.90599], [-16.480473, 19.906261], [-16.480186, 19.906263], [-16.480191, 19.906805], [-16.480764, 19.906801], [-16.480767, 19.907072], [-16.48048, 19.907074], [-16.480485, 19.907616], [-16.480772, 19.907614], [-16.48078, 19.908427], [-16.481639, 19.90842]], [[-16.486485, 19.905669], [-16.486198, 19.905671], [-16.486196, 19.9054], [-16.486482, 19.905398], [-16.486485, 19.905669]], [[-16.483617, 19.905422], [-16.483331, 19.905424], [-16.483328, 19.905153], [-16.483615, 19.905151], [-16.483617, 19.905422]], [[-16.487626, 19.905117], [-16.487339, 19.90512], [-16.487337, 19.904849], [-16.487623, 19.904846], [-16.487626, 19.905117]], [[-16.486766, 19.905124], [-16.48648, 19.905127], [-16.486477, 19.904856], [-16.486764, 19.904853], [-16.486766, 19.905124]]]}, "properties": {"layer": "core", "exposure_min": 0.6, "area_ha": 17.37}}, {"type": "Feature", "geometry": {"type": "Polygon", "coordinates": [[[-16.280441, 19.904561], [-16.280439, 19.90429], [-16.279579, 19.904296], [-16.279575, 19.903754], [-16.279002, 19.903758], [-16.279004, 19.904029], [-16.278431, 19.904033], [-16.278433, 19.904304], [-16.279293, 19.904298], [-16.279295, 19.904569], [-16.280441, 19.904561]]]}, "properties": {"layer": "core", "exposure_min": 0.6, "area_ha": 0.9}}, {"type": "Feature", "geometry": {"type": "Polygon", "coordinates": [[[-16.413111, 19.903827], [-16.413107, 19.903285], [-16.41282, 19.903288], [-16.412815, 19.902746], [-16.412529, 19.902748], [-16.412526, 19.902477], [-16.411953, 19.902481], [-16.411956, 19.902752], [-16.411383, 19.902757], [-16.411385, 19.903028], [-16.411958, 19.903023], [-16.41196, 19.903294], [-16.412247, 19.903292], [-16.412249, 19.903563], [-16.412536, 19.903561], [-16.412538, 19.903832], [-16.413111, 19.903827]]]}, "properties": {"layer": "core", "exposure_min": 0.6, "area_ha": 1.35}}, {"type": "Feature", "geometry": {"type": "Polygon", "coordinates": [[[-16.44147, 19.902787], [-16.441461, 19.901703], [-16.441174, 19.901705], [-16.441177, 19.901976], [-16.44089, 19.901978], [-16.440895, 19.90252], [-16.441181, 19.902518], [-16.441184, 19.902789], [-16.44147, 19.902787]]]}, "properties": {"layer": "core", "exposure_min": 0.6, "area_ha": 0.54}}, {"type": "Feature", "geometry": {"type": "Polygon", "coordinates": [[[-16.310808, 19.903526], [-16.310806, 19.903255], [-16.311093, 19.903253], [-16.311086, 19.90244], [-16.310513, 19.902444], [-16.310522, 19.903529], [-16.310808, 19.903526]]]}, "properties": {"layer": "core", "exposure_min": 0.6, "area_ha": 0.63}}, {"type": "Feature", "geometry": {"type": "Polygon", "coordinates": [[[-16.501394, 19.906628], [-16.501392, 19.906357], [-16.501678, 19.906354], [-16.501676, 19.906083], [-16.502249, 19.906078], [-16.502246, 19.905807], [-16.502819, 19.905803], [-16.502817, 19.905532], [-16.50339, 19.905527], [-16.503387, 19.905256], [-16.503674, 19.905253], [-16.503671, 19.904982], [-16.503958, 19.90498], [-16.503953, 19.904438], [-16.503379, 19.904443], [-16.503374, 19.903901], [-16.503088, 19.903903], [-16.503083, 19.903361], [-16.502796, 19.903363], [-16.502794, 19.903092], [-16.502507, 19.903095], [-16.502505, 19.902824], [-16.502218, 19.902826], [-16.502216, 19.902555], [-16.501929, 19.902558], [-16.501926, 19.902287], [-16.50164, 19.902289], [-16.501635, 19.901747], [-16.501062, 19.901752], [-16.501057, 19.90121], [-16.500197, 19.901217], [-16.5002, 19.901488], [-16.499913, 19.901491], [-16.499916, 19.901762], [-16.499343, 19.901766], [-16.49934, 19.901495], [-16.499627, 19.901493], [-16.499614, 19.900138], [-16.499327, 19.90014], [-16.499325, 19.899869], [-16.498752, 19.899874], [-16.498754, 19.900145], [-16.497608, 19.900155], [-16.497611, 19.900426], [-16.497897, 19.900423], [-16.4979, 19.900694], [-16.497613, 19.900697], [-16.497616, 19.900968], [-16.497902, 19.900965], [-16.497905, 19.901236], [-16.498478, 19.901232], [-16.498483, 19.901774], [-16.498197, 19.901776], [-16.498199, 19.902047], [-16.497913, 19.902049], [-16.49791, 19.901778], [-16.497337, 19.901783], [-16.497345, 19.902596], [-16.497058, 19.902599], [-16.497063, 19.903141], [-16.49735, 19.903138], [-16.497347, 19.902867], [-16.498207, 19.90286], [-16.498209, 19.903131], [-16.498496, 19.903129], [-16.498498, 19.9034], [-16.498785, 19.903397], [-16.498788, 19.903668], [-16.499074, 19.903666], [-16.499077, 19.903937], [-16.499363, 19.903934], [-16.499373, 19.905019], [-16.49966, 19.905016], [-16.499662, 19.905287], [-16.499949, 19.905285], [-16.499951, 19.905556], [-16.500238, 19.905553], [-16.500243, 19.906095], [-16.500816, 19.90609], [-16.500821, 19.906632], [-16.501394, 19.906628]]]}, "properties": {"layer": "core", "exposure_min": 0.6, "area_ha": 24.48}}, {"type": "Feature", "geometry": {"type": "Polygon", "coordinates": [[[-16.414821, 19.90273], [-16.414818, 19.902459], [-16.415678, 19.902452], [-16.415676, 19.902181], [-16.415962, 19.902179], [-16.415957, 19.901636], [-16.416244, 19.901634], [-16.416234, 19.90055], [-16.415948, 19.900552], [-16.415953, 19.901094], [-16.415666, 19.901097], [-16.415668, 19.901368], [-16.415095, 19.901372], [-16.415098, 19.901643], [-16.414811, 19.901646], [-16.414814, 19.901917], [-16.414527, 19.901919], [-16.414534, 19.902732], [-16.414821, 19.90273]]]}, "properties": {"layer": "core", "exposure_min": 0.6, "area_ha": 1.98}}, {"type": "Feature", "geometry": {"type": "Polygon", "coordinates": [[[-16.399124, 19.909901], [-16.399121, 19.90963], [-16.399694, 19.909625], [-16.399687, 19.908812], [-16.399974, 19.90881], [-16.399971, 19.908539], [-16.400258, 19.908537], [-16.400251, 19.907724], [-16.399964, 19.907726], [-16.399955, 19.906642], [-16.399668, 19.906644], [-16.399663, 19.906102], [-16.39995, 19.9061], [-16.39994, 19.905016], [-16.399654, 19.905018], [-16.399651, 19.904747], [-16.399365, 19.904749], [-16.399367, 19.90502], [-16.398794, 19.905025], [-16.398797, 19.905296], [-16.39851, 19.905298], [-16.398508, 19.905027], [-16.398221, 19.905029], [-16.398216, 19.904487], [-16.39793, 19.904489], [-16.397928, 19.904218], [-16.398214, 19.904216], [-16.398209, 19.903674], [-16.397923, 19.903676], [-16.397918, 19.903134], [-16.397631, 19.903137], [-16.397629, 19.902866], [-16.397916, 19.902863], [-16.397911, 19.902321], [-16.397624, 19.902324], [-16.397622, 19.902053], [-16.397335, 19.902055], [-16.397324, 19.9007], [-16.397037, 19.900702], [-16.397035, 19.900431], [-16.396748, 19.900433], [-16.39675, 19.900704], [-16.396464, 19.900706], [-16.396462, 19.900435], [-16.395889, 19.90044], [-16.395891, 19.900711], [-16.395318, 19.900715], [-16.39532, 19.900986], [-16.395034, 19.900989], [-16.395036, 19.90126], [-16.39475, 19.901262], [-16.394754, 19.901804], [-16.393035, 19.901817], [-16.393033, 19.901546], [-16.392173, 19.901553], [-16.392187, 19.903179], [-16.392474, 19.903177], [-16.392476, 19.903448], [-16.393049, 19.903444], [-16.393052, 19.903715], [-16.392479, 19.903719], [-16.392481, 19.90399], [-16.392768, 19.903988], [-16.392772, 19.90453], [-16.393059, 19.904528], [-16.393061, 19.904799], [-16.393348, 19.904796], [-16.39335, 19.905067], [-16.393637, 19.905065], [-16.393639, 19.905336], [-16.393926, 19.905334], [-16.393928, 19.905605], [-16.394214, 19.905603], [-16.394222, 19.906416], [-16.395654, 19.906405], [-16.395652, 19.906134], [-16.396225, 19.906129], [-16.396232, 19.906942], [-16.395946, 19.906944], [-16.395948, 19.907215], [-16.396234, 19.907213], [-16.396237, 19.907484], [-16.396523, 19.907482], [-16.396526, 19.907753], [-16.397099, 19.907748], [-16.397096, 19.907477], [-16.397383, 19.907475], [-16.397385, 19.907746], [-16.397672, 19.907744], [-16.397674, 19.908015], [-16.397101, 19.90802], [-16.397104, 19.908291], [-16.397677, 19.908286], [-16.397679, 19.908557], [-16.397966, 19.908555], [-16.397963, 19.908284], [-16.39825, 19.908282], [-16.398255, 19.908824], [-16.398541, 19.908821], [-16.398543, 19.909092], [-16.39883, 19.90909], [-16.398837, 19.909903], [-16.399124, 19.909901]], [[-16.399405, 19.909357], [-16.399119, 19.909359], [-16.399117, 19.909088], [-16.399403, 19.909086], [-16.399405, 19.909357]], [[-16.398247, 19.90801], [-16.397961, 19.908013], [-16.397958, 19.907742], [-16.398245, 19.907739], [-16.398247, 19.90801]], [[-16.39767, 19.907473], [-16.397383, 19.907475], [-16.397381, 19.907204], [-16.397667, 19.907202], [-16.39767, 19.907473]], [[-16.393343, 19.904254], [-16.393056, 19.904257], [-16.393054, 19.903986], [-16.393341, 19.903983], [-16.393343, 19.904254]]]}, "properties": {"layer": "core", "exposure_min": 0.6, "area_ha": 42.03}}, {"type": "Feature", "geometry": {"type": "Polygon", "coordinates": [[[-16.419962, 19.900791], [-16.419959, 19.90052], [-16.420246, 19.900518], [-16.420241, 19.899976], [-16.419668, 19.899981], [-16.419665, 19.89971], [-16.419379, 19.899712], [-16.419384, 19.900254], [-16.419097, 19.900256], [-16.419102, 19.900798], [-16.419962, 19.900791]]]}, "properties": {"layer": "core", "exposure_min": 0.6, "area_ha": 0.99}}, {"type": "Feature", "geometry": {"type": "Polygon", "coordinates": [[[-16.281579, 19.903468], [-16.281576, 19.903197], [-16.281863, 19.903195], [-16.281861, 19.902924], [-16.282147, 19.902922], [-16.282145, 19.902651], [-16.281859, 19.902653], [-16.281856, 19.902382], [-16.282143, 19.90238], [-16.282139, 19.901838], [-16.282425, 19.901836], [-16.282423, 19.901565], [-16.282996, 19.901561], [-16.282998, 19.901832], [-16.283285, 19.90183], [-16.283278, 19.901017], [-16.283565, 19.901015], [-16.283563, 19.900744], [-16.284136, 19.900739], [-16.284133, 19.900468], [-16.282987, 19.900477], [-16.282989, 19.900748], [-16.282703, 19.90075], [-16.282707, 19.901292], [-16.282134, 19.901296], [-16.282136, 19.901567], [-16.281277, 19.901573], [-16.281279, 19.901844], [-16.280992, 19.901846], [-16.280995, 19.902117], [-16.280708, 19.902119], [-16.28071, 19.90239], [-16.280997, 19.902388], [-16.281001, 19.90293], [-16.281288, 19.902928], [-16.281292, 19.90347], [-16.281579, 19.903468]]]}, "properties": {"layer": "core", "exposure_min": 0.6, "area_ha": 3.33}}, {"type": "Feature", "geometry": {"type": "Polygon", "coordinates": [[[-16.311366, 19.901625], [-16.311364, 19.901354], [-16.31165, 19.901352], [-16.311646, 19.90081], [-16.311359, 19.900812], [-16.311355, 19.90027], [-16.311641, 19.900268], [-16.311637, 19.899726], [-16.310491, 19.899734], [-16.310493, 19.900005], [-16.310779, 19.900003], [-16.310782, 19.900274], [-16.311068, 19.900272], [-16.31107, 19.900543], [-16.310497, 19.900547], [-16.310499, 19.900818], [-16.311073, 19.900814], [-16.311079, 19.901627], [-16.311366, 19.901625]]]}, "properties": {"layer": "core", "exposure_min": 0.6, "area_ha": 1.44}}, {"type": "Feature", "geometry": {"type": "Polygon", "coordinates": [[[-16.309946, 19.903262], [-16.309944, 19.902991], [-16.310231, 19.902989], [-16.310224, 19.902176], [-16.310511, 19.902173], [-16.310499, 19.900818], [-16.310213, 19.90082], [-16.310211, 19.900549], [-16.309924, 19.900551], [-16.309926, 19.900822], [-16.30964, 19.900825], [-16.309638, 19.900554], [-16.308778, 19.90056], [-16.30878, 19.900831], [-16.308494, 19.900833], [-16.308483, 19.899478], [-16.308196, 19.89948], [-16.308205, 19.900564], [-16.307918, 19.900566], [-16.307934, 19.902463], [-16.307647, 19.902466], [-16.307652, 19.903008], [-16.307938, 19.903005], [-16.307941, 19.903277], [-16.309946, 19.903262]], [[-16.309358, 19.901369], [-16.309071, 19.901371], [-16.309069, 19.9011], [-16.309356, 19.901098], [-16.309358, 19.901369]]]}, "properties": {"layer": "core", "exposure_min": 0.6, "area_ha": 7.83}}, {"type": "Feature", "geometry": {"type": "Polygon", "coordinates": [[[-16.469238, 19.899849], [-16.469233, 19.899307], [-16.469806, 19.899303], [-16.469801, 19.89876], [-16.470088, 19.898758], [-16.47008, 19.897945], [-16.469507, 19.89795], [-16.46951, 19.898221], [-16.469223, 19.898223], [-16.469226, 19.898494], [-16.468939, 19.898497], [-16.468944, 19.899039], [-16.468658, 19.899041], [-16.468663, 19.899583], [-16.468949, 19.899581], [-16.468952, 19.899852], [-16.469238, 19.899849]]]}, "properties": {"layer": "core", "exposure_min": 0.6, "area_ha": 1.71}}, {"type": "Feature", "geometry": {"type": "Polygon", "coordinates": [[[-16.469839, 19.902826], [-16.469836, 19.902555], [-16.470696, 19.902548], [-16.470683, 19.901193], [-16.47097, 19.90119], [-16.470967, 19.900919], [-16.472113, 19.90091], [-16.472118, 19.901452], [-16.471832, 19.901454], [-16.471837, 19.901996], [-16.472123, 19.901994], [-16.472126, 19.902265], [-16.472412, 19.902262], [-16.472415, 19.902533], [-16.472701, 19.902531], [-16.472699, 19.90226], [-16.472985, 19.902258], [-16.47298, 19.901716], [-16.472694, 19.901718], [-16.472691, 19.901447], [-16.472978, 19.901445], [-16.472973, 19.900903], [-16.472686, 19.900905], [-16.472684, 19.900634], [-16.47297, 19.900632], [-16.472953, 19.898734], [-16.472666, 19.898737], [-16.472656, 19.897653], [-16.472083, 19.897657], [-16.472091, 19.898471], [-16.471804, 19.898473], [-16.471802, 19.898202], [-16.471515, 19.898204], [-16.471503, 19.896849], [-16.471216, 19.896852], [-16.471219, 19.897123], [-16.470646, 19.897127], [-16.470648, 19.897398], [-16.470935, 19.897396], [-16.47094, 19.897938], [-16.470653, 19.89794], [-16.470663, 19.899024], [-16.470377, 19.899027], [-16.470379, 19.899298], [-16.469806, 19.899303], [-16.469809, 19.899574], [-16.469522, 19.899576], [-16.469525, 19.899847], [-16.469238, 19.899849], [-16.469241, 19.90012], [-16.468954, 19.900123], [-16.468952, 19.899852], [-16.468665, 19.899854], [-16.468663, 19.899583], [-16.468376, 19.899585], [-16.468379, 19.899856], [-16.468092, 19.899859], [-16.468095, 19.90013], [-16.468668, 19.900125], [-16.468673, 19.900667], [-16.468386, 19.900669], [-16.468399, 19.902024], [-16.468685, 19.902022], [-16.468688, 19.902293], [-16.468974, 19.902291], [-16.468972, 19.90202], [-16.469545, 19.902015], [-16.469552, 19.902828], [-16.469839, 19.902826]], [[-16.470407, 19.902279], [-16.47012, 19.902281], [-16.470118, 19.90201], [-16.470404, 19.902008], [-16.470407, 19.902279]], [[-16.469829, 19.901742], [-16.469542, 19.901744], [-16.46954, 19.901473], [-16.469826, 19.901471], [-16.469829, 19.901742]], [[-16.469256, 19.901746], [-16.468969, 19.901749], [-16.468967, 19.901478], [-16.469253, 19.901475], [-16.469256, 19.901746]], [[-16.472691, 19.901447], [-16.472405, 19.901449], [-16.472402, 19.901178], [-16.472689, 19.901176], [-16.472691, 19.901447]], [[-16.469824, 19.9012], [-16.469537, 19.901202], [-16.46953, 19.900389], [-16.469816, 19.900387], [-16.469809, 19.899574], [-16.470668, 19.899566], [-16.470671, 19.899837], [-16.470384, 19.89984], [-16.470389, 19.900382], [-16.470103, 19.900384], [-16.470108, 19.900926], [-16.469821, 19.900929], [-16.469824, 19.9012]], [[-16.468964, 19.901207], [-16.468678, 19.901209], [-16.468675, 19.900938], [-16.468962, 19.900936], [-16.468964, 19.901207]], [[-16.472385, 19.899281], [-16.472098, 19.899284], [-16.472091, 19.898471], [-16.472377, 19.898468], [-16.472385, 19.899281]]]}, "properties": {"layer": "core", "exposure_min": 0.6, "area_ha": 15.3}}, {"type": "Feature", "geometry": {"type": "Polygon", "coordinates": [[[-16.277849, 19.902953], [-16.277847, 19.902682], [-16.27842, 19.902678], [-16.278416, 19.902136], [-16.278129, 19.902138], [-16.278125, 19.901596], [-16.277838, 19.901598], [-16.277821, 19.89943], [-16.278107, 19.899428], [-16.278105, 19.899157], [-16.277819, 19.899159], [-16.277814, 19.898617], [-16.278387, 19.898612], [-16.278385, 19.898341], [-16.278672, 19.898339], [-16.278674, 19.89861], [-16.27896, 19.898608], [-16.278967, 19.899421], [-16.278394, 19.899426], [-16.278396, 19.899697], [-16.279542, 19.899688], [-16.279538, 19.899146], [-16.279251, 19.899148], [-16.279249, 19.898877], [-16.279536, 19.898875], [-16.279525, 19.89752], [-16.279238, 19.897522], [-16.279236, 19.897251], [-16.278376, 19.897257], [-16.278374, 19.896986], [-16.278088, 19.896988], [-16.27809, 19.897259], [-16.277803, 19.897261], [-16.277812, 19.898346], [-16.277526, 19.898348], [-16.277528, 19.898619], [-16.277241, 19.898621], [-16.277246, 19.899163], [-16.276959, 19.899165], [-16.276961, 19.899436], [-16.276388, 19.89944], [-16.276386, 19.899169], [-16.276099, 19.899171], [-16.276097, 19.8989], [-16.275811, 19.898902], [-16.275809, 19.898631], [-16.275522, 19.898633], [-16.27552, 19.898362], [-16.275233, 19.898364], [-16.275222, 19.897009], [-16.274936, 19.897011], [-16.274932, 19.896469], [-16.272926, 19.896483], [-16.272928, 19.896754], [-16.273215, 19.896752], [-16.273217, 19.897023], [-16.27379, 19.897019], [-16.273792, 19.89729], [-16.274078, 19.897288], [-16.274081, 19.897559], [-16.274367, 19.897557], [-16.274371, 19.898099], [-16.274658, 19.898097], [-16.27466, 19.898368], [-16.274947, 19.898366], [-16.274949, 19.898637], [-16.275235, 19.898635], [-16.27524, 19.899177], [-16.275526, 19.899175], [-16.275528, 19.899446], [-16.275815, 19.899444], [-16.275817, 19.899715], [-16.276104, 19.899713], [-16.276106, 19.899984], [-16.276392, 19.899982], [-16.276395, 19.900253], [-16.276681, 19.900251], [-16.276683, 19.900522], [-16.27697, 19.90052], [-16.276974, 19.901062], [-16.277261, 19.90106], [-16.277272, 19.902415], [-16.277558, 19.902413], [-16.277563, 19.902955], [-16.277849, 19.902953]]]}, "properties": {"layer": "core", "exposure_min": 0.6, "area_ha": 11.97}}, {"type": "Feature", "geometry": {"type": "Polygon", "coordinates": [[[-16.311337, 19.898102], [-16.311335, 19.897831], [-16.311621, 19.897828], [-16.311612, 19.896744], [-16.311899, 19.896742], [-16.311896, 19.896471], [-16.311037, 19.896478], [-16.311035, 19.896206], [-16.310748, 19.896209], [-16.310753, 19.896751], [-16.310466, 19.896753], [-16.310468, 19.897024], [-16.310182, 19.897026], [-16.310186, 19.897568], [-16.310473, 19.897566], [-16.310475, 19.897837], [-16.310761, 19.897835], [-16.310764, 19.898106], [-16.311337, 19.898102]], [[-16.311046, 19.897562], [-16.310759, 19.897564], [-16.310753, 19.896751], [-16.311039, 19.896749], [-16.311046, 19.897562]]]}, "properties": {"layer": "core", "exposure_min": 0.6, "area_ha": 1.98}}, {"type": "Feature", "geometry": {"type": "Polygon", "coordinates": [[[-16.283265, 19.89939], [-16.283263, 19.899119], [-16.283549, 19.899117], [-16.283547, 19.898846], [-16.283834, 19.898844], [-16.283829, 19.898302], [-16.284116, 19.8983], [-16.284112, 19.897758], [-16.284398, 19.897756], [-16.284394, 19.897214], [-16.284107, 19.897216], [-16.284105, 19.896945], [-16.283818, 19.896947], [-16.283816, 19.896676], [-16.28353, 19.896678], [-16.283528, 19.896407], [-16.283814, 19.896405], [-16.28381, 19.895863], [-16.282664, 19.895871], [-16.282668, 19.896413], [-16.282381, 19.896415], [-16.28239, 19.897499], [-16.282104, 19.897501], [-16.282108, 19.898044], [-16.281821, 19.898046], [-16.281828, 19.898859], [-16.281541, 19.898861], [-16.281544, 19.899132], [-16.28183, 19.89913], [-16.281832, 19.899401], [-16.283265, 19.89939]]]}, "properties": {"layer": "core", "exposure_min": 0.6, "area_ha": 7.11}}, {"type": "Feature", "geometry": {"type": "Polygon", "coordinates": [[[-16.272926, 19.896483], [-16.272924, 19.896212], [-16.272637, 19.896214], [-16.272635, 19.895943], [-16.272348, 19.895945], [-16.272346, 19.895674], [-16.27206, 19.895676], [-16.272058, 19.895405], [-16.271771, 19.895407], [-16.271775, 19.895949], [-16.272062, 19.895947], [-16.272064, 19.896218], [-16.272351, 19.896216], [-16.272353, 19.896487], [-16.272926, 19.896483]]]}, "properties": {"layer": "core", "exposure_min": 0.6, "area_ha": 0.63}}, {"type": "Feature", "geometry": {"type": "Polygon", "coordinates": [[[-16.491812, 19.893157], [-16.491809, 19.892886], [-16.491523, 19.892888], [-16.491518, 19.892346], [-16.491231, 19.892348], [-16.491234, 19.892619], [-16.490661, 19.892624], [-16.490666, 19.893166], [-16.491812, 19.893157]]]}, "properties": {"layer": "core", "exposure_min": 0.6, "area_ha": 0.72}}, {"type": "Feature", "geometry": {"type": "Polygon", "coordinates": [[[-16.279803, 19.896434], [-16.2798, 19.896163], [-16.280087, 19.896161], [-16.280085, 19.89589], [-16.280371, 19.895888], [-16.280367, 19.895346], [-16.28008, 19.895348], [-16.280074, 19.894535], [-16.279501, 19.894539], [-16.279496, 19.893997], [-16.27921, 19.893999], [-16.279208, 19.893728], [-16.278635, 19.893732], [-16.278641, 19.894545], [-16.279214, 19.894541], [-16.279219, 19.895083], [-16.278073, 19.895091], [-16.278075, 19.895362], [-16.277788, 19.895364], [-16.277793, 19.895906], [-16.277506, 19.895908], [-16.277502, 19.895366], [-16.276929, 19.89537], [-16.276931, 19.895641], [-16.276644, 19.895643], [-16.276646, 19.895914], [-16.276073, 19.895919], [-16.276076, 19.89619], [-16.276362, 19.896187], [-16.276364, 19.896459], [-16.277224, 19.896452], [-16.277222, 19.896181], [-16.278081, 19.896175], [-16.278079, 19.895904], [-16.278366, 19.895902], [-16.278368, 19.896173], [-16.279227, 19.896167], [-16.27923, 19.896438], [-16.279803, 19.896434]], [[-16.278939, 19.895898], [-16.278652, 19.8959], [-16.278648, 19.895358], [-16.278934, 19.895356], [-16.278939, 19.895898]]]}, "properties": {"layer": "core", "exposure_min": 0.6, "area_ha": 5.4}}, {"type": "Feature", "geometry": {"type": "Polygon", "coordinates": [[[-16.262888, 19.89547], [-16.262886, 19.895199], [-16.263459, 19.895195], [-16.263453, 19.894382], [-16.263166, 19.894384], [-16.263164, 19.894113], [-16.262878, 19.894115], [-16.262876, 19.893844], [-16.262589, 19.893846], [-16.262591, 19.894117], [-16.262305, 19.894119], [-16.262313, 19.895203], [-16.2626, 19.895201], [-16.262602, 19.895473], [-16.262888, 19.89547]]]}, "properties": {"layer": "core", "exposure_min": 0.6, "area_ha": 1.53}}, {"type": "Feature", "geometry": {"type": "Polygon", "coordinates": [[[-16.277495, 19.894553], [-16.277493, 19.894282], [-16.27692, 19.894286], [-16.276918, 19.894015], [-16.276631, 19.894017], [-16.276629, 19.893746], [-16.275769, 19.893752], [-16.275772, 19.894023], [-16.276345, 19.894019], [-16.276347, 19.89429], [-16.276633, 19.894288], [-16.276636, 19.894559], [-16.277495, 19.894553]]]}, "properties": {"layer": "core", "exposure_min": 0.6, "area_ha": 0.72}}, {"type": "Feature", "geometry": {"type": "Polygon", "coordinates": [[[-16.492961, 19.893418], [-16.492955, 19.892876], [-16.492382, 19.892881], [-16.492372, 19.891797], [-16.491799, 19.891802], [-16.491802, 19.892073], [-16.491515, 19.892075], [-16.491518, 19.892346], [-16.492091, 19.892341], [-16.492093, 19.892612], [-16.491807, 19.892615], [-16.491809, 19.892886], [-16.492096, 19.892883], [-16.492101, 19.893425], [-16.492961, 19.893418]]]}, "properties": {"layer": "core", "exposure_min": 0.6, "area_ha": 1.26}}, {"type": "Feature", "geometry": {"type": "Polygon", "coordinates": [[[-16.485217, 19.89267], [-16.485215, 19.892399], [-16.486934, 19.892384], [-16.486929, 19.891842], [-16.486642, 19.891845], [-16.486645, 19.892116], [-16.486358, 19.892118], [-16.486356, 19.891847], [-16.48521, 19.891857], [-16.485212, 19.892128], [-16.484926, 19.89213], [-16.484923, 19.891859], [-16.48435, 19.891864], [-16.484353, 19.892135], [-16.484639, 19.892132], [-16.484642, 19.892404], [-16.484928, 19.892401], [-16.484931, 19.892672], [-16.485217, 19.89267]]]}, "properties": {"layer": "core", "exposure_min": 0.6, "area_ha": 1.44}}, {"type": "Feature", "geometry": {"type": "Polygon", "coordinates": [[[-16.484071, 19.892679], [-16.484069, 19.892408], [-16.484355, 19.892406], [-16.484353, 19.892135], [-16.484066, 19.892137], [-16.484064, 19.891866], [-16.48435, 19.891864], [-16.484348, 19.891593], [-16.483488, 19.8916], [-16.483491, 19.891871], [-16.483777, 19.891869], [-16.483785, 19.892682], [-16.484071, 19.892679]]]}, "properties": {"layer": "core", "exposure_min": 0.6, "area_ha": 0.63}}, {"type": "Feature", "geometry": {"type": "Polygon", "coordinates": [[[-16.270334, 19.894875], [-16.270332, 19.894604], [-16.270618, 19.894602], [-16.270616, 19.894331], [-16.270903, 19.894329], [-16.270901, 19.894058], [-16.271474, 19.894054], [-16.271478, 19.894596], [-16.272051, 19.894592], [-16.272047, 19.89405], [-16.27176, 19.894052], [-16.271758, 19.893781], [-16.271471, 19.893783], [-16.271469, 19.893512], [-16.270896, 19.893516], [-16.270894, 19.893245], [-16.270321, 19.893249], [-16.270323, 19.89352], [-16.26975, 19.893524], [-16.269748, 19.893253], [-16.268888, 19.893259], [-16.268886, 19.892988], [-16.268027, 19.892994], [-16.268029, 19.893265], [-16.267742, 19.893268], [-16.267744, 19.893539], [-16.268031, 19.893537], [-16.268033, 19.893808], [-16.267747, 19.89381], [-16.267749, 19.894081], [-16.268322, 19.894077], [-16.268317, 19.893534], [-16.269177, 19.893528], [-16.269179, 19.893799], [-16.269466, 19.893797], [-16.269468, 19.894068], [-16.269754, 19.894066], [-16.269761, 19.894879], [-16.270334, 19.894875]]]}, "properties": {"layer": "core", "exposure_min": 0.6, "area_ha": 3.96}}, {"type": "Feature", "geometry": {"type": "Polygon", "coordinates": [[[-16.494956, 19.892317], [-16.494953, 19.892046], [-16.49524, 19.892044], [-16.495235, 19.891502], [-16.494948, 19.891504], [-16.494946, 19.891233], [-16.49294, 19.89125], [-16.492948, 19.892063], [-16.493521, 19.892058], [-16.493523, 19.892329], [-16.494956, 19.892317]], [[-16.494953, 19.892046], [-16.494667, 19.892049], [-16.494664, 19.891778], [-16.494951, 19.891775], [-16.494953, 19.892046]]]}, "properties": {"layer": "core", "exposure_min": 0.6, "area_ha": 2.43}}, {"type": "Feature", "geometry": {"type": "Polygon", "coordinates": [[[-16.490088, 19.892629], [-16.490085, 19.892358], [-16.490372, 19.892356], [-16.490369, 19.892085], [-16.490083, 19.892087], [-16.49008, 19.891816], [-16.490367, 19.891814], [-16.490364, 19.891543], [-16.490651, 19.89154], [-16.490648, 19.891269], [-16.491221, 19.891264], [-16.491219, 19.890993], [-16.490932, 19.890996], [-16.49093, 19.890725], [-16.49007, 19.890732], [-16.490073, 19.891003], [-16.489786, 19.891005], [-16.489796, 19.892089], [-16.48951, 19.892092], [-16.489505, 19.89155], [-16.489218, 19.891552], [-16.489221, 19.891823], [-16.488934, 19.891826], [-16.488939, 19.892368], [-16.489799, 19.89236], [-16.489801, 19.892631], [-16.490088, 19.892629]]]}, "properties": {"layer": "core", "exposure_min": 0.6, "area_ha": 2.07}}, {"type": "Feature", "geometry": {"type": "Polygon", "coordinates": [[[-16.487497, 19.891296], [-16.487489, 19.890482], [-16.486916, 19.890487], [-16.486919, 19.890758], [-16.486632, 19.890761], [-16.48663, 19.89049], [-16.486343, 19.890492], [-16.486348, 19.891034], [-16.487208, 19.891027], [-16.48721, 19.891298], [-16.487497, 19.891296]]]}, "properties": {"layer": "core", "exposure_min": 0.6, "area_ha": 0.72}}, {"type": "Feature", "geometry": {"type": "Polygon", "coordinates": [[[-16.505101, 19.904699], [-16.505099, 19.904428], [-16.505958, 19.904421], [-16.505956, 19.90415], [-16.506815, 19.904143], [-16.506813, 19.903872], [-16.507386, 19.903867], [-16.507383, 19.903596], [-16.507956, 19.903591], [-16.507954, 19.90332], [-16.508527, 19.903315], [-16.508524, 19.903044], [-16.508811, 19.903041], [-16.508808, 19.90277], [-16.509094, 19.902768], [-16.509092, 19.902497], [-16.509665, 19.902492], [-16.509668, 19.902763], [-16.511387, 19.902749], [-16.511384, 19.902478], [-16.511671, 19.902475], [-16.511668, 19.902204], [-16.511955, 19.902202], [-16.511952, 19.901931], [-16.512811, 19.901923], [-16.512809, 19.901652], [-16.513095, 19.90165], [-16.513088, 19.900837], [-16.512801, 19.900839], [-16.512799, 19.900568], [-16.513085, 19.900566], [-16.513083, 19.900295], [-16.513369, 19.900292], [-16.513372, 19.900563], [-16.513658, 19.900561], [-16.513648, 19.899477], [-16.513361, 19.899479], [-16.513359, 19.899208], [-16.513645, 19.899206], [-16.513643, 19.898935], [-16.513929, 19.898933], [-16.513927, 19.898662], [-16.514213, 19.898659], [-16.514218, 19.899201], [-16.513932, 19.899204], [-16.513934, 19.899475], [-16.514794, 19.899467], [-16.514791, 19.899196], [-16.514505, 19.899199], [-16.514494, 19.898115], [-16.514781, 19.898112], [-16.514778, 19.897841], [-16.515065, 19.897839], [-16.515067, 19.89811], [-16.515354, 19.898107], [-16.515351, 19.897836], [-16.515638, 19.897834], [-16.515635, 19.897563], [-16.515922, 19.89756], [-16.515924, 19.897831], [-16.516211, 19.897829], [-16.516208, 19.897558], [-16.516495, 19.897556], [-16.516497, 19.897827], [-16.516784, 19.897824], [-16.516787, 19.898095], [-16.516214, 19.8981], [-16.516216, 19.898371], [-16.516789, 19.898366], [-16.516792, 19.898637], [-16.517078, 19.898635], [-16.517068, 19.897551], [-16.517354, 19.897548], [-16.517357, 19.897819], [-16.51793, 19.897814], [-16.517917, 19.896459], [-16.517631, 19.896462], [-16.517633, 19.896733], [-16.517347, 19.896735], [-16.517341, 19.896193], [-16.517055, 19.896196], [-16.517052, 19.895925], [-16.516479, 19.895929], [-16.516482, 19.896201], [-16.515909, 19.896205], [-16.515906, 19.895934], [-16.515333, 19.895939], [-16.515336, 19.89621], [-16.515049, 19.896213], [-16.515047, 19.895942], [-16.51476, 19.895944], [-16.514763, 19.896215], [-16.51419, 19.89622], [-16.514185, 19.895678], [-16.514471, 19.895676], [-16.514458, 19.894321], [-16.513885, 19.894325], [-16.513878, 19.893512], [-16.513591, 19.893515], [-16.513583, 19.892702], [-16.513297, 19.892704], [-16.513294, 19.892433], [-16.512435, 19.892441], [-16.512437, 19.892712], [-16.512151, 19.892714], [-16.512148, 19.892443], [-16.511862, 19.892445], [-16.511859, 19.892174], [-16.511573, 19.892177], [-16.511578, 19.892719], [-16.511864, 19.892716], [-16.51187, 19.893258], [-16.510437, 19.893271], [-16.510435, 19.893], [-16.510148, 19.893002], [-16.510145, 19.892731], [-16.509859, 19.892733], [-16.509856, 19.892462], [-16.510143, 19.89246], [-16.510138, 19.891918], [-16.510424, 19.891916], [-16.510406, 19.890018], [-16.51012, 19.890021], [-16.510122, 19.890292], [-16.509836, 19.890294], [-16.509841, 19.890836], [-16.509554, 19.890839], [-16.50956, 19.891381], [-16.509273, 19.891383], [-16.509278, 19.891925], [-16.508992, 19.891928], [-16.509002, 19.893012], [-16.508716, 19.893014], [-16.508721, 19.893556], [-16.508434, 19.893559], [-16.508439, 19.894101], [-16.508153, 19.894103], [-16.508158, 19.894645], [-16.507871, 19.894647], [-16.507874, 19.894919], [-16.507587, 19.894921], [-16.50759, 19.895192], [-16.507304, 19.895194], [-16.507306, 19.895465], [-16.50702, 19.895468], [-16.507022, 19.895739], [-16.506163, 19.895746], [-16.506165, 19.896017], [-16.505879, 19.89602], [-16.505881, 19.896291], [-16.505595, 19.896293], [-16.505597, 19.896564], [-16.505311, 19.896566], [-16.505324, 19.897921], [-16.50561, 19.897919], [-16.505623, 19.899274], [-16.505336, 19.899276], [-16.505342, 19.899819], [-16.505628, 19.899816], [-16.505641, 19.901171], [-16.505927, 19.901169], [-16.505933, 19.901711], [-16.505073, 19.901718], [-16.505076, 19.901989], [-16.503929, 19.901999], [-16.503932, 19.90227], [-16.503646, 19.902272], [-16.503651, 19.902814], [-16.503937, 19.902812], [-16.50394, 19.903083], [-16.504226, 19.90308], [-16.504231, 19.903622], [-16.504518, 19.90362], [-16.504526, 19.904433], [-16.504812, 19.904431], [-16.504815, 19.904702], [-16.505101, 19.904699]], [[-16.506229, 19.902792], [-16.505656, 19.902797], [-16.505649, 19.901984], [-16.505935, 19.901982], [-16.505933, 19.901711], [-16.506792, 19.901703], [-16.50679, 19.901432], [-16.507076, 19.90143], [-16.507081, 19.901972], [-16.506795, 19.901974], [-16.506797, 19.902245], [-16.506511, 19.902248], [-16.506513, 19.902519], [-16.506227, 19.902521], [-16.506229, 19.902792]], [[-16.504794, 19.902533], [-16.504221, 19.902538], [-16.504219, 19.902267], [-16.504792, 19.902262], [-16.504794, 19.902533]], [[-16.510803, 19.901669], [-16.510517, 19.901672], [-16.510514, 19.901401], [-16.510801, 19.901398], [-16.510803, 19.901669]], [[-16.511082, 19.900854], [-16.510223, 19.900861], [-16.51022, 19.90059], [-16.510506, 19.900588], [-16.510504, 19.900317], [-16.51079, 19.900314], [-16.510788, 19.900043], [-16.511361, 19.900039], [-16.511358, 19.899767], [-16.511645, 19.899765], [-16.51165, 19.900307], [-16.511363, 19.90031], [-16.511366, 19.900581], [-16.51108, 19.900583], [-16.511082, 19.900854]], [[-16.513083, 19.900295], [-16.512796, 19.900297], [-16.512793, 19.900026], [-16.51308, 19.900024], [-16.513083, 19.900295]], [[-16.507639, 19.900341], [-16.507352, 19.900344], [-16.50735, 19.900073], [-16.507636, 19.90007], [-16.507639, 19.900341]], [[-16.507066, 19.900346], [-16.506493, 19.900351], [-16.50649, 19.90008], [-16.506204, 19.900082], [-16.506199, 19.89954], [-16.507058, 19.899533], [-16.507053, 19.898991], [-16.507626, 19.898986], [-16.507623, 19.898715], [-16.50791, 19.898713], [-16.507907, 19.898442], [-16.508194, 19.898439], [-16.508191, 19.898168], [-16.508478, 19.898166], [-16.508475, 19.897895], [-16.508762, 19.897892], [-16.508759, 19.897621], [-16.509046, 19.897619], [-16.509041, 19.897077], [-16.509327, 19.897074], [-16.509324, 19.896803], [-16.509611, 19.896801], [-16.509608, 19.89653], [-16.509895, 19.896528], [-16.5099, 19.89707], [-16.509614, 19.897072], [-16.509621, 19.897885], [-16.509335, 19.897887], [-16.509337, 19.898158], [-16.509624, 19.898156], [-16.509626, 19.898427], [-16.510772, 19.898417], [-16.510775, 19.898688], [-16.510488, 19.898691], [-16.510491, 19.898962], [-16.509632, 19.898969], [-16.509634, 19.89924], [-16.508202, 19.899252], [-16.508204, 19.899523], [-16.507918, 19.899526], [-16.507915, 19.899255], [-16.507629, 19.899257], [-16.507631, 19.899528], [-16.507345, 19.899531], [-16.507347, 19.899802], [-16.507061, 19.899804], [-16.507066, 19.900346]], [[-16.51222, 19.900031], [-16.511934, 19.900034], [-16.511931, 19.899763], [-16.512218, 19.89976], [-16.51222, 19.900031]], [[-16.507923, 19.900068], [-16.507636, 19.90007], [-16.507634, 19.899799], [-16.50792, 19.899797], [-16.507923, 19.900068]], [[-16.513359, 19.899208], [-16.513072, 19.899211], [-16.513067, 19.898669], [-16.513354, 19.898666], [-16.513359, 19.899208]], [[-16.512497, 19.898945], [-16.511924, 19.89895], [-16.511921, 19.898679], [-16.512494, 19.898674], [-16.512497, 19.898945]], [[-16.510181, 19.896525], [-16.509895, 19.896528], [-16.50989, 19.895986], [-16.510176, 19.895983], [-16.510174, 19.895712], [-16.51046, 19.89571], [-16.510465, 19.896252], [-16.510179, 19.896254], [-16.510181, 19.896525]], [[-16.512752, 19.89569], [-16.512466, 19.895693], [-16.512461, 19.895151], [-16.512747, 19.895148], [-16.512745, 19.894877], [-16.513031, 19.894875], [-16.513036, 19.895417], [-16.51275, 19.895419], [-16.512752, 19.89569]], [[-16.512458, 19.89488], [-16.512172, 19.894882], [-16.512169, 19.894611], [-16.512455, 19.894609], [-16.512458, 19.89488]], [[-16.511596, 19.894616], [-16.511309, 19.894618], [-16.511307, 19.894347], [-16.511593, 19.894345], [-16.511596, 19.894616]]]}, "properties": {"layer": "core", "exposure_min": 0.6, "area_ha": 94.32}}, {"type": "Feature", "geometry": {"type": "Polygon", "coordinates": [[[-16.380632, 19.892428], [-16.38063, 19.892157], [-16.380916, 19.892154], [-16.380914, 19.891883], [-16.3812, 19.891881], [-16.381196, 19.891339], [-16.380909, 19.891341], [-16.380907, 19.89107], [-16.380334, 19.891075], [-16.380331, 19.890804], [-16.380045, 19.890806], [-16.380047, 19.891077], [-16.379761, 19.891079], [-16.379758, 19.890808], [-16.379472, 19.89081], [-16.379479, 19.891623], [-16.379765, 19.891621], [-16.379768, 19.891892], [-16.380054, 19.89189], [-16.380057, 19.892161], [-16.380343, 19.892159], [-16.380345, 19.89243], [-16.380632, 19.892428]]]}, "properties": {"layer": "core", "exposure_min": 0.6, "area_ha": 1.98}}, {"type": "Feature", "geometry": {"type": "Polygon", "coordinates": [[[-16.274925, 19.895656], [-16.274921, 19.895114], [-16.275207, 19.895112], [-16.275201, 19.894298], [-16.274914, 19.894301], [-16.274912, 19.894029], [-16.275199, 19.894027], [-16.275196, 19.893756], [-16.27491, 19.893758], [-16.274906, 19.893216], [-16.275192, 19.893214], [-16.27519, 19.892943], [-16.275476, 19.892941], [-16.275472, 19.892399], [-16.275759, 19.892397], [-16.275756, 19.892126], [-16.27547, 19.892128], [-16.275468, 19.891857], [-16.2769, 19.891847], [-16.276903, 19.892118], [-16.276329, 19.892122], [-16.276332, 19.892393], [-16.276618, 19.892391], [-16.276623, 19.892933], [-16.277769, 19.892925], [-16.277766, 19.892654], [-16.278053, 19.892652], [-16.278046, 19.891839], [-16.27776, 19.891841], [-16.277758, 19.89157], [-16.277471, 19.891572], [-16.277469, 19.891301], [-16.277183, 19.891303], [-16.27718, 19.891032], [-16.276607, 19.891036], [-16.276605, 19.890765], [-16.276892, 19.890763], [-16.276889, 19.890492], [-16.27603, 19.890498], [-16.276032, 19.890769], [-16.275746, 19.890771], [-16.275748, 19.891042], [-16.275461, 19.891044], [-16.275463, 19.891315], [-16.27489, 19.891319], [-16.274897, 19.892132], [-16.27461, 19.892134], [-16.274612, 19.892405], [-16.274899, 19.892403], [-16.274903, 19.892945], [-16.274044, 19.892951], [-16.274048, 19.893494], [-16.274335, 19.893492], [-16.274339, 19.894034], [-16.274625, 19.894032], [-16.274636, 19.895387], [-16.27435, 19.895389], [-16.274352, 19.89566], [-16.274925, 19.895656]], [[-16.275752, 19.891584], [-16.275466, 19.891586], [-16.275463, 19.891315], [-16.27575, 19.891313], [-16.275752, 19.891584]]]}, "properties": {"layer": "core", "exposure_min": 0.6, "area_ha": 7.29}}, {"type": "Feature", "geometry": {"type": "Polygon", "coordinates": [[[-16.272029, 19.891882], [-16.272027, 19.891611], [-16.2726, 19.891607], [-16.272592, 19.890522], [-16.272878, 19.89052], [-16.272874, 19.889978], [-16.272301, 19.889982], [-16.272299, 19.889711], [-16.270866, 19.889722], [-16.270864, 19.889451], [-16.270577, 19.889453], [-16.270579, 19.889724], [-16.270293, 19.889726], [-16.270297, 19.890268], [-16.271157, 19.890262], [-16.271159, 19.890533], [-16.271446, 19.890531], [-16.271448, 19.890802], [-16.271161, 19.890804], [-16.271165, 19.891346], [-16.271452, 19.891344], [-16.271456, 19.891886], [-16.272029, 19.891882]]]}, "properties": {"layer": "core", "exposure_min": 0.6, "area_ha": 3.87}}, {"type": "Feature", "geometry": {"type": "Polygon", "coordinates": [[[-16.444309, 19.899782], [-16.444306, 19.899511], [-16.444593, 19.899509], [-16.44459, 19.899238], [-16.444877, 19.899236], [-16.444872, 19.898694], [-16.445158, 19.898691], [-16.445156, 19.89842], [-16.445442, 19.898418], [-16.44544, 19.898147], [-16.445726, 19.898145], [-16.445724, 19.897874], [-16.44601, 19.897871], [-16.446006, 19.897329], [-16.446579, 19.897325], [-16.446576, 19.897054], [-16.446863, 19.897051], [-16.446858, 19.896509], [-16.446571, 19.896512], [-16.446564, 19.895698], [-16.44685, 19.895696], [-16.446848, 19.895425], [-16.446561, 19.895427], [-16.446559, 19.895156], [-16.446845, 19.895154], [-16.446843, 19.894883], [-16.447129, 19.894881], [-16.447125, 19.894339], [-16.447411, 19.894336], [-16.447406, 19.893794], [-16.44712, 19.893797], [-16.447117, 19.893526], [-16.44769, 19.893521], [-16.447693, 19.893792], [-16.447979, 19.89379], [-16.447977, 19.893519], [-16.448263, 19.893516], [-16.448261, 19.893245], [-16.447974, 19.893248], [-16.447972, 19.892977], [-16.448258, 19.892974], [-16.448256, 19.892703], [-16.448542, 19.892701], [-16.44855, 19.893514], [-16.448836, 19.893512], [-16.448829, 19.892699], [-16.449115, 19.892696], [-16.449108, 19.891883], [-16.449394, 19.891881], [-16.449392, 19.89161], [-16.449105, 19.891612], [-16.449103, 19.891341], [-16.449389, 19.891339], [-16.449385, 19.890797], [-16.449671, 19.890795], [-16.449681, 19.891879], [-16.449967, 19.891876], [-16.44997, 19.892147], [-16.450543, 19.892143], [-16.45054, 19.891872], [-16.450254, 19.891874], [-16.450249, 19.891332], [-16.450535, 19.89133], [-16.450533, 19.891059], [-16.450247, 19.891061], [-16.450244, 19.89079], [-16.449958, 19.890792], [-16.449955, 19.890521], [-16.449669, 19.890524], [-16.449661, 19.88971], [-16.449948, 19.889708], [-16.44995, 19.889979], [-16.450237, 19.889977], [-16.450234, 19.889706], [-16.450521, 19.889703], [-16.450518, 19.889432], [-16.450805, 19.88943], [-16.450802, 19.889159], [-16.451089, 19.889157], [-16.451086, 19.888886], [-16.4508, 19.888888], [-16.450795, 19.888346], [-16.450222, 19.888351], [-16.450219, 19.88808], [-16.449933, 19.888082], [-16.449935, 19.888353], [-16.449362, 19.888358], [-16.449365, 19.888629], [-16.449651, 19.888626], [-16.449654, 19.888897], [-16.448794, 19.888904], [-16.448804, 19.889988], [-16.448518, 19.889991], [-16.44852, 19.890262], [-16.447947, 19.890266], [-16.44795, 19.890538], [-16.447663, 19.89054], [-16.447661, 19.890269], [-16.447374, 19.890271], [-16.447377, 19.890542], [-16.446517, 19.890549], [-16.44652, 19.89082], [-16.446233, 19.890823], [-16.446231, 19.890551], [-16.445944, 19.890554], [-16.445946, 19.890825], [-16.44566, 19.890827], [-16.445672, 19.892182], [-16.445386, 19.892185], [-16.445383, 19.891914], [-16.445097, 19.891916], [-16.445085, 19.890561], [-16.444512, 19.890565], [-16.444509, 19.890294], [-16.444796, 19.890292], [-16.444793, 19.890021], [-16.444507, 19.890023], [-16.444504, 19.889752], [-16.444218, 19.889755], [-16.444215, 19.889484], [-16.443929, 19.889486], [-16.443926, 19.889215], [-16.44364, 19.889217], [-16.44363, 19.888133], [-16.443343, 19.888136], [-16.443346, 19.888407], [-16.442486, 19.888414], [-16.442484, 19.888143], [-16.442197, 19.888145], [-16.442195, 19.887874], [-16.441335, 19.887881], [-16.441338, 19.888152], [-16.441051, 19.888154], [-16.441049, 19.887883], [-16.440762, 19.887885], [-16.440765, 19.888156], [-16.440478, 19.888159], [-16.440481, 19.88843], [-16.440194, 19.888432], [-16.440207, 19.889787], [-16.44078, 19.889783], [-16.440777, 19.889512], [-16.441064, 19.889509], [-16.441066, 19.88978], [-16.441353, 19.889778], [-16.441355, 19.890049], [-16.441069, 19.890051], [-16.441071, 19.890322], [-16.440785, 19.890325], [-16.440792, 19.891138], [-16.441078, 19.891135], [-16.441086, 19.891948], [-16.441372, 19.891946], [-16.44138, 19.892759], [-16.441666, 19.892757], [-16.441676, 19.893841], [-16.441962, 19.893839], [-16.441965, 19.89411], [-16.441678, 19.894112], [-16.441698, 19.89628], [-16.441985, 19.896278], [-16.441987, 19.896549], [-16.442273, 19.896546], [-16.442278, 19.897088], [-16.442851, 19.897084], [-16.442854, 19.897355], [-16.44314, 19.897353], [-16.443143, 19.897624], [-16.443429, 19.897621], [-16.443432, 19.897892], [-16.444005, 19.897888], [-16.444012, 19.898701], [-16.444299, 19.898698], [-16.444304, 19.89924], [-16.443731, 19.899245], [-16.443736, 19.899787], [-16.444309, 19.899782]], [[-16.443417, 19.896266], [-16.442844, 19.896271], [-16.442842, 19.896], [-16.442555, 19.896002], [-16.442553, 19.895731], [-16.442266, 19.895733], [-16.442251, 19.894107], [-16.442824, 19.894103], [-16.442837, 19.895458], [-16.443123, 19.895455], [-16.443126, 19.895726], [-16.443412, 19.895724], [-16.443417, 19.896266]], [[-16.442271, 19.896275], [-16.441985, 19.896278], [-16.441982, 19.896007], [-16.442269, 19.896004], [-16.442271, 19.896275]], [[-16.442523, 19.892479], [-16.442237, 19.892481], [-16.442234, 19.89221], [-16.441948, 19.892212], [-16.441931, 19.890315], [-16.442504, 19.890311], [-16.442506, 19.890582], [-16.442219, 19.890584], [-16.442227, 19.891397], [-16.442513, 19.891395], [-16.442516, 19.891666], [-16.442802, 19.891663], [-16.442807, 19.892205], [-16.442521, 19.892208], [-16.442523, 19.892479]]]}, "properties": {"layer": "core", "exposure_min": 0.6, "area_ha": 63.9}}, {"type": "Feature", "geometry": {"type": "Polygon", "coordinates": [[[-16.381179, 19.889442], [-16.381174, 19.8889], [-16.380888, 19.888902], [-16.380883, 19.88836], [-16.380597, 19.888362], [-16.380601, 19.888904], [-16.380315, 19.888907], [-16.380317, 19.889178], [-16.380604, 19.889175], [-16.380606, 19.889446], [-16.381179, 19.889442]]]}, "properties": {"layer": "core", "exposure_min": 0.6, "area_ha": 0.63}}, {"type": "Feature", "geometry": {"type": "Polygon", "coordinates": [[[-16.386358, 19.891841], [-16.386353, 19.891299], [-16.386639, 19.891297], [-16.386637, 19.891026], [-16.38635, 19.891028], [-16.386348, 19.890757], [-16.386635, 19.890755], [-16.386632, 19.890484], [-16.386919, 19.890481], [-16.386914, 19.889939], [-16.387201, 19.889937], [-16.387194, 19.889124], [-16.386907, 19.889126], [-16.386905, 19.888855], [-16.386618, 19.888858], [-16.386613, 19.888315], [-16.385181, 19.888327], [-16.385183, 19.888598], [-16.384897, 19.8886], [-16.384901, 19.889142], [-16.384615, 19.889144], [-16.38462, 19.889686], [-16.384906, 19.889684], [-16.384909, 19.889955], [-16.385195, 19.889953], [-16.385197, 19.890224], [-16.385484, 19.890222], [-16.385493, 19.891306], [-16.38578, 19.891303], [-16.385785, 19.891845], [-16.386358, 19.891841]], [[-16.385482, 19.889951], [-16.385195, 19.889953], [-16.385193, 19.889682], [-16.385479, 19.88968], [-16.385482, 19.889951]], [[-16.38662, 19.889129], [-16.385761, 19.889135], [-16.385756, 19.888593], [-16.386043, 19.888591], [-16.386045, 19.888862], [-16.386618, 19.888858], [-16.38662, 19.889129]]]}, "properties": {"layer": "core", "exposure_min": 0.6, "area_ha": 5.85}}, {"type": "Feature", "geometry": {"type": "Polygon", "coordinates": [[[-16.379756, 19.890537], [-16.379749, 19.889724], [-16.379462, 19.889726], [-16.379455, 19.888913], [-16.379169, 19.888915], [-16.379167, 19.888644], [-16.378594, 19.888649], [-16.378591, 19.888378], [-16.378305, 19.88838], [-16.378302, 19.888109], [-16.377443, 19.888116], [-16.377445, 19.888387], [-16.377732, 19.888384], [-16.377734, 19.888655], [-16.378021, 19.888653], [-16.378023, 19.888924], [-16.378309, 19.888922], [-16.378314, 19.889464], [-16.378601, 19.889462], [-16.378603, 19.889733], [-16.378889, 19.889731], [-16.378892, 19.890002], [-16.379465, 19.889997], [-16.37947, 19.890539], [-16.379756, 19.890537]], [[-16.379174, 19.889457], [-16.378887, 19.88946], [-16.378885, 19.889189], [-16.379171, 19.889186], [-16.379174, 19.889457]]]}, "properties": {"layer": "core", "exposure_min": 0.6, "area_ha": 2.25}}, {"type": "Feature", "geometry": {"type": "Polygon", "coordinates": [[[-16.313629, 19.898085], [-16.313625, 19.897543], [-16.313338, 19.897545], [-16.313334, 19.897003], [-16.31362, 19.897001], [-16.313618, 19.89673], [-16.313904, 19.896727], [-16.313895, 19.895643], [-16.313609, 19.895645], [-16.313604, 19.895103], [-16.313891, 19.895101], [-16.313893, 19.895372], [-16.31418, 19.89537], [-16.314182, 19.895641], [-16.314468, 19.895639], [-16.314473, 19.896181], [-16.314759, 19.896179], [-16.314753, 19.895366], [-16.315039, 19.895364], [-16.31503, 19.89428], [-16.315317, 19.894278], [-16.31531, 19.893464], [-16.315024, 19.893467], [-16.315017, 19.892653], [-16.314444, 19.892658], [-16.314442, 19.892387], [-16.315015, 19.892382], [-16.315012, 19.892111], [-16.315299, 19.892109], [-16.315292, 19.891296], [-16.315579, 19.891294], [-16.315577, 19.891023], [-16.31529, 19.891025], [-16.315283, 19.890212], [-16.31557, 19.89021], [-16.315568, 19.889939], [-16.315281, 19.889941], [-16.315272, 19.888857], [-16.314986, 19.888859], [-16.314983, 19.888588], [-16.314697, 19.88859], [-16.314701, 19.889132], [-16.314415, 19.889134], [-16.314419, 19.889676], [-16.314133, 19.889678], [-16.31413, 19.889407], [-16.313557, 19.889412], [-16.313562, 19.889954], [-16.313848, 19.889952], [-16.313851, 19.890223], [-16.313564, 19.890225], [-16.313566, 19.890496], [-16.31328, 19.890498], [-16.313284, 19.89104], [-16.312998, 19.891042], [-16.313, 19.891313], [-16.312427, 19.891317], [-16.31242, 19.890504], [-16.312134, 19.890506], [-16.312138, 19.891048], [-16.311852, 19.891051], [-16.311856, 19.891593], [-16.31157, 19.891595], [-16.311576, 19.892408], [-16.31129, 19.89241], [-16.311294, 19.892952], [-16.311008, 19.892954], [-16.311012, 19.893496], [-16.310726, 19.893498], [-16.31073, 19.89404], [-16.310444, 19.894042], [-16.310453, 19.895127], [-16.310166, 19.895129], [-16.310173, 19.895942], [-16.309886, 19.895944], [-16.309888, 19.896215], [-16.309602, 19.896217], [-16.309606, 19.896759], [-16.30932, 19.896761], [-16.309324, 19.897303], [-16.309611, 19.897301], [-16.309613, 19.897572], [-16.3099, 19.89757], [-16.309893, 19.896757], [-16.310179, 19.896755], [-16.310175, 19.896213], [-16.310462, 19.896211], [-16.310455, 19.895398], [-16.310741, 19.895396], [-16.310737, 19.894853], [-16.31131, 19.894849], [-16.311312, 19.89512], [-16.311026, 19.895122], [-16.311028, 19.895393], [-16.311314, 19.895391], [-16.311319, 19.895933], [-16.311032, 19.895935], [-16.311035, 19.896206], [-16.312181, 19.896198], [-16.312187, 19.897011], [-16.312474, 19.897009], [-16.312481, 19.897822], [-16.31334, 19.897816], [-16.313342, 19.898087], [-16.313629, 19.898085]], [[-16.312756, 19.896465], [-16.312469, 19.896467], [-16.312467, 19.896196], [-16.312754, 19.896194], [-16.312756, 19.896465]], [[-16.312467, 19.896196], [-16.312181, 19.896198], [-16.312178, 19.895927], [-16.312465, 19.895925], [-16.312467, 19.896196]], [[-16.311308, 19.894578], [-16.311021, 19.89458], [-16.311014, 19.893767], [-16.311301, 19.893765], [-16.311299, 19.893494], [-16.311585, 19.893492], [-16.31159, 19.894034], [-16.311303, 19.894036], [-16.311308, 19.894578]], [[-16.311872, 19.89349], [-16.311585, 19.893492], [-16.311579, 19.892679], [-16.311865, 19.892677], [-16.311861, 19.892135], [-16.312147, 19.892133], [-16.312143, 19.89159], [-16.313575, 19.89158], [-16.313578, 19.891851], [-16.314151, 19.891847], [-16.314148, 19.891576], [-16.314721, 19.891571], [-16.314726, 19.892114], [-16.314439, 19.892116], [-16.314442, 19.892387], [-16.313582, 19.892393], [-16.31358, 19.892122], [-16.313293, 19.892124], [-16.313296, 19.892395], [-16.313009, 19.892397], [-16.313011, 19.892668], [-16.312725, 19.89267], [-16.312727, 19.892941], [-16.31244, 19.892944], [-16.312443, 19.893215], [-16.31187, 19.893219], [-16.311872, 19.89349]], [[-16.31416, 19.892931], [-16.313873, 19.892933], [-16.313871, 19.892662], [-16.314157, 19.89266], [-16.31416, 19.892931]], [[-16.314712, 19.890487], [-16.314426, 19.890489], [-16.314424, 19.890218], [-16.31471, 19.890216], [-16.314712, 19.890487]]]}, "properties": {"layer": "core", "exposure_min": 0.6, "area_ha": 26.55}}, {"type": "Feature", "geometry": {"type": "Polygon", "coordinates": [[[-16.452237, 19.889418], [-16.452235, 19.889147], [-16.452521, 19.889145], [-16.452519, 19.888874], [-16.452805, 19.888872], [-16.452803, 19.888601], [-16.453089, 19.888598], [-16.453087, 19.888327], [-16.453373, 19.888325], [-16.453371, 19.888054], [-16.453657, 19.888052], [-16.453652, 19.88751], [-16.453366, 19.887512], [-16.453363, 19.887241], [-16.45279, 19.887246], [-16.452788, 19.886975], [-16.452501, 19.886977], [-16.452504, 19.887248], [-16.452217, 19.88725], [-16.452222, 19.887792], [-16.452509, 19.88779], [-16.452511, 19.888061], [-16.452225, 19.888063], [-16.452227, 19.888334], [-16.452514, 19.888332], [-16.452516, 19.888603], [-16.45223, 19.888605], [-16.452232, 19.888876], [-16.451659, 19.888881], [-16.451662, 19.889152], [-16.451948, 19.88915], [-16.451951, 19.889421], [-16.452237, 19.889418]]]}, "properties": {"layer": "core", "exposure_min": 0.6, "area_ha": 2.34}}, {"type": "Feature", "geometry": {"type": "Polygon", "coordinates": [[[-16.274291, 19.888071], [-16.274289, 19.8878], [-16.274576, 19.887798], [-16.274573, 19.887527], [-16.275146, 19.887523], [-16.275144, 19.887252], [-16.272566, 19.88727], [-16.272568, 19.887541], [-16.272854, 19.887539], [-16.272856, 19.88781], [-16.273716, 19.887804], [-16.273718, 19.888075], [-16.274291, 19.888071]]]}, "properties": {"layer": "core", "exposure_min": 0.6, "area_ha": 1.53}}, {"type": "Feature", "geometry": {"type": "Polygon", "coordinates": [[[-16.400695, 19.893084], [-16.400683, 19.891729], [-16.401256, 19.891724], [-16.401254, 19.891453], [-16.401827, 19.891449], [-16.401824, 19.891178], [-16.402111, 19.891176], [-16.402109, 19.890905], [-16.401822, 19.890907], [-16.40182, 19.890636], [-16.402106, 19.890633], [-16.402104, 19.890362], [-16.40239, 19.89036], [-16.402386, 19.889818], [-16.402672, 19.889816], [-16.40267, 19.889545], [-16.402956, 19.889543], [-16.402954, 19.889272], [-16.40324, 19.889269], [-16.403236, 19.888727], [-16.403522, 19.888725], [-16.40352, 19.888454], [-16.403806, 19.888452], [-16.403801, 19.88791], [-16.403515, 19.887912], [-16.403512, 19.887641], [-16.403799, 19.887639], [-16.403792, 19.886826], [-16.403219, 19.88683], [-16.403214, 19.886288], [-16.403501, 19.886286], [-16.403498, 19.886015], [-16.402925, 19.886019], [-16.402928, 19.88629], [-16.402641, 19.886293], [-16.402639, 19.886022], [-16.402352, 19.886024], [-16.402355, 19.886295], [-16.402068, 19.886297], [-16.402066, 19.886026], [-16.401779, 19.886028], [-16.401782, 19.886299], [-16.401209, 19.886304], [-16.401206, 19.886033], [-16.400347, 19.88604], [-16.400349, 19.886311], [-16.399203, 19.88632], [-16.39921, 19.887133], [-16.398637, 19.887137], [-16.398649, 19.888492], [-16.398363, 19.888495], [-16.398365, 19.888766], [-16.398651, 19.888763], [-16.398654, 19.889034], [-16.399227, 19.88903], [-16.399234, 19.889843], [-16.39952, 19.889841], [-16.399523, 19.890112], [-16.399809, 19.890109], [-16.399812, 19.890381], [-16.400098, 19.890378], [-16.400103, 19.89092], [-16.39953, 19.890925], [-16.399532, 19.891196], [-16.399819, 19.891194], [-16.399821, 19.891465], [-16.399535, 19.891467], [-16.399537, 19.891738], [-16.399251, 19.89174], [-16.399258, 19.892553], [-16.398971, 19.892555], [-16.398974, 19.892826], [-16.399547, 19.892822], [-16.399549, 19.893093], [-16.399836, 19.893091], [-16.399833, 19.89282], [-16.40012, 19.892817], [-16.400122, 19.893088], [-16.400695, 19.893084]], [[-16.400113, 19.892004], [-16.399826, 19.892007], [-16.399824, 19.891736], [-16.40011, 19.891733], [-16.400113, 19.892004]]]}, "properties": {"layer": "core", "exposure_min": 0.6, "area_ha": 26.1}}, {"type": "Feature", "geometry": {"type": "Polygon", "coordinates": [[[-16.439041, 19.887628], [-16.439031, 19.886544], [-16.438745, 19.886547], [-16.43874, 19.886005], [-16.438453, 19.886007], [-16.438451, 19.885736], [-16.438737, 19.885734], [-16.438735, 19.885463], [-16.438448, 19.885465], [-16.438446, 19.885194], [-16.438159, 19.885196], [-16.438157, 19.884925], [-16.437298, 19.884932], [-16.4373, 19.885203], [-16.437587, 19.885201], [-16.437589, 19.885472], [-16.437302, 19.885474], [-16.437305, 19.885745], [-16.437591, 19.885743], [-16.437594, 19.886014], [-16.43788, 19.886011], [-16.437888, 19.886825], [-16.438174, 19.886822], [-16.438177, 19.887093], [-16.43789, 19.887096], [-16.437895, 19.887638], [-16.438468, 19.887633], [-16.438466, 19.887362], [-16.438752, 19.88736], [-16.438755, 19.887631], [-16.439041, 19.887628]]]}, "properties": {"layer": "core", "exposure_min": 0.6, "area_ha": 3.06}}, {"type": "Feature", "geometry": {"type": "Polygon", "coordinates": [[[-16.283792, 19.893695], [-16.28379, 19.893424], [-16.284363, 19.893419], [-16.284361, 19.893148], [-16.284647, 19.893146], [-16.284643, 19.892604], [-16.285216, 19.8926], [-16.285212, 19.892058], [-16.284925, 19.89206], [-16.284927, 19.892331], [-16.284354, 19.892335], [-16.284352, 19.892064], [-16.284639, 19.892062], [-16.284637, 19.891791], [-16.28521, 19.891787], [-16.285207, 19.891516], [-16.285494, 19.891514], [-16.285496, 19.891785], [-16.285783, 19.891783], [-16.285778, 19.891241], [-16.285492, 19.891243], [-16.28549, 19.890972], [-16.284916, 19.890976], [-16.284914, 19.890705], [-16.285487, 19.890701], [-16.285481, 19.889888], [-16.285767, 19.889886], [-16.285765, 19.889615], [-16.286052, 19.889613], [-16.286047, 19.88907], [-16.28662, 19.889066], [-16.286622, 19.889337], [-16.286909, 19.889335], [-16.286907, 19.889064], [-16.287193, 19.889062], [-16.287189, 19.88852], [-16.287475, 19.888518], [-16.287467, 19.887434], [-16.28718, 19.887436], [-16.287182, 19.887707], [-16.286896, 19.887709], [-16.286891, 19.887167], [-16.287178, 19.887165], [-16.287176, 19.886894], [-16.287749, 19.88689], [-16.287744, 19.886348], [-16.288317, 19.886344], [-16.288313, 19.885801], [-16.288027, 19.885804], [-16.288024, 19.885532], [-16.287738, 19.885535], [-16.28774, 19.885806], [-16.287454, 19.885808], [-16.287456, 19.886079], [-16.286883, 19.886083], [-16.286885, 19.886354], [-16.286312, 19.886358], [-16.286314, 19.886629], [-16.285455, 19.886635], [-16.285457, 19.886906], [-16.28517, 19.886908], [-16.285172, 19.887179], [-16.284313, 19.887186], [-16.284315, 19.887457], [-16.283742, 19.887461], [-16.283744, 19.887732], [-16.284031, 19.88773], [-16.284044, 19.889356], [-16.283757, 19.889358], [-16.283759, 19.889629], [-16.283473, 19.889631], [-16.283475, 19.889902], [-16.282616, 19.889908], [-16.282618, 19.890179], [-16.282904, 19.890177], [-16.282906, 19.890448], [-16.28176, 19.890457], [-16.281758, 19.890186], [-16.280612, 19.890194], [-16.280619, 19.891007], [-16.280905, 19.891005], [-16.28091, 19.891547], [-16.282056, 19.891539], [-16.28206, 19.892081], [-16.282347, 19.892079], [-16.282349, 19.89235], [-16.282635, 19.892348], [-16.28264, 19.89289], [-16.282067, 19.892894], [-16.282069, 19.893165], [-16.282355, 19.893163], [-16.282357, 19.893434], [-16.282644, 19.893432], [-16.282646, 19.893703], [-16.283792, 19.893695]]]}, "properties": {"layer": "core", "exposure_min": 0.6, "area_ha": 25.65}}, {"type": "Feature", "geometry": {"type": "Polygon", "coordinates": [[[-16.267686, 19.886221], [-16.26768, 19.885407], [-16.267393, 19.885409], [-16.267391, 19.885138], [-16.267678, 19.885136], [-16.267673, 19.884594], [-16.2671, 19.884598], [-16.267102, 19.884869], [-16.266816, 19.884871], [-16.266818, 19.885143], [-16.267105, 19.88514], [-16.267107, 19.885412], [-16.26682, 19.885414], [-16.266824, 19.885956], [-16.267398, 19.885952], [-16.2674, 19.886223], [-16.267686, 19.886221]]]}, "properties": {"layer": "core", "exposure_min": 0.6, "area_ha": 1.17}}, {"type": "Feature", "geometry": {"type": "Polygon", "coordinates": [[[-16.262014, 19.893579], [-16.26201, 19.893037], [-16.262583, 19.893033], [-16.262578, 19.892491], [-16.262865, 19.892489], [-16.262863, 19.892218], [-16.263436, 19.892214], [-16.263438, 19.892485], [-16.263724, 19.892483], [-16.263727, 19.892754], [-16.264013, 19.892752], [-16.264011, 19.892481], [-16.264297, 19.892479], [-16.264295, 19.892208], [-16.264582, 19.892206], [-16.264578, 19.891664], [-16.264864, 19.891662], [-16.264862, 19.891391], [-16.266295, 19.89138], [-16.266292, 19.891109], [-16.266865, 19.891105], [-16.266863, 19.890834], [-16.268296, 19.890824], [-16.268294, 19.890553], [-16.268007, 19.890555], [-16.268005, 19.890284], [-16.267432, 19.890288], [-16.267434, 19.890559], [-16.266002, 19.890569], [-16.266004, 19.89084], [-16.264858, 19.890849], [-16.264855, 19.890578], [-16.264569, 19.89058], [-16.264567, 19.890309], [-16.263421, 19.890317], [-16.263419, 19.890046], [-16.262845, 19.89005], [-16.262843, 19.889779], [-16.261984, 19.889785], [-16.261977, 19.888972], [-16.261691, 19.888974], [-16.261689, 19.888703], [-16.261402, 19.888705], [-16.2614, 19.888434], [-16.260827, 19.888438], [-16.260825, 19.888167], [-16.260538, 19.888169], [-16.26053, 19.887085], [-16.259957, 19.887089], [-16.259959, 19.88736], [-16.259672, 19.887362], [-16.259674, 19.887633], [-16.259388, 19.887635], [-16.259392, 19.888177], [-16.258533, 19.888183], [-16.25853, 19.887912], [-16.258244, 19.887914], [-16.258235, 19.88683], [-16.258522, 19.886828], [-16.258518, 19.886286], [-16.258804, 19.886284], [-16.258802, 19.886013], [-16.259089, 19.886011], [-16.259084, 19.885468], [-16.259371, 19.885466], [-16.259375, 19.886008], [-16.259662, 19.886006], [-16.259659, 19.885735], [-16.259946, 19.885733], [-16.25994, 19.88492], [-16.259653, 19.884922], [-16.259651, 19.884651], [-16.259937, 19.884649], [-16.259935, 19.884378], [-16.259362, 19.884382], [-16.25936, 19.884111], [-16.259074, 19.884113], [-16.259076, 19.884384], [-16.258789, 19.884386], [-16.258791, 19.884657], [-16.258218, 19.884661], [-16.258212, 19.883848], [-16.257925, 19.88385], [-16.257927, 19.884121], [-16.257641, 19.884123], [-16.257643, 19.884394], [-16.25793, 19.884392], [-16.257934, 19.884934], [-16.257647, 19.884936], [-16.25765, 19.885208], [-16.257363, 19.88521], [-16.257367, 19.885752], [-16.255648, 19.885764], [-16.25565, 19.886035], [-16.254791, 19.886041], [-16.254793, 19.886312], [-16.257085, 19.886296], [-16.257087, 19.886567], [-16.257374, 19.886565], [-16.257378, 19.887107], [-16.257665, 19.887105], [-16.257667, 19.887376], [-16.257953, 19.887374], [-16.25796, 19.888187], [-16.258246, 19.888185], [-16.258248, 19.888456], [-16.258821, 19.888452], [-16.258823, 19.888723], [-16.259396, 19.888719], [-16.259394, 19.888448], [-16.259967, 19.888444], [-16.25997, 19.888715], [-16.260256, 19.888713], [-16.260258, 19.888984], [-16.260545, 19.888982], [-16.260549, 19.889524], [-16.260836, 19.889522], [-16.26084, 19.890064], [-16.261126, 19.890062], [-16.261128, 19.890333], [-16.261415, 19.890331], [-16.261417, 19.890602], [-16.262563, 19.890594], [-16.26257, 19.891407], [-16.262283, 19.891409], [-16.262285, 19.89168], [-16.261999, 19.891682], [-16.261997, 19.891411], [-16.26171, 19.891413], [-16.261708, 19.891142], [-16.261421, 19.891144], [-16.261428, 19.891957], [-16.262001, 19.891953], [-16.262003, 19.892224], [-16.261717, 19.892226], [-16.261727, 19.893581], [-16.262014, 19.893579]], [[-16.264295, 19.892208], [-16.264009, 19.89221], [-16.264007, 19.891939], [-16.264293, 19.891937], [-16.264295, 19.892208]], [[-16.264004, 19.891668], [-16.263431, 19.891672], [-16.263425, 19.890859], [-16.264285, 19.890853], [-16.264289, 19.891395], [-16.264002, 19.891397], [-16.264004, 19.891668]]]}, "properties": {"layer": "core", "exposure_min": 0.6, "area_ha": 21.96}}, {"type": "Feature", "geometry": {"type": "Polygon", "coordinates": [[[-16.275991, 19.885619], [-16.275982, 19.884535], [-16.275696, 19.884537], [-16.275685, 19.883182], [-16.275398, 19.883184], [-16.2754, 19.883455], [-16.274254, 19.883463], [-16.274252, 19.883192], [-16.273679, 19.883196], [-16.27369, 19.884551], [-16.273977, 19.884549], [-16.273979, 19.88482], [-16.274552, 19.884816], [-16.274554, 19.885087], [-16.275127, 19.885083], [-16.275129, 19.885354], [-16.275416, 19.885352], [-16.275418, 19.885623], [-16.275991, 19.885619]], [[-16.275411, 19.88481], [-16.275125, 19.884812], [-16.275123, 19.884541], [-16.275409, 19.884539], [-16.275411, 19.88481]], [[-16.274836, 19.884543], [-16.274263, 19.884547], [-16.274261, 19.884276], [-16.274547, 19.884274], [-16.274545, 19.884003], [-16.274832, 19.884001], [-16.274836, 19.884543]], [[-16.275405, 19.883997], [-16.274832, 19.884001], [-16.27483, 19.88373], [-16.275403, 19.883726], [-16.275405, 19.883997]]]}, "properties": {"layer": "core", "exposure_min": 0.6, "area_ha": 3.78}}, {"type": "Feature", "geometry": {"type": "Polygon", "coordinates": [[[-16.311783, 19.882649], [-16.311778, 19.882106], [-16.311492, 19.882109], [-16.311489, 19.881838], [-16.311203, 19.88184], [-16.311201, 19.881569], [-16.310628, 19.881573], [-16.31063, 19.881844], [-16.310916, 19.881842], [-16.310919, 19.882113], [-16.311205, 19.882111], [-16.311207, 19.882382], [-16.311494, 19.88238], [-16.311496, 19.882651], [-16.311783, 19.882649]]]}, "properties": {"layer": "core", "exposure_min": 0.6, "area_ha": 0.63}}, {"type": "Feature", "geometry": {"type": "Polygon", "coordinates": [[[-16.282878, 19.886925], [-16.282874, 19.886383], [-16.28316, 19.886381], [-16.283162, 19.886652], [-16.283449, 19.88665], [-16.283447, 19.886379], [-16.283733, 19.886377], [-16.283731, 19.886106], [-16.284304, 19.886101], [-16.284302, 19.88583], [-16.284588, 19.885828], [-16.284586, 19.885557], [-16.284873, 19.885555], [-16.284871, 19.885284], [-16.28573, 19.885278], [-16.285726, 19.884736], [-16.286299, 19.884732], [-16.286301, 19.885003], [-16.28716, 19.884997], [-16.287156, 19.884455], [-16.288589, 19.884444], [-16.288586, 19.884173], [-16.289446, 19.884167], [-16.289444, 19.883896], [-16.289157, 19.883898], [-16.289151, 19.883085], [-16.289437, 19.883083], [-16.289442, 19.883625], [-16.289728, 19.883623], [-16.289724, 19.883081], [-16.29001, 19.883079], [-16.290006, 19.882537], [-16.290292, 19.882534], [-16.29029, 19.882263], [-16.290004, 19.882266], [-16.290001, 19.881995], [-16.289715, 19.881997], [-16.289713, 19.881726], [-16.28914, 19.88173], [-16.289142, 19.882001], [-16.288855, 19.882003], [-16.28886, 19.882545], [-16.288573, 19.882547], [-16.288576, 19.882818], [-16.288289, 19.88282], [-16.288287, 19.882549], [-16.287427, 19.882555], [-16.287429, 19.882826], [-16.287143, 19.882828], [-16.287145, 19.883099], [-16.286859, 19.883101], [-16.286854, 19.882559], [-16.286281, 19.882564], [-16.286283, 19.882835], [-16.28571, 19.882839], [-16.285717, 19.883652], [-16.285144, 19.883656], [-16.285146, 19.883927], [-16.284573, 19.883931], [-16.284571, 19.88366], [-16.281992, 19.883679], [-16.281997, 19.884221], [-16.282283, 19.884219], [-16.282288, 19.884761], [-16.282001, 19.884763], [-16.281999, 19.884492], [-16.281712, 19.884494], [-16.281715, 19.884765], [-16.281142, 19.884769], [-16.281144, 19.88504], [-16.280857, 19.885042], [-16.280855, 19.884771], [-16.279422, 19.884781], [-16.279425, 19.885052], [-16.279138, 19.885054], [-16.279136, 19.884783], [-16.278849, 19.884785], [-16.278854, 19.885328], [-16.27914, 19.885325], [-16.279142, 19.885597], [-16.279716, 19.885592], [-16.279713, 19.885321], [-16.28, 19.885319], [-16.280002, 19.88559], [-16.280289, 19.885588], [-16.280286, 19.885317], [-16.280573, 19.885315], [-16.280575, 19.885586], [-16.281148, 19.885582], [-16.281152, 19.886124], [-16.281439, 19.886122], [-16.281437, 19.885851], [-16.282296, 19.885845], [-16.282299, 19.886116], [-16.282585, 19.886114], [-16.282592, 19.886927], [-16.282878, 19.886925]], [[-16.283725, 19.885292], [-16.283151, 19.885297], [-16.283149, 19.885026], [-16.283722, 19.885021], [-16.283725, 19.885292]], [[-16.288005, 19.883093], [-16.287432, 19.883097], [-16.287429, 19.882826], [-16.288002, 19.882822], [-16.288005, 19.883093]]]}, "properties": {"layer": "core", "exposure_min": 0.6, "area_ha": 21.6}}, {"type": "Feature", "geometry": {"type": "Polygon", "coordinates": [[[-16.26911, 19.885126], [-16.269106, 19.884584], [-16.269392, 19.884582], [-16.269388, 19.88404], [-16.269675, 19.884038], [-16.26967, 19.883496], [-16.269957, 19.883494], [-16.269952, 19.882952], [-16.270239, 19.88295], [-16.270237, 19.882679], [-16.270523, 19.882677], [-16.270521, 19.882406], [-16.270235, 19.882408], [-16.27023, 19.881866], [-16.269657, 19.88187], [-16.269659, 19.882141], [-16.269373, 19.882143], [-16.269377, 19.882685], [-16.269091, 19.882687], [-16.269095, 19.883229], [-16.268809, 19.883231], [-16.268811, 19.883502], [-16.268238, 19.883506], [-16.26824, 19.883777], [-16.267667, 19.883781], [-16.267665, 19.88351], [-16.267378, 19.883512], [-16.267382, 19.884054], [-16.267669, 19.884052], [-16.267671, 19.884323], [-16.267958, 19.884321], [-16.26796, 19.884592], [-16.268819, 19.884586], [-16.268824, 19.885128], [-16.26911, 19.885126]], [[-16.269099, 19.883771], [-16.268813, 19.883773], [-16.268811, 19.883502], [-16.269097, 19.8835], [-16.269099, 19.883771]]]}, "properties": {"layer": "core", "exposure_min": 0.6, "area_ha": 4.14}}, {"type": "Feature", "geometry": {"type": "Polygon", "coordinates": [[[-16.263087, 19.884356], [-16.263083, 19.883814], [-16.263369, 19.883812], [-16.263367, 19.883541], [-16.26308, 19.883543], [-16.263076, 19.883001], [-16.263649, 19.882997], [-16.263647, 19.882726], [-16.263934, 19.882724], [-16.263929, 19.882181], [-16.263643, 19.882184], [-16.263641, 19.881912], [-16.263354, 19.881915], [-16.263358, 19.882457], [-16.262499, 19.882463], [-16.262501, 19.882734], [-16.262214, 19.882736], [-16.262217, 19.883007], [-16.262503, 19.883005], [-16.262505, 19.883276], [-16.262219, 19.883278], [-16.262221, 19.883549], [-16.262507, 19.883547], [-16.262514, 19.88436], [-16.263087, 19.884356]]]}, "properties": {"layer": "core", "exposure_min": 0.6, "area_ha": 2.25}}, {"type": "Feature", "geometry": {"type": "Polygon", "coordinates": [[[-16.497752, 19.884976], [-16.497747, 19.884434], [-16.49832, 19.884429], [-16.498317, 19.884158], [-16.49889, 19.884153], [-16.498893, 19.884424], [-16.499179, 19.884422], [-16.499177, 19.884151], [-16.499463, 19.884148], [-16.499466, 19.884419], [-16.499752, 19.884417], [-16.49975, 19.884146], [-16.500036, 19.884143], [-16.500039, 19.884414], [-16.500612, 19.88441], [-16.500604, 19.883597], [-16.501464, 19.883589], [-16.501461, 19.883318], [-16.501748, 19.883316], [-16.501745, 19.883045], [-16.502604, 19.883038], [-16.502602, 19.882767], [-16.502315, 19.882769], [-16.502313, 19.882498], [-16.50174, 19.882503], [-16.501732, 19.88169], [-16.502592, 19.881683], [-16.502594, 19.881954], [-16.502881, 19.881951], [-16.502886, 19.882493], [-16.503172, 19.882491], [-16.503175, 19.882762], [-16.503461, 19.882759], [-16.503454, 19.881946], [-16.50374, 19.881944], [-16.503738, 19.881673], [-16.503165, 19.881678], [-16.503162, 19.881407], [-16.502876, 19.881409], [-16.502868, 19.880596], [-16.502295, 19.880601], [-16.50229, 19.880059], [-16.502003, 19.880061], [-16.501996, 19.879248], [-16.502282, 19.879246], [-16.502277, 19.878704], [-16.502564, 19.878702], [-16.502561, 19.87843], [-16.501988, 19.878435], [-16.501985, 19.878164], [-16.501413, 19.878169], [-16.50141, 19.877898], [-16.501123, 19.877901], [-16.501129, 19.878443], [-16.500269, 19.87845], [-16.500267, 19.878179], [-16.500553, 19.878176], [-16.500551, 19.877905], [-16.499978, 19.87791], [-16.499975, 19.877639], [-16.499116, 19.877646], [-16.499118, 19.877917], [-16.497972, 19.877927], [-16.49797, 19.877656], [-16.497683, 19.877658], [-16.497693, 19.878743], [-16.49798, 19.87874], [-16.497982, 19.879011], [-16.497696, 19.879014], [-16.497701, 19.879556], [-16.497988, 19.879553], [-16.497993, 19.880095], [-16.498279, 19.880093], [-16.498284, 19.880635], [-16.498857, 19.88063], [-16.49886, 19.880901], [-16.498287, 19.880906], [-16.498289, 19.881177], [-16.498003, 19.881179], [-16.497998, 19.880637], [-16.497711, 19.88064], [-16.497709, 19.880369], [-16.497422, 19.880371], [-16.497425, 19.880642], [-16.497138, 19.880644], [-16.497141, 19.880915], [-16.497427, 19.880913], [-16.49743, 19.881184], [-16.497143, 19.881186], [-16.497146, 19.881457], [-16.496859, 19.88146], [-16.496872, 19.882815], [-16.497159, 19.882813], [-16.497161, 19.883084], [-16.497448, 19.883081], [-16.49745, 19.883352], [-16.497737, 19.88335], [-16.497739, 19.883621], [-16.497453, 19.883623], [-16.497455, 19.883894], [-16.497169, 19.883897], [-16.497171, 19.884168], [-16.496885, 19.88417], [-16.496887, 19.884441], [-16.496315, 19.884446], [-16.49632, 19.884988], [-16.496606, 19.884985], [-16.496604, 19.884714], [-16.497177, 19.88471], [-16.497179, 19.884981], [-16.497752, 19.884976]], [[-16.498599, 19.883613], [-16.498312, 19.883616], [-16.49831, 19.883345], [-16.498596, 19.883342], [-16.498599, 19.883613]], [[-16.500602, 19.883326], [-16.500029, 19.88333], [-16.500026, 19.883059], [-16.500599, 19.883055], [-16.500602, 19.883326]], [[-16.501172, 19.88305], [-16.500886, 19.883052], [-16.500883, 19.882781], [-16.501169, 19.882779], [-16.501172, 19.88305]], [[-16.500596, 19.882784], [-16.50031, 19.882786], [-16.500307, 19.882515], [-16.500594, 19.882513], [-16.500596, 19.882784]], [[-16.500852, 19.879529], [-16.500566, 19.879531], [-16.500563, 19.87926], [-16.50085, 19.879258], [-16.500852, 19.879529]], [[-16.498561, 19.879548], [-16.498274, 19.879551], [-16.498269, 19.879009], [-16.498555, 19.879006], [-16.498561, 19.879548]], [[-16.501993, 19.878977], [-16.501707, 19.87898], [-16.501704, 19.878709], [-16.501991, 19.878706], [-16.501993, 19.878977]], [[-16.500847, 19.878987], [-16.500561, 19.878989], [-16.500558, 19.878718], [-16.500845, 19.878716], [-16.500847, 19.878987]], [[-16.501704, 19.878709], [-16.501418, 19.878711], [-16.501415, 19.87844], [-16.501702, 19.878438], [-16.501704, 19.878709]], [[-16.499983, 19.878452], [-16.499696, 19.878455], [-16.499694, 19.878184], [-16.49998, 19.878181], [-16.499983, 19.878452]]]}, "properties": {"layer": "core", "exposure_min": 0.6, "area_ha": 34.02}}, {"type": "Feature", "geometry": {"type": "Polygon", "coordinates": [[[-16.270502, 19.879966], [-16.270497, 19.879424], [-16.270211, 19.879426], [-16.270209, 19.879155], [-16.269922, 19.879157], [-16.26992, 19.878886], [-16.269634, 19.878888], [-16.269631, 19.878617], [-16.269345, 19.878619], [-16.269343, 19.878348], [-16.269056, 19.87835], [-16.269058, 19.878621], [-16.268772, 19.878623], [-16.268776, 19.879165], [-16.269349, 19.879161], [-16.269351, 19.879432], [-16.269638, 19.87943], [-16.26964, 19.879701], [-16.270213, 19.879697], [-16.270215, 19.879968], [-16.270502, 19.879966]]]}, "properties": {"layer": "core", "exposure_min": 0.6, "area_ha": 1.35}}, {"type": "Feature", "geometry": {"type": "Polygon", "coordinates": [[[-16.490565, 19.882326], [-16.490562, 19.882055], [-16.490848, 19.882052], [-16.490843, 19.88151], [-16.490557, 19.881513], [-16.490559, 19.881784], [-16.489986, 19.881789], [-16.489981, 19.881247], [-16.490268, 19.881244], [-16.490265, 19.880973], [-16.489979, 19.880976], [-16.489969, 19.879891], [-16.489682, 19.879894], [-16.489677, 19.879352], [-16.489964, 19.879349], [-16.489959, 19.878807], [-16.490245, 19.878805], [-16.490237, 19.877992], [-16.490524, 19.87799], [-16.490521, 19.877719], [-16.490808, 19.877716], [-16.4908, 19.876903], [-16.490514, 19.876906], [-16.490511, 19.876635], [-16.489938, 19.876639], [-16.489941, 19.87691], [-16.489654, 19.876913], [-16.489659, 19.877455], [-16.489373, 19.877457], [-16.489378, 19.877999], [-16.489092, 19.878002], [-16.489099, 19.878815], [-16.489386, 19.878812], [-16.489388, 19.879083], [-16.489102, 19.879086], [-16.489114, 19.880441], [-16.488828, 19.880443], [-16.48883, 19.880714], [-16.488544, 19.880716], [-16.488549, 19.881259], [-16.488263, 19.881261], [-16.488268, 19.881803], [-16.488841, 19.881798], [-16.488843, 19.882069], [-16.48913, 19.882067], [-16.489124, 19.881525], [-16.489411, 19.881522], [-16.489408, 19.881251], [-16.489695, 19.881249], [-16.489703, 19.882062], [-16.490275, 19.882057], [-16.490278, 19.882328], [-16.490565, 19.882326]]]}, "properties": {"layer": "core", "exposure_min": 0.6, "area_ha": 6.93}}, {"type": "Feature", "geometry": {"type": "Polygon", "coordinates": [[[-16.263923, 19.881368], [-16.263921, 19.881097], [-16.264207, 19.881095], [-16.264205, 19.880824], [-16.265065, 19.880818], [-16.265067, 19.881089], [-16.265353, 19.881087], [-16.265349, 19.880545], [-16.265922, 19.880541], [-16.265915, 19.879728], [-16.266488, 19.879724], [-16.266486, 19.879453], [-16.2662, 19.879455], [-16.266198, 19.879184], [-16.266484, 19.879182], [-16.26648, 19.87864], [-16.266766, 19.878638], [-16.266762, 19.878096], [-16.267049, 19.878094], [-16.267046, 19.877822], [-16.266473, 19.877827], [-16.266476, 19.878098], [-16.266189, 19.8781], [-16.266187, 19.877829], [-16.2659, 19.877831], [-16.265905, 19.878373], [-16.265045, 19.878379], [-16.265052, 19.879192], [-16.264765, 19.879194], [-16.264767, 19.879465], [-16.263335, 19.879475], [-16.263341, 19.880288], [-16.263055, 19.88029], [-16.263063, 19.881374], [-16.263923, 19.881368]]]}, "properties": {"layer": "core", "exposure_min": 0.6, "area_ha": 7.38}}, {"type": "Feature", "geometry": {"type": "Polygon", "coordinates": [[[-16.256739, 19.878709], [-16.256737, 19.878438], [-16.257023, 19.878436], [-16.257021, 19.878165], [-16.257307, 19.878163], [-16.257303, 19.87762], [-16.257017, 19.877622], [-16.257019, 19.877894], [-16.256732, 19.877896], [-16.256734, 19.878167], [-16.256448, 19.878169], [-16.256452, 19.878711], [-16.256739, 19.878709]]]}, "properties": {"layer": "core", "exposure_min": 0.6, "area_ha": 0.54}}, {"type": "Feature", "geometry": {"type": "Polygon", "coordinates": [[[-16.371619, 19.877319], [-16.371615, 19.876777], [-16.372188, 19.876772], [-16.372185, 19.876501], [-16.371326, 19.876508], [-16.371331, 19.87705], [-16.371044, 19.877052], [-16.371046, 19.877323], [-16.371619, 19.877319]]]}, "properties": {"layer": "core", "exposure_min": 0.6, "area_ha": 0.54}}, {"type": "Feature", "geometry": {"type": "Polygon", "coordinates": [[[-16.268472, 19.876999], [-16.268468, 19.876457], [-16.268755, 19.876455], [-16.268752, 19.876184], [-16.268466, 19.876186], [-16.268464, 19.875915], [-16.268177, 19.875917], [-16.268179, 19.876188], [-16.267606, 19.876192], [-16.267609, 19.876463], [-16.268182, 19.876459], [-16.268186, 19.877001], [-16.268472, 19.876999]]]}, "properties": {"layer": "core", "exposure_min": 0.6, "area_ha": 0.63}}, {"type": "Feature", "geometry": {"type": "Polygon", "coordinates": [[[-16.393101, 19.87661], [-16.393099, 19.876339], [-16.393385, 19.876337], [-16.393383, 19.876066], [-16.393096, 19.876068], [-16.393092, 19.875526], [-16.393378, 19.875524], [-16.393371, 19.874711], [-16.392798, 19.874715], [-16.3928, 19.874986], [-16.392228, 19.874991], [-16.39223, 19.875262], [-16.391657, 19.875266], [-16.391659, 19.875537], [-16.391086, 19.875542], [-16.391089, 19.875813], [-16.391662, 19.875808], [-16.391664, 19.876079], [-16.39195, 19.876077], [-16.391948, 19.875806], [-16.392235, 19.875804], [-16.392237, 19.876075], [-16.392523, 19.876072], [-16.392528, 19.876614], [-16.393101, 19.87661]]]}, "properties": {"layer": "core", "exposure_min": 0.6, "area_ha": 2.52}}, {"type": "Feature", "geometry": {"type": "Polygon", "coordinates": [[[-16.386806, 19.877472], [-16.386803, 19.877201], [-16.388809, 19.877186], [-16.388806, 19.876915], [-16.386514, 19.876932], [-16.386517, 19.877203], [-16.384511, 19.877219], [-16.384507, 19.876677], [-16.38422, 19.876679], [-16.384213, 19.875866], [-16.383927, 19.875868], [-16.383915, 19.874513], [-16.383628, 19.874516], [-16.383631, 19.874787], [-16.383344, 19.874789], [-16.383349, 19.875331], [-16.383062, 19.875333], [-16.383065, 19.875604], [-16.383351, 19.875602], [-16.383363, 19.876957], [-16.383649, 19.876955], [-16.383652, 19.877226], [-16.384225, 19.877221], [-16.384227, 19.877492], [-16.386806, 19.877472]]]}, "properties": {"layer": "core", "exposure_min": 0.6, "area_ha": 3.87}}, {"type": "Feature", "geometry": {"type": "Polygon", "coordinates": [[[-16.27679, 19.878024], [-16.276787, 19.877753], [-16.27736, 19.877749], [-16.277358, 19.877478], [-16.277072, 19.87748], [-16.27707, 19.877209], [-16.276497, 19.877213], [-16.276492, 19.876671], [-16.277352, 19.876665], [-16.277343, 19.875581], [-16.277057, 19.875583], [-16.277059, 19.875854], [-16.276772, 19.875856], [-16.276774, 19.876127], [-16.275915, 19.876133], [-16.275917, 19.876404], [-16.275058, 19.87641], [-16.27506, 19.876681], [-16.2742, 19.876687], [-16.274198, 19.876416], [-16.273625, 19.87642], [-16.273621, 19.875878], [-16.273334, 19.87588], [-16.273332, 19.875609], [-16.272759, 19.875613], [-16.272757, 19.875342], [-16.27247, 19.875344], [-16.272475, 19.875886], [-16.272761, 19.875884], [-16.272763, 19.876155], [-16.272477, 19.876157], [-16.272479, 19.876428], [-16.271906, 19.876433], [-16.271904, 19.876162], [-16.271617, 19.876164], [-16.271624, 19.876977], [-16.27191, 19.876975], [-16.271915, 19.877517], [-16.272201, 19.877515], [-16.272206, 19.878057], [-16.272779, 19.878053], [-16.272776, 19.877782], [-16.273349, 19.877778], [-16.273347, 19.877506], [-16.274207, 19.8775], [-16.274205, 19.877229], [-16.274778, 19.877225], [-16.274775, 19.876954], [-16.275062, 19.876952], [-16.275066, 19.877494], [-16.275926, 19.877488], [-16.275928, 19.877759], [-16.276501, 19.877755], [-16.276503, 19.878026], [-16.27679, 19.878024]], [[-16.272488, 19.877513], [-16.272201, 19.877515], [-16.272199, 19.877244], [-16.272486, 19.877242], [-16.272488, 19.877513]]]}, "properties": {"layer": "core", "exposure_min": 0.6, "area_ha": 8.55}}, {"type": "Feature", "geometry": {"type": "Polygon", "coordinates": [[[-16.262176, 19.877857], [-16.262169, 19.877044], [-16.262742, 19.87704], [-16.26274, 19.876769], [-16.262454, 19.876771], [-16.262449, 19.876229], [-16.262736, 19.876227], [-16.26273, 19.875414], [-16.262157, 19.875418], [-16.262159, 19.875689], [-16.261872, 19.875691], [-16.261883, 19.877046], [-16.261596, 19.877048], [-16.261599, 19.877319], [-16.261885, 19.877317], [-16.261887, 19.877588], [-16.261314, 19.877592], [-16.261316, 19.877863], [-16.262176, 19.877857]]]}, "properties": {"layer": "core", "exposure_min": 0.6, "area_ha": 1.89}}, {"type": "Feature", "geometry": {"type": "Polygon", "coordinates": [[[-16.286517, 19.876328], [-16.286515, 19.876057], [-16.287088, 19.876052], [-16.287086, 19.875781], [-16.287373, 19.875779], [-16.287368, 19.875237], [-16.286795, 19.875241], [-16.286797, 19.875512], [-16.286511, 19.875515], [-16.286513, 19.875786], [-16.286227, 19.875788], [-16.286231, 19.87633], [-16.286517, 19.876328]]]}, "properties": {"layer": "core", "exposure_min": 0.6, "area_ha": 0.81}}, {"type": "Feature", "geometry": {"type": "Polygon", "coordinates": [[[-16.280505, 19.876913], [-16.280503, 19.876642], [-16.28079, 19.87664], [-16.280788, 19.876369], [-16.281074, 19.876367], [-16.28107, 19.875825], [-16.280783, 19.875827], [-16.280774, 19.874743], [-16.280201, 19.874747], [-16.280204, 19.875018], [-16.279917, 19.87502], [-16.279919, 19.875291], [-16.279346, 19.875295], [-16.279348, 19.875566], [-16.279062, 19.875568], [-16.27906, 19.875297], [-16.278773, 19.875299], [-16.278771, 19.875028], [-16.278485, 19.87503], [-16.278498, 19.876656], [-16.277925, 19.876661], [-16.277927, 19.876932], [-16.279932, 19.876917], [-16.27993, 19.876646], [-16.280217, 19.876644], [-16.280219, 19.876915], [-16.280505, 19.876913]]]}, "properties": {"layer": "core", "exposure_min": 0.6, "area_ha": 4.95}}, {"type": "Feature", "geometry": {"type": "Polygon", "coordinates": [[[-16.49622, 19.874418], [-16.496215, 19.873876], [-16.495929, 19.873879], [-16.495926, 19.873608], [-16.49564, 19.87361], [-16.495637, 19.873339], [-16.495924, 19.873337], [-16.495921, 19.873066], [-16.495635, 19.873068], [-16.495632, 19.872797], [-16.494773, 19.872804], [-16.494775, 19.873075], [-16.495062, 19.873073], [-16.495069, 19.873886], [-16.495356, 19.873884], [-16.495358, 19.874155], [-16.495931, 19.87415], [-16.495934, 19.874421], [-16.49622, 19.874418]]]}, "properties": {"layer": "core", "exposure_min": 0.6, "area_ha": 1.35}}, {"type": "Feature", "geometry": {"type": "Polygon", "coordinates": [[[-16.369593, 19.874895], [-16.369588, 19.874353], [-16.369875, 19.874351], [-16.36987, 19.873809], [-16.369011, 19.873815], [-16.369015, 19.874357], [-16.369302, 19.874355], [-16.369304, 19.874626], [-16.369018, 19.874628], [-16.36902, 19.874899], [-16.369593, 19.874895]]]}, "properties": {"layer": "core", "exposure_min": 0.6, "area_ha": 0.81}}, {"type": "Feature", "geometry": {"type": "Polygon", "coordinates": [[[-16.258776, 19.88276], [-16.258774, 19.882489], [-16.259061, 19.882487], [-16.259054, 19.881674], [-16.259341, 19.881672], [-16.259332, 19.880588], [-16.259619, 19.880586], [-16.259614, 19.880044], [-16.259901, 19.880042], [-16.259897, 19.8795], [-16.260183, 19.879497], [-16.260181, 19.879226], [-16.260468, 19.879224], [-16.26047, 19.879495], [-16.260756, 19.879493], [-16.260758, 19.879764], [-16.261045, 19.879762], [-16.261041, 19.87922], [-16.261327, 19.879218], [-16.261323, 19.878676], [-16.261609, 19.878674], [-16.261605, 19.878132], [-16.261318, 19.878134], [-16.261321, 19.878405], [-16.260748, 19.878409], [-16.26075, 19.87868], [-16.260463, 19.878682], [-16.260459, 19.87814], [-16.260172, 19.878142], [-16.26017, 19.877871], [-16.260457, 19.877869], [-16.260455, 19.877598], [-16.260741, 19.877596], [-16.260739, 19.877325], [-16.261026, 19.877323], [-16.261023, 19.877052], [-16.261596, 19.877048], [-16.261594, 19.876777], [-16.261308, 19.876779], [-16.261306, 19.876508], [-16.261592, 19.876506], [-16.261584, 19.875422], [-16.26187, 19.87542], [-16.261868, 19.875149], [-16.261581, 19.875151], [-16.261579, 19.87488], [-16.261293, 19.874882], [-16.261291, 19.874611], [-16.261004, 19.874613], [-16.261002, 19.874342], [-16.260429, 19.874346], [-16.260444, 19.876243], [-16.260157, 19.876245], [-16.260164, 19.877058], [-16.259877, 19.87706], [-16.259882, 19.877602], [-16.259595, 19.877604], [-16.259599, 19.878146], [-16.259313, 19.878148], [-16.259317, 19.87869], [-16.258744, 19.878695], [-16.258746, 19.878966], [-16.25846, 19.878968], [-16.258464, 19.87951], [-16.258178, 19.879512], [-16.258188, 19.880867], [-16.257902, 19.880869], [-16.257908, 19.881682], [-16.257622, 19.881684], [-16.257626, 19.882226], [-16.257913, 19.882224], [-16.25791, 19.881953], [-16.258483, 19.881949], [-16.25849, 19.882762], [-16.258776, 19.88276]], [[-16.25933, 19.880317], [-16.258757, 19.880321], [-16.258753, 19.879779], [-16.259039, 19.879777], [-16.259033, 19.878964], [-16.259319, 19.878962], [-16.259324, 19.879504], [-16.25961, 19.879502], [-16.259614, 19.880044], [-16.259328, 19.880046], [-16.25933, 19.880317]]]}, "properties": {"layer": "core", "exposure_min": 0.6, "area_ha": 12.15}}, {"type": "Feature", "geometry": {"type": "Polygon", "coordinates": [[[-16.373886, 19.87432], [-16.373883, 19.874049], [-16.37417, 19.874047], [-16.374165, 19.873505], [-16.373879, 19.873507], [-16.373874, 19.872965], [-16.373301, 19.872969], [-16.373303, 19.87324], [-16.37359, 19.873238], [-16.373592, 19.873509], [-16.373306, 19.873511], [-16.373308, 19.873782], [-16.373594, 19.87378], [-16.373599, 19.874322], [-16.373886, 19.87432]]]}, "properties": {"layer": "core", "exposure_min": 0.6, "area_ha": 0.81}}, {"type": "Feature", "geometry": {"type": "Polygon", "coordinates": [[[-16.300258, 19.874873], [-16.300254, 19.874331], [-16.30054, 19.874328], [-16.300536, 19.873786], [-16.300249, 19.873788], [-16.300252, 19.874059], [-16.299965, 19.874062], [-16.299963, 19.873791], [-16.299103, 19.873797], [-16.299101, 19.873526], [-16.298815, 19.873528], [-16.29881, 19.872986], [-16.298237, 19.87299], [-16.298242, 19.873532], [-16.298528, 19.87353], [-16.29853, 19.873801], [-16.298817, 19.873799], [-16.298819, 19.87407], [-16.299106, 19.874068], [-16.299108, 19.874339], [-16.299681, 19.874335], [-16.299683, 19.874606], [-16.299969, 19.874604], [-16.299972, 19.874875], [-16.300258, 19.874873]]]}, "properties": {"layer": "core", "exposure_min": 0.6, "area_ha": 1.71}}, {"type": "Feature", "geometry": {"type": "Polygon", "coordinates": [[[-16.362706, 19.873593], [-16.362701, 19.873051], [-16.362415, 19.873053], [-16.362412, 19.872782], [-16.362126, 19.872784], [-16.362124, 19.872513], [-16.361551, 19.872517], [-16.361553, 19.872788], [-16.361839, 19.872786], [-16.361842, 19.873057], [-16.361555, 19.873059], [-16.361558, 19.87333], [-16.36213, 19.873326], [-16.362133, 19.873597], [-16.362706, 19.873593]]]}, "properties": {"layer": "core", "exposure_min": 0.6, "area_ha": 0.9}}, {"type": "Feature", "geometry": {"type": "Polygon", "coordinates": [[[-16.410257, 19.87268], [-16.410254, 19.872409], [-16.411114, 19.872403], [-16.411111, 19.872132], [-16.409679, 19.872143], [-16.409684, 19.872685], [-16.410257, 19.87268]]]}, "properties": {"layer": "core", "exposure_min": 0.6, "area_ha": 0.63}}, {"type": "Feature", "geometry": {"type": "Polygon", "coordinates": [[[-16.371589, 19.873795], [-16.371582, 19.872982], [-16.371869, 19.87298], [-16.371866, 19.872709], [-16.372153, 19.872707], [-16.37215, 19.872436], [-16.371577, 19.87244], [-16.37158, 19.872711], [-16.370147, 19.872722], [-16.37015, 19.872993], [-16.369863, 19.872996], [-16.36987, 19.873809], [-16.370157, 19.873807], [-16.370154, 19.873535], [-16.3713, 19.873527], [-16.371303, 19.873798], [-16.371589, 19.873795]]]}, "properties": {"layer": "core", "exposure_min": 0.6, "area_ha": 1.98}}, {"type": "Feature", "geometry": {"type": "Polygon", "coordinates": [[[-16.266469, 19.877284], [-16.266467, 19.877013], [-16.267899, 19.877003], [-16.267897, 19.876732], [-16.267611, 19.876734], [-16.267609, 19.876463], [-16.266463, 19.876471], [-16.26646, 19.8762], [-16.266747, 19.876198], [-16.266745, 19.875927], [-16.267318, 19.875923], [-16.267309, 19.874839], [-16.267023, 19.874841], [-16.267021, 19.87457], [-16.266734, 19.874572], [-16.266732, 19.874301], [-16.266445, 19.874303], [-16.266443, 19.874032], [-16.26673, 19.87403], [-16.266728, 19.873759], [-16.265582, 19.873767], [-16.265584, 19.874038], [-16.263865, 19.87405], [-16.263863, 19.873779], [-16.264149, 19.873777], [-16.264147, 19.873506], [-16.263287, 19.873512], [-16.263283, 19.87297], [-16.262137, 19.872978], [-16.262144, 19.873791], [-16.263003, 19.873785], [-16.263005, 19.874056], [-16.263292, 19.874054], [-16.263294, 19.874325], [-16.26358, 19.874323], [-16.263583, 19.874594], [-16.263869, 19.874592], [-16.263867, 19.874321], [-16.264726, 19.874315], [-16.264733, 19.875128], [-16.264446, 19.87513], [-16.264457, 19.876486], [-16.263025, 19.876496], [-16.263022, 19.876225], [-16.262736, 19.876227], [-16.26274, 19.876769], [-16.263027, 19.876767], [-16.263029, 19.877038], [-16.263888, 19.877032], [-16.263886, 19.876761], [-16.264173, 19.876759], [-16.264175, 19.87703], [-16.264461, 19.877028], [-16.264459, 19.876757], [-16.265032, 19.876753], [-16.26503, 19.876482], [-16.265317, 19.87648], [-16.265319, 19.876751], [-16.265605, 19.876749], [-16.265607, 19.87702], [-16.264748, 19.877026], [-16.26475, 19.877297], [-16.266469, 19.877284]], [[-16.266465, 19.876742], [-16.265892, 19.876746], [-16.26589, 19.876475], [-16.266463, 19.876471], [-16.266465, 19.876742]], [[-16.267027, 19.875383], [-16.266454, 19.875387], [-16.266452, 19.875116], [-16.267025, 19.875112], [-16.267027, 19.875383]]]}, "properties": {"layer": "core", "exposure_min": 0.6, "area_ha": 12.06}}, {"type": "Feature", "geometry": {"type": "Polygon", "coordinates": [[[-16.395954, 19.875232], [-16.395947, 19.874419], [-16.39652, 19.874415], [-16.396518, 19.874144], [-16.396804, 19.874142], [-16.396802, 19.873871], [-16.397375, 19.873866], [-16.397372, 19.873595], [-16.397659, 19.873593], [-16.397656, 19.873322], [-16.397943, 19.87332], [-16.397941, 19.873049], [-16.398227, 19.873046], [-16.398222, 19.872504], [-16.397649, 19.872509], [-16.397647, 19.872238], [-16.39736, 19.87224], [-16.397358, 19.871969], [-16.396785, 19.871973], [-16.396783, 19.871702], [-16.39621, 19.871707], [-16.396212, 19.871978], [-16.395926, 19.87198], [-16.395928, 19.872251], [-16.395642, 19.872253], [-16.395644, 19.872524], [-16.395357, 19.872527], [-16.395367, 19.873611], [-16.395653, 19.873609], [-16.395658, 19.874151], [-16.395372, 19.874153], [-16.395374, 19.874424], [-16.395661, 19.874422], [-16.395668, 19.875235], [-16.395954, 19.875232]]]}, "properties": {"layer": "core", "exposure_min": 0.6, "area_ha": 6.12}}, {"type": "Feature", "geometry": {"type": "Polygon", "coordinates": [[[-16.497369, 19.87468], [-16.497366, 19.874409], [-16.49708, 19.874411], [-16.497077, 19.87414], [-16.498223, 19.874131], [-16.498221, 19.87386], [-16.498507, 19.873857], [-16.498504, 19.873586], [-16.498791, 19.873584], [-16.498788, 19.873313], [-16.499361, 19.873308], [-16.499346, 19.871682], [-16.49906, 19.871684], [-16.499057, 19.871413], [-16.49963, 19.871408], [-16.499627, 19.871137], [-16.499054, 19.871142], [-16.499049, 19.8706], [-16.498476, 19.870605], [-16.498479, 19.870876], [-16.497906, 19.870881], [-16.497909, 19.871152], [-16.497622, 19.871154], [-16.497627, 19.871696], [-16.497914, 19.871694], [-16.497916, 19.871965], [-16.49763, 19.871967], [-16.497632, 19.872238], [-16.497346, 19.872241], [-16.497348, 19.872512], [-16.497062, 19.872514], [-16.497059, 19.872243], [-16.496773, 19.872245], [-16.496786, 19.873601], [-16.496499, 19.873603], [-16.496502, 19.873874], [-16.496788, 19.873872], [-16.496791, 19.874143], [-16.496504, 19.874145], [-16.496509, 19.874687], [-16.497369, 19.87468]], [[-16.498783, 19.872771], [-16.49821, 19.872775], [-16.498208, 19.872504], [-16.498781, 19.8725], [-16.498783, 19.872771]], [[-16.499062, 19.871955], [-16.498776, 19.871958], [-16.498773, 19.871687], [-16.49906, 19.871684], [-16.499062, 19.871955]]]}, "properties": {"layer": "core", "exposure_min": 0.6, "area_ha": 7.65}}, {"type": "Feature", "geometry": {"type": "Polygon", "coordinates": [[[-16.274476, 19.87533], [-16.274474, 19.875059], [-16.275047, 19.875055], [-16.275045, 19.874784], [-16.275331, 19.874782], [-16.275329, 19.874511], [-16.275615, 19.874509], [-16.275613, 19.874238], [-16.275327, 19.87424], [-16.275322, 19.873698], [-16.276182, 19.873691], [-16.27618, 19.87342], [-16.275893, 19.873422], [-16.275891, 19.873151], [-16.275605, 19.873153], [-16.2756, 19.872611], [-16.275027, 19.872616], [-16.275032, 19.873158], [-16.274745, 19.87316], [-16.274743, 19.872889], [-16.274456, 19.872891], [-16.274454, 19.87262], [-16.274741, 19.872618], [-16.274739, 19.872347], [-16.274166, 19.872351], [-16.274168, 19.872622], [-16.273881, 19.872624], [-16.273886, 19.873166], [-16.274172, 19.873164], [-16.274176, 19.873706], [-16.274463, 19.873704], [-16.274467, 19.874246], [-16.273894, 19.87425], [-16.273896, 19.874521], [-16.274183, 19.874519], [-16.274189, 19.875332], [-16.274476, 19.87533]]]}, "properties": {"layer": "core", "exposure_min": 0.6, "area_ha": 3.96}}, {"type": "Feature", "geometry": {"type": "Polygon", "coordinates": [[[-16.292794, 19.87303], [-16.292792, 19.872759], [-16.293651, 19.872752], [-16.293649, 19.872481], [-16.292503, 19.87249], [-16.292501, 19.872219], [-16.292787, 19.872216], [-16.292785, 19.871945], [-16.291926, 19.871952], [-16.291928, 19.872223], [-16.291068, 19.872229], [-16.291073, 19.872771], [-16.291359, 19.872769], [-16.291357, 19.872498], [-16.29193, 19.872494], [-16.291935, 19.873036], [-16.292794, 19.87303]]]}, "properties": {"layer": "core", "exposure_min": 0.6, "area_ha": 1.62}}, {"type": "Feature", "geometry": {"type": "Polygon", "coordinates": [[[-16.393944, 19.874706], [-16.393942, 19.874435], [-16.394228, 19.874433], [-16.394226, 19.874162], [-16.394512, 19.87416], [-16.394508, 19.873618], [-16.394794, 19.873615], [-16.394789, 19.873073], [-16.395076, 19.873071], [-16.395071, 19.872529], [-16.395357, 19.872527], [-16.395353, 19.871985], [-16.395639, 19.871982], [-16.395634, 19.87144], [-16.396207, 19.871436], [-16.396198, 19.870352], [-16.395625, 19.870356], [-16.39563, 19.870898], [-16.395057, 19.870903], [-16.395066, 19.871987], [-16.39478, 19.871989], [-16.394787, 19.872802], [-16.3945, 19.872804], [-16.394503, 19.873075], [-16.394216, 19.873078], [-16.394221, 19.87362], [-16.393935, 19.873622], [-16.393939, 19.874164], [-16.393653, 19.874166], [-16.393655, 19.874437], [-16.393369, 19.87444], [-16.393371, 19.874711], [-16.393944, 19.874706]]]}, "properties": {"layer": "core", "exposure_min": 0.6, "area_ha": 3.15}}, {"type": "Feature", "geometry": {"type": "Polygon", "coordinates": [[[-16.380188, 19.874271], [-16.380162, 19.87129], [-16.379876, 19.871292], [-16.379864, 19.869937], [-16.379005, 19.869944], [-16.379007, 19.870215], [-16.378721, 19.870217], [-16.37873, 19.871301], [-16.378444, 19.871303], [-16.378451, 19.872116], [-16.378737, 19.872114], [-16.378739, 19.872385], [-16.379026, 19.872383], [-16.379028, 19.872654], [-16.379315, 19.872652], [-16.379319, 19.873194], [-16.379606, 19.873191], [-16.379611, 19.873734], [-16.379324, 19.873736], [-16.379326, 19.874007], [-16.379613, 19.874005], [-16.379615, 19.874276], [-16.380188, 19.874271]]]}, "properties": {"layer": "core", "exposure_min": 0.6, "area_ha": 5.49}}, {"type": "Feature", "geometry": {"type": "Polygon", "coordinates": [[[-16.29134, 19.87033], [-16.291337, 19.870059], [-16.29191, 19.870054], [-16.291908, 19.869783], [-16.290189, 19.869796], [-16.290191, 19.870067], [-16.291051, 19.870061], [-16.291053, 19.870332], [-16.29134, 19.87033]]]}, "properties": {"layer": "core", "exposure_min": 0.6, "area_ha": 0.63}}, {"type": "Feature", "geometry": {"type": "Polygon", "coordinates": [[[-16.25759, 19.877618], [-16.257585, 19.877076], [-16.257872, 19.877074], [-16.25787, 19.876803], [-16.258156, 19.876801], [-16.258152, 19.876259], [-16.258438, 19.876257], [-16.258436, 19.875986], [-16.258723, 19.875984], [-16.258719, 19.875442], [-16.259005, 19.87544], [-16.259001, 19.874898], [-16.259287, 19.874896], [-16.259281, 19.874083], [-16.259567, 19.874081], [-16.259565, 19.87381], [-16.260138, 19.873806], [-16.260134, 19.873264], [-16.26042, 19.873262], [-16.260418, 19.872991], [-16.260705, 19.872989], [-16.2607, 19.872446], [-16.260987, 19.872444], [-16.260993, 19.873258], [-16.26128, 19.873256], [-16.261276, 19.872713], [-16.261562, 19.872711], [-16.261553, 19.871627], [-16.261267, 19.871629], [-16.261269, 19.8719], [-16.260983, 19.871902], [-16.260985, 19.872173], [-16.260412, 19.872177], [-16.26041, 19.871906], [-16.260123, 19.871908], [-16.260121, 19.871637], [-16.260408, 19.871635], [-16.260405, 19.871364], [-16.260119, 19.871366], [-16.260115, 19.870824], [-16.259828, 19.870826], [-16.25982, 19.869742], [-16.259533, 19.869744], [-16.259537, 19.870286], [-16.259251, 19.870288], [-16.259255, 19.87083], [-16.258682, 19.870834], [-16.258693, 19.87219], [-16.258406, 19.872192], [-16.258419, 19.873818], [-16.258133, 19.87382], [-16.258137, 19.874362], [-16.25785, 19.874364], [-16.257857, 19.875177], [-16.25757, 19.875179], [-16.257575, 19.875721], [-16.257288, 19.875723], [-16.25729, 19.875994], [-16.257863, 19.87599], [-16.257868, 19.876532], [-16.257581, 19.876534], [-16.257583, 19.876805], [-16.257297, 19.876807], [-16.257303, 19.87762], [-16.25759, 19.877618]], [[-16.258432, 19.875444], [-16.258146, 19.875446], [-16.258141, 19.874904], [-16.258428, 19.874902], [-16.258432, 19.875444]], [[-16.258714, 19.8749], [-16.258428, 19.874902], [-16.258423, 19.87436], [-16.25871, 19.874358], [-16.258714, 19.8749]]]}, "properties": {"layer": "core", "exposure_min": 0.6, "area_ha": 11.52}}, {"type": "Feature", "geometry": {"type": "Polygon", "coordinates": [[[-16.27272, 19.870735], [-16.272714, 19.869922], [-16.272427, 19.869924], [-16.272425, 19.869653], [-16.272138, 19.869655], [-16.272141, 19.869926], [-16.271568, 19.86993], [-16.271572, 19.870472], [-16.271286, 19.870474], [-16.271288, 19.870745], [-16.27272, 19.870735]]]}, "properties": {"layer": "core", "exposure_min": 0.6, "area_ha": 1.26}}, {"type": "Feature", "geometry": {"type": "Polygon", "coordinates": [[[-16.235499, 19.873978], [-16.235497, 19.873707], [-16.235784, 19.873705], [-16.23578, 19.873163], [-16.236066, 19.873161], [-16.236064, 19.87289], [-16.23721, 19.872882], [-16.237206, 19.87234], [-16.237492, 19.872338], [-16.23749, 19.872067], [-16.237777, 19.872065], [-16.23777, 19.871252], [-16.237484, 19.871254], [-16.23748, 19.870712], [-16.237193, 19.870714], [-16.237191, 19.870443], [-16.236618, 19.870447], [-16.236616, 19.870176], [-16.23633, 19.870178], [-16.236327, 19.869907], [-16.236041, 19.869909], [-16.236039, 19.869638], [-16.235752, 19.86964], [-16.23575, 19.869369], [-16.235464, 19.869371], [-16.235466, 19.869642], [-16.235179, 19.869644], [-16.235186, 19.870457], [-16.234899, 19.870459], [-16.234901, 19.87073], [-16.234615, 19.870732], [-16.234619, 19.871274], [-16.234332, 19.871276], [-16.234335, 19.871547], [-16.234048, 19.871549], [-16.234054, 19.872362], [-16.234341, 19.87236], [-16.234337, 19.871818], [-16.23491, 19.871814], [-16.234912, 19.872085], [-16.234625, 19.872087], [-16.234632, 19.8729], [-16.235491, 19.872894], [-16.235493, 19.873165], [-16.234634, 19.873171], [-16.234636, 19.873442], [-16.234063, 19.873446], [-16.234061, 19.873175], [-16.233774, 19.873177], [-16.233778, 19.873719], [-16.234065, 19.873717], [-16.234067, 19.873988], [-16.235499, 19.873978]], [[-16.236627, 19.871531], [-16.23634, 19.871533], [-16.236338, 19.871262], [-16.236624, 19.87126], [-16.236627, 19.871531]]]}, "properties": {"layer": "core", "exposure_min": 0.6, "area_ha": 11.16}}, {"type": "Feature", "geometry": {"type": "Polygon", "coordinates": [[[-16.29593, 19.871109], [-16.295928, 19.870838], [-16.296214, 19.870836], [-16.296208, 19.870023], [-16.295921, 19.870025], [-16.295917, 19.869483], [-16.29563, 19.869485], [-16.295626, 19.868943], [-16.295339, 19.868945], [-16.295335, 19.868403], [-16.295048, 19.868405], [-16.295044, 19.867863], [-16.294758, 19.867865], [-16.294755, 19.867594], [-16.294182, 19.867598], [-16.294196, 19.869225], [-16.293909, 19.869227], [-16.293911, 19.869498], [-16.294484, 19.869494], [-16.294487, 19.869765], [-16.2942, 19.869767], [-16.294204, 19.870309], [-16.293345, 19.870315], [-16.293347, 19.870586], [-16.293634, 19.870584], [-16.293638, 19.871126], [-16.293925, 19.871124], [-16.29392, 19.870582], [-16.29478, 19.870576], [-16.294782, 19.870847], [-16.295641, 19.87084], [-16.295643, 19.871112], [-16.29593, 19.871109]], [[-16.295059, 19.869761], [-16.294773, 19.869763], [-16.294771, 19.869492], [-16.295057, 19.869489], [-16.295059, 19.869761]], [[-16.295344, 19.869487], [-16.295057, 19.869489], [-16.295055, 19.869218], [-16.295342, 19.869216], [-16.295344, 19.869487]], [[-16.295053, 19.868947], [-16.294766, 19.868949], [-16.294764, 19.868678], [-16.295051, 19.868676], [-16.295053, 19.868947]]]}, "properties": {"layer": "core", "exposure_min": 0.6, "area_ha": 5.4}}, {"type": "Feature", "geometry": {"type": "Polygon", "coordinates": [[[-16.292184, 19.868426], [-16.292181, 19.868155], [-16.292468, 19.868153], [-16.292464, 19.867611], [-16.291891, 19.867615], [-16.291888, 19.867344], [-16.292175, 19.867342], [-16.292173, 19.867071], [-16.291886, 19.867073], [-16.291884, 19.866802], [-16.290738, 19.86681], [-16.290742, 19.867352], [-16.291029, 19.86735], [-16.291033, 19.867892], [-16.291606, 19.867888], [-16.291609, 19.868159], [-16.291895, 19.868157], [-16.291897, 19.868428], [-16.292184, 19.868426]], [[-16.291602, 19.867346], [-16.291315, 19.867348], [-16.291313, 19.867077], [-16.2916, 19.867075], [-16.291602, 19.867346]]]}, "properties": {"layer": "core", "exposure_min": 0.6, "area_ha": 1.8}}, {"type": "Feature", "geometry": {"type": "Polygon", "coordinates": [[[-16.384436, 19.868546], [-16.384427, 19.867462], [-16.385, 19.867458], [-16.384997, 19.867187], [-16.384424, 19.867191], [-16.384422, 19.86692], [-16.384135, 19.866922], [-16.384126, 19.865838], [-16.38384, 19.86584], [-16.383854, 19.867467], [-16.38414, 19.867464], [-16.38415, 19.868549], [-16.384436, 19.868546]]]}, "properties": {"layer": "core", "exposure_min": 0.6, "area_ha": 1.26}}, {"type": "Feature", "geometry": {"type": "Polygon", "coordinates": [[[-16.395338, 19.870359], [-16.395336, 19.870088], [-16.395623, 19.870085], [-16.395611, 19.86873], [-16.395324, 19.868732], [-16.39531, 19.867106], [-16.395596, 19.867104], [-16.395589, 19.866291], [-16.395303, 19.866293], [-16.395296, 19.86548], [-16.395009, 19.865482], [-16.395007, 19.865211], [-16.39472, 19.865214], [-16.394728, 19.866027], [-16.395014, 19.866024], [-16.39504, 19.869006], [-16.395327, 19.869003], [-16.395334, 19.869816], [-16.395047, 19.869819], [-16.395052, 19.870361], [-16.395338, 19.870359]]]}, "properties": {"layer": "core", "exposure_min": 0.6, "area_ha": 2.34}}, {"type": "Feature", "geometry": {"type": "Polygon", "coordinates": [[[-16.299954, 19.872706], [-16.299952, 19.872435], [-16.300525, 19.872431], [-16.300516, 19.871347], [-16.299943, 19.871351], [-16.299941, 19.87108], [-16.299654, 19.871082], [-16.299652, 19.870811], [-16.299366, 19.870813], [-16.299361, 19.870271], [-16.299075, 19.870273], [-16.299072, 19.870002], [-16.298786, 19.870004], [-16.298784, 19.869733], [-16.29907, 19.869731], [-16.299059, 19.868376], [-16.2982, 19.868382], [-16.298195, 19.86784], [-16.297909, 19.867842], [-16.297907, 19.867571], [-16.298193, 19.867569], [-16.298184, 19.866485], [-16.296465, 19.866498], [-16.296461, 19.865956], [-16.296175, 19.865958], [-16.29617, 19.865416], [-16.295311, 19.865422], [-16.295313, 19.865693], [-16.295599, 19.865691], [-16.295602, 19.865962], [-16.295315, 19.865964], [-16.295317, 19.866235], [-16.295604, 19.866233], [-16.295606, 19.866504], [-16.295893, 19.866502], [-16.295897, 19.867044], [-16.296183, 19.867042], [-16.296186, 19.867313], [-16.296472, 19.867311], [-16.296485, 19.868937], [-16.296772, 19.868935], [-16.296778, 19.869748], [-16.297065, 19.869746], [-16.297067, 19.870017], [-16.297354, 19.870015], [-16.297356, 19.870286], [-16.297642, 19.870284], [-16.297644, 19.870555], [-16.298504, 19.870549], [-16.298511, 19.871362], [-16.298224, 19.871364], [-16.298226, 19.871635], [-16.297653, 19.871639], [-16.297655, 19.87191], [-16.297942, 19.871908], [-16.297944, 19.872179], [-16.298517, 19.872175], [-16.298522, 19.872717], [-16.298808, 19.872715], [-16.298806, 19.872444], [-16.299092, 19.872442], [-16.299095, 19.872713], [-16.299954, 19.872706]]]}, "properties": {"layer": "core", "exposure_min": 0.6, "area_ha": 15.12}}, {"type": "Feature", "geometry": {"type": "Polygon", "coordinates": [[[-16.295033, 19.866508], [-16.295029, 19.865966], [-16.295315, 19.865964], [-16.295313, 19.865693], [-16.295026, 19.865695], [-16.295024, 19.865424], [-16.294738, 19.865426], [-16.29474, 19.865697], [-16.294454, 19.865699], [-16.294456, 19.86597], [-16.294169, 19.865972], [-16.294171, 19.866243], [-16.294458, 19.866241], [-16.29446, 19.866512], [-16.295033, 19.866508]]]}, "properties": {"layer": "core", "exposure_min": 0.6, "area_ha": 0.81}}, {"type": "Feature", "geometry": {"type": "Polygon", "coordinates": [[[-16.356921, 19.867132], [-16.356916, 19.86659], [-16.357203, 19.866587], [-16.3572, 19.866316], [-16.357487, 19.866314], [-16.357482, 19.865772], [-16.357769, 19.86577], [-16.357766, 19.865499], [-16.358053, 19.865497], [-16.35805, 19.865226], [-16.355472, 19.865245], [-16.355475, 19.865516], [-16.353183, 19.865534], [-16.35318, 19.865263], [-16.352608, 19.865267], [-16.352605, 19.864996], [-16.351459, 19.865005], [-16.351457, 19.864734], [-16.350598, 19.86474], [-16.350595, 19.864469], [-16.350309, 19.864471], [-16.350307, 19.8642], [-16.35002, 19.864203], [-16.350025, 19.864745], [-16.350311, 19.864742], [-16.350314, 19.865014], [-16.3506, 19.865011], [-16.350602, 19.865282], [-16.350889, 19.86528], [-16.350893, 19.865822], [-16.351466, 19.865818], [-16.351464, 19.865547], [-16.352323, 19.86554], [-16.352326, 19.865811], [-16.352899, 19.865807], [-16.352901, 19.866078], [-16.353187, 19.866076], [-16.35319, 19.866347], [-16.354622, 19.866336], [-16.35462, 19.866065], [-16.355193, 19.866061], [-16.35519, 19.86579], [-16.355477, 19.865787], [-16.355479, 19.866058], [-16.356625, 19.86605], [-16.356627, 19.866321], [-16.356341, 19.866323], [-16.356343, 19.866594], [-16.35663, 19.866592], [-16.356634, 19.867134], [-16.356921, 19.867132]]]}, "properties": {"layer": "core", "exposure_min": 0.6, "area_ha": 7.2}}, {"type": "Feature", "geometry": {"type": "Polygon", "coordinates": [[[-16.36664, 19.864618], [-16.366638, 19.864347], [-16.366924, 19.864345], [-16.366922, 19.864074], [-16.367208, 19.864072], [-16.367206, 19.863801], [-16.367492, 19.863798], [-16.36749, 19.863527], [-16.366917, 19.863532], [-16.366919, 19.863803], [-16.366633, 19.863805], [-16.366635, 19.864076], [-16.366349, 19.864078], [-16.366353, 19.86462], [-16.36664, 19.864618]]]}, "properties": {"layer": "core", "exposure_min": 0.6, "area_ha": 0.63}}, {"type": "Feature", "geometry": {"type": "Polygon", "coordinates": [[[-16.274964, 19.864755], [-16.274962, 19.864484], [-16.274676, 19.864486], [-16.274674, 19.864215], [-16.274387, 19.864217], [-16.274385, 19.863946], [-16.273812, 19.863951], [-16.273814, 19.864222], [-16.274101, 19.86422], [-16.274103, 19.864491], [-16.273816, 19.864493], [-16.273818, 19.864764], [-16.274964, 19.864755]]]}, "properties": {"layer": "core", "exposure_min": 0.6, "area_ha": 0.72}}, {"type": "Feature", "geometry": {"type": "Polygon", "coordinates": [[[-16.394716, 19.864672], [-16.394711, 19.864129], [-16.394425, 19.864132], [-16.394415, 19.863048], [-16.394129, 19.86305], [-16.394126, 19.862779], [-16.39384, 19.862781], [-16.393852, 19.864136], [-16.394138, 19.864134], [-16.39414, 19.864405], [-16.394427, 19.864403], [-16.394429, 19.864674], [-16.394716, 19.864672]]]}, "properties": {"layer": "core", "exposure_min": 0.6, "area_ha": 1.08}}, {"type": "Feature", "geometry": {"type": "Polygon", "coordinates": [[[-16.384114, 19.864483], [-16.3841, 19.862857], [-16.383814, 19.862859], [-16.383823, 19.863943], [-16.383537, 19.863946], [-16.383541, 19.864488], [-16.384114, 19.864483]]]}, "properties": {"layer": "core", "exposure_min": 0.6, "area_ha": 0.72}}, {"type": "Feature", "geometry": {"type": "Polygon", "coordinates": [[[-16.349736, 19.864476], [-16.349731, 19.863934], [-16.349445, 19.863936], [-16.349443, 19.863665], [-16.34887, 19.863669], [-16.348867, 19.863398], [-16.348581, 19.8634], [-16.348579, 19.863129], [-16.348006, 19.863134], [-16.348003, 19.862863], [-16.34743, 19.862867], [-16.347433, 19.863138], [-16.347719, 19.863136], [-16.347722, 19.863407], [-16.348294, 19.863403], [-16.348297, 19.863674], [-16.348583, 19.863671], [-16.348586, 19.863942], [-16.348872, 19.86394], [-16.348874, 19.864211], [-16.349447, 19.864207], [-16.34945, 19.864478], [-16.349736, 19.864476]]]}, "properties": {"layer": "core", "exposure_min": 0.6, "area_ha": 1.26}}, {"type": "Feature", "geometry": {"type": "Polygon", "coordinates": [[[-16.289572, 19.864379], [-16.289564, 19.863295], [-16.289277, 19.863297], [-16.289282, 19.863839], [-16.288995, 19.863841], [-16.289, 19.864383], [-16.289572, 19.864379]]]}, "properties": {"layer": "core", "exposure_min": 0.6, "area_ha": 0.54}}, {"type": "Feature", "geometry": {"type": "Polygon", "coordinates": [[[-16.377798, 19.862906], [-16.377796, 19.862635], [-16.378082, 19.862633], [-16.378077, 19.862091], [-16.377791, 19.862093], [-16.377789, 19.861822], [-16.377502, 19.861824], [-16.377504, 19.862095], [-16.377218, 19.862097], [-16.377225, 19.86291], [-16.377798, 19.862906]]]}, "properties": {"layer": "core", "exposure_min": 0.6, "area_ha": 0.81}}, {"type": "Feature", "geometry": {"type": "Polygon", "coordinates": [[[-16.345714, 19.863151], [-16.345712, 19.86288], [-16.345998, 19.862878], [-16.345996, 19.862607], [-16.345709, 19.862609], [-16.345707, 19.862338], [-16.345134, 19.862342], [-16.345132, 19.862071], [-16.344845, 19.862073], [-16.344848, 19.862344], [-16.344561, 19.862347], [-16.344566, 19.862889], [-16.344852, 19.862886], [-16.344855, 19.863157], [-16.345714, 19.863151]]]}, "properties": {"layer": "core", "exposure_min": 0.6, "area_ha": 1.17}}, {"type": "Feature", "geometry": {"type": "Polygon", "coordinates": [[[-16.399576, 19.863549], [-16.399571, 19.863007], [-16.400144, 19.863003], [-16.400142, 19.862732], [-16.400428, 19.862729], [-16.400424, 19.862187], [-16.40071, 19.862185], [-16.400708, 19.861914], [-16.400421, 19.861916], [-16.400419, 19.861645], [-16.399846, 19.86165], [-16.399848, 19.861921], [-16.400135, 19.861919], [-16.400137, 19.86219], [-16.399564, 19.862194], [-16.399562, 19.861923], [-16.398989, 19.861928], [-16.398994, 19.86247], [-16.398707, 19.862472], [-16.39871, 19.862743], [-16.399283, 19.862738], [-16.39929, 19.863551], [-16.399576, 19.863549]]]}, "properties": {"layer": "core", "exposure_min": 0.6, "area_ha": 1.98}}, {"type": "Feature", "geometry": {"type": "Polygon", "coordinates": [[[-16.372942, 19.86457], [-16.372937, 19.864028], [-16.37351, 19.864023], [-16.373508, 19.863752], [-16.373795, 19.86375], [-16.37379, 19.863208], [-16.374076, 19.863206], [-16.374072, 19.862664], [-16.374358, 19.862661], [-16.374353, 19.862119], [-16.37464, 19.862117], [-16.374638, 19.861846], [-16.374065, 19.86185], [-16.374067, 19.862121], [-16.373494, 19.862126], [-16.373496, 19.862397], [-16.37321, 19.862399], [-16.373215, 19.862941], [-16.372928, 19.862943], [-16.37293, 19.863214], [-16.372644, 19.863217], [-16.372653, 19.864301], [-16.372367, 19.864303], [-16.372369, 19.864574], [-16.372942, 19.86457]]]}, "properties": {"layer": "core", "exposure_min": 0.6, "area_ha": 2.7}}, {"type": "Feature", "geometry": {"type": "Polygon", "coordinates": [[[-16.289275, 19.863026], [-16.289273, 19.862755], [-16.288986, 19.862757], [-16.288984, 19.862486], [-16.289271, 19.862484], [-16.289268, 19.862213], [-16.287836, 19.862223], [-16.287838, 19.862494], [-16.288125, 19.862492], [-16.288127, 19.862763], [-16.288413, 19.862761], [-16.288416, 19.863032], [-16.289275, 19.863026]]]}, "properties": {"layer": "core", "exposure_min": 0.6, "area_ha": 0.99}}, {"type": "Feature", "geometry": {"type": "Polygon", "coordinates": [[[-16.261532, 19.868917], [-16.261526, 19.868104], [-16.261812, 19.868102], [-16.261808, 19.86756], [-16.262094, 19.867558], [-16.262092, 19.867287], [-16.263238, 19.867278], [-16.263236, 19.867007], [-16.263522, 19.867005], [-16.263516, 19.866192], [-16.263802, 19.86619], [-16.263807, 19.866732], [-16.264093, 19.86673], [-16.264091, 19.866459], [-16.264378, 19.866457], [-16.264375, 19.866186], [-16.264662, 19.866184], [-16.26466, 19.865913], [-16.265519, 19.865907], [-16.265508, 19.864552], [-16.266081, 19.864548], [-16.266084, 19.864819], [-16.26637, 19.864817], [-16.266368, 19.864546], [-16.266654, 19.864544], [-16.26665, 19.864002], [-16.264931, 19.864014], [-16.264925, 19.863201], [-16.265498, 19.863197], [-16.265493, 19.862655], [-16.265207, 19.862657], [-16.265203, 19.862114], [-16.265489, 19.862112], [-16.265491, 19.862383], [-16.265778, 19.862381], [-16.265776, 19.86211], [-16.266062, 19.862108], [-16.266056, 19.861295], [-16.265769, 19.861297], [-16.265773, 19.861839], [-16.265487, 19.861841], [-16.265485, 19.86157], [-16.264912, 19.861574], [-16.264914, 19.861845], [-16.264628, 19.861848], [-16.264625, 19.861576], [-16.264339, 19.861579], [-16.264337, 19.861307], [-16.26405, 19.86131], [-16.264052, 19.861581], [-16.263766, 19.861583], [-16.263768, 19.861854], [-16.263482, 19.861856], [-16.263486, 19.862398], [-16.263199, 19.8624], [-16.263202, 19.862671], [-16.262915, 19.862673], [-16.262917, 19.862944], [-16.262631, 19.862946], [-16.262637, 19.863759], [-16.262351, 19.863761], [-16.262366, 19.865658], [-16.262652, 19.865656], [-16.26265, 19.865385], [-16.262937, 19.865383], [-16.262934, 19.865112], [-16.263221, 19.86511], [-16.263225, 19.865652], [-16.262939, 19.865654], [-16.262943, 19.866196], [-16.262657, 19.866198], [-16.262661, 19.86674], [-16.262374, 19.866742], [-16.26237, 19.8662], [-16.261797, 19.866204], [-16.261801, 19.866747], [-16.261515, 19.866749], [-16.261517, 19.86702], [-16.261231, 19.867022], [-16.261235, 19.867564], [-16.260948, 19.867566], [-16.26095, 19.867837], [-16.260664, 19.867839], [-16.260668, 19.868381], [-16.260955, 19.868379], [-16.260957, 19.86865], [-16.261243, 19.868648], [-16.261246, 19.868919], [-16.261532, 19.868917]], [[-16.263507, 19.865108], [-16.263221, 19.86511], [-16.263217, 19.864568], [-16.263503, 19.864566], [-16.263501, 19.864295], [-16.263787, 19.864293], [-16.263785, 19.864022], [-16.264072, 19.86402], [-16.264074, 19.864291], [-16.26436, 19.864289], [-16.264365, 19.864831], [-16.263505, 19.864837], [-16.263507, 19.865108]], [[-16.263783, 19.863751], [-16.263497, 19.863753], [-16.263492, 19.863211], [-16.263206, 19.863213], [-16.263204, 19.862942], [-16.26349, 19.86294], [-16.263488, 19.862669], [-16.263775, 19.862667], [-16.26377, 19.862125], [-16.264057, 19.862123], [-16.264055, 19.861852], [-16.264628, 19.861848], [-16.264632, 19.86239], [-16.264345, 19.862392], [-16.264352, 19.863205], [-16.264065, 19.863207], [-16.264067, 19.863478], [-16.263781, 19.86348], [-16.263783, 19.863751]]]}, "properties": {"layer": "core", "exposure_min": 0.6, "area_ha": 16.11}}, {"type": "Feature", "geometry": {"type": "Polygon", "coordinates": [[[-16.286135, 19.864404], [-16.286133, 19.864133], [-16.286706, 19.864129], [-16.286703, 19.863858], [-16.28699, 19.863856], [-16.286988, 19.863585], [-16.28842, 19.863574], [-16.288422, 19.863845], [-16.288995, 19.863841], [-16.288993, 19.86357], [-16.288706, 19.863572], [-16.288704, 19.863301], [-16.288418, 19.863303], [-16.288416, 19.863032], [-16.288129, 19.863034], [-16.288127, 19.862763], [-16.287554, 19.862768], [-16.287552, 19.862497], [-16.286979, 19.862501], [-16.286977, 19.86223], [-16.287836, 19.862223], [-16.287834, 19.861952], [-16.287547, 19.861954], [-16.287539, 19.86087], [-16.286679, 19.860877], [-16.286681, 19.861148], [-16.286968, 19.861145], [-16.28697, 19.861417], [-16.286684, 19.861419], [-16.286688, 19.861961], [-16.286402, 19.861963], [-16.286406, 19.862505], [-16.285833, 19.862509], [-16.285835, 19.86278], [-16.285549, 19.862782], [-16.285551, 19.863053], [-16.284978, 19.863057], [-16.284976, 19.862786], [-16.284403, 19.86279], [-16.284405, 19.863061], [-16.284119, 19.863063], [-16.284116, 19.862792], [-16.28383, 19.862794], [-16.283828, 19.862523], [-16.283541, 19.862525], [-16.283543, 19.862796], [-16.282397, 19.862805], [-16.282402, 19.863347], [-16.282975, 19.863343], [-16.282977, 19.863614], [-16.28355, 19.86361], [-16.283554, 19.864152], [-16.284127, 19.864148], [-16.284129, 19.864419], [-16.286135, 19.864404]], [[-16.287845, 19.863308], [-16.287558, 19.86331], [-16.287556, 19.863039], [-16.287843, 19.863037], [-16.287845, 19.863308]]]}, "properties": {"layer": "core", "exposure_min": 0.6, "area_ha": 10.26}}, {"type": "Feature", "geometry": {"type": "Polygon", "coordinates": [[[-16.400989, 19.86137], [-16.400985, 19.860828], [-16.401271, 19.860825], [-16.401269, 19.860554], [-16.401555, 19.860552], [-16.40155, 19.86001], [-16.400977, 19.860015], [-16.40098, 19.860286], [-16.400693, 19.860288], [-16.400698, 19.86083], [-16.400125, 19.860834], [-16.400128, 19.861106], [-16.400414, 19.861103], [-16.400416, 19.861374], [-16.400989, 19.86137]]]}, "properties": {"layer": "core", "exposure_min": 0.6, "area_ha": 1.08}}, {"type": "Feature", "geometry": {"type": "Polygon", "coordinates": [[[-16.346271, 19.861249], [-16.346264, 19.860436], [-16.345978, 19.860439], [-16.345975, 19.860168], [-16.345689, 19.86017], [-16.345687, 19.859899], [-16.3454, 19.859901], [-16.345405, 19.860443], [-16.345118, 19.860445], [-16.34512, 19.860716], [-16.345407, 19.860714], [-16.345409, 19.860985], [-16.345982, 19.860981], [-16.345984, 19.861252], [-16.346271, 19.861249]]]}, "properties": {"layer": "core", "exposure_min": 0.6, "area_ha": 0.99}}, {"type": "Feature", "geometry": {"type": "Polygon", "coordinates": [[[-16.506676, 19.859152], [-16.506666, 19.858068], [-16.50638, 19.858071], [-16.506382, 19.858342], [-16.506096, 19.858344], [-16.506101, 19.858886], [-16.506387, 19.858884], [-16.50639, 19.859155], [-16.506676, 19.859152]]]}, "properties": {"layer": "core", "exposure_min": 0.6, "area_ha": 0.54}}, {"type": "Feature", "geometry": {"type": "Polygon", "coordinates": [[[-16.447965, 19.860723], [-16.447963, 19.860452], [-16.448249, 19.86045], [-16.448247, 19.860179], [-16.448533, 19.860177], [-16.448531, 19.859906], [-16.449104, 19.859901], [-16.449101, 19.85963], [-16.449388, 19.859628], [-16.44938, 19.858814], [-16.449094, 19.858817], [-16.449091, 19.858546], [-16.448518, 19.85855], [-16.448516, 19.858279], [-16.448802, 19.858277], [-16.4488, 19.858006], [-16.448227, 19.858011], [-16.448225, 19.85774], [-16.44536, 19.857763], [-16.445358, 19.857492], [-16.444498, 19.857499], [-16.444501, 19.85777], [-16.443642, 19.857777], [-16.443646, 19.858319], [-16.443074, 19.858324], [-16.443076, 19.858595], [-16.442503, 19.858599], [-16.442506, 19.85887], [-16.442792, 19.858868], [-16.442794, 19.859139], [-16.442508, 19.859141], [-16.442513, 19.859683], [-16.442799, 19.859681], [-16.442802, 19.859952], [-16.443375, 19.859947], [-16.443377, 19.860218], [-16.444236, 19.860211], [-16.444239, 19.860482], [-16.445671, 19.860471], [-16.445674, 19.860742], [-16.447965, 19.860723]], [[-16.447671, 19.859913], [-16.447385, 19.859915], [-16.447382, 19.859644], [-16.447669, 19.859642], [-16.447671, 19.859913]], [[-16.445953, 19.859926], [-16.445666, 19.859929], [-16.445661, 19.859387], [-16.445948, 19.859384], [-16.445953, 19.859926]], [[-16.447666, 19.859371], [-16.447094, 19.859375], [-16.447089, 19.858833], [-16.447375, 19.858831], [-16.447378, 19.859102], [-16.447664, 19.859099], [-16.447666, 19.859371]], [[-16.445661, 19.859387], [-16.445375, 19.859389], [-16.44537, 19.858847], [-16.445656, 19.858845], [-16.445661, 19.859387]], [[-16.444516, 19.859396], [-16.443656, 19.859403], [-16.443654, 19.859132], [-16.444513, 19.859125], [-16.444516, 19.859396]], [[-16.4448, 19.859123], [-16.444513, 19.859125], [-16.444511, 19.858854], [-16.444797, 19.858852], [-16.4448, 19.859123]]]}, "properties": {"layer": "core", "exposure_min": 0.6, "area_ha": 18.0}}, {"type": "Feature", "geometry": {"type": "Polygon", "coordinates": [[[-16.365159, 19.858937], [-16.36515, 19.857853], [-16.364577, 19.857858], [-16.364586, 19.858942], [-16.365159, 19.858937]]]}, "properties": {"layer": "core", "exposure_min": 0.6, "area_ha": 0.72}}, {"type": "Feature", "geometry": {"type": "Polygon", "coordinates": [[[-16.340798, 19.857767], [-16.340796, 19.857496], [-16.341369, 19.857492], [-16.341367, 19.857221], [-16.338789, 19.85724], [-16.338791, 19.857511], [-16.34051, 19.857498], [-16.340512, 19.857769], [-16.340798, 19.857767]]]}, "properties": {"layer": "core", "exposure_min": 0.6, "area_ha": 0.9}}, {"type": "Feature", "geometry": {"type": "Polygon", "coordinates": [[[-16.269523, 19.865065], [-16.269521, 19.864794], [-16.269808, 19.864792], [-16.269803, 19.86425], [-16.27009, 19.864248], [-16.270088, 19.863977], [-16.269228, 19.863983], [-16.269226, 19.863712], [-16.270372, 19.863704], [-16.270374, 19.863975], [-16.270661, 19.863973], [-16.270654, 19.86316], [-16.271227, 19.863156], [-16.271229, 19.863427], [-16.271516, 19.863425], [-16.271514, 19.863154], [-16.272087, 19.86315], [-16.272082, 19.862608], [-16.272369, 19.862606], [-16.272367, 19.862335], [-16.272653, 19.862332], [-16.272651, 19.862061], [-16.272937, 19.862059], [-16.272933, 19.861517], [-16.27236, 19.861521], [-16.272362, 19.861792], [-16.271789, 19.861797], [-16.271791, 19.862068], [-16.271219, 19.862072], [-16.271216, 19.861801], [-16.27093, 19.861803], [-16.270928, 19.861532], [-16.270068, 19.861538], [-16.27007, 19.861809], [-16.270357, 19.861807], [-16.270359, 19.862078], [-16.269786, 19.862082], [-16.269784, 19.861811], [-16.269498, 19.861813], [-16.269491, 19.861], [-16.269778, 19.860998], [-16.269775, 19.860727], [-16.270062, 19.860725], [-16.27006, 19.860454], [-16.272065, 19.860439], [-16.272063, 19.860168], [-16.272349, 19.860166], [-16.272343, 19.859353], [-16.272056, 19.859355], [-16.272043, 19.857729], [-16.271757, 19.857731], [-16.271755, 19.85746], [-16.271468, 19.857462], [-16.27147, 19.857733], [-16.271184, 19.857735], [-16.271195, 19.85909], [-16.271481, 19.859088], [-16.271483, 19.859359], [-16.271197, 19.859361], [-16.271201, 19.859903], [-16.270915, 19.859905], [-16.270917, 19.860176], [-16.27063, 19.860178], [-16.270628, 19.859907], [-16.270055, 19.859912], [-16.270053, 19.859641], [-16.269767, 19.859643], [-16.269771, 19.860185], [-16.269198, 19.860189], [-16.2692, 19.86046], [-16.268914, 19.860462], [-16.268918, 19.861004], [-16.268632, 19.861006], [-16.268636, 19.861548], [-16.26835, 19.86155], [-16.268358, 19.862634], [-16.268645, 19.862632], [-16.268642, 19.862361], [-16.269215, 19.862357], [-16.269218, 19.862628], [-16.269504, 19.862626], [-16.269506, 19.862897], [-16.268074, 19.862907], [-16.268078, 19.863449], [-16.267505, 19.863453], [-16.267514, 19.864538], [-16.26866, 19.864529], [-16.268662, 19.8648], [-16.269235, 19.864796], [-16.269237, 19.865067], [-16.269523, 19.865065]]]}, "properties": {"layer": "core", "exposure_min": 0.6, "area_ha": 16.11}}, {"type": "Feature", "geometry": {"type": "Polygon", "coordinates": [[[-16.281501, 19.858203], [-16.281497, 19.857661], [-16.28121, 19.857663], [-16.281208, 19.857392], [-16.280922, 19.857394], [-16.280919, 19.857123], [-16.280347, 19.857127], [-16.280351, 19.857669], [-16.280637, 19.857667], [-16.280639, 19.857938], [-16.281212, 19.857934], [-16.281215, 19.858205], [-16.281501, 19.858203]]]}, "properties": {"layer": "core", "exposure_min": 0.6, "area_ha": 0.81}}, {"type": "Feature", "geometry": {"type": "Polygon", "coordinates": [[[-16.473703, 19.855905], [-16.4737, 19.855634], [-16.473987, 19.855631], [-16.473982, 19.855089], [-16.473695, 19.855092], [-16.473693, 19.854821], [-16.47312, 19.854825], [-16.473115, 19.854283], [-16.471969, 19.854293], [-16.471972, 19.854564], [-16.472545, 19.854559], [-16.47255, 19.855101], [-16.472836, 19.855099], [-16.472839, 19.85537], [-16.473125, 19.855367], [-16.473123, 19.855096], [-16.473409, 19.855094], [-16.473417, 19.855907], [-16.473703, 19.855905]]]}, "properties": {"layer": "core", "exposure_min": 0.6, "area_ha": 1.44}}, {"type": "Feature", "geometry": {"type": "Polygon", "coordinates": [[[-16.463678, 19.855987], [-16.46367, 19.855174], [-16.463957, 19.855172], [-16.463954, 19.854901], [-16.463668, 19.854903], [-16.463665, 19.854632], [-16.463379, 19.854635], [-16.463376, 19.854364], [-16.462803, 19.854368], [-16.462811, 19.855181], [-16.463097, 19.855179], [-16.4631, 19.85545], [-16.463386, 19.855448], [-16.463391, 19.85599], [-16.463678, 19.855987]]]}, "properties": {"layer": "core", "exposure_min": 0.6, "area_ha": 1.17}}, {"type": "Feature", "geometry": {"type": "Polygon", "coordinates": [[[-16.337634, 19.856165], [-16.337629, 19.855623], [-16.337343, 19.855625], [-16.337341, 19.855354], [-16.337054, 19.855356], [-16.337056, 19.855627], [-16.33677, 19.855629], [-16.336772, 19.8559], [-16.337059, 19.855898], [-16.337061, 19.856169], [-16.337634, 19.856165]]]}, "properties": {"layer": "core", "exposure_min": 0.6, "area_ha": 0.54}}, {"type": "Feature", "geometry": {"type": "Polygon", "coordinates": [[[-16.379456, 19.855846], [-16.379451, 19.855304], [-16.379738, 19.855302], [-16.379735, 19.855031], [-16.379162, 19.855035], [-16.379165, 19.855306], [-16.378878, 19.855308], [-16.378883, 19.85585], [-16.379456, 19.855846]]]}, "properties": {"layer": "core", "exposure_min": 0.6, "area_ha": 0.54}}, {"type": "Feature", "geometry": {"type": "Polygon", "coordinates": [[[-16.375196, 19.860215], [-16.375192, 19.859673], [-16.375478, 19.859671], [-16.375474, 19.859129], [-16.376046, 19.859125], [-16.376042, 19.858583], [-16.376328, 19.85858], [-16.376324, 19.858038], [-16.376896, 19.858034], [-16.376892, 19.857492], [-16.377178, 19.85749], [-16.377176, 19.857219], [-16.377462, 19.857216], [-16.37746, 19.856945], [-16.378033, 19.856941], [-16.378031, 19.85667], [-16.378317, 19.856668], [-16.378315, 19.856397], [-16.378601, 19.856395], [-16.378596, 19.855852], [-16.37831, 19.855855], [-16.378312, 19.856126], [-16.378026, 19.856128], [-16.378028, 19.856399], [-16.377455, 19.856403], [-16.377453, 19.856132], [-16.377739, 19.85613], [-16.377735, 19.855588], [-16.377448, 19.85559], [-16.377446, 19.855319], [-16.37716, 19.855322], [-16.377155, 19.854779], [-16.376868, 19.854782], [-16.376871, 19.855053], [-16.376584, 19.855055], [-16.376587, 19.855326], [-16.3763, 19.855328], [-16.376305, 19.85587], [-16.376018, 19.855872], [-16.376021, 19.856143], [-16.375734, 19.856146], [-16.375737, 19.856417], [-16.37545, 19.856419], [-16.375453, 19.85669], [-16.374307, 19.856699], [-16.374309, 19.85697], [-16.374023, 19.856972], [-16.374025, 19.857243], [-16.373738, 19.857245], [-16.373741, 19.857516], [-16.374027, 19.857514], [-16.37403, 19.857785], [-16.374316, 19.857783], [-16.374321, 19.858325], [-16.374034, 19.858327], [-16.374037, 19.858598], [-16.374323, 19.858596], [-16.374328, 19.859138], [-16.374614, 19.859136], [-16.374619, 19.859678], [-16.374905, 19.859676], [-16.37491, 19.860218], [-16.375196, 19.860215]]]}, "properties": {"layer": "core", "exposure_min": 0.6, "area_ha": 11.52}}, {"type": "Feature", "geometry": {"type": "Polygon", "coordinates": [[[-16.495201, 19.857352], [-16.495193, 19.856539], [-16.495766, 19.856534], [-16.495764, 19.856263], [-16.496336, 19.856258], [-16.496326, 19.855174], [-16.49604, 19.855177], [-16.496037, 19.854906], [-16.495751, 19.854908], [-16.495748, 19.854637], [-16.496035, 19.854635], [-16.49603, 19.854092], [-16.496316, 19.85409], [-16.496314, 19.853819], [-16.495454, 19.853826], [-16.495457, 19.854097], [-16.494884, 19.854102], [-16.494887, 19.854373], [-16.4946, 19.854376], [-16.49461, 19.85546], [-16.494324, 19.855462], [-16.494329, 19.856004], [-16.494042, 19.856006], [-16.494048, 19.856548], [-16.493761, 19.856551], [-16.493759, 19.85628], [-16.493186, 19.856285], [-16.493188, 19.856556], [-16.492902, 19.856558], [-16.492907, 19.8571], [-16.493766, 19.857093], [-16.493764, 19.856822], [-16.49405, 19.856819], [-16.494053, 19.85709], [-16.494912, 19.857083], [-16.494914, 19.857354], [-16.495201, 19.857352]], [[-16.495191, 19.856268], [-16.494904, 19.85627], [-16.494899, 19.855728], [-16.495186, 19.855726], [-16.495191, 19.856268]], [[-16.496042, 19.855448], [-16.495756, 19.85545], [-16.495753, 19.855179], [-16.49604, 19.855177], [-16.496042, 19.855448]]]}, "properties": {"layer": "core", "exposure_min": 0.6, "area_ha": 6.3}}, {"type": "Feature", "geometry": {"type": "Polygon", "coordinates": [[[-16.380604, 19.856108], [-16.380602, 19.855837], [-16.380888, 19.855835], [-16.380886, 19.855564], [-16.381172, 19.855562], [-16.38117, 19.85529], [-16.381456, 19.855288], [-16.381454, 19.855017], [-16.382027, 19.855013], [-16.38202, 19.8542], [-16.381447, 19.854204], [-16.381449, 19.854475], [-16.381163, 19.854477], [-16.381165, 19.854748], [-16.380879, 19.854751], [-16.380883, 19.855293], [-16.380597, 19.855295], [-16.380599, 19.855566], [-16.380313, 19.855568], [-16.380315, 19.855839], [-16.380029, 19.855841], [-16.380031, 19.856112], [-16.380604, 19.856108]]]}, "properties": {"layer": "core", "exposure_min": 0.6, "area_ha": 1.53}}, {"type": "Feature", "geometry": {"type": "Polygon", "coordinates": [[[-16.46567, 19.854616], [-16.465663, 19.853803], [-16.465949, 19.8538], [-16.465947, 19.853529], [-16.46566, 19.853532], [-16.465658, 19.853261], [-16.465371, 19.853263], [-16.465374, 19.853534], [-16.465087, 19.853536], [-16.465092, 19.854078], [-16.465379, 19.854076], [-16.465384, 19.854618], [-16.46567, 19.854616]]]}, "properties": {"layer": "core", "exposure_min": 0.6, "area_ha": 0.72}}, {"type": "Feature", "geometry": {"type": "Polygon", "coordinates": [[[-16.393246, 19.860346], [-16.393241, 19.859804], [-16.393527, 19.859802], [-16.39353, 19.860073], [-16.393816, 19.860071], [-16.393809, 19.859258], [-16.394095, 19.859256], [-16.394091, 19.858713], [-16.393804, 19.858716], [-16.393792, 19.857361], [-16.393506, 19.857363], [-16.393499, 19.85655], [-16.393212, 19.856552], [-16.393208, 19.85601], [-16.393494, 19.856008], [-16.393485, 19.854924], [-16.393771, 19.854921], [-16.393759, 19.853566], [-16.393473, 19.853568], [-16.393466, 19.852755], [-16.392606, 19.852762], [-16.392609, 19.853033], [-16.39089, 19.853047], [-16.390895, 19.853589], [-16.390608, 19.853591], [-16.390613, 19.854133], [-16.39004, 19.854137], [-16.390043, 19.854408], [-16.389756, 19.854411], [-16.389759, 19.854682], [-16.389472, 19.854684], [-16.389474, 19.854955], [-16.389188, 19.854957], [-16.38919, 19.855228], [-16.388904, 19.85523], [-16.388909, 19.855772], [-16.388622, 19.855775], [-16.388625, 19.856046], [-16.388338, 19.856048], [-16.38834, 19.856319], [-16.388054, 19.856321], [-16.388056, 19.856592], [-16.38777, 19.856594], [-16.387772, 19.856865], [-16.387486, 19.856868], [-16.387488, 19.857139], [-16.387202, 19.857141], [-16.387206, 19.857683], [-16.38692, 19.857685], [-16.386922, 19.857956], [-16.386636, 19.857958], [-16.386638, 19.85823], [-16.386352, 19.858232], [-16.386354, 19.858503], [-16.386068, 19.858505], [-16.38607, 19.858776], [-16.386643, 19.858772], [-16.386641, 19.858501], [-16.3875, 19.858494], [-16.387498, 19.858223], [-16.387784, 19.858221], [-16.387782, 19.85795], [-16.388068, 19.857947], [-16.388066, 19.857676], [-16.388352, 19.857674], [-16.38835, 19.857403], [-16.388923, 19.857399], [-16.38892, 19.857128], [-16.389207, 19.857125], [-16.389205, 19.856854], [-16.389491, 19.856852], [-16.389486, 19.85631], [-16.389773, 19.856308], [-16.38977, 19.856037], [-16.390057, 19.856035], [-16.390054, 19.855764], [-16.390341, 19.855761], [-16.390338, 19.85549], [-16.390625, 19.855488], [-16.390623, 19.855217], [-16.390909, 19.855215], [-16.390907, 19.854944], [-16.391193, 19.854941], [-16.391195, 19.855213], [-16.391482, 19.85521], [-16.39148, 19.854939], [-16.392052, 19.854935], [-16.39205, 19.854664], [-16.392623, 19.854659], [-16.392625, 19.85493], [-16.392339, 19.854933], [-16.392346, 19.855746], [-16.39206, 19.855748], [-16.392078, 19.857916], [-16.392365, 19.857914], [-16.392379, 19.85954], [-16.392666, 19.859538], [-16.39267, 19.86008], [-16.392957, 19.860078], [-16.392959, 19.860349], [-16.393246, 19.860346]], [[-16.390902, 19.854402], [-16.390615, 19.854404], [-16.390613, 19.854133], [-16.3909, 19.854131], [-16.390902, 19.854402]]]}, "properties": {"layer": "core", "exposure_min": 0.6, "area_ha": 21.87}}, {"type": "Feature", "geometry": {"type": "Polygon", "coordinates": [[[-16.270027, 19.856388], [-16.270025, 19.856117], [-16.271171, 19.856109], [-16.271169, 19.855838], [-16.272028, 19.855832], [-16.272024, 19.85529], [-16.271737, 19.855292], [-16.271725, 19.853665], [-16.271438, 19.853667], [-16.271436, 19.853396], [-16.271149, 19.853398], [-16.271152, 19.85367], [-16.270865, 19.853672], [-16.270878, 19.855298], [-16.270305, 19.855302], [-16.270303, 19.855031], [-16.26973, 19.855035], [-16.269741, 19.85639], [-16.270027, 19.856388]]]}, "properties": {"layer": "core", "exposure_min": 0.6, "area_ha": 3.87}}, {"type": "Feature", "geometry": {"type": "Polygon", "coordinates": [[[-16.464604, 19.863298], [-16.464599, 19.862756], [-16.46374, 19.862763], [-16.463735, 19.862221], [-16.463162, 19.862225], [-16.463152, 19.861141], [-16.462866, 19.861144], [-16.462856, 19.86006], [-16.462569, 19.860062], [-16.462567, 19.859791], [-16.46228, 19.859793], [-16.462273, 19.85898], [-16.461986, 19.858983], [-16.461984, 19.858712], [-16.461697, 19.858714], [-16.461695, 19.858443], [-16.461981, 19.858441], [-16.461979, 19.85817], [-16.461406, 19.858174], [-16.461401, 19.857632], [-16.461115, 19.857635], [-16.461112, 19.857364], [-16.460826, 19.857366], [-16.460821, 19.856824], [-16.460534, 19.856826], [-16.460537, 19.857097], [-16.46025, 19.8571], [-16.460248, 19.856829], [-16.459961, 19.856831], [-16.459966, 19.857373], [-16.45968, 19.857375], [-16.459685, 19.857917], [-16.459398, 19.85792], [-16.459401, 19.858191], [-16.458542, 19.858198], [-16.458539, 19.857927], [-16.458253, 19.857929], [-16.458248, 19.857387], [-16.457961, 19.857389], [-16.457959, 19.857118], [-16.458245, 19.857116], [-16.45824, 19.856574], [-16.457954, 19.856576], [-16.457949, 19.856034], [-16.458235, 19.856032], [-16.458233, 19.855761], [-16.459092, 19.855754], [-16.45909, 19.855483], [-16.459376, 19.85548], [-16.459374, 19.855209], [-16.45966, 19.855207], [-16.459658, 19.854936], [-16.459944, 19.854934], [-16.459939, 19.854392], [-16.460225, 19.854389], [-16.460223, 19.854118], [-16.460509, 19.854116], [-16.460507, 19.853845], [-16.460793, 19.853843], [-16.460788, 19.853301], [-16.461075, 19.853298], [-16.461072, 19.853027], [-16.461359, 19.853025], [-16.461356, 19.852754], [-16.461643, 19.852752], [-16.461638, 19.85221], [-16.462211, 19.852205], [-16.462208, 19.851934], [-16.461635, 19.851938], [-16.461628, 19.851125], [-16.461341, 19.851128], [-16.461344, 19.851399], [-16.461057, 19.851401], [-16.46106, 19.851672], [-16.460774, 19.851675], [-16.460776, 19.851946], [-16.46049, 19.851948], [-16.460492, 19.852219], [-16.460206, 19.852221], [-16.460213, 19.853034], [-16.45964, 19.853039], [-16.459645, 19.853581], [-16.459359, 19.853583], [-16.459361, 19.853854], [-16.458788, 19.853859], [-16.458791, 19.85413], [-16.458218, 19.854135], [-16.458223, 19.854677], [-16.458509, 19.854674], [-16.458507, 19.854403], [-16.458793, 19.854401], [-16.458796, 19.854672], [-16.459082, 19.85467], [-16.459085, 19.854941], [-16.458512, 19.854945], [-16.458514, 19.855217], [-16.457655, 19.855224], [-16.45766, 19.855766], [-16.457373, 19.855768], [-16.457378, 19.85631], [-16.457092, 19.856312], [-16.457104, 19.857667], [-16.457391, 19.857665], [-16.457393, 19.857936], [-16.45682, 19.857941], [-16.456818, 19.85767], [-16.456531, 19.857672], [-16.456536, 19.858214], [-16.457396, 19.858207], [-16.457401, 19.858749], [-16.457687, 19.858747], [-16.45769, 19.859018], [-16.457403, 19.85902], [-16.457406, 19.859291], [-16.457692, 19.859289], [-16.457695, 19.85956], [-16.457981, 19.859557], [-16.457986, 19.860099], [-16.458272, 19.860097], [-16.458275, 19.860368], [-16.457988, 19.860371], [-16.457991, 19.860642], [-16.457704, 19.860644], [-16.457707, 19.860915], [-16.457993, 19.860913], [-16.458003, 19.861997], [-16.45829, 19.861994], [-16.458292, 19.862265], [-16.458865, 19.862261], [-16.45887, 19.862803], [-16.459157, 19.8628], [-16.459154, 19.862529], [-16.459441, 19.862527], [-16.459443, 19.862798], [-16.459729, 19.862796], [-16.459734, 19.863338], [-16.460021, 19.863335], [-16.460016, 19.862793], [-16.460302, 19.862791], [-16.4603, 19.86252], [-16.460586, 19.862518], [-16.460589, 19.862789], [-16.461162, 19.862784], [-16.461154, 19.861971], [-16.460868, 19.861973], [-16.460858, 19.860889], [-16.461144, 19.860887], [-16.461149, 19.861429], [-16.461436, 19.861426], [-16.461433, 19.861155], [-16.462006, 19.861151], [-16.462009, 19.861422], [-16.462295, 19.861419], [-16.462298, 19.86169], [-16.46287, 19.861686], [-16.462878, 19.862499], [-16.462305, 19.862503], [-16.462308, 19.862774], [-16.463167, 19.862767], [-16.463172, 19.863309], [-16.463745, 19.863305], [-16.463742, 19.863034], [-16.464315, 19.863029], [-16.464318, 19.8633], [-16.464604, 19.863298]], [[-16.460873, 19.862515], [-16.460586, 19.862518], [-16.460584, 19.862247], [-16.46087, 19.862244], [-16.460873, 19.862515]], [[-16.458267, 19.859555], [-16.457981, 19.859557], [-16.457979, 19.859286], [-16.458265, 19.859284], [-16.458267, 19.859555]], [[-16.461117, 19.857906], [-16.460831, 19.857908], [-16.460828, 19.857637], [-16.461115, 19.857635], [-16.461117, 19.857906]]]}, "properties": {"layer": "core", "exposure_min": 0.6, "area_ha": 35.01}}, {"type": "Feature", "geometry": {"type": "Polygon", "coordinates": [[[-16.337054, 19.855356], [-16.337047, 19.854543], [-16.33762, 19.854538], [-16.337618, 19.854267], [-16.337045, 19.854272], [-16.337038, 19.853459], [-16.336752, 19.853461], [-16.336749, 19.85319], [-16.336463, 19.853192], [-16.336461, 19.852921], [-16.336174, 19.852923], [-16.336172, 19.852652], [-16.335599, 19.852656], [-16.335597, 19.852385], [-16.33531, 19.852387], [-16.335308, 19.852116], [-16.335022, 19.852118], [-16.335019, 19.851847], [-16.334733, 19.85185], [-16.334744, 19.853205], [-16.335317, 19.8532], [-16.33532, 19.853471], [-16.335033, 19.853474], [-16.335035, 19.853745], [-16.335322, 19.853742], [-16.335324, 19.854014], [-16.335038, 19.854016], [-16.335044, 19.854829], [-16.335331, 19.854827], [-16.335333, 19.855098], [-16.33562, 19.855096], [-16.335615, 19.854553], [-16.336188, 19.854549], [-16.33619, 19.85482], [-16.336763, 19.854816], [-16.336768, 19.855358], [-16.337054, 19.855356]], [[-16.335613, 19.854282], [-16.335326, 19.854285], [-16.335324, 19.854014], [-16.335611, 19.854011], [-16.335613, 19.854282]]]}, "properties": {"layer": "core", "exposure_min": 0.6, "area_ha": 5.22}}, {"type": "Feature", "geometry": {"type": "Polygon", "coordinates": [[[-16.464208, 19.851375], [-16.464201, 19.850562], [-16.463914, 19.850565], [-16.463912, 19.850294], [-16.463339, 19.850298], [-16.463337, 19.850027], [-16.462764, 19.850032], [-16.462769, 19.850574], [-16.461909, 19.850581], [-16.461917, 19.851394], [-16.462203, 19.851392], [-16.462201, 19.851121], [-16.462774, 19.851116], [-16.462771, 19.850845], [-16.463344, 19.85084], [-16.463341, 19.850569], [-16.463628, 19.850567], [-16.463635, 19.85138], [-16.464208, 19.851375]]]}, "properties": {"layer": "core", "exposure_min": 0.6, "area_ha": 1.89}}, {"type": "Feature", "geometry": {"type": "Polygon", "coordinates": [[[-16.334451, 19.852394], [-16.334447, 19.851852], [-16.334733, 19.85185], [-16.334731, 19.851579], [-16.334444, 19.851581], [-16.33444, 19.851039], [-16.333867, 19.851043], [-16.333871, 19.851585], [-16.333585, 19.851587], [-16.333587, 19.851858], [-16.333874, 19.851856], [-16.333876, 19.852127], [-16.334162, 19.852125], [-16.334165, 19.852396], [-16.334451, 19.852394]]]}, "properties": {"layer": "core", "exposure_min": 0.6, "area_ha": 0.99}}, {"type": "Feature", "geometry": {"type": "Polygon", "coordinates": [[[-16.468796, 19.85188], [-16.468794, 19.851609], [-16.468507, 19.851611], [-16.468505, 19.85134], [-16.468791, 19.851338], [-16.468789, 19.851067], [-16.468502, 19.851069], [-16.468497, 19.850527], [-16.468784, 19.850525], [-16.468781, 19.850254], [-16.468495, 19.850256], [-16.468492, 19.849985], [-16.467919, 19.84999], [-16.467922, 19.850261], [-16.467635, 19.850263], [-16.467638, 19.850534], [-16.467924, 19.850532], [-16.467929, 19.851074], [-16.467643, 19.851076], [-16.467645, 19.851347], [-16.467932, 19.851345], [-16.467937, 19.851887], [-16.468796, 19.85188]]]}, "properties": {"layer": "core", "exposure_min": 0.6, "area_ha": 1.71}}, {"type": "Feature", "geometry": {"type": "Polygon", "coordinates": [[[-16.423857, 19.855768], [-16.423855, 19.855497], [-16.42586, 19.855481], [-16.425858, 19.85521], [-16.426144, 19.855207], [-16.426139, 19.854665], [-16.426426, 19.854663], [-16.426421, 19.854121], [-16.426134, 19.854123], [-16.42613, 19.853581], [-16.425557, 19.853586], [-16.425552, 19.853044], [-16.424979, 19.853048], [-16.424974, 19.852506], [-16.424401, 19.852511], [-16.424394, 19.851698], [-16.42468, 19.851696], [-16.424673, 19.850883], [-16.424387, 19.850885], [-16.424382, 19.850343], [-16.424095, 19.850345], [-16.424093, 19.850074], [-16.422661, 19.850085], [-16.422663, 19.850356], [-16.422377, 19.850359], [-16.422379, 19.85063], [-16.422093, 19.850632], [-16.422102, 19.851716], [-16.422389, 19.851714], [-16.422394, 19.852256], [-16.421821, 19.85226], [-16.421823, 19.852531], [-16.421537, 19.852534], [-16.421539, 19.852805], [-16.421253, 19.852807], [-16.421255, 19.853078], [-16.420969, 19.85308], [-16.420971, 19.853351], [-16.420685, 19.853354], [-16.420697, 19.854709], [-16.420983, 19.854707], [-16.420988, 19.855249], [-16.421275, 19.855246], [-16.421277, 19.855517], [-16.42185, 19.855513], [-16.421852, 19.855784], [-16.422139, 19.855781], [-16.422136, 19.85551], [-16.422996, 19.855504], [-16.422998, 19.855775], [-16.423857, 19.855768]]]}, "properties": {"layer": "core", "exposure_min": 0.6, "area_ha": 23.58}}, {"type": "Feature", "geometry": {"type": "Polygon", "coordinates": [[[-16.381433, 19.852578], [-16.381426, 19.851765], [-16.381712, 19.851763], [-16.3817, 19.850408], [-16.381414, 19.85041], [-16.381421, 19.851223], [-16.381135, 19.851225], [-16.381146, 19.85258], [-16.381433, 19.852578]]]}, "properties": {"layer": "core", "exposure_min": 0.6, "area_ha": 0.9}}, {"type": "Feature", "geometry": {"type": "Polygon", "coordinates": [[[-16.378578, 19.853684], [-16.378575, 19.853413], [-16.378862, 19.853411], [-16.37886, 19.85314], [-16.379432, 19.853136], [-16.37943, 19.852865], [-16.379716, 19.852862], [-16.379714, 19.852591], [-16.380001, 19.852589], [-16.379998, 19.852318], [-16.380285, 19.852316], [-16.380278, 19.851503], [-16.380564, 19.851501], [-16.380562, 19.85123], [-16.380848, 19.851227], [-16.380841, 19.850414], [-16.381128, 19.850412], [-16.381125, 19.850141], [-16.380552, 19.850145], [-16.380557, 19.850687], [-16.380271, 19.85069], [-16.380273, 19.850961], [-16.379987, 19.850963], [-16.379989, 19.851234], [-16.379702, 19.851236], [-16.379705, 19.851507], [-16.379418, 19.851509], [-16.379421, 19.85178], [-16.379134, 19.851783], [-16.379139, 19.852325], [-16.378852, 19.852327], [-16.378855, 19.852598], [-16.378568, 19.8526], [-16.378571, 19.852871], [-16.378284, 19.852873], [-16.378287, 19.853144], [-16.378, 19.853147], [-16.378005, 19.853689], [-16.378578, 19.853684]]]}, "properties": {"layer": "core", "exposure_min": 0.6, "area_ha": 3.51}}, {"type": "Feature", "geometry": {"type": "Polygon", "coordinates": [[[-16.465058, 19.850284], [-16.46505, 19.849471], [-16.465337, 19.849469], [-16.465334, 19.849198], [-16.465048, 19.8492], [-16.465045, 19.848929], [-16.464759, 19.848931], [-16.464761, 19.849202], [-16.464475, 19.849205], [-16.464485, 19.850289], [-16.465058, 19.850284]]]}, "properties": {"layer": "core", "exposure_min": 0.6, "area_ha": 0.9}}, {"type": "Feature", "geometry": {"type": "Polygon", "coordinates": [[[-16.369181, 19.860262], [-16.369179, 19.859991], [-16.369465, 19.859989], [-16.36946, 19.859447], [-16.369747, 19.859444], [-16.36974, 19.858631], [-16.370026, 19.858629], [-16.370022, 19.858087], [-16.370308, 19.858085], [-16.370299, 19.857001], [-16.370585, 19.856998], [-16.370578, 19.856185], [-16.370865, 19.856183], [-16.370862, 19.855912], [-16.371149, 19.85591], [-16.371146, 19.855639], [-16.370574, 19.855643], [-16.370571, 19.855372], [-16.370285, 19.855374], [-16.370287, 19.855646], [-16.370001, 19.855648], [-16.370003, 19.855919], [-16.36943, 19.855923], [-16.369432, 19.856194], [-16.368859, 19.856199], [-16.368857, 19.855928], [-16.368571, 19.85593], [-16.368568, 19.855659], [-16.368855, 19.855657], [-16.368853, 19.855385], [-16.369139, 19.855383], [-16.369137, 19.855112], [-16.369423, 19.85511], [-16.369418, 19.854568], [-16.369705, 19.854566], [-16.3697, 19.854024], [-16.369127, 19.854028], [-16.36913, 19.854299], [-16.368843, 19.854301], [-16.368846, 19.854572], [-16.367986, 19.854579], [-16.367984, 19.854308], [-16.368557, 19.854304], [-16.36855, 19.853491], [-16.368263, 19.853493], [-16.368249, 19.851867], [-16.368536, 19.851864], [-16.368529, 19.851051], [-16.368815, 19.851049], [-16.368813, 19.850778], [-16.369099, 19.850776], [-16.369088, 19.849421], [-16.368801, 19.849423], [-16.368804, 19.849694], [-16.368517, 19.849696], [-16.36852, 19.849967], [-16.368233, 19.849969], [-16.368235, 19.85024], [-16.367949, 19.850243], [-16.367951, 19.850514], [-16.367665, 19.850516], [-16.367667, 19.850787], [-16.367381, 19.850789], [-16.367383, 19.85106], [-16.367097, 19.851062], [-16.367099, 19.851333], [-16.366813, 19.851335], [-16.366815, 19.851606], [-16.366528, 19.851609], [-16.366531, 19.85188], [-16.366244, 19.851882], [-16.366251, 19.852695], [-16.365965, 19.852697], [-16.365967, 19.852968], [-16.365681, 19.85297], [-16.365683, 19.853241], [-16.365969, 19.853239], [-16.365974, 19.853781], [-16.366547, 19.853777], [-16.366549, 19.854048], [-16.366263, 19.85405], [-16.36627, 19.854863], [-16.365983, 19.854865], [-16.365986, 19.855136], [-16.365699, 19.855139], [-16.365702, 19.85541], [-16.365415, 19.855412], [-16.365417, 19.855683], [-16.365131, 19.855685], [-16.365133, 19.855956], [-16.364847, 19.855958], [-16.364851, 19.8565], [-16.365138, 19.856498], [-16.365145, 19.857311], [-16.365431, 19.857309], [-16.365436, 19.857851], [-16.365722, 19.857849], [-16.365729, 19.858662], [-16.366016, 19.85866], [-16.366021, 19.859202], [-16.366307, 19.8592], [-16.366305, 19.858929], [-16.366591, 19.858926], [-16.366586, 19.858384], [-16.367446, 19.858378], [-16.367444, 19.858107], [-16.36773, 19.858105], [-16.367732, 19.858376], [-16.368305, 19.858371], [-16.368296, 19.857287], [-16.368582, 19.857285], [-16.368606, 19.859995], [-16.368892, 19.859993], [-16.368894, 19.860264], [-16.369181, 19.860262]], [[-16.367444, 19.858107], [-16.367157, 19.858109], [-16.367155, 19.857838], [-16.367441, 19.857836], [-16.367444, 19.858107]], [[-16.367155, 19.857838], [-16.366868, 19.85784], [-16.366864, 19.857298], [-16.36715, 19.857296], [-16.367155, 19.857838]], [[-16.369155, 19.85728], [-16.368869, 19.857283], [-16.368866, 19.857012], [-16.369153, 19.857009], [-16.369155, 19.85728]], [[-16.369151, 19.856738], [-16.368864, 19.856741], [-16.368862, 19.85647], [-16.369148, 19.856467], [-16.369151, 19.856738]], [[-16.367404, 19.853499], [-16.367118, 19.853501], [-16.367111, 19.852688], [-16.367397, 19.852686], [-16.367395, 19.852415], [-16.367681, 19.852413], [-16.367688, 19.853226], [-16.367402, 19.853228], [-16.367404, 19.853499]], [[-16.366826, 19.852962], [-16.36654, 19.852964], [-16.366535, 19.852422], [-16.366822, 19.85242], [-16.366826, 19.852962]]]}, "properties": {"layer": "core", "exposure_min": 0.6, "area_ha": 31.95}}, {"type": "Feature", "geometry": {"type": "Polygon", "coordinates": [[[-16.47364, 19.849129], [-16.473635, 19.848587], [-16.474208, 19.848583], [-16.474206, 19.848312], [-16.473919, 19.848314], [-16.473917, 19.848043], [-16.47363, 19.848045], [-16.473633, 19.848316], [-16.47306, 19.848321], [-16.473063, 19.848592], [-16.473349, 19.84859], [-16.473354, 19.849132], [-16.47364, 19.849129]]]}, "properties": {"layer": "core", "exposure_min": 0.6, "area_ha": 0.63}}, {"type": "Feature", "geometry": {"type": "Polygon", "coordinates": [[[-16.269133, 19.852058], [-16.269131, 19.851787], [-16.269418, 19.851784], [-16.269416, 19.851513], [-16.270561, 19.851505], [-16.270559, 19.851234], [-16.270273, 19.851236], [-16.270269, 19.850694], [-16.269982, 19.850696], [-16.269976, 19.849883], [-16.269689, 19.849885], [-16.269687, 19.849614], [-16.269401, 19.849616], [-16.269398, 19.849345], [-16.268825, 19.849349], [-16.268828, 19.84962], [-16.268541, 19.849622], [-16.268545, 19.850164], [-16.268832, 19.850162], [-16.268836, 19.850704], [-16.26855, 19.850706], [-16.268558, 19.851791], [-16.268845, 19.851789], [-16.268847, 19.85206], [-16.269133, 19.852058]]]}, "properties": {"layer": "core", "exposure_min": 0.6, "area_ha": 3.78}}, {"type": "Feature", "geometry": {"type": "Polygon", "coordinates": [[[-16.334151, 19.85077], [-16.334149, 19.850499], [-16.334435, 19.850497], [-16.334433, 19.850226], [-16.334147, 19.850228], [-16.334135, 19.848873], [-16.334422, 19.84887], [-16.334415, 19.848057], [-16.334128, 19.848059], [-16.334131, 19.84833], [-16.333844, 19.848333], [-16.333851, 19.849146], [-16.333565, 19.849148], [-16.333574, 19.850232], [-16.33386, 19.85023], [-16.333865, 19.850772], [-16.334151, 19.85077]]]}, "properties": {"layer": "core", "exposure_min": 0.6, "area_ha": 1.53}}, {"type": "Feature", "geometry": {"type": "Polygon", "coordinates": [[[-16.255653, 19.849985], [-16.255651, 19.849714], [-16.255937, 19.849712], [-16.255935, 19.84944], [-16.256222, 19.849438], [-16.256215, 19.848625], [-16.255929, 19.848627], [-16.255933, 19.849169], [-16.255647, 19.849171], [-16.255644, 19.8489], [-16.255358, 19.848902], [-16.255356, 19.848631], [-16.255069, 19.848633], [-16.255072, 19.848904], [-16.254785, 19.848906], [-16.254783, 19.848635], [-16.254497, 19.848637], [-16.254494, 19.848366], [-16.253921, 19.84837], [-16.253919, 19.848099], [-16.253346, 19.848103], [-16.253344, 19.847832], [-16.253058, 19.847834], [-16.253062, 19.848376], [-16.253349, 19.848374], [-16.253351, 19.848645], [-16.253637, 19.848643], [-16.253639, 19.848915], [-16.254499, 19.848908], [-16.254503, 19.849451], [-16.254789, 19.849449], [-16.254791, 19.84972], [-16.255078, 19.849718], [-16.255076, 19.849447], [-16.255362, 19.849445], [-16.255367, 19.849987], [-16.255653, 19.849985]]]}, "properties": {"layer": "core", "exposure_min": 0.6, "area_ha": 2.61}}, {"type": "Feature", "geometry": {"type": "Polygon", "coordinates": [[[-16.255354, 19.84836], [-16.255349, 19.847818], [-16.253917, 19.847828], [-16.253919, 19.848099], [-16.254492, 19.848095], [-16.254494, 19.848366], [-16.255354, 19.84836]]]}, "properties": {"layer": "core", "exposure_min": 0.6, "area_ha": 0.72}}, {"type": "Feature", "geometry": {"type": "Polygon", "coordinates": [[[-16.256497, 19.848081], [-16.256495, 19.84781], [-16.256782, 19.847808], [-16.256777, 19.847266], [-16.257637, 19.84726], [-16.257635, 19.846989], [-16.257062, 19.846993], [-16.25706, 19.846722], [-16.256487, 19.846726], [-16.256493, 19.847539], [-16.256207, 19.847541], [-16.256211, 19.848083], [-16.256497, 19.848081]]]}, "properties": {"layer": "core", "exposure_min": 0.6, "area_ha": 0.9}}, {"type": "Feature", "geometry": {"type": "Polygon", "coordinates": [[[-16.268528, 19.847996], [-16.268526, 19.847725], [-16.268813, 19.847723], [-16.268804, 19.846639], [-16.268517, 19.846641], [-16.268515, 19.84637], [-16.267083, 19.84638], [-16.267085, 19.846651], [-16.267372, 19.846649], [-16.267378, 19.847462], [-16.267665, 19.84746], [-16.267662, 19.847189], [-16.267949, 19.847187], [-16.267951, 19.847458], [-16.268237, 19.847456], [-16.268242, 19.847998], [-16.268528, 19.847996]]]}, "properties": {"layer": "core", "exposure_min": 0.6, "area_ha": 1.98}}, {"type": "Feature", "geometry": {"type": "Polygon", "coordinates": [[[-16.373128, 19.852913], [-16.373126, 19.852642], [-16.374272, 19.852633], [-16.374269, 19.852362], [-16.374842, 19.852358], [-16.37484, 19.852087], [-16.375413, 19.852082], [-16.375406, 19.851269], [-16.375119, 19.851272], [-16.375117, 19.851001], [-16.374831, 19.851003], [-16.374828, 19.850732], [-16.375115, 19.85073], [-16.375112, 19.850459], [-16.375399, 19.850456], [-16.375401, 19.850727], [-16.375688, 19.850725], [-16.375685, 19.850454], [-16.376258, 19.85045], [-16.376267, 19.851534], [-16.375981, 19.851536], [-16.375986, 19.852078], [-16.375699, 19.85208], [-16.375702, 19.852351], [-16.376274, 19.852347], [-16.376272, 19.852076], [-16.376559, 19.852074], [-16.376561, 19.852345], [-16.376847, 19.852342], [-16.376845, 19.852071], [-16.377131, 19.852069], [-16.377127, 19.851527], [-16.377413, 19.851525], [-16.377411, 19.851254], [-16.377697, 19.851252], [-16.377695, 19.850981], [-16.377981, 19.850978], [-16.377977, 19.850436], [-16.37769, 19.850439], [-16.377688, 19.850168], [-16.377974, 19.850165], [-16.377965, 19.849081], [-16.378252, 19.849079], [-16.378247, 19.848537], [-16.378533, 19.848535], [-16.378531, 19.848264], [-16.378817, 19.848262], [-16.378815, 19.847991], [-16.378529, 19.847993], [-16.378526, 19.847722], [-16.379099, 19.847717], [-16.379094, 19.847175], [-16.379667, 19.847171], [-16.37966, 19.846358], [-16.378801, 19.846364], [-16.378799, 19.846093], [-16.377366, 19.846104], [-16.377369, 19.846375], [-16.376796, 19.84638], [-16.376791, 19.845838], [-16.377078, 19.845836], [-16.377075, 19.845565], [-16.377648, 19.84556], [-16.377646, 19.845289], [-16.377932, 19.845287], [-16.37793, 19.845016], [-16.378216, 19.845014], [-16.378214, 19.844743], [-16.377641, 19.844747], [-16.377644, 19.845018], [-16.377357, 19.84502], [-16.377359, 19.845291], [-16.376787, 19.845296], [-16.376789, 19.845567], [-16.376503, 19.845569], [-16.376505, 19.84584], [-16.376218, 19.845842], [-16.376221, 19.846113], [-16.375934, 19.846115], [-16.375937, 19.846386], [-16.376223, 19.846384], [-16.376225, 19.846655], [-16.375939, 19.846658], [-16.375941, 19.846929], [-16.375655, 19.846931], [-16.37566, 19.847473], [-16.375373, 19.847475], [-16.375375, 19.847746], [-16.374803, 19.84775], [-16.374807, 19.848293], [-16.374521, 19.848295], [-16.374525, 19.848837], [-16.374239, 19.848839], [-16.374241, 19.84911], [-16.373955, 19.849112], [-16.373964, 19.850196], [-16.373678, 19.850199], [-16.373683, 19.850741], [-16.373396, 19.850743], [-16.373398, 19.851014], [-16.373685, 19.851012], [-16.37369, 19.851554], [-16.373403, 19.851556], [-16.373408, 19.852098], [-16.373121, 19.8521], [-16.373119, 19.851829], [-16.372833, 19.851831], [-16.37283, 19.85156], [-16.372544, 19.851562], [-16.372546, 19.851834], [-16.37226, 19.851836], [-16.372262, 19.852107], [-16.372835, 19.852102], [-16.372837, 19.852373], [-16.372551, 19.852376], [-16.372555, 19.852918], [-16.373128, 19.852913]], [[-16.373983, 19.852365], [-16.373696, 19.852367], [-16.373694, 19.852096], [-16.373981, 19.852094], [-16.373983, 19.852365]], [[-16.374267, 19.852091], [-16.373981, 19.852094], [-16.373978, 19.851822], [-16.374265, 19.85182], [-16.374267, 19.852091]], [[-16.376819, 19.84909], [-16.376533, 19.849092], [-16.376531, 19.848821], [-16.376817, 19.848819], [-16.376819, 19.84909]]]}, "properties": {"layer": "core", "exposure_min": 0.6, "area_ha": 27.45}}, {"type": "Feature", "geometry": {"type": "Polygon", "coordinates": [[[-16.336695, 19.846685], [-16.336688, 19.845872], [-16.336975, 19.84587], [-16.336963, 19.844515], [-16.336677, 19.844517], [-16.336686, 19.845601], [-16.3364, 19.845603], [-16.336404, 19.846145], [-16.335831, 19.846149], [-16.335833, 19.84642], [-16.336406, 19.846416], [-16.336409, 19.846687], [-16.336695, 19.846685]]]}, "properties": {"layer": "core", "exposure_min": 0.6, "area_ha": 0.99}}, {"type": "Feature", "geometry": {"type": "Polygon", "coordinates": [[[-16.510824, 19.843397], [-16.510821, 19.843126], [-16.511108, 19.843124], [-16.511105, 19.842853], [-16.510246, 19.84286], [-16.510249, 19.843131], [-16.509389, 19.843139], [-16.509392, 19.84341], [-16.510824, 19.843397]]]}, "properties": {"layer": "core", "exposure_min": 0.6, "area_ha": 0.72}}, {"type": "Feature", "geometry": {"type": "Polygon", "coordinates": [[[-16.397682, 19.843507], [-16.397677, 19.842965], [-16.398536, 19.842958], [-16.398531, 19.842416], [-16.398245, 19.842418], [-16.398243, 19.842147], [-16.398529, 19.842145], [-16.398527, 19.841874], [-16.397381, 19.841883], [-16.397383, 19.842154], [-16.397097, 19.842156], [-16.397099, 19.842427], [-16.397386, 19.842425], [-16.397395, 19.843509], [-16.397682, 19.843507]]]}, "properties": {"layer": "core", "exposure_min": 0.6, "area_ha": 1.62}}, {"type": "Feature", "geometry": {"type": "Polygon", "coordinates": [[[-16.266891, 19.858308], [-16.266887, 19.857766], [-16.267746, 19.85776], [-16.267718, 19.854236], [-16.267432, 19.854238], [-16.267419, 19.852612], [-16.267705, 19.85261], [-16.267701, 19.852068], [-16.267415, 19.85207], [-16.267413, 19.851799], [-16.267699, 19.851797], [-16.26769, 19.850713], [-16.268263, 19.850708], [-16.268257, 19.849895], [-16.26797, 19.849897], [-16.267968, 19.849626], [-16.267395, 19.84963], [-16.267387, 19.848546], [-16.266814, 19.84855], [-16.266812, 19.848279], [-16.266525, 19.848281], [-16.266521, 19.847739], [-16.266235, 19.847741], [-16.26623, 19.847199], [-16.266803, 19.847195], [-16.266799, 19.846653], [-16.266512, 19.846655], [-16.26651, 19.846384], [-16.266224, 19.846386], [-16.266222, 19.846115], [-16.265935, 19.846117], [-16.265933, 19.845846], [-16.266219, 19.845844], [-16.266215, 19.845302], [-16.265642, 19.845306], [-16.26564, 19.845035], [-16.265354, 19.845037], [-16.265352, 19.844766], [-16.265065, 19.844768], [-16.265072, 19.845581], [-16.264785, 19.845583], [-16.264781, 19.845041], [-16.264494, 19.845043], [-16.264492, 19.844772], [-16.264206, 19.844774], [-16.264204, 19.844503], [-16.263917, 19.844505], [-16.263915, 19.844234], [-16.263056, 19.84424], [-16.263045, 19.842885], [-16.262759, 19.842887], [-16.262754, 19.842345], [-16.263041, 19.842343], [-16.263034, 19.84153], [-16.262461, 19.841534], [-16.262464, 19.841805], [-16.261031, 19.841815], [-16.261036, 19.842357], [-16.260749, 19.842359], [-16.260751, 19.84263], [-16.260465, 19.842632], [-16.260467, 19.842903], [-16.259894, 19.842907], [-16.259896, 19.843178], [-16.25961, 19.84318], [-16.259621, 19.844535], [-16.259048, 19.84454], [-16.25905, 19.844811], [-16.258763, 19.844813], [-16.258765, 19.845084], [-16.258479, 19.845086], [-16.258481, 19.845357], [-16.258195, 19.845359], [-16.258197, 19.84563], [-16.25791, 19.845632], [-16.257913, 19.845903], [-16.258199, 19.845901], [-16.258203, 19.846443], [-16.25849, 19.846441], [-16.258488, 19.84617], [-16.258774, 19.846168], [-16.258772, 19.845897], [-16.259631, 19.845891], [-16.259629, 19.84562], [-16.259916, 19.845618], [-16.259913, 19.845347], [-16.2602, 19.845345], [-16.260198, 19.845074], [-16.260771, 19.845069], [-16.260768, 19.844798], [-16.261055, 19.844796], [-16.261057, 19.845067], [-16.262203, 19.845059], [-16.262205, 19.84533], [-16.262491, 19.845328], [-16.262494, 19.845599], [-16.263066, 19.845595], [-16.263069, 19.845866], [-16.263355, 19.845864], [-16.263357, 19.846135], [-16.263644, 19.846133], [-16.263641, 19.845862], [-16.263928, 19.84586], [-16.26393, 19.846131], [-16.264217, 19.846129], [-16.264219, 19.8464], [-16.264505, 19.846398], [-16.264507, 19.846669], [-16.26508, 19.846665], [-16.265084, 19.847207], [-16.265371, 19.847205], [-16.265364, 19.846392], [-16.265651, 19.84639], [-16.265653, 19.846661], [-16.265939, 19.846659], [-16.265944, 19.847201], [-16.265657, 19.847203], [-16.265659, 19.847474], [-16.265087, 19.847478], [-16.265089, 19.847749], [-16.265375, 19.847747], [-16.265379, 19.848289], [-16.265666, 19.848287], [-16.26567, 19.84883], [-16.265957, 19.848827], [-16.265959, 19.849099], [-16.266532, 19.849094], [-16.266534, 19.849366], [-16.266247, 19.849368], [-16.266254, 19.850181], [-16.26654, 19.850179], [-16.266547, 19.850992], [-16.266833, 19.85099], [-16.266835, 19.851261], [-16.266549, 19.851263], [-16.266566, 19.853431], [-16.266853, 19.853429], [-16.266855, 19.8537], [-16.266568, 19.853702], [-16.266573, 19.854244], [-16.266859, 19.854242], [-16.266863, 19.854784], [-16.266577, 19.854786], [-16.266588, 19.856141], [-16.266301, 19.856144], [-16.266305, 19.856686], [-16.266019, 19.856688], [-16.266023, 19.85723], [-16.26631, 19.857228], [-16.266314, 19.85777], [-16.266601, 19.857768], [-16.266605, 19.85831], [-16.266891, 19.858308]], [[-16.266596, 19.857226], [-16.26631, 19.857228], [-16.266308, 19.856957], [-16.266594, 19.856955], [-16.266596, 19.857226]], [[-16.267438, 19.855051], [-16.267152, 19.855053], [-16.26715, 19.854782], [-16.267436, 19.85478], [-16.267438, 19.855051]], [[-16.267135, 19.852885], [-16.266848, 19.852887], [-16.266838, 19.851532], [-16.267124, 19.85153], [-16.267135, 19.852885]], [[-16.26769, 19.850713], [-16.267404, 19.850715], [-16.267402, 19.850444], [-16.267688, 19.850442], [-16.26769, 19.850713]], [[-16.265933, 19.845846], [-16.265647, 19.845848], [-16.265644, 19.845577], [-16.265931, 19.845575], [-16.265933, 19.845846]], [[-16.261906, 19.843706], [-16.261046, 19.843712], [-16.261044, 19.843441], [-16.261904, 19.843435], [-16.261906, 19.843706]]]}, "properties": {"layer": "core", "exposure_min": 0.6, "area_ha": 34.11}}, {"type": "Feature", "geometry": {"type": "Polygon", "coordinates": [[[-16.33695, 19.842888], [-16.336945, 19.842346], [-16.337232, 19.842344], [-16.337218, 19.840718], [-16.336645, 19.840722], [-16.33665, 19.841264], [-16.336363, 19.841266], [-16.33637, 19.84208], [-16.336656, 19.842077], [-16.336663, 19.842891], [-16.33695, 19.842888]]]}, "properties": {"layer": "core", "exposure_min": 0.6, "area_ha": 1.53}}, {"type": "Feature", "geometry": {"type": "Polygon", "coordinates": [[[-16.405406, 19.842362], [-16.405403, 19.842091], [-16.405976, 19.842087], [-16.405971, 19.841544], [-16.406258, 19.841542], [-16.406255, 19.841271], [-16.406542, 19.841269], [-16.406539, 19.840998], [-16.406253, 19.841], [-16.406251, 19.840729], [-16.405964, 19.840731], [-16.405962, 19.84046], [-16.405389, 19.840465], [-16.405384, 19.839923], [-16.405098, 19.839925], [-16.405102, 19.840467], [-16.40453, 19.840472], [-16.404532, 19.840743], [-16.404246, 19.840745], [-16.404248, 19.841016], [-16.404534, 19.841014], [-16.404537, 19.841285], [-16.40425, 19.841287], [-16.404255, 19.841829], [-16.404828, 19.841825], [-16.40483, 19.842096], [-16.404544, 19.842098], [-16.404546, 19.842369], [-16.405406, 19.842362]]]}, "properties": {"layer": "core", "exposure_min": 0.6, "area_ha": 3.69}}, {"type": "Feature", "geometry": {"type": "Polygon", "coordinates": [[[-16.399661, 19.84051], [-16.399658, 19.840239], [-16.399945, 19.840237], [-16.399942, 19.839966], [-16.398797, 19.839975], [-16.398799, 19.840246], [-16.398512, 19.840248], [-16.398515, 19.840519], [-16.399661, 19.84051]]]}, "properties": {"layer": "core", "exposure_min": 0.6, "area_ha": 0.72}}, {"type": "Feature", "geometry": {"type": "Polygon", "coordinates": [[[-16.380771, 19.842283], [-16.380766, 19.841741], [-16.381053, 19.841739], [-16.381046, 19.840926], [-16.381332, 19.840924], [-16.381327, 19.840382], [-16.381041, 19.840384], [-16.381039, 19.840113], [-16.380752, 19.840115], [-16.38075, 19.839844], [-16.380463, 19.839846], [-16.38047, 19.84066], [-16.380757, 19.840657], [-16.380764, 19.84147], [-16.380477, 19.841473], [-16.380484, 19.842286], [-16.380771, 19.842283]]]}, "properties": {"layer": "core", "exposure_min": 0.6, "area_ha": 1.26}}, {"type": "Feature", "geometry": {"type": "Polygon", "coordinates": [[[-16.266472, 19.841505], [-16.266469, 19.841234], [-16.266183, 19.841236], [-16.266181, 19.840965], [-16.265894, 19.840967], [-16.265892, 19.840696], [-16.265319, 19.8407], [-16.265321, 19.840971], [-16.265608, 19.840969], [-16.26561, 19.84124], [-16.265896, 19.841238], [-16.265899, 19.841509], [-16.266472, 19.841505]]]}, "properties": {"layer": "core", "exposure_min": 0.6, "area_ha": 0.54}}, {"type": "Feature", "geometry": {"type": "Polygon", "coordinates": [[[-16.506203, 19.839371], [-16.506201, 19.8391], [-16.50706, 19.839093], [-16.507057, 19.838822], [-16.506484, 19.838827], [-16.506482, 19.838556], [-16.506195, 19.838558], [-16.506193, 19.838287], [-16.506479, 19.838285], [-16.506474, 19.837743], [-16.506188, 19.837745], [-16.50619, 19.838016], [-16.505904, 19.838018], [-16.505909, 19.83856], [-16.505623, 19.838563], [-16.505625, 19.838834], [-16.505339, 19.838836], [-16.505341, 19.839107], [-16.505055, 19.83911], [-16.505058, 19.839381], [-16.506203, 19.839371]]]}, "properties": {"layer": "core", "exposure_min": 0.6, "area_ha": 1.53}}, {"type": "Feature", "geometry": {"type": "Polygon", "coordinates": [[[-16.265319, 19.8407], [-16.265317, 19.840429], [-16.265604, 19.840427], [-16.265601, 19.840156], [-16.265315, 19.840158], [-16.265313, 19.839887], [-16.265026, 19.839889], [-16.265024, 19.839618], [-16.264738, 19.83962], [-16.264736, 19.839349], [-16.264163, 19.839353], [-16.264165, 19.839624], [-16.264451, 19.839622], [-16.264454, 19.839893], [-16.26474, 19.839891], [-16.264744, 19.840433], [-16.265031, 19.840431], [-16.265033, 19.840702], [-16.265319, 19.8407]]]}, "properties": {"layer": "core", "exposure_min": 0.6, "area_ha": 0.9}}, {"type": "Feature", "geometry": {"type": "Polygon", "coordinates": [[[-16.506817, 19.843702], [-16.506814, 19.843431], [-16.508246, 19.843419], [-16.508241, 19.842877], [-16.508814, 19.842872], [-16.508809, 19.84233], [-16.508236, 19.842335], [-16.508234, 19.842064], [-16.507947, 19.842067], [-16.507942, 19.841525], [-16.508515, 19.84152], [-16.508517, 19.841791], [-16.508804, 19.841788], [-16.508806, 19.842059], [-16.509093, 19.842057], [-16.50909, 19.841786], [-16.509377, 19.841784], [-16.509374, 19.841513], [-16.509947, 19.841508], [-16.509944, 19.841237], [-16.510804, 19.841229], [-16.510798, 19.840687], [-16.511085, 19.840685], [-16.511077, 19.839872], [-16.511364, 19.839869], [-16.511361, 19.839598], [-16.511647, 19.839596], [-16.511645, 19.839325], [-16.511931, 19.839323], [-16.511929, 19.839052], [-16.512215, 19.839049], [-16.512212, 19.838778], [-16.513072, 19.838771], [-16.513069, 19.8385], [-16.513355, 19.838497], [-16.513353, 19.838226], [-16.513639, 19.838224], [-16.513644, 19.838766], [-16.513931, 19.838764], [-16.513923, 19.837951], [-16.51421, 19.837948], [-16.514207, 19.837677], [-16.514493, 19.837675], [-16.514488, 19.837133], [-16.513915, 19.837138], [-16.513918, 19.837409], [-16.513345, 19.837413], [-16.51334, 19.836871], [-16.513054, 19.836874], [-16.513049, 19.836332], [-16.51133, 19.836346], [-16.511333, 19.836617], [-16.511046, 19.83662], [-16.511049, 19.836891], [-16.511335, 19.836888], [-16.511338, 19.837159], [-16.510765, 19.837164], [-16.510768, 19.837435], [-16.509908, 19.837442], [-16.509914, 19.837985], [-16.509627, 19.837987], [-16.50963, 19.838258], [-16.509343, 19.83826], [-16.509346, 19.838531], [-16.509632, 19.838529], [-16.50964, 19.839342], [-16.510213, 19.839337], [-16.510215, 19.839608], [-16.510502, 19.839606], [-16.510504, 19.839877], [-16.510218, 19.839879], [-16.510226, 19.840692], [-16.509939, 19.840695], [-16.509942, 19.840966], [-16.50851, 19.840978], [-16.508507, 19.840707], [-16.508221, 19.840709], [-16.508216, 19.840167], [-16.507643, 19.840172], [-16.507635, 19.839359], [-16.507062, 19.839364], [-16.507065, 19.839635], [-16.505919, 19.839644], [-16.505927, 19.840458], [-16.505354, 19.840462], [-16.505357, 19.840733], [-16.504784, 19.840738], [-16.504786, 19.841009], [-16.504214, 19.841014], [-16.504216, 19.841285], [-16.503357, 19.841292], [-16.503354, 19.841021], [-16.502782, 19.841026], [-16.502787, 19.841568], [-16.503359, 19.841563], [-16.503362, 19.841834], [-16.503648, 19.841832], [-16.503651, 19.842103], [-16.503937, 19.842101], [-16.50394, 19.842372], [-16.505372, 19.842359], [-16.505375, 19.84263], [-16.505661, 19.842628], [-16.505666, 19.84317], [-16.506525, 19.843163], [-16.50653, 19.843705], [-16.506817, 19.843702]], [[-16.507656, 19.841527], [-16.507083, 19.841532], [-16.50708, 19.841261], [-16.507653, 19.841256], [-16.507656, 19.841527]], [[-16.507939, 19.841254], [-16.507653, 19.841256], [-16.507648, 19.840714], [-16.507362, 19.840716], [-16.507359, 19.840445], [-16.507932, 19.840441], [-16.507939, 19.841254]], [[-16.507078, 19.84099], [-16.506791, 19.840992], [-16.506789, 19.840721], [-16.507075, 19.840719], [-16.507078, 19.84099]], [[-16.511077, 19.839872], [-16.510791, 19.839874], [-16.510788, 19.839603], [-16.511075, 19.839601], [-16.511077, 19.839872]], [[-16.510203, 19.838253], [-16.509916, 19.838256], [-16.509914, 19.837985], [-16.5102, 19.837982], [-16.510203, 19.838253]]]}, "properties": {"layer": "core", "exposure_min": 0.6, "area_ha": 28.53}}, {"type": "Feature", "geometry": {"type": "Polygon", "coordinates": [[[-16.385584, 19.835741], [-16.385581, 19.83547], [-16.385868, 19.835468], [-16.385865, 19.835197], [-16.386438, 19.835192], [-16.386436, 19.834921], [-16.386722, 19.834919], [-16.38672, 19.834648], [-16.385574, 19.834657], [-16.385577, 19.834928], [-16.38529, 19.83493], [-16.385295, 19.835472], [-16.385008, 19.835474], [-16.385011, 19.835746], [-16.385584, 19.835741]]]}, "properties": {"layer": "core", "exposure_min": 0.6, "area_ha": 1.08}}, {"type": "Feature", "geometry": {"type": "Polygon", "coordinates": [[[-16.252474, 19.846483], [-16.252466, 19.845399], [-16.253039, 19.845395], [-16.253037, 19.845124], [-16.253323, 19.845122], [-16.253319, 19.84458], [-16.253605, 19.844578], [-16.253601, 19.844036], [-16.253887, 19.844034], [-16.25389, 19.844305], [-16.254462, 19.844301], [-16.25446, 19.84403], [-16.254747, 19.844028], [-16.254734, 19.842402], [-16.25502, 19.842399], [-16.255018, 19.842128], [-16.255305, 19.842126], [-16.2553, 19.841584], [-16.255587, 19.841582], [-16.255585, 19.841311], [-16.255871, 19.841309], [-16.255867, 19.840767], [-16.256153, 19.840765], [-16.256151, 19.840494], [-16.256438, 19.840492], [-16.256433, 19.83995], [-16.25672, 19.839948], [-16.256716, 19.839406], [-16.256429, 19.839408], [-16.256427, 19.839137], [-16.256141, 19.839139], [-16.256136, 19.838597], [-16.256423, 19.838595], [-16.256421, 19.838324], [-16.256707, 19.838322], [-16.256711, 19.838864], [-16.257284, 19.83886], [-16.25728, 19.838318], [-16.257566, 19.838316], [-16.257562, 19.837774], [-16.257276, 19.837776], [-16.257274, 19.837505], [-16.256987, 19.837507], [-16.256985, 19.837236], [-16.256699, 19.837238], [-16.256696, 19.836967], [-16.256983, 19.836965], [-16.256979, 19.836422], [-16.256119, 19.836429], [-16.256117, 19.836157], [-16.256404, 19.836155], [-16.256399, 19.835613], [-16.256113, 19.835615], [-16.256111, 19.835344], [-16.255824, 19.835346], [-16.255826, 19.835617], [-16.25554, 19.835619], [-16.255549, 19.836704], [-16.255262, 19.836706], [-16.255264, 19.836977], [-16.254978, 19.836979], [-16.254974, 19.836437], [-16.254687, 19.836439], [-16.254683, 19.835897], [-16.25411, 19.835901], [-16.254114, 19.836443], [-16.253828, 19.836445], [-16.253813, 19.834547], [-16.253527, 19.834549], [-16.253537, 19.835905], [-16.253251, 19.835907], [-16.253259, 19.836991], [-16.252973, 19.836993], [-16.252977, 19.837535], [-16.252691, 19.837537], [-16.252708, 19.839705], [-16.252421, 19.839707], [-16.252428, 19.84052], [-16.252141, 19.840522], [-16.252148, 19.841335], [-16.251861, 19.841337], [-16.251867, 19.842151], [-16.251581, 19.842153], [-16.251587, 19.842966], [-16.251874, 19.842964], [-16.25188, 19.843777], [-16.252167, 19.843775], [-16.252169, 19.844046], [-16.251882, 19.844048], [-16.251887, 19.84459], [-16.252173, 19.844588], [-16.252182, 19.845672], [-16.251895, 19.845674], [-16.251897, 19.845945], [-16.252184, 19.845943], [-16.252188, 19.846485], [-16.252474, 19.846483]], [[-16.253597, 19.843494], [-16.25331, 19.843496], [-16.253304, 19.842683], [-16.25359, 19.842681], [-16.253597, 19.843494]], [[-16.252733, 19.842958], [-16.252447, 19.84296], [-16.252445, 19.842689], [-16.252731, 19.842687], [-16.252733, 19.842958]], [[-16.253304, 19.842683], [-16.253017, 19.842685], [-16.253015, 19.842414], [-16.253302, 19.842412], [-16.253304, 19.842683]], [[-16.253015, 19.842414], [-16.252729, 19.842416], [-16.252727, 19.842145], [-16.253013, 19.842143], [-16.253015, 19.842414]], [[-16.254155, 19.841592], [-16.253582, 19.841596], [-16.253567, 19.839699], [-16.253853, 19.839697], [-16.253849, 19.839155], [-16.254136, 19.839153], [-16.254131, 19.838611], [-16.254418, 19.838609], [-16.254416, 19.838338], [-16.254702, 19.838336], [-16.254704, 19.838607], [-16.254991, 19.838605], [-16.254999, 19.839689], [-16.255572, 19.839685], [-16.255574, 19.839956], [-16.255861, 19.839954], [-16.255863, 19.840225], [-16.254717, 19.840233], [-16.254719, 19.840504], [-16.254433, 19.840506], [-16.254435, 19.840777], [-16.254148, 19.840779], [-16.25415, 19.84105], [-16.254437, 19.841048], [-16.254439, 19.841319], [-16.254153, 19.841321], [-16.254155, 19.841592]], [[-16.253005, 19.841058], [-16.252718, 19.84106], [-16.252714, 19.840518], [-16.253, 19.840516], [-16.253005, 19.841058]], [[-16.252998, 19.840245], [-16.252712, 19.840247], [-16.252708, 19.839705], [-16.253281, 19.839701], [-16.253283, 19.839972], [-16.252996, 19.839974], [-16.252998, 19.840245]], [[-16.253278, 19.83943], [-16.252992, 19.839432], [-16.252988, 19.83889], [-16.253274, 19.838888], [-16.25327, 19.838346], [-16.253556, 19.838344], [-16.253558, 19.838615], [-16.253845, 19.838613], [-16.253847, 19.838884], [-16.253561, 19.838886], [-16.253563, 19.839157], [-16.253276, 19.839159], [-16.253278, 19.83943]], [[-16.255559, 19.838059], [-16.255273, 19.838061], [-16.255271, 19.83779], [-16.255557, 19.837788], [-16.255559, 19.838059]], [[-16.255844, 19.837786], [-16.255557, 19.837788], [-16.255555, 19.837517], [-16.255841, 19.837515], [-16.255844, 19.837786]]]}, "properties": {"layer": "core", "exposure_min": 0.6, "area_ha": 31.5}}, {"type": "Feature", "geometry": {"type": "Polygon", "coordinates": [[[-16.325199, 19.842163], [-16.325197, 19.841892], [-16.325483, 19.84189], [-16.325479, 19.841348], [-16.325765, 19.841346], [-16.325761, 19.840803], [-16.325474, 19.840806], [-16.325472, 19.840535], [-16.325759, 19.840532], [-16.325756, 19.840261], [-16.326043, 19.840259], [-16.326041, 19.839988], [-16.326613, 19.839984], [-16.326622, 19.841068], [-16.326909, 19.841066], [-16.326916, 19.841879], [-16.327202, 19.841877], [-16.327198, 19.841335], [-16.32777, 19.841331], [-16.327773, 19.841602], [-16.328059, 19.8416], [-16.328055, 19.841057], [-16.328341, 19.841055], [-16.328336, 19.840513], [-16.32805, 19.840515], [-16.328046, 19.839973], [-16.327759, 19.839975], [-16.32775, 19.838891], [-16.327464, 19.838893], [-16.327459, 19.838351], [-16.328032, 19.838347], [-16.328016, 19.83645], [-16.32773, 19.836452], [-16.327725, 19.83591], [-16.327439, 19.835912], [-16.327437, 19.835641], [-16.327723, 19.835639], [-16.327721, 19.835368], [-16.328007, 19.835366], [-16.328005, 19.835095], [-16.328291, 19.835093], [-16.328282, 19.834009], [-16.327996, 19.834011], [-16.327998, 19.834282], [-16.327712, 19.834284], [-16.327714, 19.834555], [-16.327428, 19.834557], [-16.32743, 19.834828], [-16.326857, 19.834832], [-16.326859, 19.835103], [-16.326573, 19.835105], [-16.326577, 19.835647], [-16.326864, 19.835645], [-16.326877, 19.837272], [-16.327164, 19.837269], [-16.327168, 19.837811], [-16.326309, 19.837818], [-16.326304, 19.837276], [-16.326018, 19.837278], [-16.326016, 19.837007], [-16.325729, 19.837009], [-16.325727, 19.836738], [-16.325441, 19.83674], [-16.325438, 19.836469], [-16.324866, 19.836473], [-16.324859, 19.83566], [-16.323713, 19.835669], [-16.323711, 19.835398], [-16.323425, 19.8354], [-16.323422, 19.835129], [-16.323136, 19.835131], [-16.323134, 19.83486], [-16.322847, 19.834862], [-16.322845, 19.834591], [-16.322559, 19.834593], [-16.322561, 19.834864], [-16.322274, 19.834866], [-16.322279, 19.835408], [-16.321992, 19.83541], [-16.321999, 19.836224], [-16.322572, 19.836219], [-16.322574, 19.83649], [-16.322861, 19.836488], [-16.322865, 19.83703], [-16.323152, 19.837028], [-16.323154, 19.837299], [-16.32344, 19.837297], [-16.323442, 19.837568], [-16.324015, 19.837564], [-16.324013, 19.837293], [-16.3243, 19.837291], [-16.324302, 19.837562], [-16.324588, 19.83756], [-16.324595, 19.838373], [-16.324022, 19.838377], [-16.324031, 19.839461], [-16.324317, 19.839459], [-16.324322, 19.840001], [-16.324036, 19.840003], [-16.324038, 19.840274], [-16.323751, 19.840276], [-16.323758, 19.841089], [-16.324045, 19.841087], [-16.324054, 19.842171], [-16.32434, 19.842169], [-16.324338, 19.841898], [-16.324624, 19.841896], [-16.324626, 19.842167], [-16.325199, 19.842163]], [[-16.32489, 19.839455], [-16.324604, 19.839457], [-16.324602, 19.839186], [-16.324315, 19.839188], [-16.324313, 19.838917], [-16.324886, 19.838913], [-16.32489, 19.839455]], [[-16.325172, 19.838911], [-16.324886, 19.838913], [-16.324881, 19.838371], [-16.325168, 19.838368], [-16.325172, 19.838911]]]}, "properties": {"layer": "core", "exposure_min": 0.6, "area_ha": 27.0}}, {"type": "Feature", "geometry": {"type": "Polygon", "coordinates": [[[-16.385851, 19.833571], [-16.385847, 19.833029], [-16.38556, 19.833031], [-16.385558, 19.83276], [-16.384985, 19.832764], [-16.384987, 19.833035], [-16.385274, 19.833033], [-16.385278, 19.833575], [-16.385851, 19.833571]]]}, "properties": {"layer": "core", "exposure_min": 0.6, "area_ha": 0.54}}, {"type": "Feature", "geometry": {"type": "Polygon", "coordinates": [[[-16.25784, 19.836687], [-16.257834, 19.835874], [-16.25812, 19.835872], [-16.258118, 19.835601], [-16.257831, 19.835603], [-16.257827, 19.835061], [-16.2584, 19.835057], [-16.258404, 19.835599], [-16.258977, 19.835595], [-16.258975, 19.835324], [-16.259261, 19.835322], [-16.259259, 19.835051], [-16.259546, 19.835049], [-16.259544, 19.834778], [-16.259257, 19.83478], [-16.259255, 19.834509], [-16.259828, 19.834505], [-16.259824, 19.833963], [-16.259251, 19.833967], [-16.259249, 19.833696], [-16.258676, 19.8337], [-16.258678, 19.833971], [-16.258105, 19.833975], [-16.258107, 19.834246], [-16.257534, 19.83425], [-16.257532, 19.833979], [-16.257246, 19.833981], [-16.257248, 19.834252], [-16.256675, 19.834256], [-16.256669, 19.833443], [-16.256382, 19.833445], [-16.256384, 19.833716], [-16.256098, 19.833718], [-16.2561, 19.833989], [-16.255814, 19.833991], [-16.255818, 19.834533], [-16.256104, 19.834531], [-16.256106, 19.834802], [-16.256393, 19.8348], [-16.256395, 19.835071], [-16.256109, 19.835073], [-16.256111, 19.835344], [-16.256684, 19.83534], [-16.256686, 19.835611], [-16.256972, 19.835609], [-16.256974, 19.83588], [-16.257261, 19.835878], [-16.257265, 19.83642], [-16.257551, 19.836418], [-16.257554, 19.836689], [-16.25784, 19.836687]], [[-16.258971, 19.834782], [-16.258684, 19.834784], [-16.258682, 19.834513], [-16.258969, 19.834511], [-16.258971, 19.834782]]]}, "properties": {"layer": "core", "exposure_min": 0.6, "area_ha": 6.66}}, {"type": "Feature", "geometry": {"type": "Polygon", "coordinates": [[[-16.456652, 19.839512], [-16.45665, 19.839241], [-16.456936, 19.839238], [-16.456931, 19.838696], [-16.457218, 19.838694], [-16.457215, 19.838423], [-16.457502, 19.83842], [-16.457494, 19.837607], [-16.458067, 19.837603], [-16.458064, 19.837332], [-16.458637, 19.837327], [-16.458635, 19.837056], [-16.458348, 19.837058], [-16.458346, 19.836787], [-16.458919, 19.836783], [-16.458914, 19.836241], [-16.4592, 19.836238], [-16.459198, 19.835967], [-16.459484, 19.835965], [-16.459482, 19.835694], [-16.459768, 19.835692], [-16.459771, 19.835963], [-16.460057, 19.83596], [-16.46005, 19.835147], [-16.460336, 19.835145], [-16.460333, 19.834874], [-16.46062, 19.834871], [-16.460617, 19.8346], [-16.46119, 19.834596], [-16.461188, 19.834325], [-16.461474, 19.834322], [-16.461472, 19.834051], [-16.461758, 19.834049], [-16.461756, 19.833778], [-16.462615, 19.833771], [-16.462612, 19.8335], [-16.462899, 19.833498], [-16.462894, 19.832956], [-16.46318, 19.832953], [-16.463178, 19.832682], [-16.463464, 19.83268], [-16.463461, 19.832409], [-16.462602, 19.832416], [-16.4626, 19.832145], [-16.462313, 19.832147], [-16.462316, 19.832418], [-16.46203, 19.832421], [-16.462037, 19.833234], [-16.461464, 19.833238], [-16.461462, 19.832967], [-16.461175, 19.83297], [-16.461173, 19.832699], [-16.460886, 19.832701], [-16.460884, 19.83243], [-16.460598, 19.832432], [-16.460593, 19.83189], [-16.460306, 19.831893], [-16.460311, 19.832435], [-16.460025, 19.832437], [-16.460027, 19.832708], [-16.459741, 19.83271], [-16.459743, 19.832981], [-16.459457, 19.832984], [-16.459459, 19.833255], [-16.459173, 19.833257], [-16.459178, 19.833799], [-16.458892, 19.833801], [-16.458887, 19.833259], [-16.4586, 19.833262], [-16.458605, 19.833804], [-16.458319, 19.833806], [-16.458324, 19.834348], [-16.457178, 19.834358], [-16.457183, 19.8349], [-16.456897, 19.834902], [-16.456894, 19.834631], [-16.456608, 19.834633], [-16.45661, 19.834904], [-16.456324, 19.834907], [-16.456329, 19.835449], [-16.455756, 19.835453], [-16.455766, 19.836537], [-16.456052, 19.836535], [-16.456057, 19.837077], [-16.455771, 19.837079], [-16.455773, 19.83735], [-16.455487, 19.837353], [-16.455484, 19.837082], [-16.454912, 19.837086], [-16.454914, 19.837357], [-16.4552, 19.837355], [-16.455203, 19.837626], [-16.454916, 19.837628], [-16.454921, 19.83817], [-16.455208, 19.838168], [-16.455205, 19.837897], [-16.455492, 19.837895], [-16.455494, 19.838166], [-16.455781, 19.838163], [-16.455776, 19.837621], [-16.456062, 19.837619], [-16.45606, 19.837348], [-16.456346, 19.837346], [-16.456344, 19.837075], [-16.456916, 19.83707], [-16.456914, 19.836799], [-16.457487, 19.836794], [-16.457489, 19.837065], [-16.457776, 19.837063], [-16.457778, 19.837334], [-16.456919, 19.837341], [-16.456924, 19.837883], [-16.456351, 19.837888], [-16.456356, 19.83843], [-16.455783, 19.838435], [-16.455786, 19.838706], [-16.456072, 19.838703], [-16.456079, 19.839516], [-16.456652, 19.839512]], [[-16.456647, 19.83897], [-16.456361, 19.838972], [-16.456358, 19.838701], [-16.456645, 19.838699], [-16.456647, 19.83897]], [[-16.456931, 19.838696], [-16.456645, 19.838699], [-16.456642, 19.838427], [-16.456929, 19.838425], [-16.456931, 19.838696]], [[-16.457198, 19.836526], [-16.456911, 19.836528], [-16.456906, 19.835986], [-16.457193, 19.835984], [-16.457198, 19.836526]], [[-16.456339, 19.836533], [-16.456052, 19.836535], [-16.456047, 19.835993], [-16.45662, 19.835988], [-16.456623, 19.836259], [-16.456336, 19.836262], [-16.456339, 19.836533]], [[-16.456618, 19.835717], [-16.456331, 19.83572], [-16.456329, 19.835449], [-16.456615, 19.835446], [-16.456618, 19.835717]], [[-16.456902, 19.835444], [-16.456615, 19.835446], [-16.456613, 19.835175], [-16.456899, 19.835173], [-16.456902, 19.835444]], [[-16.457756, 19.834895], [-16.457469, 19.834897], [-16.457467, 19.834626], [-16.457753, 19.834624], [-16.457756, 19.834895]], [[-16.460331, 19.834603], [-16.460045, 19.834605], [-16.460042, 19.834334], [-16.459756, 19.834336], [-16.459748, 19.833523], [-16.460035, 19.833521], [-16.46004, 19.834063], [-16.460326, 19.834061], [-16.460331, 19.834603]], [[-16.459758, 19.834607], [-16.459472, 19.83461], [-16.459469, 19.834339], [-16.459756, 19.834336], [-16.459758, 19.834607]], [[-16.459469, 19.834339], [-16.459183, 19.834341], [-16.45918, 19.83407], [-16.459467, 19.834068], [-16.459469, 19.834339]], [[-16.462612, 19.8335], [-16.462326, 19.833502], [-16.462323, 19.833231], [-16.46261, 19.833229], [-16.462612, 19.8335]], [[-16.461178, 19.833241], [-16.460891, 19.833243], [-16.460889, 19.832972], [-16.461175, 19.83297], [-16.461178, 19.833241]], [[-16.462607, 19.832958], [-16.462321, 19.83296], [-16.462318, 19.832689], [-16.462605, 19.832687], [-16.462607, 19.832958]]]}, "properties": {"layer": "core", "exposure_min": 0.6, "area_ha": 20.16}}, {"type": "Feature", "geometry": {"type": "Polygon", "coordinates": [[[-16.466903, 19.832923], [-16.466901, 19.832652], [-16.467474, 19.832647], [-16.467471, 19.832376], [-16.468044, 19.832371], [-16.468036, 19.831558], [-16.468323, 19.831556], [-16.468318, 19.831014], [-16.467745, 19.831018], [-16.467747, 19.83129], [-16.467461, 19.831292], [-16.467466, 19.831834], [-16.466893, 19.831839], [-16.466896, 19.83211], [-16.466323, 19.832114], [-16.466325, 19.832385], [-16.466612, 19.832383], [-16.466617, 19.832925], [-16.466903, 19.832923]]]}, "properties": {"layer": "core", "exposure_min": 0.6, "area_ha": 1.89}}, {"type": "Feature", "geometry": {"type": "Polygon", "coordinates": [[[-16.337198, 19.838279], [-16.337188, 19.837195], [-16.337475, 19.837192], [-16.337464, 19.835837], [-16.33775, 19.835835], [-16.337745, 19.835293], [-16.338032, 19.835291], [-16.338025, 19.834478], [-16.338311, 19.834476], [-16.338305, 19.833663], [-16.338591, 19.83366], [-16.338584, 19.832847], [-16.338871, 19.832845], [-16.338868, 19.832574], [-16.339155, 19.832572], [-16.33915, 19.83203], [-16.338577, 19.832034], [-16.33858, 19.832305], [-16.338293, 19.832307], [-16.338298, 19.832849], [-16.338011, 19.832852], [-16.338018, 19.833665], [-16.337732, 19.833667], [-16.337739, 19.83448], [-16.337452, 19.834482], [-16.337461, 19.835566], [-16.337175, 19.835568], [-16.337182, 19.836381], [-16.336895, 19.836384], [-16.3369, 19.836926], [-16.336613, 19.836928], [-16.336618, 19.83747], [-16.336331, 19.837472], [-16.336338, 19.838285], [-16.336625, 19.838283], [-16.336622, 19.838012], [-16.336909, 19.83801], [-16.336911, 19.838281], [-16.337198, 19.838279]]]}, "properties": {"layer": "core", "exposure_min": 0.6, "area_ha": 4.23}}, {"type": "Feature", "geometry": {"type": "Polygon", "coordinates": [[[-16.323691, 19.832958], [-16.323682, 19.831874], [-16.323395, 19.831876], [-16.323398, 19.832147], [-16.322825, 19.832152], [-16.322829, 19.832694], [-16.323116, 19.832692], [-16.323118, 19.832963], [-16.323691, 19.832958]]]}, "properties": {"layer": "core", "exposure_min": 0.6, "area_ha": 0.81}}, {"type": "Feature", "geometry": {"type": "Polygon", "coordinates": [[[-16.32741, 19.832389], [-16.327407, 19.832118], [-16.32798, 19.832113], [-16.327978, 19.831842], [-16.328264, 19.83184], [-16.328262, 19.831569], [-16.328549, 19.831567], [-16.328544, 19.831025], [-16.328258, 19.831027], [-16.32826, 19.831298], [-16.327973, 19.8313], [-16.327976, 19.831571], [-16.327689, 19.831573], [-16.327692, 19.831845], [-16.327119, 19.831849], [-16.327116, 19.831578], [-16.32683, 19.83158], [-16.326828, 19.831309], [-16.326541, 19.831311], [-16.326539, 19.83104], [-16.326253, 19.831042], [-16.32625, 19.830771], [-16.325391, 19.830777], [-16.325389, 19.830506], [-16.323384, 19.830521], [-16.323389, 19.831063], [-16.323961, 19.831059], [-16.323966, 19.831601], [-16.325112, 19.831593], [-16.325109, 19.831322], [-16.326255, 19.831313], [-16.326257, 19.831584], [-16.326544, 19.831582], [-16.326546, 19.831853], [-16.326832, 19.831851], [-16.326837, 19.832393], [-16.32741, 19.832389]]]}, "properties": {"layer": "core", "exposure_min": 0.6, "area_ha": 4.05}}, {"type": "Feature", "geometry": {"type": "Polygon", "coordinates": [[[-16.255809, 19.833449], [-16.255807, 19.833178], [-16.256094, 19.833176], [-16.256089, 19.832634], [-16.256662, 19.83263], [-16.25666, 19.832359], [-16.256374, 19.832361], [-16.256372, 19.83209], [-16.256085, 19.832092], [-16.256083, 19.831821], [-16.255797, 19.831823], [-16.255784, 19.830197], [-16.255497, 19.830199], [-16.255502, 19.830741], [-16.255215, 19.830743], [-16.25522, 19.831285], [-16.255506, 19.831283], [-16.25551, 19.831825], [-16.255224, 19.831827], [-16.255222, 19.831556], [-16.254935, 19.831558], [-16.254942, 19.832371], [-16.255228, 19.832369], [-16.255232, 19.832911], [-16.255519, 19.832909], [-16.255523, 19.833451], [-16.255809, 19.833449]]]}, "properties": {"layer": "core", "exposure_min": 0.6, "area_ha": 2.61}}, {"type": "Feature", "geometry": {"type": "Polygon", "coordinates": [[[-16.321952, 19.830532], [-16.32195, 19.830261], [-16.322523, 19.830257], [-16.322518, 19.829715], [-16.322805, 19.829712], [-16.322802, 19.829441], [-16.323089, 19.829439], [-16.323086, 19.829168], [-16.321941, 19.829177], [-16.321948, 19.82999], [-16.321661, 19.829992], [-16.321666, 19.830534], [-16.321952, 19.830532]]]}, "properties": {"layer": "core", "exposure_min": 0.6, "area_ha": 1.17}}, {"type": "Feature", "geometry": {"type": "Polygon", "coordinates": [[[-16.381015, 19.837403], [-16.381006, 19.836319], [-16.380719, 19.836321], [-16.380717, 19.83605], [-16.381003, 19.836048], [-16.381001, 19.835777], [-16.380428, 19.835781], [-16.380416, 19.834426], [-16.380703, 19.834424], [-16.380705, 19.834695], [-16.382137, 19.834684], [-16.382135, 19.834413], [-16.382708, 19.834408], [-16.382705, 19.834137], [-16.382992, 19.834135], [-16.382989, 19.833864], [-16.383276, 19.833862], [-16.383274, 19.833591], [-16.38356, 19.833588], [-16.383558, 19.833317], [-16.383844, 19.833315], [-16.383839, 19.832773], [-16.384412, 19.832769], [-16.38441, 19.832498], [-16.384123, 19.8325], [-16.384121, 19.832229], [-16.385267, 19.83222], [-16.385264, 19.831949], [-16.384978, 19.831951], [-16.384976, 19.83168], [-16.385262, 19.831678], [-16.385257, 19.831136], [-16.385544, 19.831134], [-16.385546, 19.831405], [-16.385832, 19.831402], [-16.385835, 19.831673], [-16.386121, 19.831671], [-16.386126, 19.832213], [-16.386985, 19.832207], [-16.386987, 19.832478], [-16.387274, 19.832475], [-16.387276, 19.832746], [-16.387849, 19.832742], [-16.387851, 19.833013], [-16.388138, 19.833011], [-16.388145, 19.833824], [-16.388431, 19.833822], [-16.388436, 19.834364], [-16.388722, 19.834361], [-16.38872, 19.83409], [-16.389006, 19.834088], [-16.389009, 19.834359], [-16.389582, 19.834355], [-16.389589, 19.835168], [-16.389875, 19.835166], [-16.38988, 19.835708], [-16.390166, 19.835705], [-16.390169, 19.835976], [-16.390455, 19.835974], [-16.390457, 19.836245], [-16.390744, 19.836243], [-16.390746, 19.836514], [-16.391605, 19.836507], [-16.391601, 19.835965], [-16.391028, 19.83597], [-16.391025, 19.835699], [-16.390739, 19.835701], [-16.390732, 19.834888], [-16.390446, 19.83489], [-16.390443, 19.834619], [-16.390157, 19.834621], [-16.390152, 19.834079], [-16.389866, 19.834081], [-16.389863, 19.83381], [-16.389577, 19.833813], [-16.389575, 19.833542], [-16.389002, 19.833546], [-16.388999, 19.833275], [-16.388713, 19.833277], [-16.388708, 19.832735], [-16.388422, 19.832738], [-16.388415, 19.831924], [-16.388128, 19.831927], [-16.388126, 19.831656], [-16.38784, 19.831658], [-16.387837, 19.831387], [-16.387551, 19.831389], [-16.387546, 19.830847], [-16.38726, 19.830849], [-16.387257, 19.830578], [-16.386398, 19.830585], [-16.386396, 19.830314], [-16.386109, 19.830316], [-16.386107, 19.830045], [-16.386393, 19.830043], [-16.386391, 19.829772], [-16.386105, 19.829774], [-16.386102, 19.829503], [-16.385816, 19.829505], [-16.385814, 19.829234], [-16.385527, 19.829236], [-16.385525, 19.828965], [-16.385811, 19.828963], [-16.385809, 19.828692], [-16.385236, 19.828697], [-16.385234, 19.828426], [-16.384661, 19.82843], [-16.384663, 19.828701], [-16.384377, 19.828703], [-16.384379, 19.828974], [-16.384093, 19.828977], [-16.3841, 19.82979], [-16.383814, 19.829792], [-16.383818, 19.830334], [-16.384391, 19.830329], [-16.384393, 19.8306], [-16.384107, 19.830603], [-16.384114, 19.831416], [-16.383828, 19.831418], [-16.38383, 19.831689], [-16.383544, 19.831691], [-16.383553, 19.832775], [-16.383267, 19.832778], [-16.383271, 19.83332], [-16.382412, 19.833326], [-16.382414, 19.833597], [-16.382128, 19.8336], [-16.38213, 19.833871], [-16.381557, 19.833875], [-16.38156, 19.834146], [-16.380987, 19.83415], [-16.380978, 19.833066], [-16.381264, 19.833064], [-16.381252, 19.831709], [-16.380966, 19.831711], [-16.380968, 19.831982], [-16.380682, 19.831984], [-16.380696, 19.833611], [-16.380409, 19.833613], [-16.380414, 19.834155], [-16.380128, 19.834157], [-16.38013, 19.834428], [-16.379844, 19.83443], [-16.379846, 19.834701], [-16.37956, 19.834704], [-16.379564, 19.835246], [-16.379278, 19.835248], [-16.379287, 19.836332], [-16.379574, 19.83633], [-16.379576, 19.836601], [-16.380149, 19.836596], [-16.380146, 19.836325], [-16.380433, 19.836323], [-16.380435, 19.836594], [-16.380722, 19.836592], [-16.380729, 19.837405], [-16.381015, 19.837403]]]}, "properties": {"layer": "core", "exposure_min": 0.6, "area_ha": 23.67}}, {"type": "Feature", "geometry": {"type": "Polygon", "coordinates": [[[-16.254638, 19.830205], [-16.254634, 19.829663], [-16.25492, 19.829661], [-16.254922, 19.829932], [-16.255209, 19.82993], [-16.255205, 19.829388], [-16.254918, 19.82939], [-16.254916, 19.829119], [-16.25463, 19.829121], [-16.254625, 19.828578], [-16.254339, 19.82858], [-16.254343, 19.829123], [-16.25377, 19.829127], [-16.253773, 19.829398], [-16.254059, 19.829396], [-16.254063, 19.829938], [-16.25435, 19.829936], [-16.254352, 19.830207], [-16.254638, 19.830205]]]}, "properties": {"layer": "core", "exposure_min": 0.6, "area_ha": 1.26}}, {"type": "Feature", "geometry": {"type": "Polygon", "coordinates": [[[-16.388281, 19.849543], [-16.388279, 19.849272], [-16.388566, 19.84927], [-16.388563, 19.848999], [-16.38885, 19.848997], [-16.388847, 19.848726], [-16.389707, 19.848719], [-16.389702, 19.848177], [-16.389988, 19.848175], [-16.389986, 19.847904], [-16.390272, 19.847902], [-16.390265, 19.847088], [-16.390552, 19.847086], [-16.390547, 19.846544], [-16.390261, 19.846546], [-16.390258, 19.846275], [-16.389972, 19.846278], [-16.389969, 19.846007], [-16.390256, 19.846004], [-16.390254, 19.845733], [-16.390826, 19.845729], [-16.390829, 19.846], [-16.391115, 19.845998], [-16.391113, 19.845727], [-16.391399, 19.845724], [-16.391402, 19.845995], [-16.391688, 19.845993], [-16.391693, 19.846535], [-16.391979, 19.846533], [-16.391974, 19.845991], [-16.392261, 19.845989], [-16.392266, 19.846531], [-16.392552, 19.846529], [-16.39255, 19.846258], [-16.392836, 19.846255], [-16.392827, 19.845171], [-16.39254, 19.845173], [-16.392538, 19.844902], [-16.392251, 19.844905], [-16.392247, 19.844363], [-16.39196, 19.844365], [-16.391953, 19.843552], [-16.39224, 19.84355], [-16.392225, 19.841923], [-16.392512, 19.841921], [-16.392502, 19.840837], [-16.392216, 19.840839], [-16.392214, 19.840568], [-16.393646, 19.840557], [-16.393648, 19.840828], [-16.394221, 19.840824], [-16.394223, 19.841095], [-16.39451, 19.841092], [-16.394512, 19.841363], [-16.395944, 19.841352], [-16.395942, 19.841081], [-16.396228, 19.841079], [-16.396226, 19.840808], [-16.396512, 19.840806], [-16.396508, 19.840264], [-16.395362, 19.840273], [-16.39536, 19.840002], [-16.395646, 19.839999], [-16.395644, 19.839728], [-16.39593, 19.839726], [-16.395928, 19.839455], [-16.3965, 19.839451], [-16.396498, 19.83918], [-16.396784, 19.839177], [-16.396777, 19.838364], [-16.397064, 19.838362], [-16.397057, 19.837549], [-16.397343, 19.837547], [-16.397341, 19.837276], [-16.397627, 19.837273], [-16.397625, 19.837002], [-16.397911, 19.837], [-16.397909, 19.836729], [-16.399341, 19.836718], [-16.399338, 19.836447], [-16.399911, 19.836442], [-16.399914, 19.836713], [-16.399627, 19.836716], [-16.399632, 19.837258], [-16.399059, 19.837262], [-16.399062, 19.837533], [-16.398775, 19.837535], [-16.398778, 19.837806], [-16.398491, 19.837809], [-16.398496, 19.838351], [-16.398782, 19.838349], [-16.398787, 19.838891], [-16.398501, 19.838893], [-16.398505, 19.839435], [-16.398219, 19.839437], [-16.398224, 19.839979], [-16.398797, 19.839975], [-16.398794, 19.839704], [-16.399653, 19.839697], [-16.399649, 19.839155], [-16.401081, 19.839144], [-16.401078, 19.838873], [-16.401651, 19.838868], [-16.401649, 19.838597], [-16.403367, 19.838584], [-16.40337, 19.838855], [-16.403656, 19.838852], [-16.403658, 19.839123], [-16.404518, 19.839117], [-16.40452, 19.839388], [-16.405379, 19.839381], [-16.405377, 19.83911], [-16.405663, 19.839108], [-16.405661, 19.838837], [-16.405947, 19.838834], [-16.405943, 19.838292], [-16.406229, 19.83829], [-16.406224, 19.837748], [-16.405651, 19.837752], [-16.405642, 19.836668], [-16.406215, 19.836664], [-16.406212, 19.836393], [-16.406499, 19.836391], [-16.406496, 19.83612], [-16.407069, 19.836115], [-16.407067, 19.835844], [-16.408212, 19.835835], [-16.40821, 19.835564], [-16.408496, 19.835562], [-16.408494, 19.835291], [-16.409067, 19.835286], [-16.409065, 19.835015], [-16.409637, 19.835011], [-16.40964, 19.835282], [-16.409926, 19.835279], [-16.409929, 19.83555], [-16.409642, 19.835553], [-16.409645, 19.835824], [-16.409931, 19.835821], [-16.409933, 19.836092], [-16.410506, 19.836088], [-16.410511, 19.83663], [-16.411657, 19.836621], [-16.411661, 19.837163], [-16.411948, 19.837161], [-16.411945, 19.83689], [-16.412232, 19.836887], [-16.412229, 19.836616], [-16.411943, 19.836619], [-16.411941, 19.836348], [-16.411654, 19.83635], [-16.411652, 19.836079], [-16.411938, 19.836077], [-16.411936, 19.835805], [-16.412222, 19.835803], [-16.412217, 19.835261], [-16.412504, 19.835259], [-16.412499, 19.834717], [-16.412785, 19.834715], [-16.412781, 19.834173], [-16.413067, 19.83417], [-16.413065, 19.833899], [-16.413351, 19.833897], [-16.413349, 19.833626], [-16.413635, 19.833624], [-16.413637, 19.833895], [-16.413924, 19.833892], [-16.413926, 19.834163], [-16.414213, 19.834161], [-16.414215, 19.834432], [-16.414501, 19.83443], [-16.414504, 19.834701], [-16.41479, 19.834699], [-16.414793, 19.83497], [-16.415652, 19.834963], [-16.415645, 19.83415], [-16.416218, 19.834145], [-16.416215, 19.833874], [-16.416502, 19.833872], [-16.416499, 19.833601], [-16.416786, 19.833599], [-16.416781, 19.833057], [-16.417067, 19.833054], [-16.417062, 19.832512], [-16.41649, 19.832517], [-16.416487, 19.832246], [-16.415628, 19.832253], [-16.415625, 19.831982], [-16.415339, 19.831984], [-16.415332, 19.831171], [-16.415045, 19.831173], [-16.415041, 19.830631], [-16.415327, 19.830629], [-16.415325, 19.830358], [-16.415897, 19.830353], [-16.415895, 19.830082], [-16.415322, 19.830087], [-16.41532, 19.829816], [-16.415606, 19.829813], [-16.415601, 19.829271], [-16.415888, 19.829269], [-16.415885, 19.828998], [-16.416172, 19.828996], [-16.416169, 19.828725], [-16.415883, 19.828727], [-16.415878, 19.828185], [-16.416165, 19.828183], [-16.41616, 19.827641], [-16.416446, 19.827638], [-16.416441, 19.827096], [-16.416728, 19.827094], [-16.416723, 19.826552], [-16.416437, 19.826554], [-16.416439, 19.826825], [-16.416153, 19.826828], [-16.41615, 19.826557], [-16.415864, 19.826559], [-16.415866, 19.82683], [-16.41558, 19.826832], [-16.415582, 19.827103], [-16.415296, 19.827106], [-16.415301, 19.827648], [-16.415014, 19.82765], [-16.415017, 19.827921], [-16.41473, 19.827923], [-16.414735, 19.828465], [-16.414449, 19.828467], [-16.414451, 19.828738], [-16.414165, 19.828741], [-16.414167, 19.829012], [-16.413881, 19.829014], [-16.413883, 19.829285], [-16.413597, 19.829287], [-16.413599, 19.829558], [-16.413313, 19.829561], [-16.413315, 19.829832], [-16.413029, 19.829834], [-16.413031, 19.830105], [-16.412745, 19.830107], [-16.412747, 19.830378], [-16.412174, 19.830383], [-16.412177, 19.830654], [-16.411604, 19.830658], [-16.411606, 19.830929], [-16.411033, 19.830934], [-16.411036, 19.831205], [-16.410749, 19.831207], [-16.410752, 19.831478], [-16.410179, 19.831483], [-16.410181, 19.831754], [-16.409895, 19.831756], [-16.409897, 19.832027], [-16.409325, 19.832032], [-16.409327, 19.832303], [-16.408754, 19.832307], [-16.408757, 19.832578], [-16.409043, 19.832576], [-16.409045, 19.832847], [-16.408759, 19.832849], [-16.408761, 19.83312], [-16.408189, 19.833125], [-16.408191, 19.833396], [-16.407618, 19.8334], [-16.407621, 19.833671], [-16.407048, 19.833676], [-16.40705, 19.833947], [-16.406477, 19.833951], [-16.40648, 19.834222], [-16.40562, 19.834229], [-16.405616, 19.833687], [-16.405329, 19.833689], [-16.405332, 19.83396], [-16.404186, 19.833969], [-16.404188, 19.83424], [-16.403043, 19.834249], [-16.403045, 19.83452], [-16.4019, 19.834529], [-16.401902, 19.8348], [-16.40047, 19.834812], [-16.400472, 19.835083], [-16.399613, 19.835089], [-16.399615, 19.83536], [-16.396178, 19.835387], [-16.396183, 19.835929], [-16.39647, 19.835927], [-16.396472, 19.836198], [-16.397618, 19.836189], [-16.39762, 19.83646], [-16.397047, 19.836465], [-16.39705, 19.836736], [-16.396763, 19.836738], [-16.396766, 19.837009], [-16.396479, 19.837011], [-16.396481, 19.837282], [-16.395622, 19.837289], [-16.395625, 19.83756], [-16.394765, 19.837567], [-16.394763, 19.837296], [-16.39419, 19.8373], [-16.394193, 19.837571], [-16.39362, 19.837576], [-16.393622, 19.837847], [-16.394481, 19.83784], [-16.394484, 19.838111], [-16.395343, 19.838104], [-16.395341, 19.837833], [-16.395913, 19.837829], [-16.395923, 19.838913], [-16.395636, 19.838915], [-16.395639, 19.839186], [-16.395066, 19.839191], [-16.395068, 19.839462], [-16.394782, 19.839464], [-16.39478, 19.839193], [-16.394493, 19.839195], [-16.394491, 19.838924], [-16.393632, 19.838931], [-16.393629, 19.83866], [-16.393343, 19.838662], [-16.39334, 19.838391], [-16.393054, 19.838393], [-16.393052, 19.838122], [-16.392479, 19.838127], [-16.392476, 19.837856], [-16.393049, 19.837851], [-16.393045, 19.837309], [-16.393904, 19.837303], [-16.393899, 19.83676], [-16.393613, 19.836763], [-16.39361, 19.836492], [-16.393324, 19.836494], [-16.393321, 19.836223], [-16.391889, 19.836234], [-16.391892, 19.836505], [-16.391605, 19.836507], [-16.391612, 19.83732], [-16.390753, 19.837327], [-16.390758, 19.837869], [-16.391044, 19.837867], [-16.391047, 19.838138], [-16.391333, 19.838136], [-16.391338, 19.838678], [-16.390765, 19.838682], [-16.39077, 19.839224], [-16.390483, 19.839227], [-16.390481, 19.838955], [-16.389622, 19.838962], [-16.389626, 19.839504], [-16.389054, 19.839509], [-16.389051, 19.839238], [-16.388478, 19.839242], [-16.388483, 19.839784], [-16.388197, 19.839786], [-16.388201, 19.840328], [-16.387915, 19.840331], [-16.387922, 19.841144], [-16.388208, 19.841142], [-16.388211, 19.841413], [-16.388497, 19.84141], [-16.388502, 19.841952], [-16.388216, 19.841955], [-16.388218, 19.842226], [-16.387931, 19.842228], [-16.387934, 19.842499], [-16.387647, 19.842501], [-16.38765, 19.842772], [-16.387363, 19.842774], [-16.387366, 19.843045], [-16.387079, 19.843048], [-16.387082, 19.843319], [-16.386795, 19.843321], [-16.3868, 19.843863], [-16.386227, 19.843867], [-16.386229, 19.844138], [-16.386516, 19.844136], [-16.386518, 19.844407], [-16.385945, 19.844412], [-16.385948, 19.844683], [-16.385661, 19.844685], [-16.385666, 19.845227], [-16.385952, 19.845225], [-16.385959, 19.846038], [-16.385673, 19.84604], [-16.385678, 19.846582], [-16.385964, 19.84658], [-16.385969, 19.847122], [-16.386255, 19.84712], [-16.386251, 19.846578], [-16.386823, 19.846573], [-16.386826, 19.846844], [-16.387112, 19.846842], [-16.387119, 19.847655], [-16.386833, 19.847657], [-16.38684, 19.84847], [-16.386553, 19.848473], [-16.386556, 19.848744], [-16.387415, 19.848737], [-16.387417, 19.849008], [-16.387704, 19.849006], [-16.387709, 19.849548], [-16.388281, 19.849543]], [[-16.389415, 19.848179], [-16.389129, 19.848182], [-16.389124, 19.847639], [-16.389411, 19.847637], [-16.389408, 19.847366], [-16.389695, 19.847364], [-16.3897, 19.847906], [-16.389413, 19.847908], [-16.389415, 19.848179]], [[-16.387983, 19.84819], [-16.387697, 19.848193], [-16.387692, 19.847651], [-16.387979, 19.847648], [-16.387983, 19.84819]], [[-16.389981, 19.847362], [-16.389695, 19.847364], [-16.389692, 19.847093], [-16.389979, 19.847091], [-16.389981, 19.847362]], [[-16.388544, 19.846831], [-16.387685, 19.846838], [-16.38768, 19.846295], [-16.387967, 19.846293], [-16.387962, 19.845751], [-16.387389, 19.845756], [-16.387392, 19.846027], [-16.387105, 19.846029], [-16.387093, 19.844674], [-16.386807, 19.844676], [-16.386812, 19.845218], [-16.386525, 19.84522], [-16.386518, 19.844407], [-16.386805, 19.844405], [-16.386802, 19.844134], [-16.387089, 19.844132], [-16.387084, 19.84359], [-16.387657, 19.843585], [-16.387654, 19.843314], [-16.387941, 19.843312], [-16.387936, 19.84277], [-16.388509, 19.842765], [-16.388507, 19.842494], [-16.388793, 19.842492], [-16.388791, 19.842221], [-16.389077, 19.842219], [-16.389075, 19.841948], [-16.389648, 19.841943], [-16.389645, 19.841672], [-16.389932, 19.84167], [-16.389934, 19.841941], [-16.390507, 19.841937], [-16.390512, 19.842479], [-16.390225, 19.842481], [-16.390242, 19.844378], [-16.389955, 19.84438], [-16.38996, 19.844923], [-16.389674, 19.844925], [-16.389676, 19.845196], [-16.38939, 19.845198], [-16.389392, 19.845469], [-16.389105, 19.845471], [-16.389108, 19.845742], [-16.388821, 19.845745], [-16.388826, 19.846287], [-16.38854, 19.846289], [-16.388544, 19.846831]], [[-16.389688, 19.846551], [-16.389401, 19.846553], [-16.389399, 19.846282], [-16.389685, 19.84628], [-16.389688, 19.846551]], [[-16.401353, 19.837515], [-16.40078, 19.83752], [-16.400775, 19.836978], [-16.401348, 19.836973], [-16.401353, 19.837515]], [[-16.40278, 19.836962], [-16.402494, 19.836964], [-16.402491, 19.836693], [-16.402778, 19.836691], [-16.40278, 19.836962]], [[-16.403637, 19.836684], [-16.402778, 19.836691], [-16.402775, 19.83642], [-16.403635, 19.836413], [-16.403637, 19.836684]], [[-16.401346, 19.836702], [-16.401059, 19.836704], [-16.401057, 19.836433], [-16.401343, 19.836431], [-16.401346, 19.836702]], [[-16.404207, 19.836409], [-16.403921, 19.836411], [-16.403914, 19.835598], [-16.404487, 19.835593], [-16.404484, 19.835322], [-16.405057, 19.835318], [-16.40506, 19.835589], [-16.404773, 19.835591], [-16.404776, 19.835862], [-16.404489, 19.835864], [-16.404492, 19.836135], [-16.404205, 19.836138], [-16.404207, 19.836409]], [[-16.402773, 19.836149], [-16.401914, 19.836156], [-16.401911, 19.835885], [-16.402771, 19.835878], [-16.402773, 19.836149]], [[-16.401341, 19.83616], [-16.401055, 19.836162], [-16.401052, 19.835891], [-16.401339, 19.835889], [-16.401341, 19.83616]], [[-16.398763, 19.83618], [-16.397618, 19.836189], [-16.397615, 19.835918], [-16.398761, 19.835909], [-16.398763, 19.83618]], [[-16.403057, 19.835876], [-16.402771, 19.835878], [-16.402768, 19.835607], [-16.403055, 19.835605], [-16.403057, 19.835876]], [[-16.403628, 19.8356], [-16.403055, 19.835605], [-16.40305, 19.835062], [-16.403909, 19.835056], [-16.403907, 19.834785], [-16.404193, 19.834782], [-16.404198, 19.835324], [-16.403625, 19.835329], [-16.403628, 19.8356]], [[-16.405628, 19.835042], [-16.405341, 19.835044], [-16.405339, 19.834773], [-16.405625, 19.834771], [-16.405628, 19.835042]], [[-16.415077, 19.834696], [-16.41479, 19.834699], [-16.414788, 19.834428], [-16.415074, 19.834425], [-16.415077, 19.834696]], [[-16.409062, 19.834744], [-16.408489, 19.834749], [-16.408487, 19.834478], [-16.408773, 19.834475], [-16.408771, 19.834204], [-16.409344, 19.8342], [-16.409341, 19.833929], [-16.409628, 19.833926], [-16.409625, 19.833655], [-16.411057, 19.833644], [-16.41106, 19.833915], [-16.410773, 19.833917], [-16.410776, 19.834188], [-16.40963, 19.834197], [-16.409633, 19.834469], [-16.40906, 19.834473], [-16.409062, 19.834744]], [[-16.406484, 19.834764], [-16.405625, 19.834771], [-16.405623, 19.8345], [-16.406482, 19.834493], [-16.406484, 19.834764]], [[-16.404764, 19.834507], [-16.404191, 19.834511], [-16.404188, 19.83424], [-16.404761, 19.834236], [-16.404764, 19.834507]]]}, "properties": {"layer": "core", "exposure_min": 0.6, "area_ha": 144.81}}, {"type": "Feature", "geometry": {"type": "Polygon", "coordinates": [[[-16.465735, 19.830493], [-16.465733, 19.830222], [-16.466878, 19.830213], [-16.466876, 19.829941], [-16.467162, 19.829939], [-16.467152, 19.828855], [-16.467439, 19.828853], [-16.467434, 19.828311], [-16.46772, 19.828308], [-16.467713, 19.827495], [-16.467999, 19.827493], [-16.468002, 19.827764], [-16.468288, 19.827762], [-16.468283, 19.82722], [-16.467997, 19.827222], [-16.467992, 19.82668], [-16.468278, 19.826678], [-16.468273, 19.826135], [-16.468559, 19.826133], [-16.468557, 19.825862], [-16.46827, 19.825864], [-16.468268, 19.825593], [-16.467982, 19.825596], [-16.467984, 19.825867], [-16.467698, 19.825869], [-16.467705, 19.826682], [-16.467419, 19.826685], [-16.467421, 19.826956], [-16.467135, 19.826958], [-16.46714, 19.8275], [-16.466853, 19.827502], [-16.466861, 19.828315], [-16.466575, 19.828318], [-16.46658, 19.82886], [-16.466293, 19.828862], [-16.466296, 19.829133], [-16.466009, 19.829135], [-16.466012, 19.829407], [-16.465725, 19.829409], [-16.465728, 19.82968], [-16.465441, 19.829682], [-16.465446, 19.830224], [-16.46516, 19.830227], [-16.465162, 19.830498], [-16.465735, 19.830493]]]}, "properties": {"layer": "core", "exposure_min": 0.6, "area_ha": 5.22}}, {"type": "Feature", "geometry": {"type": "Polygon", "coordinates": [[[-16.341998, 19.830111], [-16.341994, 19.829569], [-16.34228, 19.829567], [-16.342278, 19.829296], [-16.342851, 19.829292], [-16.342849, 19.829021], [-16.343135, 19.829018], [-16.343133, 19.828747], [-16.343419, 19.828745], [-16.343415, 19.828203], [-16.343701, 19.828201], [-16.343699, 19.82793], [-16.343412, 19.827932], [-16.34341, 19.827661], [-16.343696, 19.827659], [-16.343692, 19.827117], [-16.343978, 19.827115], [-16.343976, 19.826844], [-16.34369, 19.826846], [-16.343687, 19.826575], [-16.343401, 19.826577], [-16.343405, 19.827119], [-16.343119, 19.827121], [-16.343121, 19.827392], [-16.342835, 19.827394], [-16.342837, 19.827665], [-16.343124, 19.827663], [-16.343128, 19.828205], [-16.342842, 19.828208], [-16.342844, 19.828479], [-16.342558, 19.828481], [-16.342555, 19.82821], [-16.342269, 19.828212], [-16.342273, 19.828754], [-16.341987, 19.828756], [-16.341992, 19.829298], [-16.341705, 19.8293], [-16.341712, 19.830113], [-16.341998, 19.830111]]]}, "properties": {"layer": "core", "exposure_min": 0.6, "area_ha": 2.61}}, {"type": "Feature", "geometry": {"type": "Polygon", "coordinates": [[[-16.41758, 19.826274], [-16.417577, 19.826003], [-16.417864, 19.826001], [-16.417859, 19.825459], [-16.417573, 19.825461], [-16.417575, 19.825732], [-16.417289, 19.825735], [-16.417286, 19.825463], [-16.417, 19.825466], [-16.417002, 19.825737], [-16.416716, 19.825739], [-16.416718, 19.82601], [-16.417291, 19.826006], [-16.417293, 19.826277], [-16.41758, 19.826274]]]}, "properties": {"layer": "core", "exposure_min": 0.6, "area_ha": 0.63}}, {"type": "Feature", "geometry": {"type": "Polygon", "coordinates": [[[-16.329672, 19.828848], [-16.329669, 19.828577], [-16.329956, 19.828575], [-16.329953, 19.828304], [-16.33024, 19.828302], [-16.330238, 19.828031], [-16.330524, 19.828029], [-16.33052, 19.827487], [-16.330806, 19.827485], [-16.330804, 19.827213], [-16.33109, 19.827211], [-16.331079, 19.825856], [-16.330792, 19.825858], [-16.33079, 19.825587], [-16.330217, 19.825592], [-16.33022, 19.825863], [-16.329647, 19.825867], [-16.329651, 19.826409], [-16.329365, 19.826411], [-16.329376, 19.827766], [-16.32909, 19.827768], [-16.329097, 19.828581], [-16.329383, 19.828579], [-16.329385, 19.82885], [-16.329672, 19.828848]]]}, "properties": {"layer": "core", "exposure_min": 0.6, "area_ha": 4.68}}, {"type": "Feature", "geometry": {"type": "Polygon", "coordinates": [[[-16.418141, 19.824915], [-16.418138, 19.824644], [-16.418425, 19.824641], [-16.418422, 19.82437], [-16.418709, 19.824368], [-16.418704, 19.823826], [-16.418417, 19.823828], [-16.41842, 19.824099], [-16.418133, 19.824102], [-16.418136, 19.824373], [-16.417849, 19.824375], [-16.417854, 19.824917], [-16.418141, 19.824915]]]}, "properties": {"layer": "core", "exposure_min": 0.6, "area_ha": 0.54}}, {"type": "Feature", "geometry": {"type": "Polygon", "coordinates": [[[-16.288973, 19.825623], [-16.288971, 19.825352], [-16.289257, 19.82535], [-16.289255, 19.825079], [-16.289542, 19.825077], [-16.289539, 19.824806], [-16.290112, 19.824802], [-16.290106, 19.823989], [-16.289819, 19.823991], [-16.289817, 19.82372], [-16.289531, 19.823722], [-16.289526, 19.82318], [-16.28924, 19.823182], [-16.289246, 19.823995], [-16.28896, 19.823997], [-16.288967, 19.82481], [-16.28868, 19.824812], [-16.288678, 19.824541], [-16.288392, 19.824543], [-16.288389, 19.824272], [-16.288103, 19.824274], [-16.288101, 19.824003], [-16.287814, 19.824005], [-16.287817, 19.824276], [-16.28753, 19.824278], [-16.287532, 19.824549], [-16.287819, 19.824547], [-16.287821, 19.824818], [-16.288107, 19.824816], [-16.288112, 19.825358], [-16.288398, 19.825356], [-16.2884, 19.825627], [-16.288973, 19.825623]]]}, "properties": {"layer": "core", "exposure_min": 0.6, "area_ha": 3.06}}, {"type": "Feature", "geometry": {"type": "Polygon", "coordinates": [[[-16.33998, 19.8285], [-16.339978, 19.828229], [-16.340264, 19.828227], [-16.340257, 19.827414], [-16.340544, 19.827412], [-16.340516, 19.824159], [-16.34023, 19.824161], [-16.340221, 19.823077], [-16.339934, 19.823079], [-16.339932, 19.822808], [-16.339073, 19.822815], [-16.339071, 19.822544], [-16.338498, 19.822548], [-16.338509, 19.823903], [-16.337077, 19.823914], [-16.33708, 19.824185], [-16.33622, 19.824191], [-16.336225, 19.824734], [-16.337943, 19.824721], [-16.337946, 19.824992], [-16.338805, 19.824985], [-16.338809, 19.825527], [-16.338523, 19.825529], [-16.338525, 19.825801], [-16.338812, 19.825798], [-16.338823, 19.827154], [-16.338537, 19.827156], [-16.338539, 19.827427], [-16.338825, 19.827425], [-16.338834, 19.828509], [-16.339121, 19.828507], [-16.339118, 19.828235], [-16.339691, 19.828231], [-16.339694, 19.828502], [-16.33998, 19.8285]]]}, "properties": {"layer": "core", "exposure_min": 0.6, "area_ha": 13.32}}, {"type": "Feature", "geometry": {"type": "Polygon", "coordinates": [[[-16.323657, 19.828893], [-16.323655, 19.828622], [-16.324228, 19.828618], [-16.324223, 19.828076], [-16.32365, 19.82808], [-16.323644, 19.827267], [-16.323357, 19.827269], [-16.323355, 19.826998], [-16.323928, 19.826994], [-16.323923, 19.826452], [-16.32421, 19.826449], [-16.324212, 19.82672], [-16.324498, 19.826718], [-16.324501, 19.826989], [-16.32536, 19.826983], [-16.325358, 19.826712], [-16.325644, 19.82671], [-16.325642, 19.826439], [-16.325928, 19.826437], [-16.325919, 19.825353], [-16.325346, 19.825357], [-16.325344, 19.825086], [-16.325058, 19.825088], [-16.32506, 19.825359], [-16.324773, 19.825361], [-16.324771, 19.82509], [-16.324485, 19.825092], [-16.324483, 19.824821], [-16.324769, 19.824819], [-16.324762, 19.824006], [-16.325049, 19.824004], [-16.325042, 19.823191], [-16.324469, 19.823195], [-16.324465, 19.822653], [-16.324178, 19.822655], [-16.324176, 19.822384], [-16.32389, 19.822386], [-16.323887, 19.822115], [-16.323028, 19.822121], [-16.32303, 19.822392], [-16.322744, 19.822395], [-16.322762, 19.824563], [-16.323908, 19.824554], [-16.32391, 19.824825], [-16.323051, 19.824832], [-16.323055, 19.825374], [-16.322482, 19.825378], [-16.322485, 19.825649], [-16.322198, 19.825651], [-16.322203, 19.826193], [-16.322489, 19.826191], [-16.322493, 19.826733], [-16.32278, 19.826731], [-16.322784, 19.827273], [-16.323071, 19.827271], [-16.323073, 19.827542], [-16.322787, 19.827544], [-16.322793, 19.828357], [-16.32308, 19.828355], [-16.323084, 19.828897], [-16.323657, 19.828893]], [[-16.325358, 19.826712], [-16.325071, 19.826714], [-16.325069, 19.826443], [-16.325355, 19.826441], [-16.325358, 19.826712]], [[-16.325069, 19.826443], [-16.324782, 19.826445], [-16.32478, 19.826174], [-16.325067, 19.826172], [-16.325069, 19.826443]], [[-16.324494, 19.826176], [-16.323635, 19.826183], [-16.323632, 19.825912], [-16.324492, 19.825905], [-16.324494, 19.826176]]]}, "properties": {"layer": "core", "exposure_min": 0.6, "area_ha": 14.04}}, {"type": "Feature", "geometry": {"type": "Polygon", "coordinates": [[[-16.479397, 19.821165], [-16.479392, 19.820623], [-16.479965, 19.820618], [-16.479959, 19.820076], [-16.479673, 19.820079], [-16.479676, 19.82035], [-16.479103, 19.820354], [-16.47911, 19.821167], [-16.479397, 19.821165]]]}, "properties": {"layer": "core", "exposure_min": 0.6, "area_ha": 0.54}}, {"type": "Feature", "geometry": {"type": "Polygon", "coordinates": [[[-16.420684, 19.8211], [-16.420682, 19.820829], [-16.420968, 19.820827], [-16.420956, 19.819471], [-16.42067, 19.819474], [-16.42068, 19.820558], [-16.420393, 19.82056], [-16.420398, 19.821102], [-16.420684, 19.8211]]]}, "properties": {"layer": "core", "exposure_min": 0.6, "area_ha": 0.63}}, {"type": "Feature", "geometry": {"type": "Polygon", "coordinates": [[[-16.255731, 19.823421], [-16.255728, 19.82315], [-16.256015, 19.823148], [-16.256013, 19.822877], [-16.256299, 19.822875], [-16.256295, 19.822332], [-16.256581, 19.82233], [-16.256579, 19.822059], [-16.256866, 19.822057], [-16.256861, 19.821515], [-16.257148, 19.821513], [-16.257146, 19.821242], [-16.257432, 19.82124], [-16.257419, 19.819614], [-16.257133, 19.819616], [-16.257137, 19.820158], [-16.256851, 19.82016], [-16.256855, 19.820702], [-16.256569, 19.820704], [-16.256573, 19.821246], [-16.256286, 19.821248], [-16.256289, 19.821519], [-16.256002, 19.821521], [-16.256004, 19.821792], [-16.255718, 19.821794], [-16.25572, 19.822065], [-16.255434, 19.822067], [-16.255436, 19.822338], [-16.255149, 19.82234], [-16.255151, 19.822612], [-16.254865, 19.822614], [-16.254867, 19.822885], [-16.254581, 19.822887], [-16.254583, 19.823158], [-16.255156, 19.823154], [-16.255154, 19.822883], [-16.25544, 19.822881], [-16.255444, 19.823423], [-16.255731, 19.823421]], [[-16.255726, 19.822879], [-16.25544, 19.822881], [-16.255438, 19.82261], [-16.255724, 19.822607], [-16.255726, 19.822879]], [[-16.257146, 19.821242], [-16.256859, 19.821244], [-16.256857, 19.820973], [-16.257143, 19.820971], [-16.257146, 19.821242]]]}, "properties": {"layer": "core", "exposure_min": 0.6, "area_ha": 3.42}}, {"type": "Feature", "geometry": {"type": "Polygon", "coordinates": [[[-16.471074, 19.819336], [-16.471067, 19.818523], [-16.47164, 19.818519], [-16.471635, 19.817977], [-16.470776, 19.817984], [-16.470771, 19.817442], [-16.470484, 19.817444], [-16.470487, 19.817715], [-16.4702, 19.817717], [-16.470203, 19.817988], [-16.470489, 19.817986], [-16.470492, 19.818257], [-16.470205, 19.818259], [-16.470208, 19.818531], [-16.470494, 19.818528], [-16.470497, 19.818799], [-16.470783, 19.818797], [-16.470786, 19.819068], [-16.470499, 19.81907], [-16.470502, 19.819341], [-16.471074, 19.819336]]]}, "properties": {"layer": "core", "exposure_min": 0.6, "area_ha": 1.53}}, {"type": "Feature", "geometry": {"type": "Polygon", "coordinates": [[[-16.472205, 19.817701], [-16.472202, 19.81743], [-16.472489, 19.817428], [-16.472481, 19.816615], [-16.472195, 19.816617], [-16.472197, 19.816888], [-16.471911, 19.81689], [-16.471914, 19.817161], [-16.471627, 19.817164], [-16.471632, 19.817706], [-16.472205, 19.817701]]]}, "properties": {"layer": "core", "exposure_min": 0.6, "area_ha": 0.72}}, {"type": "Feature", "geometry": {"type": "Polygon", "coordinates": [[[-16.345619, 19.817887], [-16.345614, 19.817345], [-16.346187, 19.81734], [-16.346185, 19.817069], [-16.345039, 19.817078], [-16.345042, 19.817349], [-16.344755, 19.817351], [-16.344758, 19.817622], [-16.34533, 19.817618], [-16.345333, 19.817889], [-16.345619, 19.817887]]]}, "properties": {"layer": "core", "exposure_min": 0.6, "area_ha": 0.72}}, {"type": "Feature", "geometry": {"type": "Polygon", "coordinates": [[[-16.319276, 19.818625], [-16.319271, 19.818083], [-16.319558, 19.818081], [-16.319553, 19.817539], [-16.31984, 19.817537], [-16.319838, 19.817266], [-16.319551, 19.817268], [-16.319549, 19.816997], [-16.318976, 19.817001], [-16.318974, 19.81673], [-16.318401, 19.816735], [-16.318403, 19.817006], [-16.318117, 19.817008], [-16.318119, 19.817279], [-16.317833, 19.817281], [-16.31784, 19.818094], [-16.318412, 19.81809], [-16.318415, 19.818361], [-16.318987, 19.818357], [-16.31899, 19.818628], [-16.319276, 19.818625]], [[-16.318408, 19.817548], [-16.318121, 19.81755], [-16.318119, 19.817279], [-16.318406, 19.817277], [-16.318408, 19.817548]]]}, "properties": {"layer": "core", "exposure_min": 0.6, "area_ha": 2.61}}, {"type": "Feature", "geometry": {"type": "Polygon", "coordinates": [[[-16.474197, 19.816329], [-16.47419, 19.815516], [-16.474476, 19.815514], [-16.474471, 19.814972], [-16.474185, 19.814974], [-16.474187, 19.815245], [-16.473328, 19.815252], [-16.473333, 19.815794], [-16.473047, 19.815797], [-16.473049, 19.816068], [-16.473335, 19.816065], [-16.473338, 19.816336], [-16.473624, 19.816334], [-16.473622, 19.816063], [-16.473908, 19.816061], [-16.473911, 19.816332], [-16.474197, 19.816329]]]}, "properties": {"layer": "core", "exposure_min": 0.6, "area_ha": 1.26}}, {"type": "Feature", "geometry": {"type": "Polygon", "coordinates": [[[-16.315251, 19.816758], [-16.315246, 19.816216], [-16.314674, 19.81622], [-16.314676, 19.816491], [-16.314103, 19.816495], [-16.314105, 19.816766], [-16.315251, 19.816758]]]}, "properties": {"layer": "core", "exposure_min": 0.6, "area_ha": 0.54}}, {"type": "Feature", "geometry": {"type": "Polygon", "coordinates": [[[-16.347042, 19.816792], [-16.347037, 19.81625], [-16.347324, 19.816248], [-16.347321, 19.815977], [-16.347894, 19.815972], [-16.34789, 19.81543], [-16.34703, 19.815437], [-16.347035, 19.815979], [-16.346749, 19.815981], [-16.346753, 19.816523], [-16.346467, 19.816525], [-16.346469, 19.816796], [-16.347042, 19.816792]]]}, "properties": {"layer": "core", "exposure_min": 0.6, "area_ha": 0.99}}, {"type": "Feature", "geometry": {"type": "Polygon", "coordinates": [[[-16.337296, 19.815781], [-16.337291, 19.815239], [-16.337578, 19.815237], [-16.337575, 19.814966], [-16.337862, 19.814964], [-16.337857, 19.814421], [-16.337284, 19.814426], [-16.337287, 19.814697], [-16.337, 19.814699], [-16.337003, 19.81497], [-16.336716, 19.814972], [-16.336718, 19.815243], [-16.337005, 19.815241], [-16.337009, 19.815783], [-16.337296, 19.815781]]]}, "properties": {"layer": "core", "exposure_min": 0.6, "area_ha": 0.9}}, {"type": "Feature", "geometry": {"type": "Polygon", "coordinates": [[[-16.339, 19.814142], [-16.338998, 19.813871], [-16.339285, 19.813869], [-16.33928, 19.813327], [-16.338707, 19.813331], [-16.338705, 19.81306], [-16.338132, 19.813064], [-16.338134, 19.813335], [-16.337848, 19.813337], [-16.33785, 19.813608], [-16.338423, 19.813604], [-16.338425, 19.813875], [-16.338712, 19.813873], [-16.338714, 19.814144], [-16.339, 19.814142]]]}, "properties": {"layer": "core", "exposure_min": 0.6, "area_ha": 0.99}}, {"type": "Feature", "geometry": {"type": "Polygon", "coordinates": [[[-16.344253, 19.825757], [-16.344249, 19.825215], [-16.343676, 19.82522], [-16.343674, 19.824949], [-16.343387, 19.824951], [-16.343385, 19.82468], [-16.343099, 19.824682], [-16.343094, 19.82414], [-16.342808, 19.824142], [-16.342801, 19.823329], [-16.343087, 19.823327], [-16.343083, 19.822785], [-16.343369, 19.822783], [-16.343353, 19.820885], [-16.343067, 19.820888], [-16.343062, 19.820345], [-16.342776, 19.820348], [-16.342771, 19.819806], [-16.342485, 19.819808], [-16.342478, 19.818995], [-16.342192, 19.818997], [-16.342187, 19.818455], [-16.341901, 19.818457], [-16.341896, 19.817915], [-16.34161, 19.817917], [-16.341607, 19.817646], [-16.341894, 19.817644], [-16.341891, 19.817373], [-16.342178, 19.817371], [-16.34218, 19.817642], [-16.343039, 19.817635], [-16.343042, 19.817906], [-16.343328, 19.817904], [-16.34333, 19.818175], [-16.343617, 19.818173], [-16.343619, 19.818444], [-16.343905, 19.818442], [-16.343903, 19.818171], [-16.344476, 19.818166], [-16.344474, 19.817895], [-16.34476, 19.817893], [-16.344758, 19.817622], [-16.344471, 19.817624], [-16.344469, 19.817353], [-16.344183, 19.817355], [-16.34418, 19.817084], [-16.343894, 19.817087], [-16.343892, 19.816816], [-16.343319, 19.81682], [-16.343317, 19.816549], [-16.343603, 19.816547], [-16.343601, 19.816276], [-16.343887, 19.816274], [-16.343885, 19.816002], [-16.343598, 19.816005], [-16.343596, 19.815734], [-16.34331, 19.815736], [-16.343305, 19.815194], [-16.343878, 19.815189], [-16.343873, 19.814647], [-16.343587, 19.814649], [-16.343582, 19.814107], [-16.344155, 19.814103], [-16.344142, 19.812477], [-16.343569, 19.812481], [-16.343571, 19.812752], [-16.342998, 19.812757], [-16.343001, 19.813028], [-16.342714, 19.81303], [-16.342723, 19.814114], [-16.34301, 19.814112], [-16.343012, 19.814383], [-16.342153, 19.814389], [-16.34216, 19.815202], [-16.342446, 19.8152], [-16.342448, 19.815471], [-16.343021, 19.815467], [-16.343026, 19.816009], [-16.342739, 19.816011], [-16.342742, 19.816282], [-16.342455, 19.816284], [-16.342453, 19.816013], [-16.342167, 19.816015], [-16.342173, 19.816829], [-16.341314, 19.816835], [-16.341312, 19.816564], [-16.341598, 19.816562], [-16.341594, 19.81602], [-16.34188, 19.816018], [-16.341878, 19.815747], [-16.341591, 19.815749], [-16.341589, 19.815478], [-16.341016, 19.815482], [-16.341014, 19.815211], [-16.340441, 19.815215], [-16.340437, 19.814673], [-16.339864, 19.814677], [-16.339871, 19.815491], [-16.339585, 19.815493], [-16.339589, 19.816035], [-16.339016, 19.816039], [-16.339014, 19.815768], [-16.337296, 19.815781], [-16.337298, 19.816052], [-16.337012, 19.816054], [-16.337016, 19.816596], [-16.337303, 19.816594], [-16.337314, 19.817949], [-16.337027, 19.817951], [-16.337025, 19.81768], [-16.336739, 19.817682], [-16.336737, 19.817411], [-16.335877, 19.817418], [-16.335873, 19.816876], [-16.335586, 19.816878], [-16.335582, 19.816336], [-16.336441, 19.816329], [-16.336439, 19.816058], [-16.336152, 19.816061], [-16.33615, 19.815789], [-16.335864, 19.815792], [-16.335862, 19.815521], [-16.335575, 19.815523], [-16.335571, 19.814981], [-16.334998, 19.814985], [-16.334996, 19.814714], [-16.334709, 19.814716], [-16.334707, 19.814445], [-16.334421, 19.814447], [-16.334418, 19.814176], [-16.334132, 19.814178], [-16.33413, 19.813907], [-16.333843, 19.813909], [-16.333841, 19.813638], [-16.333268, 19.813643], [-16.333266, 19.813372], [-16.332693, 19.813376], [-16.332698, 19.813918], [-16.332411, 19.81392], [-16.332423, 19.815275], [-16.332709, 19.815273], [-16.332714, 19.815815], [-16.333, 19.815813], [-16.333005, 19.816355], [-16.333291, 19.816353], [-16.333293, 19.816624], [-16.33358, 19.816622], [-16.333582, 19.816893], [-16.333868, 19.816891], [-16.333873, 19.817433], [-16.334159, 19.817431], [-16.334168, 19.818515], [-16.334455, 19.818513], [-16.334457, 19.818784], [-16.333884, 19.818788], [-16.333893, 19.819872], [-16.333607, 19.819874], [-16.333613, 19.820687], [-16.334186, 19.820683], [-16.334188, 19.820954], [-16.334475, 19.820952], [-16.334486, 19.822307], [-16.3342, 19.822309], [-16.334202, 19.82258], [-16.334488, 19.822578], [-16.334493, 19.82312], [-16.334779, 19.823118], [-16.334782, 19.823389], [-16.335927, 19.823381], [-16.335925, 19.823109], [-16.336211, 19.823107], [-16.336214, 19.823378], [-16.3365, 19.823376], [-16.336498, 19.823105], [-16.336784, 19.823103], [-16.33678, 19.822561], [-16.337066, 19.822559], [-16.337057, 19.821475], [-16.337343, 19.821473], [-16.337339, 19.820931], [-16.337052, 19.820933], [-16.33705, 19.820662], [-16.337337, 19.820659], [-16.337332, 19.820117], [-16.337618, 19.820115], [-16.337614, 19.819573], [-16.3379, 19.819571], [-16.337898, 19.8193], [-16.338184, 19.819298], [-16.338189, 19.81984], [-16.338762, 19.819836], [-16.338757, 19.819294], [-16.338471, 19.819296], [-16.338464, 19.818483], [-16.339037, 19.818478], [-16.339034, 19.818207], [-16.339894, 19.818201], [-16.339896, 19.818472], [-16.340469, 19.818468], [-16.340471, 19.818739], [-16.340757, 19.818736], [-16.340762, 19.819279], [-16.341048, 19.819276], [-16.341053, 19.819818], [-16.341339, 19.819816], [-16.341341, 19.820087], [-16.341628, 19.820085], [-16.34163, 19.820356], [-16.341917, 19.820354], [-16.341923, 19.821167], [-16.34221, 19.821165], [-16.342212, 19.821436], [-16.341926, 19.821438], [-16.341928, 19.821709], [-16.342501, 19.821705], [-16.342498, 19.821434], [-16.342785, 19.821432], [-16.342789, 19.821974], [-16.342217, 19.821978], [-16.342221, 19.82252], [-16.342507, 19.822518], [-16.342517, 19.823602], [-16.34223, 19.823604], [-16.342235, 19.824146], [-16.342521, 19.824144], [-16.342528, 19.824957], [-16.343101, 19.824953], [-16.343103, 19.825224], [-16.343389, 19.825222], [-16.343392, 19.825493], [-16.343678, 19.825491], [-16.34368, 19.825762], [-16.344253, 19.825757]], [[-16.33532, 19.819319], [-16.335034, 19.819321], [-16.33503, 19.818779], [-16.334743, 19.818782], [-16.334739, 19.818239], [-16.334452, 19.818242], [-16.334445, 19.817429], [-16.334159, 19.817431], [-16.334155, 19.816889], [-16.334441, 19.816886], [-16.334443, 19.817158], [-16.33473, 19.817155], [-16.334734, 19.817697], [-16.335021, 19.817695], [-16.335027, 19.818508], [-16.335314, 19.818506], [-16.335316, 19.818777], [-16.335602, 19.818775], [-16.335605, 19.819046], [-16.335318, 19.819048], [-16.33532, 19.819319]], [[-16.338173, 19.817943], [-16.337887, 19.817945], [-16.33788, 19.817132], [-16.338453, 19.817127], [-16.338455, 19.817399], [-16.338741, 19.817396], [-16.338744, 19.817667], [-16.338171, 19.817672], [-16.338173, 19.817943]], [[-16.339312, 19.817121], [-16.339025, 19.817123], [-16.339021, 19.816581], [-16.339307, 19.816579], [-16.339312, 19.817121]], [[-16.338446, 19.816314], [-16.338159, 19.816317], [-16.338157, 19.816046], [-16.338444, 19.816043], [-16.338446, 19.816314]]]}, "properties": {"layer": "core", "exposure_min": 0.6, "area_ha": 63.18}}, {"type": "Feature", "geometry": {"type": "Polygon", "coordinates": [[[-16.421534, 19.820009], [-16.421512, 19.81757], [-16.421799, 19.817567], [-16.421803, 19.818109], [-16.422376, 19.818105], [-16.422371, 19.817563], [-16.422085, 19.817565], [-16.42208, 19.817023], [-16.422366, 19.817021], [-16.422364, 19.81675], [-16.42265, 19.816747], [-16.422638, 19.815392], [-16.422352, 19.815395], [-16.422359, 19.816208], [-16.422073, 19.81621], [-16.422027, 19.811061], [-16.421741, 19.811063], [-16.421753, 19.812418], [-16.421466, 19.81242], [-16.421469, 19.812691], [-16.421755, 19.812689], [-16.42176, 19.813231], [-16.421474, 19.813233], [-16.421493, 19.815402], [-16.421207, 19.815404], [-16.421211, 19.815946], [-16.421498, 19.815944], [-16.421505, 19.816757], [-16.421219, 19.816759], [-16.421231, 19.818114], [-16.420944, 19.818116], [-16.420956, 19.819471], [-16.421243, 19.819469], [-16.421247, 19.820011], [-16.421534, 19.820009]]]}, "properties": {"layer": "core", "exposure_min": 0.6, "area_ha": 6.48}}, {"type": "Feature", "geometry": {"type": "Polygon", "coordinates": [[[-16.345869, 19.813548], [-16.345867, 19.813277], [-16.346153, 19.813275], [-16.346148, 19.812733], [-16.346435, 19.812731], [-16.34643, 19.812189], [-16.346144, 19.812191], [-16.346142, 19.81192], [-16.346428, 19.811918], [-16.346423, 19.811376], [-16.346137, 19.811378], [-16.346139, 19.811649], [-16.345853, 19.811651], [-16.345858, 19.812193], [-16.345571, 19.812195], [-16.345576, 19.812737], [-16.345862, 19.812735], [-16.345864, 19.813006], [-16.345292, 19.81301], [-16.345294, 19.813281], [-16.34558, 19.813279], [-16.345583, 19.81355], [-16.345869, 19.813548]]]}, "properties": {"layer": "core", "exposure_min": 0.6, "area_ha": 1.35}}, {"type": "Feature", "geometry": {"type": "Polygon", "coordinates": [[[-16.3321, 19.810941], [-16.332098, 19.81067], [-16.332384, 19.810668], [-16.332382, 19.810397], [-16.331809, 19.810401], [-16.331807, 19.81013], [-16.331234, 19.810134], [-16.331237, 19.810405], [-16.330664, 19.810409], [-16.330666, 19.810681], [-16.331239, 19.810676], [-16.331241, 19.810947], [-16.3321, 19.810941]]]}, "properties": {"layer": "core", "exposure_min": 0.6, "area_ha": 0.99}}, {"type": "Feature", "geometry": {"type": "Polygon", "coordinates": [[[-16.255472, 19.826946], [-16.25547, 19.826675], [-16.255756, 19.826673], [-16.255746, 19.825318], [-16.256032, 19.825316], [-16.256028, 19.824774], [-16.256314, 19.824772], [-16.256312, 19.824501], [-16.256598, 19.824499], [-16.256596, 19.824228], [-16.257169, 19.824224], [-16.257165, 19.823682], [-16.259456, 19.823665], [-16.259454, 19.823394], [-16.25974, 19.823392], [-16.259742, 19.823663], [-16.260029, 19.823661], [-16.260025, 19.823119], [-16.260311, 19.823117], [-16.260307, 19.822575], [-16.260593, 19.822573], [-16.260589, 19.822031], [-16.260875, 19.822029], [-16.260858, 19.819861], [-16.260572, 19.819863], [-16.260567, 19.819321], [-16.260854, 19.819319], [-16.260852, 19.819048], [-16.259993, 19.819054], [-16.25999, 19.818783], [-16.259704, 19.818785], [-16.2597, 19.818243], [-16.260559, 19.818237], [-16.260557, 19.817965], [-16.26113, 19.817961], [-16.261125, 19.817419], [-16.260839, 19.817421], [-16.260835, 19.816879], [-16.261121, 19.816877], [-16.261117, 19.816335], [-16.261403, 19.816333], [-16.261401, 19.816062], [-16.261687, 19.81606], [-16.261683, 19.815518], [-16.261969, 19.815516], [-16.261967, 19.815245], [-16.262254, 19.815243], [-16.262252, 19.814972], [-16.262538, 19.81497], [-16.262525, 19.813344], [-16.263098, 19.81334], [-16.263096, 19.813069], [-16.262809, 19.813071], [-16.262805, 19.812529], [-16.262519, 19.812531], [-16.262517, 19.812259], [-16.261657, 19.812266], [-16.261655, 19.811995], [-16.261369, 19.811997], [-16.261365, 19.811454], [-16.261078, 19.811456], [-16.261076, 19.811185], [-16.26079, 19.811187], [-16.260788, 19.810916], [-16.260501, 19.810918], [-16.260499, 19.810647], [-16.260213, 19.810649], [-16.260211, 19.810378], [-16.259638, 19.810382], [-16.259651, 19.812009], [-16.259364, 19.812011], [-16.259375, 19.813366], [-16.259661, 19.813364], [-16.259659, 19.813093], [-16.259946, 19.813091], [-16.259952, 19.813904], [-16.259666, 19.813906], [-16.259676, 19.815261], [-16.25939, 19.815263], [-16.259398, 19.816347], [-16.259112, 19.816349], [-16.259118, 19.817162], [-16.258832, 19.817164], [-16.258838, 19.817978], [-16.258552, 19.81798], [-16.258561, 19.819064], [-16.258274, 19.819066], [-16.258276, 19.819337], [-16.25799, 19.819339], [-16.257994, 19.819881], [-16.257708, 19.819883], [-16.257718, 19.821238], [-16.257432, 19.82124], [-16.257436, 19.821782], [-16.25715, 19.821784], [-16.257154, 19.822326], [-16.256868, 19.822328], [-16.25687, 19.822599], [-16.256583, 19.822601], [-16.256588, 19.823144], [-16.256015, 19.823148], [-16.256019, 19.82369], [-16.255733, 19.823692], [-16.255735, 19.823963], [-16.255448, 19.823965], [-16.255451, 19.824236], [-16.255164, 19.824238], [-16.25516, 19.823696], [-16.254874, 19.823698], [-16.254876, 19.823969], [-16.254589, 19.823971], [-16.254594, 19.824513], [-16.254307, 19.824515], [-16.254309, 19.824786], [-16.254023, 19.824788], [-16.254025, 19.825059], [-16.254311, 19.825057], [-16.254316, 19.825599], [-16.254602, 19.825597], [-16.2546, 19.825326], [-16.255173, 19.825322], [-16.255185, 19.826948], [-16.255472, 19.826946]], [[-16.259452, 19.823123], [-16.258306, 19.823131], [-16.258304, 19.82286], [-16.258018, 19.822862], [-16.258011, 19.822049], [-16.258298, 19.822047], [-16.258293, 19.821505], [-16.25858, 19.821503], [-16.258573, 19.82069], [-16.25886, 19.820688], [-16.258858, 19.820417], [-16.25943, 19.820413], [-16.259433, 19.820684], [-16.259719, 19.820682], [-16.259721, 19.820953], [-16.260007, 19.820951], [-16.26002, 19.822577], [-16.259447, 19.822581], [-16.259452, 19.823123]], [[-16.259415, 19.818516], [-16.259129, 19.818518], [-16.259127, 19.818247], [-16.259413, 19.818245], [-16.259415, 19.818516]], [[-16.260822, 19.815253], [-16.260535, 19.815255], [-16.260531, 19.814713], [-16.259958, 19.814717], [-16.259956, 19.814446], [-16.260529, 19.814442], [-16.260523, 19.813629], [-16.260809, 19.813627], [-16.260807, 19.813356], [-16.261093, 19.813354], [-16.261091, 19.813083], [-16.261377, 19.813081], [-16.261375, 19.81281], [-16.261948, 19.812806], [-16.26195, 19.813077], [-16.261664, 19.813079], [-16.261675, 19.814434], [-16.261388, 19.814436], [-16.26139, 19.814707], [-16.261104, 19.814709], [-16.261106, 19.81498], [-16.26082, 19.814982], [-16.260822, 19.815253]], [[-16.259943, 19.81282], [-16.259657, 19.812822], [-16.259651, 19.812009], [-16.259937, 19.812007], [-16.259943, 19.81282]]]}, "properties": {"layer": "core", "exposure_min": 0.6, "area_ha": 36.99}}, {"type": "Feature", "geometry": {"type": "Polygon", "coordinates": [[[-16.422313, 19.811058], [-16.422304, 19.809974], [-16.42259, 19.809972], [-16.422576, 19.808346], [-16.422289, 19.808348], [-16.422299, 19.809432], [-16.422013, 19.809434], [-16.422027, 19.811061], [-16.422313, 19.811058]]]}, "properties": {"layer": "core", "exposure_min": 0.6, "area_ha": 1.08}}, {"type": "Feature", "geometry": {"type": "Polygon", "coordinates": [[[-16.33006, 19.806619], [-16.330057, 19.806348], [-16.330344, 19.806346], [-16.330341, 19.806075], [-16.330628, 19.806073], [-16.330626, 19.805802], [-16.32948, 19.80581], [-16.329487, 19.806624], [-16.33006, 19.806619]]]}, "properties": {"layer": "core", "exposure_min": 0.6, "area_ha": 0.81}}, {"type": "Feature", "geometry": {"type": "Polygon", "coordinates": [[[-16.333505, 19.807678], [-16.333503, 19.807407], [-16.333789, 19.807405], [-16.333787, 19.807134], [-16.334073, 19.807131], [-16.334069, 19.806589], [-16.333782, 19.806592], [-16.33378, 19.80632], [-16.333494, 19.806323], [-16.333491, 19.806052], [-16.333205, 19.806054], [-16.333203, 19.805783], [-16.332916, 19.805785], [-16.332914, 19.805514], [-16.333773, 19.805507], [-16.333771, 19.805236], [-16.332053, 19.805249], [-16.332051, 19.804978], [-16.331478, 19.804982], [-16.33148, 19.805253], [-16.331194, 19.805256], [-16.331198, 19.805798], [-16.331485, 19.805796], [-16.331487, 19.806067], [-16.331773, 19.806064], [-16.331775, 19.806335], [-16.332062, 19.806333], [-16.332064, 19.806604], [-16.33235, 19.806602], [-16.332344, 19.805789], [-16.33263, 19.805787], [-16.332639, 19.806871], [-16.332925, 19.806869], [-16.332928, 19.80714], [-16.332641, 19.807142], [-16.332644, 19.807413], [-16.33293, 19.807411], [-16.332932, 19.807682], [-16.333505, 19.807678]]]}, "properties": {"layer": "core", "exposure_min": 0.6, "area_ha": 4.23}}, {"type": "Feature", "geometry": {"type": "Polygon", "coordinates": [[[-16.423141, 19.807528], [-16.423129, 19.806173], [-16.422843, 19.806175], [-16.422831, 19.80482], [-16.422544, 19.804823], [-16.422535, 19.803738], [-16.422248, 19.803741], [-16.42227, 19.80618], [-16.422556, 19.806178], [-16.422566, 19.807262], [-16.422852, 19.807259], [-16.422855, 19.80753], [-16.423141, 19.807528]]]}, "properties": {"layer": "core", "exposure_min": 0.6, "area_ha": 2.07}}, {"type": "Feature", "geometry": {"type": "Polygon", "coordinates": [[[-16.310293, 19.805952], [-16.310291, 19.805681], [-16.310864, 19.805677], [-16.31086, 19.805135], [-16.310573, 19.805137], [-16.31056, 19.803511], [-16.310274, 19.803513], [-16.310267, 19.8027], [-16.30998, 19.802702], [-16.309978, 19.802431], [-16.309119, 19.802437], [-16.309121, 19.802708], [-16.309408, 19.802706], [-16.30941, 19.802977], [-16.309696, 19.802975], [-16.309705, 19.804059], [-16.309419, 19.804061], [-16.309421, 19.804332], [-16.309994, 19.804328], [-16.309996, 19.804599], [-16.30971, 19.804601], [-16.309712, 19.804872], [-16.309998, 19.80487], [-16.31, 19.805141], [-16.310287, 19.805139], [-16.310289, 19.80541], [-16.310003, 19.805412], [-16.310007, 19.805954], [-16.310293, 19.805952]]]}, "properties": {"layer": "core", "exposure_min": 0.6, "area_ha": 2.97}}, {"type": "Feature", "geometry": {"type": "Polygon", "coordinates": [[[-16.325162, 19.803132], [-16.32516, 19.802861], [-16.325446, 19.802859], [-16.325444, 19.802588], [-16.324585, 19.802594], [-16.324583, 19.802323], [-16.324296, 19.802325], [-16.324299, 19.802596], [-16.323726, 19.802601], [-16.323728, 19.802872], [-16.324014, 19.802869], [-16.324017, 19.803141], [-16.325162, 19.803132]]]}, "properties": {"layer": "core", "exposure_min": 0.6, "area_ha": 0.99}}, {"type": "Feature", "geometry": {"type": "Polygon", "coordinates": [[[-16.422532, 19.803467], [-16.422528, 19.802925], [-16.422241, 19.802928], [-16.422239, 19.802657], [-16.422525, 19.802654], [-16.422515, 19.80157], [-16.422229, 19.801573], [-16.422227, 19.801301], [-16.42194, 19.801304], [-16.421931, 19.80022], [-16.421644, 19.800222], [-16.42164, 19.79968], [-16.421353, 19.799682], [-16.421365, 19.801037], [-16.421652, 19.801035], [-16.421664, 19.80239], [-16.42195, 19.802388], [-16.42196, 19.803472], [-16.422532, 19.803467]]]}, "properties": {"layer": "core", "exposure_min": 0.6, "area_ha": 2.43}}, {"type": "Feature", "geometry": {"type": "Polygon", "coordinates": [[[-16.264226, 19.811163], [-16.26422, 19.81035], [-16.264793, 19.810346], [-16.26478, 19.80872], [-16.265066, 19.808718], [-16.265062, 19.808176], [-16.265348, 19.808174], [-16.265346, 19.807903], [-16.26506, 19.807905], [-16.265058, 19.807634], [-16.265917, 19.807627], [-16.26591, 19.806814], [-16.266197, 19.806812], [-16.266195, 19.806541], [-16.266481, 19.806539], [-16.266477, 19.805997], [-16.266763, 19.805995], [-16.266761, 19.805724], [-16.266474, 19.805726], [-16.266468, 19.804913], [-16.266182, 19.804915], [-16.26618, 19.804644], [-16.265893, 19.804646], [-16.265895, 19.804917], [-16.265609, 19.804919], [-16.265607, 19.804648], [-16.265034, 19.804652], [-16.265032, 19.804381], [-16.264746, 19.804383], [-16.264741, 19.803841], [-16.265028, 19.803839], [-16.265025, 19.803568], [-16.265312, 19.803566], [-16.265305, 19.802753], [-16.265019, 19.802755], [-16.265017, 19.802484], [-16.264731, 19.802486], [-16.264733, 19.802757], [-16.26416, 19.802761], [-16.264156, 19.802219], [-16.263869, 19.802221], [-16.263867, 19.80195], [-16.263294, 19.801954], [-16.263292, 19.801683], [-16.26272, 19.801687], [-16.262722, 19.801958], [-16.262435, 19.80196], [-16.262433, 19.801689], [-16.262147, 19.801691], [-16.262143, 19.801149], [-16.261856, 19.801151], [-16.261854, 19.80088], [-16.261568, 19.800882], [-16.261572, 19.801424], [-16.261858, 19.801422], [-16.261863, 19.801964], [-16.262149, 19.801962], [-16.262151, 19.802233], [-16.262437, 19.802231], [-16.262446, 19.803315], [-16.26216, 19.803317], [-16.262162, 19.803588], [-16.261875, 19.80359], [-16.261878, 19.803861], [-16.261591, 19.803863], [-16.261598, 19.804676], [-16.260166, 19.804687], [-16.260168, 19.804958], [-16.259595, 19.804962], [-16.259584, 19.803606], [-16.259871, 19.803604], [-16.259862, 19.80252], [-16.259576, 19.802522], [-16.25958, 19.803064], [-16.259007, 19.803068], [-16.259014, 19.803881], [-16.258727, 19.803884], [-16.258732, 19.804426], [-16.258445, 19.804428], [-16.258454, 19.805512], [-16.258168, 19.805514], [-16.258172, 19.806056], [-16.257885, 19.806058], [-16.257892, 19.806871], [-16.257605, 19.806873], [-16.25761, 19.807415], [-16.258469, 19.807409], [-16.258475, 19.808222], [-16.258189, 19.808224], [-16.258202, 19.80985], [-16.257915, 19.809852], [-16.257917, 19.810123], [-16.258204, 19.810121], [-16.258208, 19.810664], [-16.258494, 19.810662], [-16.258482, 19.809035], [-16.258768, 19.809033], [-16.258755, 19.807407], [-16.259042, 19.807405], [-16.25902, 19.804695], [-16.259307, 19.804693], [-16.259311, 19.805235], [-16.259597, 19.805233], [-16.259599, 19.805504], [-16.259313, 19.805506], [-16.259317, 19.806048], [-16.259604, 19.806046], [-16.259612, 19.80713], [-16.259899, 19.807128], [-16.259901, 19.807399], [-16.260473, 19.807395], [-16.260471, 19.807124], [-16.260758, 19.807122], [-16.260756, 19.806851], [-16.261042, 19.806849], [-16.261046, 19.807391], [-16.26076, 19.807393], [-16.260762, 19.807664], [-16.260189, 19.807668], [-16.260191, 19.807939], [-16.259905, 19.807941], [-16.259909, 19.808483], [-16.260196, 19.808481], [-16.260202, 19.809294], [-16.260488, 19.809292], [-16.260497, 19.810376], [-16.260783, 19.810374], [-16.260788, 19.810916], [-16.26136, 19.810912], [-16.261363, 19.811183], [-16.261649, 19.811181], [-16.261645, 19.810639], [-16.261931, 19.810637], [-16.261935, 19.811179], [-16.264226, 19.811163]], [[-16.261352, 19.809828], [-16.261065, 19.80983], [-16.261057, 19.808746], [-16.26163, 19.808742], [-16.261634, 19.809284], [-16.261348, 19.809286], [-16.261352, 19.809828]], [[-16.263339, 19.807646], [-16.26248, 19.807652], [-16.262478, 19.807381], [-16.262764, 19.807379], [-16.262762, 19.807108], [-16.262476, 19.80711], [-16.262467, 19.806026], [-16.262754, 19.806024], [-16.262747, 19.80521], [-16.263034, 19.805208], [-16.263038, 19.80575], [-16.263324, 19.805748], [-16.263327, 19.806019], [-16.263613, 19.806017], [-16.263619, 19.806831], [-16.263047, 19.806835], [-16.263051, 19.807377], [-16.263337, 19.807375], [-16.263339, 19.807646]], [[-16.265908, 19.806543], [-16.265622, 19.806545], [-16.26562, 19.806274], [-16.265906, 19.806272], [-16.265908, 19.806543]], [[-16.265613, 19.805461], [-16.265327, 19.805463], [-16.265323, 19.804921], [-16.265609, 19.804919], [-16.265613, 19.805461]], [[-16.263316, 19.804664], [-16.263029, 19.804666], [-16.263025, 19.804124], [-16.263312, 19.804122], [-16.263316, 19.804664]], [[-16.263305, 19.803309], [-16.262732, 19.803313], [-16.26273, 19.803042], [-16.263017, 19.80304], [-16.263014, 19.802769], [-16.263301, 19.802767], [-16.263305, 19.803309]], [[-16.263585, 19.802494], [-16.263299, 19.802496], [-16.263297, 19.802225], [-16.263583, 19.802223], [-16.263585, 19.802494]]]}, "properties": {"layer": "core", "exposure_min": 0.6, "area_ha": 52.29}}, {"type": "Feature", "geometry": {"type": "Polygon", "coordinates": [[[-16.335464, 19.802242], [-16.335462, 19.801971], [-16.336035, 19.801967], [-16.336033, 19.801696], [-16.33546, 19.8017], [-16.335458, 19.801429], [-16.334885, 19.801433], [-16.334883, 19.801162], [-16.334596, 19.801164], [-16.334592, 19.800622], [-16.334305, 19.800625], [-16.334303, 19.800353], [-16.334017, 19.800356], [-16.334021, 19.800898], [-16.333735, 19.8009], [-16.333739, 19.801442], [-16.334026, 19.80144], [-16.33403, 19.801982], [-16.334317, 19.80198], [-16.334319, 19.802251], [-16.335464, 19.802242]]]}, "properties": {"layer": "core", "exposure_min": 0.6, "area_ha": 2.34}}, {"type": "Feature", "geometry": {"type": "Polygon", "coordinates": [[[-16.449708, 19.800267], [-16.449703, 19.799725], [-16.44999, 19.799723], [-16.449987, 19.799452], [-16.450274, 19.79945], [-16.450271, 19.799179], [-16.449985, 19.799181], [-16.449982, 19.79891], [-16.449696, 19.798912], [-16.449699, 19.799183], [-16.449126, 19.799188], [-16.449136, 19.800272], [-16.449708, 19.800267]]]}, "properties": {"layer": "core", "exposure_min": 0.6, "area_ha": 1.08}}, {"type": "Feature", "geometry": {"type": "Polygon", "coordinates": [[[-16.344623, 19.801631], [-16.344621, 19.80136], [-16.345194, 19.801356], [-16.34518, 19.79973], [-16.344894, 19.799732], [-16.344891, 19.799461], [-16.344605, 19.799463], [-16.344607, 19.799734], [-16.344035, 19.799738], [-16.344037, 19.800009], [-16.34375, 19.800012], [-16.343757, 19.800825], [-16.344044, 19.800823], [-16.344048, 19.801365], [-16.344335, 19.801362], [-16.344337, 19.801634], [-16.344623, 19.801631]]]}, "properties": {"layer": "core", "exposure_min": 0.6, "area_ha": 2.61}}, {"type": "Feature", "geometry": {"type": "Polygon", "coordinates": [[[-16.467454, 19.79931], [-16.467452, 19.799038], [-16.467165, 19.799041], [-16.467158, 19.798228], [-16.46773, 19.798223], [-16.467728, 19.797952], [-16.467442, 19.797954], [-16.467439, 19.797683], [-16.467153, 19.797686], [-16.467155, 19.797957], [-16.466869, 19.797959], [-16.466874, 19.798501], [-16.466588, 19.798504], [-16.466585, 19.798232], [-16.466299, 19.798235], [-16.466304, 19.798777], [-16.466017, 19.798779], [-16.46602, 19.79905], [-16.466306, 19.799048], [-16.466309, 19.799319], [-16.467454, 19.79931]], [[-16.466879, 19.799043], [-16.466593, 19.799046], [-16.46659, 19.798775], [-16.466876, 19.798772], [-16.466879, 19.799043]]]}, "properties": {"layer": "core", "exposure_min": 0.6, "area_ha": 1.44}}, {"type": "Feature", "geometry": {"type": "Polygon", "coordinates": [[[-16.315111, 19.799683], [-16.315106, 19.799141], [-16.315679, 19.799136], [-16.315674, 19.798594], [-16.315388, 19.798596], [-16.31539, 19.798867], [-16.314817, 19.798872], [-16.314822, 19.799414], [-16.314536, 19.799416], [-16.314538, 19.799687], [-16.315111, 19.799683]]]}, "properties": {"layer": "core", "exposure_min": 0.6, "area_ha": 0.63}}, {"type": "Feature", "geometry": {"type": "Polygon", "coordinates": [[[-16.322542, 19.798001], [-16.32254, 19.79773], [-16.320822, 19.797743], [-16.320824, 19.798014], [-16.322542, 19.798001]]]}, "properties": {"layer": "core", "exposure_min": 0.6, "area_ha": 0.54}}, {"type": "Feature", "geometry": {"type": "Polygon", "coordinates": [[[-16.328265, 19.797417], [-16.328263, 19.797146], [-16.324826, 19.797171], [-16.324829, 19.797442], [-16.328265, 19.797417]]]}, "properties": {"layer": "core", "exposure_min": 0.6, "area_ha": 1.08}}, {"type": "Feature", "geometry": {"type": "Polygon", "coordinates": [[[-16.261001, 19.801699], [-16.260986, 19.799802], [-16.261273, 19.7998], [-16.261277, 19.800342], [-16.261563, 19.80034], [-16.261553, 19.798985], [-16.261266, 19.798987], [-16.261264, 19.798716], [-16.260692, 19.79872], [-16.260689, 19.798449], [-16.260976, 19.798447], [-16.260967, 19.797362], [-16.260681, 19.797364], [-16.260687, 19.798178], [-16.260401, 19.79818], [-16.260414, 19.799806], [-16.260127, 19.799808], [-16.260132, 19.80035], [-16.260418, 19.800348], [-16.260422, 19.80089], [-16.260709, 19.800888], [-16.260715, 19.801701], [-16.261001, 19.801699]]]}, "properties": {"layer": "core", "exposure_min": 0.6, "area_ha": 3.24}}, {"type": "Feature", "geometry": {"type": "Polygon", "coordinates": [[[-16.332272, 19.797116], [-16.332269, 19.796845], [-16.332842, 19.796841], [-16.33284, 19.79657], [-16.331694, 19.796578], [-16.331697, 19.796849], [-16.33141, 19.796851], [-16.331412, 19.797122], [-16.332272, 19.797116]]]}, "properties": {"layer": "core", "exposure_min": 0.6, "area_ha": 0.63}}, {"type": "Feature", "geometry": {"type": "Polygon", "coordinates": [[[-16.272424, 19.797552], [-16.272421, 19.797281], [-16.272135, 19.797283], [-16.272131, 19.796741], [-16.271844, 19.796743], [-16.271842, 19.796472], [-16.271556, 19.796474], [-16.27156, 19.797016], [-16.271274, 19.797018], [-16.271276, 19.797289], [-16.271562, 19.797287], [-16.271565, 19.797558], [-16.272424, 19.797552]]]}, "properties": {"layer": "core", "exposure_min": 0.6, "area_ha": 0.81}}, {"type": "Feature", "geometry": {"type": "Polygon", "coordinates": [[[-16.430769, 19.795812], [-16.430766, 19.795541], [-16.431053, 19.795539], [-16.43105, 19.795268], [-16.431336, 19.795266], [-16.431332, 19.794724], [-16.431618, 19.794722], [-16.431611, 19.793908], [-16.431324, 19.793911], [-16.431322, 19.79364], [-16.431036, 19.793642], [-16.43104, 19.794184], [-16.430468, 19.794189], [-16.430473, 19.794731], [-16.430186, 19.794733], [-16.430196, 19.795817], [-16.430769, 19.795812]]]}, "properties": {"layer": "core", "exposure_min": 0.6, "area_ha": 2.16}}, {"type": "Feature", "geometry": {"type": "Polygon", "coordinates": [[[-16.450242, 19.795927], [-16.450239, 19.795656], [-16.451098, 19.795649], [-16.451093, 19.795107], [-16.450807, 19.795109], [-16.450805, 19.794838], [-16.451377, 19.794833], [-16.451367, 19.793749], [-16.451081, 19.793751], [-16.451076, 19.793209], [-16.45079, 19.793212], [-16.450797, 19.794025], [-16.450511, 19.794027], [-16.450516, 19.794569], [-16.45023, 19.794571], [-16.450234, 19.795113], [-16.450521, 19.795111], [-16.450523, 19.795382], [-16.449951, 19.795387], [-16.449953, 19.795658], [-16.449667, 19.79566], [-16.449669, 19.795931], [-16.450242, 19.795927]]]}, "properties": {"layer": "core", "exposure_min": 0.6, "area_ha": 2.16}}, {"type": "Feature", "geometry": {"type": "Polygon", "coordinates": [[[-16.312833, 19.801326], [-16.312831, 19.801055], [-16.313403, 19.80105], [-16.313392, 19.799695], [-16.313106, 19.799697], [-16.313104, 19.799426], [-16.31339, 19.799424], [-16.313377, 19.797798], [-16.31309, 19.7978], [-16.313088, 19.797529], [-16.313375, 19.797527], [-16.313372, 19.797256], [-16.312227, 19.797264], [-16.312223, 19.796722], [-16.312509, 19.79672], [-16.312507, 19.796449], [-16.31222, 19.796451], [-16.312218, 19.79618], [-16.312504, 19.796178], [-16.312502, 19.795907], [-16.312789, 19.795905], [-16.31278, 19.794821], [-16.312493, 19.794823], [-16.312491, 19.794552], [-16.311918, 19.794556], [-16.311925, 19.795369], [-16.311639, 19.795371], [-16.311641, 19.795642], [-16.311355, 19.795644], [-16.311352, 19.795373], [-16.311066, 19.795376], [-16.311064, 19.795104], [-16.310491, 19.795109], [-16.310489, 19.794838], [-16.309916, 19.794842], [-16.309914, 19.794571], [-16.309628, 19.794573], [-16.30963, 19.794844], [-16.309343, 19.794846], [-16.309341, 19.794575], [-16.309055, 19.794577], [-16.309053, 19.794306], [-16.308766, 19.794308], [-16.308775, 19.795392], [-16.309062, 19.79539], [-16.309068, 19.796203], [-16.309355, 19.796201], [-16.309366, 19.797556], [-16.309652, 19.797554], [-16.309654, 19.797825], [-16.310227, 19.797821], [-16.310234, 19.798634], [-16.31052, 19.798632], [-16.310522, 19.798903], [-16.310809, 19.798901], [-16.310813, 19.799443], [-16.311099, 19.799441], [-16.311102, 19.799712], [-16.311961, 19.799706], [-16.311956, 19.799164], [-16.312529, 19.79916], [-16.312527, 19.798888], [-16.312813, 19.798886], [-16.31282, 19.799699], [-16.312247, 19.799704], [-16.312249, 19.799975], [-16.312536, 19.799973], [-16.312538, 19.800244], [-16.312251, 19.800246], [-16.312256, 19.800788], [-16.312542, 19.800786], [-16.312547, 19.801328], [-16.312833, 19.801326]]]}, "properties": {"layer": "core", "exposure_min": 0.6, "area_ha": 18.9}}, {"type": "Feature", "geometry": {"type": "Polygon", "coordinates": [[[-16.262405, 19.798165], [-16.262403, 19.797894], [-16.263549, 19.797886], [-16.263544, 19.797344], [-16.263831, 19.797342], [-16.263827, 19.7968], [-16.264399, 19.796796], [-16.264397, 19.796525], [-16.26497, 19.796521], [-16.264968, 19.79625], [-16.265254, 19.796248], [-16.265252, 19.795977], [-16.266111, 19.795971], [-16.266113, 19.796242], [-16.266399, 19.79624], [-16.266402, 19.796511], [-16.266688, 19.796509], [-16.266686, 19.796238], [-16.266972, 19.796236], [-16.26697, 19.795965], [-16.267256, 19.795963], [-16.267261, 19.796505], [-16.26812, 19.796499], [-16.268115, 19.795957], [-16.268402, 19.795954], [-16.2684, 19.795683], [-16.268113, 19.795685], [-16.268111, 19.795414], [-16.268397, 19.795412], [-16.268387, 19.794057], [-16.2681, 19.794059], [-16.268105, 19.794601], [-16.267532, 19.794605], [-16.267534, 19.794876], [-16.266389, 19.794885], [-16.266391, 19.795156], [-16.265818, 19.79516], [-16.265816, 19.794889], [-16.26553, 19.794891], [-16.265532, 19.795162], [-16.2641, 19.795172], [-16.264102, 19.795443], [-16.263529, 19.795447], [-16.263534, 19.795989], [-16.263247, 19.795991], [-16.26325, 19.796262], [-16.26239, 19.796268], [-16.262393, 19.796539], [-16.262106, 19.796541], [-16.26211, 19.797083], [-16.261824, 19.797085], [-16.261826, 19.797356], [-16.262113, 19.797354], [-16.262119, 19.798167], [-16.262405, 19.798165]], [[-16.262681, 19.796808], [-16.262395, 19.79681], [-16.262393, 19.796539], [-16.262679, 19.796537], [-16.262681, 19.796808]], [[-16.267543, 19.795961], [-16.267256, 19.795963], [-16.267252, 19.795421], [-16.267538, 19.795418], [-16.267543, 19.795961]], [[-16.267825, 19.795416], [-16.267538, 19.795418], [-16.267536, 19.795147], [-16.267823, 19.795145], [-16.267825, 19.795416]]]}, "properties": {"layer": "core", "exposure_min": 0.6, "area_ha": 10.35}}, {"type": "Feature", "geometry": {"type": "Polygon", "coordinates": [[[-16.345526, 19.806774], [-16.345523, 19.806503], [-16.34581, 19.806501], [-16.345803, 19.805688], [-16.345516, 19.80569], [-16.345514, 19.805419], [-16.345228, 19.805421], [-16.345226, 19.80515], [-16.344939, 19.805153], [-16.344937, 19.804882], [-16.344651, 19.804884], [-16.344646, 19.804342], [-16.34436, 19.804344], [-16.344357, 19.804073], [-16.344071, 19.804075], [-16.344066, 19.803533], [-16.342635, 19.803544], [-16.342632, 19.803273], [-16.342346, 19.803275], [-16.342344, 19.803004], [-16.342057, 19.803006], [-16.342055, 19.802735], [-16.341769, 19.802737], [-16.341766, 19.802466], [-16.34148, 19.802468], [-16.341478, 19.802197], [-16.341191, 19.802199], [-16.341189, 19.801928], [-16.340903, 19.80193], [-16.340894, 19.800846], [-16.340035, 19.800853], [-16.340032, 19.800582], [-16.339746, 19.800584], [-16.339737, 19.7995], [-16.340023, 19.799498], [-16.340017, 19.798684], [-16.340303, 19.798682], [-16.340301, 19.798411], [-16.340587, 19.798409], [-16.340585, 19.798138], [-16.341157, 19.798134], [-16.34116, 19.798405], [-16.341732, 19.798401], [-16.341735, 19.798672], [-16.342021, 19.798669], [-16.342019, 19.798398], [-16.342305, 19.798396], [-16.342312, 19.799209], [-16.342598, 19.799207], [-16.342601, 19.799478], [-16.343173, 19.799474], [-16.343176, 19.799745], [-16.343748, 19.799741], [-16.343746, 19.79947], [-16.34346, 19.799472], [-16.343457, 19.799201], [-16.342885, 19.799205], [-16.34288, 19.798663], [-16.343166, 19.798661], [-16.343157, 19.797577], [-16.342871, 19.797579], [-16.342864, 19.796766], [-16.34315, 19.796764], [-16.343148, 19.796493], [-16.343435, 19.79649], [-16.343423, 19.795135], [-16.343137, 19.795137], [-16.343139, 19.795408], [-16.342853, 19.795411], [-16.342855, 19.795682], [-16.342569, 19.795684], [-16.342571, 19.795955], [-16.341712, 19.795961], [-16.341707, 19.795419], [-16.341994, 19.795417], [-16.341985, 19.794333], [-16.342271, 19.794331], [-16.342264, 19.793518], [-16.342551, 19.793515], [-16.342546, 19.792973], [-16.341687, 19.79298], [-16.341689, 19.793251], [-16.34083, 19.793257], [-16.340832, 19.793528], [-16.340546, 19.793531], [-16.340548, 19.793802], [-16.340262, 19.793804], [-16.340264, 19.794075], [-16.341123, 19.794068], [-16.341126, 19.794339], [-16.341698, 19.794335], [-16.341701, 19.794606], [-16.341414, 19.794608], [-16.341435, 19.797047], [-16.340862, 19.797052], [-16.340864, 19.797323], [-16.340292, 19.797327], [-16.340294, 19.797598], [-16.339435, 19.797605], [-16.339433, 19.797334], [-16.336569, 19.797355], [-16.336564, 19.796813], [-16.336278, 19.796815], [-16.336274, 19.796273], [-16.336846, 19.796269], [-16.336844, 19.795998], [-16.335699, 19.796006], [-16.335701, 19.796277], [-16.333696, 19.796292], [-16.333699, 19.796563], [-16.333126, 19.796568], [-16.333128, 19.796839], [-16.333987, 19.796832], [-16.333985, 19.796561], [-16.334271, 19.796559], [-16.334274, 19.79683], [-16.335133, 19.796824], [-16.335135, 19.797095], [-16.335421, 19.797093], [-16.335428, 19.797906], [-16.335714, 19.797903], [-16.335717, 19.798175], [-16.336003, 19.798172], [-16.336005, 19.798443], [-16.336578, 19.798439], [-16.336576, 19.798168], [-16.338008, 19.798157], [-16.33801, 19.798428], [-16.338296, 19.798426], [-16.338298, 19.798697], [-16.338012, 19.798699], [-16.338014, 19.79897], [-16.338301, 19.798968], [-16.338305, 19.79951], [-16.338592, 19.799508], [-16.338596, 19.80005], [-16.339169, 19.800046], [-16.339171, 19.800317], [-16.338885, 19.800319], [-16.338887, 19.80059], [-16.339173, 19.800588], [-16.339178, 19.80113], [-16.338892, 19.801132], [-16.338894, 19.801403], [-16.33918, 19.801401], [-16.339182, 19.801672], [-16.340328, 19.801664], [-16.340341, 19.80329], [-16.340628, 19.803288], [-16.34063, 19.803559], [-16.340057, 19.803563], [-16.340055, 19.803292], [-16.339769, 19.803294], [-16.339773, 19.803836], [-16.34006, 19.803834], [-16.340062, 19.804105], [-16.340635, 19.804101], [-16.340637, 19.804372], [-16.340923, 19.80437], [-16.340926, 19.804641], [-16.341212, 19.804639], [-16.341214, 19.80491], [-16.341501, 19.804907], [-16.341503, 19.805178], [-16.342076, 19.805174], [-16.342073, 19.804903], [-16.34236, 19.804901], [-16.342362, 19.805172], [-16.342935, 19.805168], [-16.342944, 19.806252], [-16.34323, 19.80625], [-16.343232, 19.806521], [-16.343519, 19.806519], [-16.343516, 19.806248], [-16.344089, 19.806243], [-16.344087, 19.805972], [-16.344373, 19.80597], [-16.344378, 19.806512], [-16.344664, 19.80651], [-16.344666, 19.806781], [-16.345526, 19.806774]], [[-16.33858, 19.798153], [-16.338008, 19.798157], [-16.338005, 19.797886], [-16.338578, 19.797882], [-16.33858, 19.798153]], [[-16.342587, 19.797852], [-16.342014, 19.797856], [-16.342012, 19.797585], [-16.342298, 19.797583], [-16.342294, 19.797041], [-16.34258, 19.797039], [-16.342587, 19.797852]], [[-16.338864, 19.79788], [-16.338578, 19.797882], [-16.338576, 19.797611], [-16.338862, 19.797609], [-16.338864, 19.79788]], [[-16.34201, 19.797314], [-16.341437, 19.797319], [-16.341435, 19.797047], [-16.341721, 19.797045], [-16.341716, 19.796503], [-16.342003, 19.796501], [-16.34201, 19.797314]], [[-16.34141, 19.794066], [-16.341123, 19.794068], [-16.341121, 19.793797], [-16.341407, 19.793795], [-16.34141, 19.794066]]]}, "properties": {"layer": "core", "exposure_min": 0.6, "area_ha": 37.71}}, {"type": "Feature", "geometry": {"type": "Polygon", "coordinates": [[[-16.343119, 19.792969], [-16.343116, 19.792698], [-16.343403, 19.792696], [-16.343396, 19.791883], [-16.343682, 19.791881], [-16.343678, 19.791339], [-16.343391, 19.791341], [-16.343389, 19.79107], [-16.343103, 19.791072], [-16.343114, 19.792427], [-16.342828, 19.792429], [-16.34283, 19.7927], [-16.342544, 19.792702], [-16.342546, 19.792973], [-16.343119, 19.792969]]]}, "properties": {"layer": "core", "exposure_min": 0.6, "area_ha": 0.99}}, {"type": "Feature", "geometry": {"type": "Polygon", "coordinates": [[[-16.319093, 19.796401], [-16.319084, 19.795317], [-16.318797, 19.795319], [-16.318782, 19.793421], [-16.318495, 19.793424], [-16.318484, 19.792068], [-16.318198, 19.79207], [-16.318182, 19.790173], [-16.317896, 19.790175], [-16.317905, 19.791259], [-16.317619, 19.791262], [-16.317627, 19.792346], [-16.317055, 19.79235], [-16.317053, 19.792079], [-16.316766, 19.792081], [-16.316771, 19.792623], [-16.316484, 19.792625], [-16.316489, 19.793167], [-16.317061, 19.793163], [-16.317059, 19.792892], [-16.317346, 19.79289], [-16.31735, 19.793432], [-16.317636, 19.79343], [-16.317641, 19.793972], [-16.317927, 19.79397], [-16.317929, 19.794241], [-16.318216, 19.794239], [-16.318225, 19.795323], [-16.318511, 19.795321], [-16.318518, 19.796134], [-16.318804, 19.796132], [-16.318806, 19.796403], [-16.319093, 19.796401]]]}, "properties": {"layer": "core", "exposure_min": 0.6, "area_ha": 5.67}}, {"type": "Feature", "geometry": {"type": "Polygon", "coordinates": [[[-16.311918, 19.794556], [-16.311914, 19.794014], [-16.311628, 19.794016], [-16.311623, 19.793474], [-16.311337, 19.793476], [-16.311335, 19.793205], [-16.311048, 19.793207], [-16.311044, 19.792665], [-16.311903, 19.792659], [-16.311901, 19.792388], [-16.312187, 19.792386], [-16.312178, 19.791302], [-16.313323, 19.791293], [-16.313321, 19.791022], [-16.313035, 19.791024], [-16.313033, 19.790753], [-16.313319, 19.790751], [-16.313317, 19.79048], [-16.312171, 19.790488], [-16.312174, 19.79076], [-16.311887, 19.790762], [-16.31189, 19.791033], [-16.311603, 19.791035], [-16.311605, 19.791306], [-16.311319, 19.791308], [-16.311321, 19.791579], [-16.311035, 19.791581], [-16.311037, 19.791852], [-16.310178, 19.791858], [-16.310174, 19.791316], [-16.31046, 19.791314], [-16.310453, 19.790501], [-16.310167, 19.790503], [-16.310165, 19.790232], [-16.310451, 19.79023], [-16.310449, 19.789959], [-16.310163, 19.789961], [-16.31016, 19.78969], [-16.309874, 19.789692], [-16.309881, 19.790505], [-16.309594, 19.790507], [-16.309599, 19.791049], [-16.309312, 19.791052], [-16.309315, 19.791323], [-16.309028, 19.791325], [-16.309031, 19.791596], [-16.308744, 19.791598], [-16.308742, 19.791327], [-16.308169, 19.791331], [-16.308172, 19.791602], [-16.308458, 19.7916], [-16.30846, 19.791871], [-16.308174, 19.791873], [-16.308176, 19.792144], [-16.308462, 19.792142], [-16.308467, 19.792684], [-16.308753, 19.792682], [-16.30876, 19.793495], [-16.310478, 19.793482], [-16.31048, 19.793754], [-16.310766, 19.793751], [-16.310769, 19.794022], [-16.311055, 19.79402], [-16.311059, 19.794562], [-16.311918, 19.794556]]]}, "properties": {"layer": "core", "exposure_min": 0.6, "area_ha": 11.16}}, {"type": "Feature", "geometry": {"type": "Polygon", "coordinates": [[[-16.262375, 19.794371], [-16.262371, 19.793829], [-16.262085, 19.793831], [-16.262083, 19.79356], [-16.262369, 19.793558], [-16.262367, 19.793287], [-16.262653, 19.793285], [-16.262647, 19.792472], [-16.262361, 19.792474], [-16.262356, 19.791931], [-16.261211, 19.79194], [-16.261209, 19.791668], [-16.260922, 19.791671], [-16.26092, 19.791399], [-16.261207, 19.791397], [-16.261202, 19.790855], [-16.26063, 19.790859], [-16.260627, 19.790588], [-16.260055, 19.790592], [-16.260053, 19.790321], [-16.259766, 19.790323], [-16.259764, 19.790052], [-16.259478, 19.790054], [-16.259474, 19.789512], [-16.259187, 19.789514], [-16.259185, 19.789243], [-16.258612, 19.789247], [-16.258615, 19.789518], [-16.258328, 19.78952], [-16.25833, 19.789791], [-16.258044, 19.789793], [-16.25805, 19.790607], [-16.258337, 19.790605], [-16.258341, 19.791147], [-16.258627, 19.791145], [-16.258625, 19.790874], [-16.258912, 19.790872], [-16.258916, 19.791414], [-16.259202, 19.791412], [-16.259204, 19.791683], [-16.259491, 19.791681], [-16.259493, 19.791952], [-16.259779, 19.79195], [-16.259781, 19.792221], [-16.260068, 19.792219], [-16.26007, 19.79249], [-16.260356, 19.792488], [-16.26036, 19.79303], [-16.260933, 19.793026], [-16.260935, 19.793297], [-16.261222, 19.793295], [-16.261226, 19.793837], [-16.261512, 19.793835], [-16.261514, 19.794106], [-16.262087, 19.794102], [-16.262089, 19.794373], [-16.262375, 19.794371]], [[-16.26035, 19.791675], [-16.259777, 19.791679], [-16.259775, 19.791408], [-16.260348, 19.791404], [-16.26035, 19.791675]], [[-16.258907, 19.790329], [-16.258621, 19.790331], [-16.258619, 19.79006], [-16.258905, 19.790058], [-16.258907, 19.790329]], [[-16.258619, 19.79006], [-16.258332, 19.790062], [-16.25833, 19.789791], [-16.258617, 19.789789], [-16.258619, 19.79006]]]}, "properties": {"layer": "core", "exposure_min": 0.6, "area_ha": 9.63}}, {"type": "Feature", "geometry": {"type": "Polygon", "coordinates": [[[-16.349391, 19.789669], [-16.349388, 19.789398], [-16.349675, 19.789396], [-16.34967, 19.788854], [-16.350816, 19.788845], [-16.350813, 19.788574], [-16.3511, 19.788572], [-16.351097, 19.788301], [-16.351384, 19.788299], [-16.351381, 19.788028], [-16.351668, 19.788026], [-16.351665, 19.787755], [-16.35052, 19.787763], [-16.350525, 19.788305], [-16.349952, 19.78831], [-16.349954, 19.788581], [-16.349382, 19.788585], [-16.349379, 19.788314], [-16.348807, 19.788318], [-16.348809, 19.788589], [-16.348523, 19.788592], [-16.348525, 19.788863], [-16.349098, 19.788858], [-16.349104, 19.789671], [-16.349391, 19.789669]]]}, "properties": {"layer": "core", "exposure_min": 0.6, "area_ha": 2.34}}, {"type": "Feature", "geometry": {"type": "Polygon", "coordinates": [[[-16.347654, 19.787514], [-16.347645, 19.78643], [-16.347932, 19.786428], [-16.347927, 19.785886], [-16.347641, 19.785888], [-16.347636, 19.785346], [-16.34735, 19.785348], [-16.347352, 19.785619], [-16.346493, 19.785625], [-16.346502, 19.78671], [-16.346789, 19.786707], [-16.346791, 19.786978], [-16.347077, 19.786976], [-16.34708, 19.787247], [-16.347366, 19.787245], [-16.347368, 19.787516], [-16.347654, 19.787514]]]}, "properties": {"layer": "core", "exposure_min": 0.6, "area_ha": 2.25}}, {"type": "Feature", "geometry": {"type": "Polygon", "coordinates": [[[-16.352233, 19.787208], [-16.352224, 19.786124], [-16.352511, 19.786122], [-16.352504, 19.785309], [-16.352217, 19.785311], [-16.35222, 19.785582], [-16.351647, 19.785587], [-16.351649, 19.785858], [-16.351936, 19.785855], [-16.351947, 19.787211], [-16.352233, 19.787208]]]}, "properties": {"layer": "core", "exposure_min": 0.6, "area_ha": 0.9}}, {"type": "Feature", "geometry": {"type": "Polygon", "coordinates": [[[-16.462746, 19.785525], [-16.462744, 19.785254], [-16.46303, 19.785252], [-16.463023, 19.784439], [-16.462736, 19.784441], [-16.462734, 19.78417], [-16.462448, 19.784172], [-16.462445, 19.783901], [-16.461873, 19.783906], [-16.46188, 19.784719], [-16.461594, 19.784721], [-16.461596, 19.784992], [-16.461882, 19.78499], [-16.461885, 19.785261], [-16.461599, 19.785264], [-16.461601, 19.785535], [-16.462746, 19.785525]], [[-16.462744, 19.785254], [-16.462458, 19.785256], [-16.462455, 19.784985], [-16.462741, 19.784983], [-16.462744, 19.785254]]]}, "properties": {"layer": "core", "exposure_min": 0.6, "area_ha": 1.89}}, {"type": "Feature", "geometry": {"type": "Polygon", "coordinates": [[[-16.258895, 19.788703], [-16.258884, 19.787348], [-16.258598, 19.78735], [-16.258591, 19.786537], [-16.258305, 19.786539], [-16.258303, 19.786268], [-16.258589, 19.786266], [-16.258587, 19.785995], [-16.258301, 19.785997], [-16.258294, 19.785184], [-16.258008, 19.785186], [-16.258006, 19.784915], [-16.258292, 19.784913], [-16.25829, 19.784642], [-16.258004, 19.784644], [-16.258001, 19.784373], [-16.257715, 19.784375], [-16.257732, 19.786543], [-16.258018, 19.786541], [-16.258025, 19.787354], [-16.258311, 19.787352], [-16.258318, 19.788165], [-16.258604, 19.788163], [-16.258608, 19.788705], [-16.258895, 19.788703]]]}, "properties": {"layer": "core", "exposure_min": 0.6, "area_ha": 2.61}}, {"type": "Feature", "geometry": {"type": "Polygon", "coordinates": [[[-16.257463, 19.788713], [-16.257459, 19.788171], [-16.257172, 19.788173], [-16.257159, 19.786547], [-16.257446, 19.786545], [-16.257444, 19.786274], [-16.257157, 19.786276], [-16.257155, 19.786005], [-16.256869, 19.786007], [-16.256867, 19.785736], [-16.257153, 19.785734], [-16.257151, 19.785463], [-16.256865, 19.785465], [-16.25686, 19.784923], [-16.257433, 19.784919], [-16.257429, 19.784377], [-16.257142, 19.784379], [-16.257138, 19.783837], [-16.255993, 19.783845], [-16.255995, 19.784116], [-16.256568, 19.784112], [-16.256576, 19.785196], [-16.25629, 19.785198], [-16.256294, 19.78574], [-16.25658, 19.785738], [-16.256583, 19.786009], [-16.256296, 19.786011], [-16.2563, 19.786553], [-16.256873, 19.786549], [-16.256888, 19.788446], [-16.257174, 19.788444], [-16.257176, 19.788715], [-16.257463, 19.788713]]]}, "properties": {"layer": "core", "exposure_min": 0.6, "area_ha": 3.15}}, {"type": "Feature", "geometry": {"type": "Polygon", "coordinates": [[[-16.464146, 19.78199], [-16.464141, 19.781448], [-16.463568, 19.781453], [-16.463566, 19.781182], [-16.463279, 19.781184], [-16.463284, 19.781726], [-16.463571, 19.781724], [-16.463573, 19.781995], [-16.464146, 19.78199]]]}, "properties": {"layer": "core", "exposure_min": 0.6, "area_ha": 0.54}}, {"type": "Feature", "geometry": {"type": "Polygon", "coordinates": [[[-16.347902, 19.782904], [-16.347897, 19.782362], [-16.348184, 19.78236], [-16.348182, 19.782089], [-16.347323, 19.782096], [-16.347329, 19.782909], [-16.347902, 19.782904]]]}, "properties": {"layer": "core", "exposure_min": 0.6, "area_ha": 0.63}}, {"type": "Feature", "geometry": {"type": "Polygon", "coordinates": [[[-16.449833, 19.782378], [-16.449823, 19.781294], [-16.449537, 19.781296], [-16.449534, 19.781025], [-16.449248, 19.781027], [-16.449253, 19.781569], [-16.449539, 19.781567], [-16.449546, 19.78238], [-16.449833, 19.782378]]]}, "properties": {"layer": "core", "exposure_min": 0.6, "area_ha": 0.54}}, {"type": "Feature", "geometry": {"type": "Polygon", "coordinates": [[[-16.462243, 19.793118], [-16.462241, 19.792847], [-16.462527, 19.792845], [-16.462524, 19.792574], [-16.462811, 19.792572], [-16.462806, 19.79203], [-16.463092, 19.792027], [-16.463095, 19.792298], [-16.463381, 19.792296], [-16.463376, 19.791754], [-16.463949, 19.791749], [-16.463944, 19.791207], [-16.464803, 19.7912], [-16.4648, 19.790929], [-16.465086, 19.790927], [-16.465089, 19.791198], [-16.465375, 19.791195], [-16.465378, 19.791466], [-16.464805, 19.791471], [-16.464808, 19.791742], [-16.46538, 19.791737], [-16.465385, 19.792279], [-16.465671, 19.792277], [-16.465669, 19.792006], [-16.465955, 19.792004], [-16.465953, 19.791733], [-16.465667, 19.791735], [-16.465664, 19.791464], [-16.46595, 19.791462], [-16.465945, 19.79092], [-16.466232, 19.790917], [-16.466234, 19.791188], [-16.466807, 19.791184], [-16.466809, 19.791455], [-16.467096, 19.791452], [-16.467093, 19.791181], [-16.467379, 19.791179], [-16.467372, 19.790366], [-16.467658, 19.790364], [-16.467656, 19.790093], [-16.467942, 19.79009], [-16.46794, 19.789819], [-16.467367, 19.789824], [-16.467365, 19.789553], [-16.467937, 19.789548], [-16.467932, 19.789006], [-16.467646, 19.789008], [-16.467641, 19.788466], [-16.467355, 19.788469], [-16.467352, 19.788198], [-16.467638, 19.788195], [-16.467634, 19.787653], [-16.46792, 19.787651], [-16.467912, 19.786838], [-16.467626, 19.78684], [-16.467624, 19.786569], [-16.467337, 19.786572], [-16.467335, 19.786301], [-16.467621, 19.786298], [-16.467611, 19.785214], [-16.468184, 19.78521], [-16.468181, 19.784939], [-16.467895, 19.784941], [-16.467893, 19.78467], [-16.468179, 19.784668], [-16.468176, 19.784396], [-16.467604, 19.784401], [-16.467599, 19.783859], [-16.467312, 19.783862], [-16.467295, 19.781964], [-16.467009, 19.781967], [-16.467014, 19.782509], [-16.466441, 19.782513], [-16.466439, 19.782242], [-16.466725, 19.78224], [-16.46672, 19.781698], [-16.466147, 19.781703], [-16.46615, 19.781974], [-16.465864, 19.781976], [-16.465859, 19.781434], [-16.466145, 19.781432], [-16.466142, 19.781161], [-16.466429, 19.781158], [-16.466431, 19.781429], [-16.467004, 19.781425], [-16.466999, 19.780883], [-16.466426, 19.780887], [-16.466421, 19.780345], [-16.466708, 19.780343], [-16.466703, 19.779801], [-16.466416, 19.779803], [-16.466419, 19.780074], [-16.466132, 19.780077], [-16.46613, 19.779806], [-16.465844, 19.779808], [-16.465841, 19.779537], [-16.464982, 19.779544], [-16.464985, 19.779815], [-16.465271, 19.779813], [-16.465274, 19.780084], [-16.465846, 19.780079], [-16.465849, 19.78035], [-16.465562, 19.780352], [-16.465565, 19.780623], [-16.464706, 19.78063], [-16.464708, 19.780901], [-16.464422, 19.780904], [-16.46442, 19.780633], [-16.464133, 19.780635], [-16.464141, 19.781448], [-16.464427, 19.781446], [-16.46443, 19.781717], [-16.464716, 19.781714], [-16.464721, 19.782257], [-16.465007, 19.782254], [-16.465012, 19.782796], [-16.465585, 19.782792], [-16.465582, 19.782521], [-16.465869, 19.782518], [-16.465866, 19.782247], [-16.466152, 19.782245], [-16.466165, 19.7836], [-16.466737, 19.783595], [-16.466745, 19.784408], [-16.467031, 19.784406], [-16.467034, 19.784677], [-16.46732, 19.784675], [-16.467325, 19.785217], [-16.467039, 19.785219], [-16.467041, 19.78549], [-16.466755, 19.785492], [-16.466757, 19.785763], [-16.466471, 19.785766], [-16.466473, 19.786037], [-16.46676, 19.786034], [-16.466762, 19.786305], [-16.467048, 19.786303], [-16.467053, 19.786845], [-16.466481, 19.78685], [-16.466483, 19.787121], [-16.466197, 19.787123], [-16.466199, 19.787394], [-16.465913, 19.787396], [-16.465911, 19.787125], [-16.465624, 19.787128], [-16.465627, 19.787399], [-16.465341, 19.787401], [-16.465338, 19.78713], [-16.464765, 19.787135], [-16.46476, 19.786593], [-16.464474, 19.786595], [-16.464469, 19.786053], [-16.464183, 19.786055], [-16.46418, 19.785784], [-16.464467, 19.785782], [-16.464464, 19.785511], [-16.463892, 19.785516], [-16.463889, 19.785245], [-16.463603, 19.785247], [-16.4636, 19.784976], [-16.463314, 19.784978], [-16.463321, 19.785791], [-16.462749, 19.785796], [-16.462751, 19.786067], [-16.462465, 19.78607], [-16.462463, 19.785799], [-16.461031, 19.78581], [-16.461033, 19.786081], [-16.459888, 19.786091], [-16.459891, 19.786362], [-16.459318, 19.786366], [-16.45932, 19.786637], [-16.458462, 19.786644], [-16.458459, 19.786373], [-16.458173, 19.786376], [-16.45817, 19.786105], [-16.457884, 19.786107], [-16.457886, 19.786378], [-16.4576, 19.78638], [-16.457603, 19.786651], [-16.457316, 19.786654], [-16.457314, 19.786383], [-16.457027, 19.786385], [-16.457023, 19.785843], [-16.456736, 19.785845], [-16.456741, 19.786387], [-16.456455, 19.78639], [-16.45645, 19.785848], [-16.456164, 19.78585], [-16.456173, 19.786934], [-16.455887, 19.786936], [-16.455892, 19.787478], [-16.455606, 19.787481], [-16.455611, 19.788023], [-16.455897, 19.78802], [-16.455899, 19.788291], [-16.456472, 19.788287], [-16.456475, 19.788558], [-16.456761, 19.788555], [-16.456763, 19.788826], [-16.456477, 19.788829], [-16.456482, 19.789371], [-16.456768, 19.789369], [-16.456773, 19.789911], [-16.456487, 19.789913], [-16.456494, 19.790726], [-16.457067, 19.790721], [-16.457069, 19.790992], [-16.457928, 19.790985], [-16.457931, 19.791256], [-16.458503, 19.791252], [-16.458506, 19.791523], [-16.458792, 19.79152], [-16.45879, 19.791249], [-16.459076, 19.791247], [-16.459081, 19.791789], [-16.459654, 19.791784], [-16.459656, 19.792055], [-16.459943, 19.792053], [-16.459935, 19.79124], [-16.460221, 19.791238], [-16.460224, 19.791509], [-16.46051, 19.791506], [-16.460513, 19.791777], [-16.460799, 19.791775], [-16.460801, 19.792046], [-16.460515, 19.792048], [-16.460518, 19.792319], [-16.461949, 19.792308], [-16.461947, 19.792037], [-16.462233, 19.792034], [-16.462238, 19.792576], [-16.461379, 19.792583], [-16.461382, 19.792854], [-16.461954, 19.79285], [-16.461957, 19.793121], [-16.462243, 19.793118]], [[-16.462519, 19.792032], [-16.462233, 19.792034], [-16.462228, 19.791492], [-16.462514, 19.79149], [-16.462519, 19.792032]], [[-16.46309, 19.791756], [-16.462803, 19.791759], [-16.462801, 19.791488], [-16.463087, 19.791485], [-16.46309, 19.791756]], [[-16.461083, 19.791502], [-16.46051, 19.791506], [-16.460505, 19.790964], [-16.460219, 19.790967], [-16.460216, 19.790696], [-16.460789, 19.790691], [-16.460794, 19.791233], [-16.46108, 19.791231], [-16.461083, 19.791502]], [[-16.459651, 19.791513], [-16.459365, 19.791516], [-16.45936, 19.790974], [-16.459646, 19.790971], [-16.459651, 19.791513]], [[-16.465662, 19.791193], [-16.465375, 19.791195], [-16.465373, 19.790924], [-16.465659, 19.790922], [-16.465662, 19.791193]], [[-16.467091, 19.79091], [-16.466804, 19.790913], [-16.466802, 19.790642], [-16.467088, 19.790639], [-16.467091, 19.79091]], [[-16.466518, 19.790915], [-16.466232, 19.790917], [-16.466229, 19.790646], [-16.466516, 19.790644], [-16.466518, 19.790915]], [[-16.466802, 19.790642], [-16.466516, 19.790644], [-16.466513, 19.790373], [-16.466799, 19.790371], [-16.466802, 19.790642]], [[-16.46537, 19.790653], [-16.465084, 19.790656], [-16.465081, 19.790385], [-16.465368, 19.790382], [-16.46537, 19.790653]], [[-16.461075, 19.790689], [-16.460789, 19.790691], [-16.460787, 19.79042], [-16.461073, 19.790418], [-16.461075, 19.790689]], [[-16.458782, 19.790436], [-16.458496, 19.790439], [-16.458494, 19.790168], [-16.45878, 19.790165], [-16.458782, 19.790436]], [[-16.460784, 19.790149], [-16.460498, 19.790151], [-16.460495, 19.78988], [-16.460782, 19.789878], [-16.460784, 19.790149]], [[-16.458494, 19.790168], [-16.458207, 19.79017], [-16.458205, 19.789899], [-16.458491, 19.789897], [-16.458494, 19.790168]], [[-16.465935, 19.789836], [-16.465649, 19.789838], [-16.465647, 19.789567], [-16.465933, 19.789565], [-16.465935, 19.789836]], [[-16.466772, 19.787389], [-16.466486, 19.787392], [-16.466483, 19.787121], [-16.46677, 19.787118], [-16.466772, 19.787389]], [[-16.464193, 19.78714], [-16.46362, 19.787144], [-16.463615, 19.786602], [-16.463329, 19.786605], [-16.463326, 19.786334], [-16.46304, 19.786336], [-16.463038, 19.786065], [-16.463324, 19.786063], [-16.463321, 19.785791], [-16.463608, 19.785789], [-16.46361, 19.78606], [-16.463897, 19.786058], [-16.463904, 19.786871], [-16.46419, 19.786869], [-16.464193, 19.78714]], [[-16.462759, 19.78688], [-16.462472, 19.786883], [-16.46247, 19.786612], [-16.462756, 19.786609], [-16.462759, 19.78688]], [[-16.458464, 19.786915], [-16.458178, 19.786918], [-16.458175, 19.786647], [-16.458462, 19.786644], [-16.458464, 19.786915]], [[-16.465288, 19.78171], [-16.465002, 19.781712], [-16.465, 19.781441], [-16.465286, 19.781439], [-16.465288, 19.78171]]]}, "properties": {"layer": "core", "exposure_min": 0.6, "area_ha": 77.04}}, {"type": "Feature", "geometry": {"type": "Polygon", "coordinates": [[[-16.348175, 19.781276], [-16.348172, 19.781005], [-16.348459, 19.781003], [-16.348456, 19.780732], [-16.348743, 19.78073], [-16.348738, 19.780187], [-16.348166, 19.780192], [-16.34817, 19.780734], [-16.347884, 19.780736], [-16.347888, 19.781278], [-16.348175, 19.781276]]]}, "properties": {"layer": "core", "exposure_min": 0.6, "area_ha": 0.63}}, {"type": "Feature", "geometry": {"type": "Polygon", "coordinates": [[[-16.256561, 19.783298], [-16.256546, 19.781401], [-16.256833, 19.781399], [-16.256828, 19.780857], [-16.256542, 19.780859], [-16.256544, 19.78113], [-16.256258, 19.781132], [-16.256262, 19.781674], [-16.255976, 19.781676], [-16.255982, 19.782489], [-16.256269, 19.782487], [-16.256275, 19.7833], [-16.256561, 19.783298]]]}, "properties": {"layer": "core", "exposure_min": 0.6, "area_ha": 1.17}}, {"type": "Feature", "geometry": {"type": "Polygon", "coordinates": [[[-16.314429, 19.786406], [-16.314427, 19.786135], [-16.315286, 19.786129], [-16.315283, 19.785858], [-16.315856, 19.785854], [-16.315854, 19.785582], [-16.31614, 19.78558], [-16.316142, 19.785851], [-16.316715, 19.785847], [-16.316711, 19.785305], [-16.316138, 19.785309], [-16.316133, 19.784767], [-16.31642, 19.784765], [-16.316418, 19.784494], [-16.316704, 19.784492], [-16.316699, 19.78395], [-16.316413, 19.783952], [-16.316409, 19.78341], [-16.315836, 19.783414], [-16.315834, 19.783143], [-16.31612, 19.783141], [-16.316118, 19.78287], [-16.315831, 19.782872], [-16.315829, 19.782601], [-16.315543, 19.782603], [-16.315541, 19.782332], [-16.315827, 19.78233], [-16.315825, 19.782059], [-16.315538, 19.782061], [-16.315536, 19.78179], [-16.315823, 19.781788], [-16.31582, 19.781517], [-16.316393, 19.781513], [-16.316386, 19.7807], [-16.3161, 19.780702], [-16.316102, 19.780973], [-16.315816, 19.780975], [-16.315814, 19.780704], [-16.315241, 19.780708], [-16.315239, 19.780437], [-16.314666, 19.780441], [-16.314664, 19.78017], [-16.313805, 19.780177], [-16.313809, 19.780719], [-16.313523, 19.780721], [-16.313525, 19.780992], [-16.312953, 19.780996], [-16.312957, 19.781538], [-16.312384, 19.781542], [-16.312387, 19.781813], [-16.3121, 19.781815], [-16.312105, 19.782357], [-16.311818, 19.78236], [-16.311823, 19.782902], [-16.311537, 19.782904], [-16.311539, 19.783175], [-16.311252, 19.783177], [-16.31125, 19.782906], [-16.310105, 19.782914], [-16.310096, 19.78183], [-16.30981, 19.781832], [-16.309812, 19.782103], [-16.309526, 19.782105], [-16.309532, 19.782918], [-16.309246, 19.78292], [-16.309259, 19.784547], [-16.308973, 19.784549], [-16.308975, 19.78482], [-16.309261, 19.784818], [-16.309268, 19.785631], [-16.309554, 19.785629], [-16.309559, 19.786171], [-16.309845, 19.786169], [-16.309847, 19.78644], [-16.310706, 19.786433], [-16.310704, 19.786162], [-16.310991, 19.78616], [-16.310988, 19.785889], [-16.311847, 19.785883], [-16.311852, 19.786425], [-16.312711, 19.786419], [-16.312709, 19.786148], [-16.313854, 19.786139], [-16.313856, 19.78641], [-16.314429, 19.786406]], [[-16.310132, 19.786167], [-16.309845, 19.786169], [-16.309841, 19.785627], [-16.310127, 19.785625], [-16.310132, 19.786167]], [[-16.312134, 19.785881], [-16.311847, 19.785883], [-16.311845, 19.785612], [-16.312131, 19.78561], [-16.312134, 19.785881]], [[-16.314984, 19.784234], [-16.314125, 19.78424], [-16.314122, 19.783969], [-16.314409, 19.783967], [-16.314407, 19.783696], [-16.314979, 19.783692], [-16.314977, 19.783421], [-16.315263, 19.783418], [-16.315268, 19.78396], [-16.314981, 19.783963], [-16.314984, 19.784234]], [[-16.313261, 19.783704], [-16.312975, 19.783706], [-16.31297, 19.783164], [-16.313257, 19.783162], [-16.313261, 19.783704]]]}, "properties": {"layer": "core", "exposure_min": 0.6, "area_ha": 35.73}}, {"type": "Feature", "geometry": {"type": "Polygon", "coordinates": [[[-16.25857, 19.783826], [-16.258568, 19.783555], [-16.258854, 19.783553], [-16.25885, 19.783011], [-16.259136, 19.783009], [-16.259132, 19.782467], [-16.259418, 19.782465], [-16.259412, 19.781652], [-16.259698, 19.78165], [-16.259694, 19.781108], [-16.25998, 19.781106], [-16.259976, 19.780564], [-16.259403, 19.780568], [-16.259405, 19.780839], [-16.259119, 19.780841], [-16.259123, 19.781383], [-16.258837, 19.781385], [-16.258843, 19.782198], [-16.258557, 19.7822], [-16.258561, 19.782742], [-16.258275, 19.782744], [-16.258277, 19.783015], [-16.258563, 19.783013], [-16.258566, 19.783284], [-16.258279, 19.783286], [-16.258283, 19.783828], [-16.25857, 19.783826]]]}, "properties": {"layer": "core", "exposure_min": 0.6, "area_ha": 2.34}}, {"type": "Feature", "geometry": {"type": "Polygon", "coordinates": [[[-16.257713, 19.784104], [-16.257704, 19.783019], [-16.257418, 19.783021], [-16.25741, 19.781937], [-16.257696, 19.781935], [-16.257694, 19.781664], [-16.25798, 19.781662], [-16.257982, 19.781933], [-16.258269, 19.781931], [-16.258262, 19.781118], [-16.258549, 19.781116], [-16.258542, 19.780303], [-16.258256, 19.780305], [-16.258254, 19.780034], [-16.25854, 19.780032], [-16.258538, 19.779761], [-16.257965, 19.779765], [-16.257972, 19.780578], [-16.257399, 19.780582], [-16.257401, 19.780853], [-16.257115, 19.780855], [-16.257119, 19.781397], [-16.256833, 19.781399], [-16.256839, 19.782212], [-16.257125, 19.78221], [-16.257128, 19.782481], [-16.256841, 19.782483], [-16.256848, 19.783296], [-16.257134, 19.783294], [-16.257138, 19.783837], [-16.257424, 19.783835], [-16.257427, 19.784106], [-16.257713, 19.784104]], [[-16.257692, 19.781393], [-16.257405, 19.781395], [-16.257403, 19.781124], [-16.25769, 19.781122], [-16.257692, 19.781393]]]}, "properties": {"layer": "core", "exposure_min": 0.6, "area_ha": 3.69}}, {"type": "Feature", "geometry": {"type": "Polygon", "coordinates": [[[-16.330416, 19.780596], [-16.330412, 19.780054], [-16.329839, 19.780058], [-16.329837, 19.779787], [-16.330409, 19.779783], [-16.330407, 19.779512], [-16.329262, 19.77952], [-16.32926, 19.779249], [-16.328687, 19.779253], [-16.328685, 19.778982], [-16.327253, 19.778993], [-16.327258, 19.779535], [-16.32783, 19.779531], [-16.327832, 19.779802], [-16.328978, 19.779793], [-16.32898, 19.780064], [-16.329553, 19.78006], [-16.329555, 19.780331], [-16.330127, 19.780327], [-16.33013, 19.780598], [-16.330416, 19.780596]]]}, "properties": {"layer": "core", "exposure_min": 0.6, "area_ha": 2.52}}, {"type": "Feature", "geometry": {"type": "Polygon", "coordinates": [[[-16.349025, 19.780185], [-16.349022, 19.779914], [-16.349309, 19.779912], [-16.349306, 19.779641], [-16.349593, 19.779639], [-16.349588, 19.779097], [-16.349874, 19.779095], [-16.34987, 19.778553], [-16.349583, 19.778555], [-16.349586, 19.778826], [-16.349299, 19.778828], [-16.349302, 19.779099], [-16.349015, 19.779101], [-16.34902, 19.779643], [-16.348734, 19.779645], [-16.348738, 19.780187], [-16.349025, 19.780185]]]}, "properties": {"layer": "core", "exposure_min": 0.6, "area_ha": 0.9}}, {"type": "Feature", "geometry": {"type": "Polygon", "coordinates": [[[-16.318466, 19.7899], [-16.318464, 19.789629], [-16.318751, 19.789627], [-16.318746, 19.789085], [-16.319032, 19.789083], [-16.319028, 19.788541], [-16.319314, 19.788539], [-16.319312, 19.788268], [-16.319598, 19.788265], [-16.319596, 19.787994], [-16.319882, 19.787992], [-16.319878, 19.78745], [-16.320164, 19.787448], [-16.320162, 19.787177], [-16.319876, 19.787179], [-16.319874, 19.786908], [-16.32016, 19.786906], [-16.320158, 19.786635], [-16.320444, 19.786633], [-16.320442, 19.786362], [-16.320728, 19.78636], [-16.320726, 19.786089], [-16.321012, 19.786087], [-16.32101, 19.785816], [-16.321296, 19.785813], [-16.321294, 19.785542], [-16.32158, 19.78554], [-16.321578, 19.785269], [-16.321864, 19.785267], [-16.321862, 19.784996], [-16.322149, 19.784994], [-16.322146, 19.784723], [-16.322433, 19.784721], [-16.32243, 19.78445], [-16.322717, 19.784448], [-16.322714, 19.784177], [-16.323001, 19.784174], [-16.322999, 19.783903], [-16.323285, 19.783901], [-16.323283, 19.78363], [-16.323855, 19.783626], [-16.323858, 19.783897], [-16.324144, 19.783895], [-16.324137, 19.783082], [-16.324423, 19.78308], [-16.324426, 19.783351], [-16.324712, 19.783349], [-16.324717, 19.783891], [-16.325003, 19.783889], [-16.325005, 19.78416], [-16.325578, 19.784155], [-16.32558, 19.784426], [-16.325866, 19.784424], [-16.325869, 19.784695], [-16.326155, 19.784693], [-16.326157, 19.784964], [-16.32673, 19.78496], [-16.326732, 19.785231], [-16.327305, 19.785227], [-16.327307, 19.785498], [-16.328452, 19.785489], [-16.328455, 19.78576], [-16.329886, 19.78575], [-16.329888, 19.786021], [-16.330175, 19.786019], [-16.330177, 19.78629], [-16.331036, 19.786283], [-16.331034, 19.786012], [-16.33132, 19.78601], [-16.331318, 19.785739], [-16.331604, 19.785737], [-16.331602, 19.785466], [-16.331888, 19.785464], [-16.331886, 19.785193], [-16.332172, 19.785191], [-16.33217, 19.78492], [-16.332456, 19.784917], [-16.332452, 19.784375], [-16.332738, 19.784373], [-16.332736, 19.784102], [-16.333022, 19.7841], [-16.333013, 19.783016], [-16.3333, 19.783014], [-16.333297, 19.782743], [-16.333584, 19.782741], [-16.333579, 19.782199], [-16.333865, 19.782196], [-16.333859, 19.781383], [-16.333572, 19.781385], [-16.333559, 19.779759], [-16.333845, 19.779757], [-16.333841, 19.779215], [-16.334127, 19.779213], [-16.334125, 19.778942], [-16.334411, 19.77894], [-16.334406, 19.778398], [-16.33412, 19.7784], [-16.334122, 19.778671], [-16.333836, 19.778673], [-16.333838, 19.778944], [-16.333552, 19.778946], [-16.333554, 19.779217], [-16.333268, 19.779219], [-16.333273, 19.779761], [-16.332986, 19.779764], [-16.332993, 19.780577], [-16.332707, 19.780579], [-16.332709, 19.78085], [-16.331564, 19.780858], [-16.331573, 19.781942], [-16.331286, 19.781945], [-16.331289, 19.782216], [-16.331002, 19.782218], [-16.331004, 19.782489], [-16.330718, 19.782491], [-16.33072, 19.782762], [-16.330434, 19.782764], [-16.330439, 19.783306], [-16.330152, 19.783308], [-16.330154, 19.783579], [-16.329868, 19.783581], [-16.329857, 19.782226], [-16.328712, 19.782235], [-16.328716, 19.782777], [-16.32843, 19.782779], [-16.328434, 19.783321], [-16.327575, 19.783327], [-16.327571, 19.782785], [-16.326712, 19.782792], [-16.32671, 19.782521], [-16.326423, 19.782523], [-16.326419, 19.781981], [-16.326132, 19.781983], [-16.326128, 19.781441], [-16.325842, 19.781443], [-16.325839, 19.781172], [-16.325553, 19.781174], [-16.325551, 19.780903], [-16.325265, 19.780905], [-16.325262, 19.780634], [-16.324976, 19.780636], [-16.324971, 19.780094], [-16.324399, 19.780098], [-16.324397, 19.779827], [-16.32411, 19.779829], [-16.324108, 19.779558], [-16.323249, 19.779565], [-16.323251, 19.779836], [-16.322965, 19.779838], [-16.322967, 19.780109], [-16.322681, 19.780111], [-16.322683, 19.780382], [-16.322397, 19.780384], [-16.322399, 19.780655], [-16.322113, 19.780657], [-16.322117, 19.781199], [-16.321831, 19.781202], [-16.321833, 19.781473], [-16.321547, 19.781475], [-16.321549, 19.781746], [-16.321263, 19.781748], [-16.321267, 19.78229], [-16.320981, 19.782292], [-16.320985, 19.782834], [-16.320126, 19.78284], [-16.320129, 19.783111], [-16.319556, 19.783116], [-16.319558, 19.783387], [-16.318699, 19.783393], [-16.318701, 19.783664], [-16.320419, 19.783651], [-16.320422, 19.783922], [-16.320135, 19.783925], [-16.320138, 19.784196], [-16.320424, 19.784194], [-16.320426, 19.784465], [-16.320999, 19.78446], [-16.321001, 19.784731], [-16.320715, 19.784733], [-16.320717, 19.785005], [-16.320431, 19.785007], [-16.320437, 19.78582], [-16.320151, 19.785822], [-16.320153, 19.786093], [-16.319867, 19.786095], [-16.319869, 19.786366], [-16.319583, 19.786368], [-16.319587, 19.78691], [-16.319301, 19.786912], [-16.319305, 19.787454], [-16.319019, 19.787457], [-16.319023, 19.787999], [-16.318737, 19.788001], [-16.318742, 19.788543], [-16.318455, 19.788545], [-16.31846, 19.789087], [-16.318173, 19.789089], [-16.31818, 19.789902], [-16.318466, 19.7899]]]}, "properties": {"layer": "core", "exposure_min": 0.6, "area_ha": 56.97}}, {"type": "Feature", "geometry": {"type": "Polygon", "coordinates": [[[-16.314655, 19.779086], [-16.314639, 19.777189], [-16.314353, 19.777191], [-16.314355, 19.777462], [-16.314069, 19.777464], [-16.314071, 19.777735], [-16.313785, 19.777737], [-16.313787, 19.778008], [-16.31436, 19.778004], [-16.314364, 19.778546], [-16.313792, 19.77855], [-16.313794, 19.778821], [-16.314367, 19.778817], [-16.314369, 19.779088], [-16.314655, 19.779086]]]}, "properties": {"layer": "core", "exposure_min": 0.6, "area_ha": 1.08}}, {"type": "Feature", "geometry": {"type": "Polygon", "coordinates": [[[-16.310078, 19.779662], [-16.310076, 19.779391], [-16.310362, 19.779389], [-16.31036, 19.779118], [-16.310933, 19.779113], [-16.310931, 19.778842], [-16.311503, 19.778838], [-16.311506, 19.779109], [-16.311792, 19.779107], [-16.31179, 19.778836], [-16.312362, 19.778832], [-16.31236, 19.778561], [-16.313505, 19.778552], [-16.313496, 19.777468], [-16.313783, 19.777466], [-16.313781, 19.777195], [-16.312922, 19.777201], [-16.312924, 19.777472], [-16.312638, 19.777475], [-16.312635, 19.777204], [-16.312349, 19.777206], [-16.312351, 19.777477], [-16.312065, 19.777479], [-16.312063, 19.777208], [-16.31149, 19.777212], [-16.311492, 19.777483], [-16.31092, 19.777487], [-16.310917, 19.777216], [-16.310058, 19.777222], [-16.310061, 19.777493], [-16.309774, 19.777496], [-16.309779, 19.778038], [-16.309492, 19.77804], [-16.309497, 19.778582], [-16.309211, 19.778584], [-16.309215, 19.779126], [-16.309501, 19.779124], [-16.309506, 19.779666], [-16.310078, 19.779662]]]}, "properties": {"layer": "core", "exposure_min": 0.6, "area_ha": 7.74}}, {"type": "Feature", "geometry": {"type": "Polygon", "coordinates": [[[-16.258534, 19.779219], [-16.258532, 19.778948], [-16.258818, 19.778946], [-16.258816, 19.778675], [-16.259102, 19.778673], [-16.2591, 19.778402], [-16.259386, 19.7784], [-16.259384, 19.778129], [-16.25967, 19.778127], [-16.259668, 19.777855], [-16.259955, 19.777853], [-16.259952, 19.777582], [-16.260239, 19.77758], [-16.260237, 19.777309], [-16.260523, 19.777307], [-16.260521, 19.777036], [-16.260807, 19.777034], [-16.260805, 19.776763], [-16.261378, 19.776759], [-16.26138, 19.77703], [-16.261666, 19.777028], [-16.261664, 19.776757], [-16.26195, 19.776755], [-16.261948, 19.776484], [-16.262235, 19.776482], [-16.26223, 19.77594], [-16.262517, 19.775938], [-16.262514, 19.775667], [-16.262801, 19.775665], [-16.262799, 19.775394], [-16.263085, 19.775392], [-16.263083, 19.775121], [-16.263369, 19.775119], [-16.263367, 19.774848], [-16.263653, 19.774846], [-16.263651, 19.774575], [-16.263937, 19.774573], [-16.263935, 19.774302], [-16.264508, 19.774298], [-16.264504, 19.773756], [-16.263931, 19.77376], [-16.263933, 19.774031], [-16.263361, 19.774035], [-16.263363, 19.774306], [-16.263076, 19.774308], [-16.263079, 19.774579], [-16.262792, 19.774581], [-16.262794, 19.774852], [-16.262222, 19.774856], [-16.262224, 19.775127], [-16.261938, 19.775129], [-16.26194, 19.7754], [-16.261653, 19.775402], [-16.261658, 19.775944], [-16.261085, 19.775948], [-16.261087, 19.776219], [-16.260801, 19.776221], [-16.260803, 19.776492], [-16.260517, 19.776494], [-16.260519, 19.776765], [-16.260232, 19.776767], [-16.260235, 19.777038], [-16.259948, 19.77704], [-16.25995, 19.777311], [-16.259664, 19.777313], [-16.259666, 19.777584], [-16.25938, 19.777586], [-16.259382, 19.777857], [-16.259096, 19.77786], [-16.259098, 19.778131], [-16.258811, 19.778133], [-16.258814, 19.778404], [-16.258527, 19.778406], [-16.258529, 19.778677], [-16.258243, 19.778679], [-16.258245, 19.77895], [-16.257959, 19.778952], [-16.257961, 19.779223], [-16.258534, 19.779219]]]}, "properties": {"layer": "core", "exposure_min": 0.6, "area_ha": 5.4}}, {"type": "Feature", "geometry": {"type": "Polygon", "coordinates": [[[-16.460357, 19.774703], [-16.460347, 19.773619], [-16.460633, 19.773617], [-16.460631, 19.773346], [-16.460917, 19.773343], [-16.460915, 19.773072], [-16.460629, 19.773075], [-16.460626, 19.772804], [-16.460912, 19.772801], [-16.46091, 19.77253], [-16.460624, 19.772533], [-16.460619, 19.771991], [-16.460332, 19.771993], [-16.46033, 19.771722], [-16.459757, 19.771727], [-16.45976, 19.771998], [-16.459473, 19.772], [-16.459476, 19.772271], [-16.459762, 19.772269], [-16.459767, 19.772811], [-16.459195, 19.772815], [-16.459202, 19.773628], [-16.459775, 19.773624], [-16.45978, 19.774166], [-16.459207, 19.77417], [-16.459209, 19.774441], [-16.459782, 19.774437], [-16.459784, 19.774708], [-16.460357, 19.774703]]]}, "properties": {"layer": "core", "exposure_min": 0.6, "area_ha": 3.51}}, {"type": "Feature", "geometry": {"type": "Polygon", "coordinates": [[[-16.26226, 19.779735], [-16.262258, 19.779464], [-16.262544, 19.779462], [-16.262542, 19.77919], [-16.262829, 19.779188], [-16.262824, 19.778646], [-16.263111, 19.778644], [-16.263108, 19.778373], [-16.263395, 19.778371], [-16.263393, 19.7781], [-16.263679, 19.778098], [-16.263677, 19.777827], [-16.264249, 19.777823], [-16.264247, 19.777552], [-16.264534, 19.77755], [-16.264532, 19.777279], [-16.264818, 19.777277], [-16.264814, 19.776735], [-16.265386, 19.776731], [-16.265384, 19.77646], [-16.26567, 19.776458], [-16.265666, 19.775916], [-16.265952, 19.775914], [-16.26595, 19.775643], [-16.266809, 19.775637], [-16.266807, 19.775366], [-16.266521, 19.775368], [-16.266519, 19.775097], [-16.267091, 19.775092], [-16.267087, 19.77455], [-16.268232, 19.774542], [-16.268228, 19.774], [-16.267655, 19.774004], [-16.267653, 19.773733], [-16.267939, 19.773731], [-16.267937, 19.77346], [-16.267078, 19.773466], [-16.267076, 19.773195], [-16.266504, 19.773199], [-16.266506, 19.77347], [-16.266219, 19.773472], [-16.266222, 19.773743], [-16.265935, 19.773745], [-16.265937, 19.774016], [-16.265651, 19.774018], [-16.265655, 19.774561], [-16.264796, 19.774567], [-16.264799, 19.774838], [-16.264226, 19.774842], [-16.26423, 19.775384], [-16.263658, 19.775388], [-16.263664, 19.776201], [-16.263378, 19.776203], [-16.26338, 19.776474], [-16.263952, 19.77647], [-16.263955, 19.776741], [-16.263382, 19.776745], [-16.263388, 19.777558], [-16.263102, 19.77756], [-16.263104, 19.777831], [-16.262818, 19.777833], [-16.262822, 19.778375], [-16.262249, 19.778379], [-16.262252, 19.77865], [-16.261965, 19.778652], [-16.261967, 19.778923], [-16.261395, 19.778928], [-16.261399, 19.77947], [-16.261685, 19.779468], [-16.261687, 19.779739], [-16.26226, 19.779735]], [[-16.262256, 19.779193], [-16.26197, 19.779195], [-16.261967, 19.778923], [-16.262254, 19.778921], [-16.262256, 19.779193]], [[-16.265662, 19.775374], [-16.265375, 19.775376], [-16.265373, 19.775105], [-16.265087, 19.775107], [-16.265085, 19.774836], [-16.265944, 19.77483], [-16.265946, 19.775101], [-16.26566, 19.775103], [-16.265662, 19.775374]], [[-16.266226, 19.774285], [-16.26594, 19.774287], [-16.265937, 19.774016], [-16.266224, 19.774014], [-16.266226, 19.774285]]]}, "properties": {"layer": "core", "exposure_min": 0.6, "area_ha": 11.79}}, {"type": "Feature", "geometry": {"type": "Polygon", "coordinates": [[[-16.312618, 19.775035], [-16.312615, 19.774764], [-16.313188, 19.77476], [-16.313186, 19.774489], [-16.313472, 19.774487], [-16.313465, 19.773674], [-16.313752, 19.773672], [-16.313749, 19.773401], [-16.313463, 19.773403], [-16.313456, 19.77259], [-16.31317, 19.772592], [-16.313168, 19.772321], [-16.312882, 19.772323], [-16.312884, 19.772594], [-16.312598, 19.772596], [-16.312602, 19.773138], [-16.312316, 19.77314], [-16.312318, 19.773411], [-16.311745, 19.773415], [-16.311747, 19.773686], [-16.311461, 19.773688], [-16.311466, 19.774231], [-16.311179, 19.774233], [-16.311182, 19.774504], [-16.311754, 19.774499], [-16.311756, 19.77477], [-16.312043, 19.774768], [-16.312045, 19.775039], [-16.312618, 19.775035]]]}, "properties": {"layer": "core", "exposure_min": 0.6, "area_ha": 4.23}}, {"type": "Feature", "geometry": {"type": "Polygon", "coordinates": [[[-16.272247, 19.775327], [-16.272245, 19.775056], [-16.272818, 19.775052], [-16.272815, 19.774781], [-16.273102, 19.774779], [-16.273091, 19.773424], [-16.273377, 19.773422], [-16.273375, 19.77315], [-16.273661, 19.773148], [-16.273659, 19.772877], [-16.273087, 19.772881], [-16.273085, 19.77261], [-16.272798, 19.772612], [-16.272796, 19.772341], [-16.27251, 19.772343], [-16.272516, 19.773157], [-16.27223, 19.773159], [-16.272234, 19.773701], [-16.271948, 19.773703], [-16.271961, 19.775329], [-16.272247, 19.775327]]]}, "properties": {"layer": "core", "exposure_min": 0.6, "area_ha": 3.06}}, {"type": "Feature", "geometry": {"type": "Polygon", "coordinates": [[[-16.431708, 19.772766], [-16.431703, 19.772224], [-16.43199, 19.772222], [-16.431985, 19.77168], [-16.432271, 19.771678], [-16.432269, 19.771407], [-16.431982, 19.771409], [-16.43198, 19.771138], [-16.431694, 19.77114], [-16.431691, 19.770869], [-16.431405, 19.770872], [-16.431412, 19.771685], [-16.431698, 19.771682], [-16.431701, 19.771953], [-16.431128, 19.771958], [-16.431131, 19.772229], [-16.430844, 19.772231], [-16.430847, 19.772502], [-16.431419, 19.772498], [-16.431422, 19.772769], [-16.431708, 19.772766]]]}, "properties": {"layer": "core", "exposure_min": 0.6, "area_ha": 1.26}}, {"type": "Feature", "geometry": {"type": "Polygon", "coordinates": [[[-16.348795, 19.786963], [-16.348793, 19.786692], [-16.349938, 19.786684], [-16.349936, 19.786413], [-16.350509, 19.786408], [-16.350506, 19.786137], [-16.350793, 19.786135], [-16.350788, 19.785593], [-16.351074, 19.785591], [-16.351072, 19.78532], [-16.351358, 19.785318], [-16.351352, 19.784505], [-16.351638, 19.784502], [-16.351631, 19.783689], [-16.352204, 19.783685], [-16.352206, 19.783956], [-16.352492, 19.783954], [-16.352488, 19.783412], [-16.352774, 19.78341], [-16.352772, 19.783139], [-16.352199, 19.783143], [-16.352197, 19.782872], [-16.351338, 19.782878], [-16.351331, 19.782065], [-16.351617, 19.782063], [-16.351615, 19.781792], [-16.351901, 19.78179], [-16.351899, 19.781519], [-16.352185, 19.781517], [-16.352183, 19.781246], [-16.352469, 19.781244], [-16.352467, 19.780972], [-16.352754, 19.78097], [-16.352751, 19.780699], [-16.353038, 19.780697], [-16.353035, 19.780426], [-16.353322, 19.780424], [-16.353326, 19.780966], [-16.353612, 19.780964], [-16.353615, 19.781235], [-16.353901, 19.781233], [-16.353903, 19.781504], [-16.355049, 19.781495], [-16.355044, 19.780953], [-16.355903, 19.780946], [-16.355898, 19.780404], [-16.355612, 19.780407], [-16.355608, 19.779864], [-16.355894, 19.779862], [-16.355887, 19.779049], [-16.356173, 19.779047], [-16.356171, 19.778776], [-16.355885, 19.778778], [-16.355882, 19.778507], [-16.355596, 19.778509], [-16.355598, 19.77878], [-16.355312, 19.778783], [-16.35531, 19.778512], [-16.354737, 19.778516], [-16.354735, 19.778245], [-16.354162, 19.778249], [-16.354153, 19.777165], [-16.353867, 19.777167], [-16.35386, 19.776354], [-16.353574, 19.776356], [-16.353571, 19.776085], [-16.353858, 19.776083], [-16.353855, 19.775812], [-16.353569, 19.775814], [-16.353564, 19.775272], [-16.353278, 19.775274], [-16.353276, 19.775003], [-16.352989, 19.775005], [-16.352985, 19.774463], [-16.352699, 19.774466], [-16.352696, 19.774195], [-16.35241, 19.774197], [-16.352405, 19.773655], [-16.352119, 19.773657], [-16.352108, 19.772302], [-16.351821, 19.772304], [-16.351819, 19.772033], [-16.351533, 19.772035], [-16.351521, 19.77068], [-16.351235, 19.770682], [-16.351231, 19.77014], [-16.350944, 19.770142], [-16.350962, 19.77231], [-16.351535, 19.772306], [-16.351549, 19.773932], [-16.351835, 19.77393], [-16.351837, 19.774201], [-16.352124, 19.774199], [-16.352128, 19.774741], [-16.352415, 19.774739], [-16.352419, 19.775281], [-16.352705, 19.775279], [-16.352708, 19.77555], [-16.352421, 19.775552], [-16.352426, 19.776094], [-16.352999, 19.77609], [-16.353003, 19.776632], [-16.352717, 19.776634], [-16.352719, 19.776905], [-16.353006, 19.776903], [-16.353015, 19.777987], [-16.352728, 19.777989], [-16.352733, 19.778531], [-16.353019, 19.778529], [-16.353028, 19.779613], [-16.352742, 19.779615], [-16.352744, 19.779886], [-16.352458, 19.779888], [-16.35246, 19.780159], [-16.352174, 19.780162], [-16.352179, 19.780704], [-16.351892, 19.780706], [-16.351895, 19.780977], [-16.351608, 19.780979], [-16.351611, 19.78125], [-16.351324, 19.781252], [-16.351329, 19.781794], [-16.351042, 19.781796], [-16.351045, 19.782067], [-16.350758, 19.78207], [-16.350763, 19.782612], [-16.350477, 19.782614], [-16.350479, 19.782885], [-16.350193, 19.782887], [-16.350195, 19.783158], [-16.349622, 19.783162], [-16.34962, 19.782891], [-16.349334, 19.782893], [-16.349354, 19.785333], [-16.349068, 19.785335], [-16.349075, 19.786148], [-16.348788, 19.78615], [-16.348791, 19.786421], [-16.348504, 19.786423], [-16.348502, 19.786152], [-16.348216, 19.786155], [-16.34822, 19.786697], [-16.348507, 19.786694], [-16.348509, 19.786965], [-16.348795, 19.786963]], [[-16.354176, 19.779875], [-16.35389, 19.779878], [-16.353887, 19.779606], [-16.353601, 19.779609], [-16.353599, 19.779338], [-16.354171, 19.779333], [-16.354176, 19.779875]], [[-16.354458, 19.779331], [-16.354171, 19.779333], [-16.354169, 19.779062], [-16.354455, 19.77906], [-16.354458, 19.779331]]]}, "properties": {"layer": "core", "exposure_min": 0.6, "area_ha": 28.62}}, {"type": "Feature", "geometry": {"type": "Polygon", "coordinates": [[[-16.335225, 19.773513], [-16.33522, 19.772971], [-16.334934, 19.772973], [-16.334925, 19.771889], [-16.335211, 19.771886], [-16.335218, 19.7727], [-16.335504, 19.772697], [-16.335507, 19.772968], [-16.335793, 19.772966], [-16.335791, 19.772695], [-16.337222, 19.772685], [-16.33722, 19.772414], [-16.337793, 19.772409], [-16.337786, 19.771596], [-16.338072, 19.771594], [-16.33807, 19.771323], [-16.338356, 19.771321], [-16.338349, 19.770508], [-16.337777, 19.770512], [-16.337774, 19.770241], [-16.337488, 19.770243], [-16.337486, 19.769972], [-16.3372, 19.769974], [-16.337197, 19.769703], [-16.336625, 19.769707], [-16.336629, 19.77025], [-16.336343, 19.770252], [-16.336345, 19.770523], [-16.335773, 19.770527], [-16.335775, 19.770798], [-16.335202, 19.770802], [-16.335204, 19.771073], [-16.334918, 19.771075], [-16.33492, 19.771347], [-16.334634, 19.771349], [-16.334636, 19.77162], [-16.33435, 19.771622], [-16.334352, 19.771893], [-16.334066, 19.771895], [-16.334068, 19.772166], [-16.333782, 19.772168], [-16.333786, 19.77271], [-16.3335, 19.772712], [-16.333502, 19.772983], [-16.333216, 19.772986], [-16.333214, 19.772714], [-16.332928, 19.772717], [-16.332923, 19.772175], [-16.33235, 19.772179], [-16.332348, 19.771908], [-16.332062, 19.77191], [-16.33206, 19.771639], [-16.331773, 19.771641], [-16.331771, 19.77137], [-16.331485, 19.771372], [-16.331483, 19.771101], [-16.33091, 19.771105], [-16.330917, 19.771918], [-16.331203, 19.771916], [-16.331207, 19.772458], [-16.331494, 19.772456], [-16.331496, 19.772727], [-16.332069, 19.772723], [-16.332071, 19.772994], [-16.33293, 19.772988], [-16.332932, 19.773259], [-16.334364, 19.773248], [-16.334366, 19.773519], [-16.335225, 19.773513]], [[-16.335784, 19.771882], [-16.335211, 19.771886], [-16.335209, 19.771615], [-16.335495, 19.771613], [-16.335493, 19.771342], [-16.335779, 19.77134], [-16.335784, 19.771882]]]}, "properties": {"layer": "core", "exposure_min": 0.6, "area_ha": 12.96}}, {"type": "Feature", "geometry": {"type": "Polygon", "coordinates": [[[-16.276527, 19.773399], [-16.276525, 19.773128], [-16.277097, 19.773124], [-16.277093, 19.772582], [-16.277666, 19.772578], [-16.277663, 19.772307], [-16.27795, 19.772305], [-16.277948, 19.772034], [-16.278234, 19.772032], [-16.278232, 19.771761], [-16.277945, 19.771763], [-16.277941, 19.771221], [-16.277655, 19.771223], [-16.277653, 19.770952], [-16.277939, 19.770949], [-16.277935, 19.770407], [-16.277648, 19.770409], [-16.277646, 19.770138], [-16.277073, 19.770142], [-16.277076, 19.770414], [-16.276789, 19.770416], [-16.276794, 19.770958], [-16.276507, 19.77096], [-16.27651, 19.771231], [-16.276796, 19.771229], [-16.276802, 19.772042], [-16.276516, 19.772044], [-16.276518, 19.772315], [-16.275946, 19.772319], [-16.275948, 19.77259], [-16.275661, 19.772592], [-16.275666, 19.773134], [-16.275952, 19.773132], [-16.275954, 19.773403], [-16.276527, 19.773399]]]}, "properties": {"layer": "core", "exposure_min": 0.6, "area_ha": 4.5}}, {"type": "Feature", "geometry": {"type": "Polygon", "coordinates": [[[-16.436844, 19.770828], [-16.436842, 19.770557], [-16.437128, 19.770555], [-16.437126, 19.770284], [-16.437412, 19.770281], [-16.4374, 19.768926], [-16.437114, 19.768928], [-16.437111, 19.768657], [-16.436825, 19.76866], [-16.436827, 19.768931], [-16.436541, 19.768933], [-16.436544, 19.769204], [-16.436257, 19.769206], [-16.43626, 19.769477], [-16.435973, 19.76948], [-16.435983, 19.770564], [-16.436269, 19.770562], [-16.436272, 19.770833], [-16.436844, 19.770828]]]}, "properties": {"layer": "core", "exposure_min": 0.6, "area_ha": 2.61}}, {"type": "Feature", "geometry": {"type": "Polygon", "coordinates": [[[-16.330331, 19.770297], [-16.330326, 19.769754], [-16.33004, 19.769757], [-16.330038, 19.769486], [-16.329179, 19.769492], [-16.329176, 19.769221], [-16.32889, 19.769223], [-16.328892, 19.769494], [-16.328606, 19.769496], [-16.328608, 19.769767], [-16.329181, 19.769763], [-16.329183, 19.770034], [-16.329756, 19.77003], [-16.329758, 19.770301], [-16.330331, 19.770297]]]}, "properties": {"layer": "core", "exposure_min": 0.6, "area_ha": 1.08}}, {"type": "Feature", "geometry": {"type": "Polygon", "coordinates": [[[-16.271349, 19.770454], [-16.271343, 19.769641], [-16.271916, 19.769637], [-16.271913, 19.769366], [-16.271055, 19.769372], [-16.271063, 19.770456], [-16.271349, 19.770454]]]}, "properties": {"layer": "core", "exposure_min": 0.6, "area_ha": 0.54}}, {"type": "Feature", "geometry": {"type": "Polygon", "coordinates": [[[-16.446564, 19.769123], [-16.446559, 19.768581], [-16.446845, 19.768579], [-16.44684, 19.768037], [-16.447126, 19.768035], [-16.447124, 19.767764], [-16.446838, 19.767766], [-16.446835, 19.767495], [-16.446549, 19.767497], [-16.446554, 19.768039], [-16.446267, 19.768042], [-16.446272, 19.768584], [-16.445986, 19.768586], [-16.445991, 19.769128], [-16.446564, 19.769123]]]}, "properties": {"layer": "core", "exposure_min": 0.6, "area_ha": 0.99}}, {"type": "Feature", "geometry": {"type": "Polygon", "coordinates": [[[-16.340063, 19.769953], [-16.34006, 19.769682], [-16.340347, 19.76968], [-16.34034, 19.768867], [-16.340053, 19.768869], [-16.340047, 19.768056], [-16.33976, 19.768058], [-16.339763, 19.768329], [-16.339476, 19.768331], [-16.339474, 19.76806], [-16.339188, 19.768062], [-16.339186, 19.767791], [-16.338899, 19.767793], [-16.338904, 19.768335], [-16.338331, 19.768339], [-16.338333, 19.768611], [-16.339192, 19.768604], [-16.339195, 19.768875], [-16.339481, 19.768873], [-16.339485, 19.769415], [-16.339199, 19.769417], [-16.339201, 19.769688], [-16.339488, 19.769686], [-16.33949, 19.769957], [-16.340063, 19.769953]]]}, "properties": {"layer": "core", "exposure_min": 0.6, "area_ha": 2.25}}, {"type": "Feature", "geometry": {"type": "Polygon", "coordinates": [[[-16.272484, 19.769091], [-16.27248, 19.768549], [-16.272193, 19.768551], [-16.272191, 19.76828], [-16.271905, 19.768282], [-16.271907, 19.768553], [-16.271621, 19.768555], [-16.271625, 19.769097], [-16.272484, 19.769091]]]}, "properties": {"layer": "core", "exposure_min": 0.6, "area_ha": 0.63}}, {"type": "Feature", "geometry": {"type": "Polygon", "coordinates": [[[-16.335193, 19.769718], [-16.335191, 19.769447], [-16.336622, 19.769436], [-16.33662, 19.769165], [-16.336906, 19.769163], [-16.336902, 19.768621], [-16.337188, 19.768619], [-16.337181, 19.767806], [-16.336895, 19.767808], [-16.336893, 19.767537], [-16.337179, 19.767535], [-16.337177, 19.767264], [-16.336891, 19.767266], [-16.336886, 19.766724], [-16.336314, 19.766728], [-16.336316, 19.766999], [-16.33603, 19.767001], [-16.336032, 19.767272], [-16.335745, 19.767275], [-16.335748, 19.767546], [-16.335461, 19.767548], [-16.335464, 19.767819], [-16.335177, 19.767821], [-16.335184, 19.768634], [-16.334898, 19.768636], [-16.334907, 19.76972], [-16.335193, 19.769718]]]}, "properties": {"layer": "core", "exposure_min": 0.6, "area_ha": 5.13}}, {"type": "Feature", "geometry": {"type": "Polygon", "coordinates": [[[-16.309404, 19.767198], [-16.309399, 19.766656], [-16.308827, 19.76666], [-16.308825, 19.766389], [-16.308252, 19.766394], [-16.308259, 19.767207], [-16.309404, 19.767198]]]}, "properties": {"layer": "core", "exposure_min": 0.6, "area_ha": 0.9}}, {"type": "Feature", "geometry": {"type": "Polygon", "coordinates": [[[-16.266781, 19.772113], [-16.266779, 19.771842], [-16.267066, 19.77184], [-16.267063, 19.771569], [-16.267636, 19.771565], [-16.267634, 19.771294], [-16.269638, 19.77128], [-16.269636, 19.771009], [-16.268491, 19.771017], [-16.268486, 19.770475], [-16.268773, 19.770473], [-16.268771, 19.770202], [-16.269057, 19.7702], [-16.269055, 19.769929], [-16.269341, 19.769926], [-16.269337, 19.769384], [-16.269909, 19.76938], [-16.269907, 19.769109], [-16.270194, 19.769107], [-16.270185, 19.768023], [-16.270471, 19.768021], [-16.270473, 19.768292], [-16.27076, 19.76829], [-16.270758, 19.768019], [-16.271044, 19.768017], [-16.271042, 19.767746], [-16.271328, 19.767744], [-16.271326, 19.767473], [-16.271612, 19.767471], [-16.271608, 19.766929], [-16.271035, 19.766933], [-16.271027, 19.765849], [-16.27074, 19.765851], [-16.270747, 19.766664], [-16.27046, 19.766666], [-16.270465, 19.767208], [-16.270178, 19.76721], [-16.270183, 19.767752], [-16.269896, 19.767754], [-16.269901, 19.768296], [-16.269614, 19.768298], [-16.269617, 19.768569], [-16.26933, 19.768571], [-16.269335, 19.769113], [-16.269048, 19.769115], [-16.26905, 19.769386], [-16.268764, 19.769388], [-16.268766, 19.769659], [-16.26848, 19.769662], [-16.268482, 19.769933], [-16.268196, 19.769935], [-16.268198, 19.770206], [-16.267912, 19.770208], [-16.267914, 19.770479], [-16.267341, 19.770483], [-16.267343, 19.770754], [-16.267057, 19.770756], [-16.267059, 19.771027], [-16.266773, 19.771029], [-16.266775, 19.7713], [-16.266489, 19.771302], [-16.266491, 19.771573], [-16.266204, 19.771575], [-16.266209, 19.772117], [-16.266781, 19.772113]]]}, "properties": {"layer": "core", "exposure_min": 0.6, "area_ha": 6.66}}, {"type": "Feature", "geometry": {"type": "Polygon", "coordinates": [[[-16.352062, 19.766881], [-16.352046, 19.764984], [-16.35176, 19.764986], [-16.351755, 19.764444], [-16.351469, 19.764446], [-16.351487, 19.766614], [-16.351773, 19.766612], [-16.351776, 19.766883], [-16.352062, 19.766881]]]}, "properties": {"layer": "core", "exposure_min": 0.6, "area_ha": 1.35}}, {"type": "Feature", "geometry": {"type": "Polygon", "coordinates": [[[-16.438137, 19.819063], [-16.438129, 19.81825], [-16.438416, 19.818247], [-16.438418, 19.818518], [-16.439277, 19.818512], [-16.439275, 19.81824], [-16.439561, 19.818238], [-16.439559, 19.817967], [-16.440131, 19.817963], [-16.440126, 19.817421], [-16.440413, 19.817418], [-16.44042, 19.818231], [-16.440707, 19.818229], [-16.440704, 19.817958], [-16.44099, 19.817956], [-16.440988, 19.817685], [-16.441274, 19.817682], [-16.441277, 19.817953], [-16.442709, 19.817942], [-16.442706, 19.817671], [-16.441561, 19.81768], [-16.441558, 19.817409], [-16.441845, 19.817407], [-16.441842, 19.817136], [-16.442129, 19.817133], [-16.442126, 19.816862], [-16.442413, 19.81686], [-16.44241, 19.816589], [-16.442697, 19.816587], [-16.442699, 19.816858], [-16.442985, 19.816855], [-16.442988, 19.817126], [-16.443274, 19.817124], [-16.443277, 19.817395], [-16.443563, 19.817393], [-16.443565, 19.817664], [-16.443852, 19.817661], [-16.443849, 19.81739], [-16.444136, 19.817388], [-16.444133, 19.817117], [-16.443847, 19.817119], [-16.443842, 19.816577], [-16.444128, 19.816575], [-16.444121, 19.815762], [-16.444407, 19.81576], [-16.444402, 19.815218], [-16.444689, 19.815215], [-16.444699, 19.816299], [-16.444985, 19.816297], [-16.444983, 19.816026], [-16.445269, 19.816024], [-16.445257, 19.814669], [-16.44497, 19.814671], [-16.444965, 19.814129], [-16.445252, 19.814127], [-16.445249, 19.813856], [-16.445536, 19.813853], [-16.445528, 19.81304], [-16.446101, 19.813036], [-16.446104, 19.813307], [-16.44639, 19.813304], [-16.446385, 19.812762], [-16.446671, 19.81276], [-16.446676, 19.813302], [-16.446963, 19.8133], [-16.446965, 19.813571], [-16.447251, 19.813568], [-16.447249, 19.813297], [-16.447535, 19.813295], [-16.447533, 19.813024], [-16.447247, 19.813026], [-16.447239, 19.812213], [-16.446953, 19.812216], [-16.446945, 19.811403], [-16.446086, 19.811409], [-16.446084, 19.811138], [-16.44637, 19.811136], [-16.446365, 19.810594], [-16.447224, 19.810587], [-16.447215, 19.809503], [-16.446928, 19.809505], [-16.446926, 19.809234], [-16.447212, 19.809232], [-16.44721, 19.808961], [-16.447496, 19.808959], [-16.447494, 19.808688], [-16.447207, 19.80869], [-16.447202, 19.808148], [-16.447489, 19.808146], [-16.447484, 19.807604], [-16.44777, 19.807601], [-16.447768, 19.80733], [-16.44834, 19.807326], [-16.448343, 19.807597], [-16.448916, 19.807592], [-16.448918, 19.807863], [-16.449204, 19.807861], [-16.449209, 19.808403], [-16.449782, 19.808398], [-16.449785, 19.808669], [-16.451216, 19.808657], [-16.451214, 19.808386], [-16.4515, 19.808384], [-16.451495, 19.807842], [-16.451209, 19.807844], [-16.451206, 19.807573], [-16.45092, 19.807576], [-16.450915, 19.807034], [-16.450342, 19.807038], [-16.45034, 19.806767], [-16.450054, 19.80677], [-16.450049, 19.806228], [-16.449476, 19.806232], [-16.449474, 19.805961], [-16.449187, 19.805964], [-16.449182, 19.805422], [-16.448323, 19.805428], [-16.448326, 19.805699], [-16.448039, 19.805702], [-16.44803, 19.804618], [-16.448316, 19.804615], [-16.448313, 19.804344], [-16.448886, 19.80434], [-16.448884, 19.804069], [-16.448025, 19.804076], [-16.44802, 19.803534], [-16.447161, 19.803541], [-16.447156, 19.802999], [-16.446869, 19.803001], [-16.446867, 19.80273], [-16.446581, 19.802732], [-16.446573, 19.801919], [-16.44686, 19.801917], [-16.446857, 19.801646], [-16.447144, 19.801643], [-16.447141, 19.801372], [-16.446855, 19.801375], [-16.446852, 19.801104], [-16.447139, 19.801101], [-16.447134, 19.800559], [-16.44742, 19.800557], [-16.447418, 19.800286], [-16.447704, 19.800284], [-16.447702, 19.800013], [-16.447415, 19.800015], [-16.447413, 19.799744], [-16.447126, 19.799746], [-16.447124, 19.799475], [-16.446838, 19.799478], [-16.446835, 19.799207], [-16.447122, 19.799204], [-16.447117, 19.798662], [-16.447976, 19.798655], [-16.447978, 19.798926], [-16.447692, 19.798929], [-16.447697, 19.799471], [-16.447983, 19.799468], [-16.447981, 19.799197], [-16.448267, 19.799195], [-16.448264, 19.798924], [-16.448551, 19.798922], [-16.448546, 19.79838], [-16.447973, 19.798384], [-16.447971, 19.798113], [-16.448257, 19.798111], [-16.448252, 19.797569], [-16.447966, 19.797571], [-16.447963, 19.7973], [-16.44825, 19.797298], [-16.448247, 19.797027], [-16.448534, 19.797025], [-16.448529, 19.796483], [-16.449388, 19.796476], [-16.449375, 19.79512], [-16.449662, 19.795118], [-16.449657, 19.794576], [-16.449371, 19.794578], [-16.449366, 19.794036], [-16.449938, 19.794032], [-16.449943, 19.794574], [-16.45023, 19.794571], [-16.450225, 19.794029], [-16.450511, 19.794027], [-16.450508, 19.793756], [-16.450222, 19.793758], [-16.45022, 19.793487], [-16.449647, 19.793492], [-16.449637, 19.792408], [-16.45021, 19.792403], [-16.450217, 19.793216], [-16.45079, 19.793212], [-16.450785, 19.79267], [-16.450499, 19.792672], [-16.450494, 19.79213], [-16.45078, 19.792128], [-16.450778, 19.791857], [-16.451064, 19.791854], [-16.451062, 19.791583], [-16.450775, 19.791586], [-16.450773, 19.791315], [-16.451059, 19.791312], [-16.451057, 19.791041], [-16.451629, 19.791037], [-16.451627, 19.790766], [-16.45134, 19.790768], [-16.451338, 19.790497], [-16.451624, 19.790495], [-16.451614, 19.78941], [-16.451901, 19.789408], [-16.451898, 19.789137], [-16.451612, 19.789139], [-16.45161, 19.788868], [-16.451323, 19.788871], [-16.451321, 19.7886], [-16.451034, 19.788602], [-16.451037, 19.788873], [-16.450751, 19.788875], [-16.450753, 19.789146], [-16.450467, 19.789149], [-16.450469, 19.78942], [-16.451042, 19.789415], [-16.451039, 19.789144], [-16.451326, 19.789142], [-16.451331, 19.789684], [-16.449899, 19.789695], [-16.449897, 19.789424], [-16.44961, 19.789427], [-16.449608, 19.789156], [-16.449321, 19.789158], [-16.449319, 19.788887], [-16.448746, 19.788892], [-16.448739, 19.788079], [-16.448453, 19.788081], [-16.44844, 19.786726], [-16.449013, 19.786721], [-16.449011, 19.78645], [-16.449297, 19.786448], [-16.449295, 19.786177], [-16.448722, 19.786181], [-16.448719, 19.78591], [-16.449292, 19.785906], [-16.449282, 19.784822], [-16.449569, 19.784819], [-16.449566, 19.784548], [-16.44928, 19.784551], [-16.449277, 19.78428], [-16.448991, 19.784282], [-16.448989, 19.784011], [-16.449275, 19.784009], [-16.449265, 19.782925], [-16.448979, 19.782927], [-16.448976, 19.782656], [-16.44869, 19.782658], [-16.448688, 19.782387], [-16.448974, 19.782385], [-16.448971, 19.782114], [-16.448685, 19.782116], [-16.44868, 19.781574], [-16.448967, 19.781572], [-16.448964, 19.781301], [-16.448678, 19.781303], [-16.448666, 19.779948], [-16.448952, 19.779946], [-16.448949, 19.779675], [-16.448663, 19.779677], [-16.448658, 19.779135], [-16.448944, 19.779133], [-16.44894, 19.778591], [-16.449226, 19.778588], [-16.449223, 19.778317], [-16.44951, 19.778315], [-16.449505, 19.777773], [-16.449791, 19.777771], [-16.449786, 19.777228], [-16.450073, 19.777226], [-16.450085, 19.778581], [-16.450371, 19.778579], [-16.450374, 19.77885], [-16.450087, 19.778852], [-16.450102, 19.780478], [-16.450388, 19.780476], [-16.450386, 19.780205], [-16.450672, 19.780203], [-16.45067, 19.779932], [-16.450956, 19.779929], [-16.450953, 19.779658], [-16.450667, 19.779661], [-16.450662, 19.779119], [-16.451235, 19.779114], [-16.451237, 19.779385], [-16.45181, 19.77938], [-16.451815, 19.779922], [-16.451529, 19.779925], [-16.451531, 19.780196], [-16.451817, 19.780193], [-16.451822, 19.780735], [-16.452109, 19.780733], [-16.452111, 19.781004], [-16.452397, 19.781002], [-16.452405, 19.781815], [-16.451546, 19.781822], [-16.451553, 19.782635], [-16.451267, 19.782637], [-16.451262, 19.782095], [-16.450976, 19.782098], [-16.450978, 19.782369], [-16.450692, 19.782371], [-16.450702, 19.783455], [-16.450129, 19.78346], [-16.450131, 19.783731], [-16.450418, 19.783728], [-16.45042, 19.783999], [-16.450706, 19.783997], [-16.450704, 19.783726], [-16.45099, 19.783724], [-16.450983, 19.782911], [-16.451556, 19.782906], [-16.45156, 19.783448], [-16.451847, 19.783446], [-16.451849, 19.783717], [-16.452708, 19.78371], [-16.452701, 19.782897], [-16.452987, 19.782894], [-16.452985, 19.782623], [-16.453271, 19.782621], [-16.453266, 19.782079], [-16.453552, 19.782077], [-16.453555, 19.782348], [-16.453841, 19.782345], [-16.453839, 19.782074], [-16.454125, 19.782072], [-16.45412, 19.78153], [-16.453834, 19.781532], [-16.453831, 19.781261], [-16.454118, 19.781259], [-16.454115, 19.780988], [-16.453829, 19.78099], [-16.453821, 19.780177], [-16.454108, 19.780175], [-16.454103, 19.779633], [-16.453817, 19.779635], [-16.453814, 19.779364], [-16.453528, 19.779366], [-16.45352, 19.778553], [-16.453807, 19.778551], [-16.453804, 19.77828], [-16.454091, 19.778278], [-16.454086, 19.777736], [-16.454372, 19.777733], [-16.454374, 19.778004], [-16.454947, 19.778], [-16.454949, 19.778271], [-16.455236, 19.778268], [-16.455241, 19.77881], [-16.455527, 19.778808], [-16.455537, 19.779892], [-16.456109, 19.779888], [-16.456112, 19.780159], [-16.455826, 19.780161], [-16.45583, 19.780703], [-16.456403, 19.780698], [-16.456396, 19.779885], [-16.456682, 19.779883], [-16.456675, 19.77907], [-16.456961, 19.779067], [-16.456956, 19.778525], [-16.457529, 19.778521], [-16.457526, 19.77825], [-16.458099, 19.778245], [-16.458094, 19.777703], [-16.45838, 19.777701], [-16.458375, 19.777159], [-16.458661, 19.777156], [-16.458664, 19.777427], [-16.45895, 19.777425], [-16.458958, 19.778238], [-16.459244, 19.778236], [-16.459246, 19.778507], [-16.45896, 19.778509], [-16.458968, 19.779322], [-16.45954, 19.779317], [-16.459543, 19.779588], [-16.45897, 19.779593], [-16.458975, 19.780135], [-16.459261, 19.780133], [-16.459259, 19.779862], [-16.459545, 19.779859], [-16.459548, 19.780131], [-16.459834, 19.780128], [-16.459824, 19.779044], [-16.459538, 19.779046], [-16.459535, 19.778775], [-16.459821, 19.778773], [-16.459807, 19.777147], [-16.460093, 19.777145], [-16.460083, 19.776061], [-16.459797, 19.776063], [-16.459789, 19.77525], [-16.459217, 19.775255], [-16.459214, 19.774983], [-16.458069, 19.774993], [-16.458067, 19.774722], [-16.458353, 19.774719], [-16.458351, 19.774448], [-16.458923, 19.774444], [-16.458921, 19.774173], [-16.459207, 19.77417], [-16.459202, 19.773628], [-16.458916, 19.773631], [-16.458918, 19.773902], [-16.458346, 19.773906], [-16.458343, 19.773635], [-16.458629, 19.773633], [-16.458624, 19.773091], [-16.458911, 19.773089], [-16.458908, 19.772818], [-16.459195, 19.772815], [-16.459187, 19.772002], [-16.458901, 19.772005], [-16.458898, 19.771734], [-16.459185, 19.771731], [-16.459182, 19.77146], [-16.459755, 19.771456], [-16.459752, 19.771185], [-16.45918, 19.771189], [-16.459177, 19.770918], [-16.459464, 19.770916], [-16.459459, 19.770374], [-16.460031, 19.770369], [-16.460041, 19.771453], [-16.460614, 19.771449], [-16.460611, 19.771178], [-16.460898, 19.771175], [-16.460895, 19.770904], [-16.460609, 19.770907], [-16.460606, 19.770636], [-16.46032, 19.770638], [-16.460315, 19.770096], [-16.460029, 19.770098], [-16.460024, 19.769556], [-16.459738, 19.769558], [-16.45974, 19.769829], [-16.459454, 19.769832], [-16.459449, 19.76929], [-16.459163, 19.769292], [-16.459167, 19.769834], [-16.458881, 19.769836], [-16.458884, 19.770107], [-16.45917, 19.770105], [-16.459172, 19.770376], [-16.458886, 19.770379], [-16.458889, 19.77065], [-16.457743, 19.770659], [-16.457741, 19.770388], [-16.457455, 19.77039], [-16.457457, 19.770661], [-16.457171, 19.770664], [-16.457168, 19.770393], [-16.45631, 19.770399], [-16.456305, 19.769857], [-16.457163, 19.76985], [-16.457161, 19.769579], [-16.45573, 19.769591], [-16.455725, 19.769049], [-16.455438, 19.769051], [-16.455436, 19.76878], [-16.454863, 19.768785], [-16.454858, 19.768243], [-16.454572, 19.768245], [-16.454562, 19.767161], [-16.454849, 19.767159], [-16.454851, 19.76743], [-16.455424, 19.767425], [-16.455421, 19.767154], [-16.455707, 19.767152], [-16.455705, 19.766881], [-16.455419, 19.766883], [-16.455416, 19.766612], [-16.455703, 19.76661], [-16.4557, 19.766339], [-16.456273, 19.766334], [-16.456275, 19.766605], [-16.456561, 19.766603], [-16.456556, 19.766061], [-16.45627, 19.766063], [-16.456268, 19.765792], [-16.45684, 19.765787], [-16.456838, 19.765516], [-16.457124, 19.765514], [-16.457119, 19.764972], [-16.456547, 19.764977], [-16.456542, 19.764435], [-16.457114, 19.76443], [-16.457109, 19.763888], [-16.456823, 19.76389], [-16.456821, 19.763619], [-16.456534, 19.763622], [-16.456537, 19.763893], [-16.455964, 19.763897], [-16.455962, 19.763626], [-16.455675, 19.763629], [-16.455678, 19.7639], [-16.454819, 19.763907], [-16.454822, 19.764178], [-16.455108, 19.764175], [-16.455115, 19.764988], [-16.454829, 19.764991], [-16.454831, 19.765262], [-16.454545, 19.765264], [-16.454543, 19.764993], [-16.453684, 19.765], [-16.453679, 19.764458], [-16.453965, 19.764456], [-16.453963, 19.764185], [-16.45339, 19.764189], [-16.453393, 19.76446], [-16.453106, 19.764463], [-16.453111, 19.765005], [-16.453398, 19.765002], [-16.453402, 19.765544], [-16.453689, 19.765542], [-16.453686, 19.765271], [-16.454259, 19.765266], [-16.454264, 19.765808], [-16.453977, 19.765811], [-16.45398, 19.766082], [-16.453694, 19.766084], [-16.453699, 19.766626], [-16.453412, 19.766628], [-16.453415, 19.7669], [-16.452556, 19.766906], [-16.452553, 19.766635], [-16.451981, 19.76664], [-16.451988, 19.767453], [-16.450271, 19.767467], [-16.450268, 19.767196], [-16.449696, 19.767201], [-16.449693, 19.76693], [-16.448262, 19.766941], [-16.448259, 19.76667], [-16.447114, 19.76668], [-16.447119, 19.767222], [-16.447405, 19.767219], [-16.447408, 19.76749], [-16.447694, 19.767488], [-16.447692, 19.767217], [-16.448264, 19.767212], [-16.448267, 19.767483], [-16.448553, 19.767481], [-16.448555, 19.767752], [-16.448842, 19.76775], [-16.448849, 19.768563], [-16.449135, 19.76856], [-16.449133, 19.768289], [-16.449705, 19.768285], [-16.4497, 19.767743], [-16.450273, 19.767738], [-16.450275, 19.768009], [-16.449989, 19.768011], [-16.449997, 19.768825], [-16.450283, 19.768822], [-16.450285, 19.769093], [-16.449999, 19.769096], [-16.450001, 19.769367], [-16.449429, 19.769371], [-16.449431, 19.769642], [-16.449145, 19.769645], [-16.449147, 19.769916], [-16.448861, 19.769918], [-16.448864, 19.770189], [-16.448577, 19.770191], [-16.44858, 19.770462], [-16.448293, 19.770465], [-16.448296, 19.770736], [-16.447723, 19.77074], [-16.447728, 19.771282], [-16.448301, 19.771278], [-16.448298, 19.771007], [-16.448871, 19.771002], [-16.448869, 19.770731], [-16.449155, 19.770729], [-16.449162, 19.771542], [-16.448876, 19.771544], [-16.448878, 19.771815], [-16.448306, 19.77182], [-16.448303, 19.771549], [-16.448017, 19.771551], [-16.448019, 19.771822], [-16.447733, 19.771824], [-16.447738, 19.772366], [-16.447452, 19.772369], [-16.447454, 19.77264], [-16.447168, 19.772642], [-16.447178, 19.773726], [-16.446891, 19.773728], [-16.446894, 19.773999], [-16.446608, 19.774002], [-16.446612, 19.774544], [-16.445754, 19.774551], [-16.445756, 19.774822], [-16.44547, 19.774824], [-16.445472, 19.775095], [-16.4449, 19.7751], [-16.444902, 19.775371], [-16.444616, 19.775373], [-16.444618, 19.775644], [-16.444046, 19.775649], [-16.444043, 19.775378], [-16.443757, 19.77538], [-16.443747, 19.774296], [-16.444033, 19.774294], [-16.444031, 19.774023], [-16.444317, 19.77402], [-16.444315, 19.773749], [-16.444601, 19.773747], [-16.444599, 19.773476], [-16.444312, 19.773478], [-16.444307, 19.772936], [-16.444021, 19.772938], [-16.444026, 19.773481], [-16.443453, 19.773485], [-16.443461, 19.774298], [-16.443174, 19.774301], [-16.443177, 19.774572], [-16.442604, 19.774576], [-16.442602, 19.774305], [-16.442888, 19.774303], [-16.442886, 19.774032], [-16.443172, 19.774029], [-16.443167, 19.773487], [-16.442881, 19.77349], [-16.442883, 19.773761], [-16.441738, 19.77377], [-16.441743, 19.774312], [-16.442029, 19.77431], [-16.442032, 19.774581], [-16.441745, 19.774583], [-16.441748, 19.774854], [-16.441462, 19.774856], [-16.441464, 19.775127], [-16.441178, 19.77513], [-16.44118, 19.775401], [-16.440321, 19.775408], [-16.440314, 19.774595], [-16.4406, 19.774592], [-16.440598, 19.774321], [-16.440311, 19.774324], [-16.440309, 19.774053], [-16.440595, 19.77405], [-16.440593, 19.773779], [-16.441166, 19.773775], [-16.441161, 19.773233], [-16.440874, 19.773235], [-16.440872, 19.772964], [-16.440586, 19.772966], [-16.440583, 19.772695], [-16.440297, 19.772697], [-16.44029, 19.771884], [-16.440576, 19.771882], [-16.440578, 19.772153], [-16.440865, 19.772151], [-16.440867, 19.772422], [-16.441153, 19.77242], [-16.441156, 19.772691], [-16.441442, 19.772688], [-16.44144, 19.772417], [-16.441726, 19.772415], [-16.441723, 19.772144], [-16.44201, 19.772142], [-16.442007, 19.771871], [-16.442294, 19.771868], [-16.442296, 19.772139], [-16.442582, 19.772137], [-16.442577, 19.771595], [-16.442291, 19.771597], [-16.442289, 19.771326], [-16.442575, 19.771324], [-16.44257, 19.770782], [-16.443715, 19.770773], [-16.443713, 19.770502], [-16.443999, 19.770499], [-16.443997, 19.770228], [-16.444283, 19.770226], [-16.444281, 19.769955], [-16.444567, 19.769953], [-16.444564, 19.769682], [-16.444851, 19.769679], [-16.444843, 19.768866], [-16.44513, 19.768864], [-16.445127, 19.768593], [-16.445413, 19.768591], [-16.445406, 19.767778], [-16.445692, 19.767775], [-16.445685, 19.766962], [-16.445971, 19.76696], [-16.445964, 19.766147], [-16.44625, 19.766144], [-16.446238, 19.764789], [-16.446524, 19.764787], [-16.446515, 19.763703], [-16.446228, 19.763705], [-16.446223, 19.763163], [-16.445937, 19.763166], [-16.445935, 19.762895], [-16.445648, 19.762897], [-16.445641, 19.762084], [-16.445355, 19.762086], [-16.445352, 19.761815], [-16.445066, 19.761817], [-16.445064, 19.761546], [-16.444777, 19.761549], [-16.444775, 19.761278], [-16.444202, 19.761282], [-16.4442, 19.761011], [-16.443914, 19.761014], [-16.443921, 19.761827], [-16.443349, 19.761831], [-16.443351, 19.762102], [-16.443065, 19.762105], [-16.443067, 19.762376], [-16.442495, 19.76238], [-16.442492, 19.762109], [-16.442206, 19.762111], [-16.442201, 19.761569], [-16.441915, 19.761572], [-16.441929, 19.763198], [-16.441643, 19.7632], [-16.441648, 19.763742], [-16.441362, 19.763745], [-16.441367, 19.764287], [-16.44108, 19.764289], [-16.441088, 19.765102], [-16.440801, 19.765104], [-16.440804, 19.765375], [-16.440517, 19.765378], [-16.440522, 19.76592], [-16.440236, 19.765922], [-16.440246, 19.767006], [-16.439959, 19.767008], [-16.439962, 19.767279], [-16.440248, 19.767277], [-16.440251, 19.767548], [-16.439964, 19.76755], [-16.439969, 19.768092], [-16.439683, 19.768095], [-16.439688, 19.768637], [-16.439402, 19.768639], [-16.439406, 19.769181], [-16.439693, 19.769179], [-16.439715, 19.771618], [-16.439428, 19.77162], [-16.439433, 19.772162], [-16.439719, 19.77216], [-16.439724, 19.772702], [-16.439438, 19.772704], [-16.43944, 19.772975], [-16.439154, 19.772978], [-16.439159, 19.77352], [-16.438873, 19.773522], [-16.438878, 19.774064], [-16.438591, 19.774066], [-16.438594, 19.774337], [-16.438307, 19.77434], [-16.43831, 19.774611], [-16.438024, 19.774613], [-16.438026, 19.774884], [-16.43774, 19.774886], [-16.437745, 19.775428], [-16.437458, 19.775431], [-16.437463, 19.775973], [-16.437177, 19.775975], [-16.437179, 19.776246], [-16.436893, 19.776248], [-16.436895, 19.776519], [-16.437182, 19.776517], [-16.437184, 19.776788], [-16.436898, 19.77679], [-16.43691, 19.778146], [-16.436624, 19.778148], [-16.436638, 19.779774], [-16.437211, 19.779769], [-16.437216, 19.780311], [-16.436929, 19.780314], [-16.436932, 19.780585], [-16.436359, 19.780589], [-16.436362, 19.78086], [-16.436648, 19.780858], [-16.43665, 19.781129], [-16.436937, 19.781127], [-16.436942, 19.781669], [-16.437228, 19.781667], [-16.437233, 19.782209], [-16.436946, 19.782211], [-16.436949, 19.782482], [-16.435804, 19.782491], [-16.435806, 19.782762], [-16.435233, 19.782767], [-16.435241, 19.78358], [-16.434954, 19.783582], [-16.434959, 19.784124], [-16.435246, 19.784122], [-16.43525, 19.784664], [-16.435823, 19.784659], [-16.435825, 19.78493], [-16.436112, 19.784928], [-16.436117, 19.78547], [-16.436403, 19.785468], [-16.436415, 19.786823], [-16.436988, 19.786818], [-16.43699, 19.787089], [-16.437277, 19.787087], [-16.437286, 19.788171], [-16.437, 19.788173], [-16.437005, 19.788715], [-16.437291, 19.788713], [-16.437296, 19.789255], [-16.437582, 19.789253], [-16.43758, 19.788982], [-16.437866, 19.788979], [-16.437864, 19.788708], [-16.438723, 19.788702], [-16.438725, 19.788973], [-16.439584, 19.788966], [-16.439582, 19.788695], [-16.439868, 19.788692], [-16.439873, 19.789234], [-16.439587, 19.789237], [-16.439594, 19.79005], [-16.43988, 19.790047], [-16.439887, 19.79086], [-16.439601, 19.790863], [-16.439604, 19.791134], [-16.440176, 19.791129], [-16.440179, 19.7914], [-16.441038, 19.791393], [-16.44104, 19.791664], [-16.441899, 19.791657], [-16.441902, 19.791928], [-16.442188, 19.791926], [-16.44219, 19.792197], [-16.441331, 19.792204], [-16.441334, 19.792475], [-16.440761, 19.79248], [-16.440764, 19.792751], [-16.440477, 19.792753], [-16.440487, 19.793837], [-16.440201, 19.793839], [-16.440203, 19.79411], [-16.440489, 19.794108], [-16.440497, 19.794921], [-16.440783, 19.794919], [-16.440785, 19.79519], [-16.440499, 19.795192], [-16.440502, 19.795463], [-16.440788, 19.795461], [-16.44079, 19.795732], [-16.440504, 19.795734], [-16.440506, 19.796005], [-16.440793, 19.796003], [-16.440795, 19.796274], [-16.440509, 19.796276], [-16.440511, 19.796547], [-16.440225, 19.79655], [-16.440227, 19.796821], [-16.439941, 19.796823], [-16.439946, 19.797365], [-16.440232, 19.797363], [-16.440235, 19.797634], [-16.439662, 19.797638], [-16.43966, 19.797367], [-16.439087, 19.797372], [-16.439092, 19.797914], [-16.439378, 19.797912], [-16.439388, 19.798996], [-16.438815, 19.799], [-16.43882, 19.799542], [-16.438534, 19.799545], [-16.438539, 19.800087], [-16.438252, 19.800089], [-16.438255, 19.80036], [-16.437968, 19.800362], [-16.437973, 19.800904], [-16.437687, 19.800907], [-16.437689, 19.801178], [-16.437403, 19.80118], [-16.437398, 19.800638], [-16.437684, 19.800636], [-16.437677, 19.799823], [-16.437391, 19.799825], [-16.437388, 19.799554], [-16.435957, 19.799565], [-16.435959, 19.799836], [-16.435386, 19.799841], [-16.435389, 19.800112], [-16.43453, 19.800119], [-16.434527, 19.799848], [-16.433668, 19.799855], [-16.433673, 19.800397], [-16.433387, 19.800399], [-16.433392, 19.800941], [-16.433105, 19.800944], [-16.433113, 19.801757], [-16.432826, 19.801759], [-16.432834, 19.802572], [-16.43312, 19.80257], [-16.43313, 19.803654], [-16.433702, 19.803649], [-16.4337, 19.803378], [-16.434273, 19.803374], [-16.43427, 19.803103], [-16.434843, 19.803098], [-16.434845, 19.803369], [-16.435418, 19.803364], [-16.43542, 19.803635], [-16.435707, 19.803633], [-16.435709, 19.803904], [-16.43485, 19.803911], [-16.434858, 19.804724], [-16.434285, 19.804729], [-16.43429, 19.805271], [-16.434003, 19.805273], [-16.434006, 19.805544], [-16.433719, 19.805546], [-16.433722, 19.805817], [-16.434295, 19.805813], [-16.434299, 19.806355], [-16.433727, 19.806359], [-16.433724, 19.806088], [-16.433438, 19.806091], [-16.43344, 19.806362], [-16.433154, 19.806364], [-16.433149, 19.805822], [-16.432863, 19.805824], [-16.432865, 19.806095], [-16.432579, 19.806098], [-16.432584, 19.80664], [-16.433156, 19.806635], [-16.433159, 19.806906], [-16.433445, 19.806904], [-16.433443, 19.806633], [-16.435161, 19.806619], [-16.435163, 19.80689], [-16.435736, 19.806885], [-16.435738, 19.807156], [-16.435452, 19.807159], [-16.435457, 19.807701], [-16.434598, 19.807708], [-16.4346, 19.807979], [-16.434314, 19.807981], [-16.434316, 19.808252], [-16.434603, 19.80825], [-16.434612, 19.809334], [-16.434899, 19.809331], [-16.434901, 19.809602], [-16.434615, 19.809605], [-16.434617, 19.809876], [-16.434904, 19.809873], [-16.434906, 19.810144], [-16.43462, 19.810147], [-16.434622, 19.810418], [-16.434336, 19.81042], [-16.434338, 19.810691], [-16.434911, 19.810686], [-16.434913, 19.810958], [-16.435486, 19.810953], [-16.435489, 19.811224], [-16.436061, 19.811219], [-16.436066, 19.811761], [-16.436353, 19.811759], [-16.43635, 19.811488], [-16.436923, 19.811483], [-16.43693, 19.812296], [-16.436644, 19.812299], [-16.436646, 19.81257], [-16.436933, 19.812568], [-16.436935, 19.812839], [-16.437221, 19.812836], [-16.437224, 19.813107], [-16.436937, 19.81311], [-16.43695, 19.814465], [-16.436377, 19.814469], [-16.436374, 19.814198], [-16.436088, 19.814201], [-16.436081, 19.813387], [-16.435794, 19.81339], [-16.435787, 19.812577], [-16.435501, 19.812579], [-16.435496, 19.812037], [-16.43521, 19.812039], [-16.435217, 19.812852], [-16.435503, 19.81285], [-16.435506, 19.813121], [-16.435219, 19.813123], [-16.435222, 19.813394], [-16.434935, 19.813397], [-16.43494, 19.813939], [-16.434654, 19.813941], [-16.434656, 19.814212], [-16.43437, 19.814214], [-16.434375, 19.814756], [-16.434661, 19.814754], [-16.434666, 19.815296], [-16.434952, 19.815294], [-16.43496, 19.816107], [-16.435246, 19.816105], [-16.435248, 19.816376], [-16.435535, 19.816373], [-16.43554, 19.816915], [-16.435826, 19.816913], [-16.435833, 19.817726], [-16.436979, 19.817717], [-16.436984, 19.818259], [-16.43727, 19.818257], [-16.437273, 19.818528], [-16.437845, 19.818523], [-16.437848, 19.818794], [-16.437561, 19.818796], [-16.437564, 19.819067], [-16.438137, 19.819063]], [[-16.438988, 19.818243], [-16.438702, 19.818245], [-16.438697, 19.817703], [-16.438983, 19.817701], [-16.438988, 19.818243]], [[-16.437843, 19.818252], [-16.437556, 19.818254], [-16.437554, 19.817983], [-16.43784, 19.817981], [-16.437843, 19.818252]], [[-16.438413, 19.817976], [-16.438127, 19.817979], [-16.438124, 19.817708], [-16.438411, 19.817705], [-16.438413, 19.817976]], [[-16.437838, 19.81771], [-16.437552, 19.817712], [-16.437549, 19.817441], [-16.437836, 19.817439], [-16.437838, 19.81771]], [[-16.441558, 19.817409], [-16.441272, 19.817411], [-16.44127, 19.81714], [-16.441556, 19.817138], [-16.441558, 19.817409]], [[-16.438122, 19.817437], [-16.437836, 19.817439], [-16.437833, 19.817168], [-16.438119, 19.817166], [-16.438122, 19.817437]], [[-16.436976, 19.817446], [-16.43669, 19.817448], [-16.436688, 19.817177], [-16.436974, 19.817175], [-16.436976, 19.817446]], [[-16.438692, 19.817161], [-16.438406, 19.817163], [-16.438403, 19.816892], [-16.43869, 19.81689], [-16.438692, 19.817161]], [[-16.43726, 19.817173], [-16.436974, 19.817175], [-16.436972, 19.816904], [-16.437258, 19.816902], [-16.43726, 19.817173]], [[-16.437544, 19.816899], [-16.437258, 19.816902], [-16.437255, 19.816631], [-16.437542, 19.816628], [-16.437544, 19.816899]], [[-16.436685, 19.816906], [-16.436399, 19.816908], [-16.436396, 19.816637], [-16.436683, 19.816635], [-16.436685, 19.816906]], [[-16.436112, 19.816911], [-16.435826, 19.816913], [-16.435819, 19.8161], [-16.436678, 19.816093], [-16.436675, 19.815822], [-16.436103, 19.815827], [-16.4361, 19.815556], [-16.436673, 19.815551], [-16.436671, 19.81528], [-16.436957, 19.815278], [-16.436959, 19.815549], [-16.437246, 19.815546], [-16.437248, 19.815817], [-16.436962, 19.81582], [-16.436967, 19.816362], [-16.437253, 19.81636], [-16.437255, 19.816631], [-16.436683, 19.816635], [-16.43668, 19.816364], [-16.436108, 19.816369], [-16.436112, 19.816911]], [[-16.443269, 19.816582], [-16.442983, 19.816584], [-16.44298, 19.816313], [-16.443267, 19.816311], [-16.443269, 19.816582]], [[-16.437826, 19.816355], [-16.437539, 19.816357], [-16.437537, 19.816086], [-16.437823, 19.816084], [-16.437826, 19.816355]], [[-16.444121, 19.815762], [-16.443835, 19.815764], [-16.443827, 19.814951], [-16.444114, 19.814949], [-16.444121, 19.815762]], [[-16.435816, 19.815829], [-16.43553, 19.815831], [-16.435527, 19.81556], [-16.435814, 19.815558], [-16.435816, 19.815829]], [[-16.435527, 19.81556], [-16.435241, 19.815563], [-16.435236, 19.815021], [-16.435523, 19.815018], [-16.435527, 19.81556]], [[-16.443543, 19.815225], [-16.443257, 19.815227], [-16.443255, 19.814956], [-16.443541, 19.814954], [-16.443543, 19.815225]], [[-16.436384, 19.815282], [-16.436098, 19.815285], [-16.436095, 19.815014], [-16.436382, 19.815011], [-16.436384, 19.815282]], [[-16.435809, 19.815016], [-16.435523, 19.815018], [-16.43552, 19.814747], [-16.435807, 19.814745], [-16.435809, 19.815016]], [[-16.43552, 19.814747], [-16.435234, 19.81475], [-16.435231, 19.814478], [-16.435518, 19.814476], [-16.43552, 19.814747]], [[-16.441497, 19.810633], [-16.441211, 19.810636], [-16.441208, 19.810365], [-16.441495, 19.810362], [-16.441497, 19.810633]], [[-16.446936, 19.810318], [-16.446363, 19.810323], [-16.446361, 19.810052], [-16.446074, 19.810054], [-16.446072, 19.809783], [-16.446644, 19.809779], [-16.446647, 19.81005], [-16.446933, 19.810047], [-16.446936, 19.810318]], [[-16.44264, 19.810353], [-16.442068, 19.810358], [-16.442065, 19.810087], [-16.441206, 19.810094], [-16.441204, 19.809823], [-16.440917, 19.809825], [-16.440915, 19.809554], [-16.441201, 19.809552], [-16.441196, 19.80901], [-16.44091, 19.809012], [-16.440895, 19.807386], [-16.440609, 19.807388], [-16.440606, 19.807117], [-16.440893, 19.807115], [-16.440888, 19.806573], [-16.441174, 19.80657], [-16.441172, 19.806299], [-16.441745, 19.806295], [-16.441752, 19.807108], [-16.442325, 19.807103], [-16.442327, 19.807374], [-16.442613, 19.807372], [-16.442616, 19.807643], [-16.443189, 19.807638], [-16.443191, 19.807909], [-16.442905, 19.807912], [-16.442914, 19.808996], [-16.442628, 19.808998], [-16.442631, 19.809269], [-16.442917, 19.809267], [-16.442919, 19.809538], [-16.443206, 19.809535], [-16.443208, 19.809807], [-16.442922, 19.809809], [-16.442924, 19.81008], [-16.442638, 19.810082], [-16.44264, 19.810353]], [[-16.435481, 19.810411], [-16.434909, 19.810415], [-16.434906, 19.810144], [-16.435479, 19.81014], [-16.435481, 19.810411]], [[-16.437481, 19.809853], [-16.437195, 19.809855], [-16.437192, 19.809584], [-16.437478, 19.809582], [-16.437481, 19.809853]], [[-16.448627, 19.807323], [-16.44834, 19.807326], [-16.448338, 19.807055], [-16.448624, 19.807052], [-16.448627, 19.807323]], [[-16.447768, 19.80733], [-16.447481, 19.807333], [-16.447479, 19.807062], [-16.447193, 19.807064], [-16.447185, 19.806251], [-16.447758, 19.806246], [-16.44776, 19.806517], [-16.447474, 19.80652], [-16.447477, 19.806791], [-16.447763, 19.806788], [-16.447768, 19.80733]], [[-16.443468, 19.806823], [-16.442895, 19.806828], [-16.44289, 19.806286], [-16.443176, 19.806283], [-16.443179, 19.806554], [-16.443465, 19.806552], [-16.443468, 19.806823]], [[-16.448903, 19.806237], [-16.448617, 19.806239], [-16.448615, 19.805968], [-16.448901, 19.805966], [-16.448903, 19.806237]], [[-16.437736, 19.806327], [-16.437163, 19.806332], [-16.437156, 19.805519], [-16.437442, 19.805516], [-16.437447, 19.806058], [-16.437733, 19.806056], [-16.437736, 19.806327]], [[-16.448042, 19.805973], [-16.447756, 19.805975], [-16.447753, 19.805704], [-16.448039, 19.805702], [-16.448042, 19.805973]], [[-16.442601, 19.806017], [-16.442315, 19.806019], [-16.442312, 19.805748], [-16.442599, 19.805746], [-16.442601, 19.806017]], [[-16.443458, 19.805739], [-16.443171, 19.805741], [-16.443169, 19.80547], [-16.443455, 19.805468], [-16.443458, 19.805739]], [[-16.437728, 19.805514], [-16.437442, 19.805516], [-16.43744, 19.805245], [-16.437726, 19.805243], [-16.437728, 19.805514]], [[-16.442594, 19.805204], [-16.442307, 19.805206], [-16.442305, 19.804935], [-16.442019, 19.804937], [-16.442016, 19.804666], [-16.442303, 19.804664], [-16.4423, 19.804393], [-16.441727, 19.804398], [-16.441725, 19.804127], [-16.442011, 19.804124], [-16.442009, 19.803853], [-16.442582, 19.803849], [-16.442587, 19.804391], [-16.443159, 19.804386], [-16.443162, 19.804657], [-16.442875, 19.804659], [-16.442878, 19.80493], [-16.442591, 19.804933], [-16.442594, 19.805204]], [[-16.438299, 19.805238], [-16.438012, 19.805241], [-16.438007, 19.804699], [-16.43858, 19.804694], [-16.438582, 19.804965], [-16.438296, 19.804967], [-16.438299, 19.805238]], [[-16.436003, 19.804715], [-16.435717, 19.804717], [-16.435714, 19.804446], [-16.436, 19.804444], [-16.436003, 19.804715]], [[-16.436573, 19.804439], [-16.436, 19.804444], [-16.435998, 19.804173], [-16.436571, 19.804168], [-16.436573, 19.804439]], [[-16.44172, 19.803585], [-16.441434, 19.803587], [-16.441429, 19.803045], [-16.441715, 19.803043], [-16.44172, 19.803585]], [[-16.443149, 19.803302], [-16.442863, 19.803304], [-16.442861, 19.803033], [-16.443147, 19.803031], [-16.443149, 19.803302]], [[-16.44229, 19.803309], [-16.442004, 19.803311], [-16.442002, 19.80304], [-16.442288, 19.803038], [-16.44229, 19.803309]], [[-16.437995, 19.803344], [-16.437136, 19.803351], [-16.437134, 19.803079], [-16.436847, 19.803082], [-16.436845, 19.802811], [-16.437131, 19.802808], [-16.437129, 19.802537], [-16.437415, 19.802535], [-16.437413, 19.802264], [-16.437985, 19.80226], [-16.437995, 19.803344]], [[-16.436277, 19.803357], [-16.435991, 19.80336], [-16.435988, 19.803089], [-16.436275, 19.803086], [-16.436277, 19.803357]], [[-16.444292, 19.803022], [-16.444006, 19.803024], [-16.444001, 19.802482], [-16.444287, 19.80248], [-16.444292, 19.803022]], [[-16.442574, 19.803036], [-16.442288, 19.803038], [-16.442283, 19.802496], [-16.441997, 19.802498], [-16.441994, 19.802227], [-16.442281, 19.802225], [-16.442278, 19.801954], [-16.441992, 19.801956], [-16.441989, 19.801685], [-16.441703, 19.801687], [-16.441701, 19.801416], [-16.441987, 19.801414], [-16.441985, 19.801143], [-16.44313, 19.801134], [-16.443132, 19.801405], [-16.443705, 19.8014], [-16.44371, 19.801942], [-16.443424, 19.801945], [-16.443426, 19.802216], [-16.44314, 19.802218], [-16.443137, 19.801947], [-16.442851, 19.801949], [-16.442856, 19.802491], [-16.442569, 19.802494], [-16.442574, 19.803036]], [[-16.436561, 19.803084], [-16.436275, 19.803086], [-16.436272, 19.802815], [-16.435986, 19.802818], [-16.435981, 19.802276], [-16.436554, 19.802271], [-16.436561, 19.803084]], [[-16.44543, 19.802199], [-16.445144, 19.802202], [-16.445142, 19.801931], [-16.445428, 19.801928], [-16.44543, 19.802199]], [[-16.443999, 19.802211], [-16.443712, 19.802213], [-16.44371, 19.801942], [-16.443996, 19.80194], [-16.443999, 19.802211]], [[-16.435406, 19.802009], [-16.43512, 19.802012], [-16.435117, 19.80174], [-16.435403, 19.801738], [-16.435406, 19.802009]], [[-16.444853, 19.801662], [-16.443994, 19.801669], [-16.443986, 19.800856], [-16.444559, 19.800851], [-16.444562, 19.801122], [-16.444848, 19.80112], [-16.444853, 19.801662]], [[-16.43569, 19.801736], [-16.435403, 19.801738], [-16.435401, 19.801467], [-16.435687, 19.801465], [-16.43569, 19.801736]], [[-16.443416, 19.801132], [-16.44313, 19.801134], [-16.443125, 19.800592], [-16.443411, 19.80059], [-16.443416, 19.801132]], [[-16.442555, 19.800867], [-16.441982, 19.800872], [-16.44198, 19.800601], [-16.442266, 19.800599], [-16.442259, 19.799786], [-16.442545, 19.799783], [-16.44255, 19.800325], [-16.443123, 19.800321], [-16.443125, 19.800592], [-16.442552, 19.800596], [-16.442555, 19.800867]], [[-16.441368, 19.796269], [-16.441082, 19.796272], [-16.441079, 19.796001], [-16.441365, 19.795998], [-16.441368, 19.796269]], [[-16.449351, 19.79241], [-16.449065, 19.792413], [-16.449055, 19.791328], [-16.449627, 19.791324], [-16.449623, 19.790782], [-16.449909, 19.790779], [-16.449914, 19.791322], [-16.4502, 19.791319], [-16.450203, 19.79159], [-16.44963, 19.791595], [-16.449635, 19.792137], [-16.449348, 19.792139], [-16.449351, 19.79241]], [[-16.450494, 19.79213], [-16.450207, 19.792132], [-16.450205, 19.791861], [-16.450491, 19.791859], [-16.450494, 19.79213]], [[-16.448174, 19.788896], [-16.447601, 19.788901], [-16.447599, 19.78863], [-16.447885, 19.788628], [-16.447883, 19.788357], [-16.448169, 19.788354], [-16.448174, 19.788896]], [[-16.448166, 19.788083], [-16.447307, 19.78809], [-16.447305, 19.787819], [-16.448164, 19.787812], [-16.448166, 19.788083]], [[-16.449001, 19.785366], [-16.448715, 19.785368], [-16.448712, 19.785097], [-16.448998, 19.785095], [-16.449001, 19.785366]], [[-16.440979, 19.784889], [-16.440693, 19.784891], [-16.44069, 19.78462], [-16.440977, 19.784618], [-16.440979, 19.784889]], [[-16.441263, 19.784615], [-16.440977, 19.784618], [-16.440972, 19.784076], [-16.441258, 19.784073], [-16.441263, 19.784615]], [[-16.438681, 19.784094], [-16.438395, 19.784096], [-16.438393, 19.783825], [-16.438679, 19.783823], [-16.438681, 19.784094]], [[-16.438393, 19.783825], [-16.438106, 19.783828], [-16.438104, 19.783557], [-16.43839, 19.783554], [-16.438393, 19.783825]], [[-16.441535, 19.782987], [-16.441248, 19.782989], [-16.441246, 19.782718], [-16.441532, 19.782716], [-16.441535, 19.782987]], [[-16.452693, 19.782084], [-16.452407, 19.782086], [-16.452405, 19.781815], [-16.452691, 19.781813], [-16.452693, 19.782084]], [[-16.442098, 19.781898], [-16.441811, 19.781901], [-16.441809, 19.78163], [-16.442095, 19.781627], [-16.442098, 19.781898]], [[-16.447821, 19.781581], [-16.447249, 19.781586], [-16.447246, 19.781315], [-16.447819, 19.78131], [-16.447821, 19.781581]], [[-16.441236, 19.781634], [-16.44095, 19.781637], [-16.440947, 19.781366], [-16.441234, 19.781363], [-16.441236, 19.781634]], [[-16.438946, 19.781653], [-16.438659, 19.781655], [-16.438657, 19.781384], [-16.438943, 19.781382], [-16.438946, 19.781653]], [[-16.442093, 19.781356], [-16.441806, 19.781359], [-16.441801, 19.780817], [-16.442088, 19.780814], [-16.442093, 19.781356]], [[-16.440947, 19.781366], [-16.440375, 19.78137], [-16.440363, 19.780015], [-16.440649, 19.780013], [-16.440647, 19.779742], [-16.440933, 19.779739], [-16.440935, 19.78001], [-16.441222, 19.780008], [-16.441214, 19.779195], [-16.441787, 19.77919], [-16.441794, 19.780004], [-16.441508, 19.780006], [-16.44151, 19.780277], [-16.441224, 19.780279], [-16.441226, 19.78055], [-16.44094, 19.780552], [-16.440943, 19.780823], [-16.441229, 19.780821], [-16.441231, 19.781092], [-16.440945, 19.781095], [-16.440947, 19.781366]], [[-16.440086, 19.781101], [-16.4398, 19.781104], [-16.439797, 19.780833], [-16.440084, 19.78083], [-16.440086, 19.781101]], [[-16.438368, 19.781115], [-16.438082, 19.781118], [-16.438077, 19.780576], [-16.438363, 19.780573], [-16.438368, 19.781115]], [[-16.442944, 19.780536], [-16.442658, 19.780539], [-16.442656, 19.780268], [-16.442942, 19.780265], [-16.442944, 19.780536]], [[-16.438931, 19.780027], [-16.438645, 19.780029], [-16.438642, 19.779758], [-16.438929, 19.779756], [-16.438931, 19.780027]], [[-16.442651, 19.779726], [-16.442364, 19.779728], [-16.442362, 19.779457], [-16.442648, 19.779455], [-16.442651, 19.779726]], [[-16.439215, 19.779753], [-16.438929, 19.779756], [-16.438926, 19.779485], [-16.43864, 19.779487], [-16.438638, 19.779216], [-16.438924, 19.779213], [-16.438921, 19.778942], [-16.439208, 19.77894], [-16.43921, 19.779211], [-16.439496, 19.779209], [-16.439499, 19.77948], [-16.439213, 19.779482], [-16.439215, 19.779753]], [[-16.441784, 19.778919], [-16.441212, 19.778924], [-16.441209, 19.778653], [-16.441496, 19.778651], [-16.441493, 19.77838], [-16.44178, 19.778377], [-16.441784, 19.778919]], [[-16.44035, 19.77866], [-16.439778, 19.778665], [-16.439775, 19.778394], [-16.440348, 19.778389], [-16.44035, 19.77866]], [[-16.453804, 19.77828], [-16.453518, 19.778282], [-16.453515, 19.778011], [-16.453229, 19.778014], [-16.453227, 19.777743], [-16.453799, 19.777738], [-16.453804, 19.77828]], [[-16.440632, 19.778116], [-16.440346, 19.778118], [-16.440341, 19.777576], [-16.440627, 19.777574], [-16.440632, 19.778116]], [[-16.439487, 19.778125], [-16.4392, 19.778127], [-16.439188, 19.776772], [-16.439475, 19.77677], [-16.439477, 19.777041], [-16.439763, 19.777038], [-16.439766, 19.777309], [-16.439479, 19.777312], [-16.439482, 19.777583], [-16.439768, 19.77758], [-16.439771, 19.777851], [-16.439484, 19.777854], [-16.439487, 19.778125]], [[-16.459232, 19.776881], [-16.458945, 19.776883], [-16.458943, 19.776612], [-16.459229, 19.77661], [-16.459232, 19.776881]], [[-16.459515, 19.776607], [-16.459229, 19.77661], [-16.459227, 19.776339], [-16.45894, 19.776341], [-16.458935, 19.775799], [-16.458649, 19.775801], [-16.458647, 19.77553], [-16.459506, 19.775523], [-16.459515, 19.776607]], [[-16.440047, 19.776765], [-16.439761, 19.776767], [-16.439756, 19.776225], [-16.440042, 19.776223], [-16.440037, 19.775681], [-16.440324, 19.775679], [-16.440326, 19.77595], [-16.440612, 19.775947], [-16.440617, 19.776489], [-16.440045, 19.776494], [-16.440047, 19.776765]], [[-16.45665, 19.77636], [-16.456364, 19.776362], [-16.456361, 19.776091], [-16.456648, 19.776089], [-16.45665, 19.77636]], [[-16.446331, 19.775088], [-16.446045, 19.77509], [-16.446042, 19.774819], [-16.446329, 19.774817], [-16.446331, 19.775088]], [[-16.456349, 19.774736], [-16.456063, 19.774738], [-16.45606, 19.774467], [-16.456346, 19.774465], [-16.456349, 19.774736]], [[-16.452627, 19.774766], [-16.452341, 19.774768], [-16.452338, 19.774497], [-16.452625, 19.774495], [-16.452627, 19.774766]], [[-16.442316, 19.774307], [-16.442029, 19.77431], [-16.442027, 19.774039], [-16.442313, 19.774036], [-16.442316, 19.774307]], [[-16.447743, 19.772908], [-16.447457, 19.772911], [-16.447454, 19.77264], [-16.44774, 19.772637], [-16.447743, 19.772908]], [[-16.448599, 19.77263], [-16.448313, 19.772633], [-16.448311, 19.772362], [-16.448597, 19.772359], [-16.448599, 19.77263]], [[-16.456613, 19.772294], [-16.456327, 19.772297], [-16.456324, 19.772026], [-16.456611, 19.772023], [-16.456613, 19.772294]], [[-16.456324, 19.772026], [-16.456038, 19.772028], [-16.456036, 19.771757], [-16.455749, 19.771759], [-16.455747, 19.771488], [-16.456319, 19.771484], [-16.456324, 19.772026]], [[-16.453748, 19.772047], [-16.453461, 19.772049], [-16.453456, 19.771507], [-16.453743, 19.771505], [-16.453748, 19.772047]], [[-16.454318, 19.771771], [-16.454032, 19.771773], [-16.454029, 19.771502], [-16.454315, 19.7715], [-16.454318, 19.771771]], [[-16.456312, 19.770671], [-16.455739, 19.770675], [-16.455737, 19.770404], [-16.45631, 19.770399], [-16.456312, 19.770671]], [[-16.451731, 19.770708], [-16.451445, 19.77071], [-16.45144, 19.770168], [-16.451726, 19.770166], [-16.451731, 19.770708]], [[-16.442281, 19.770513], [-16.441995, 19.770515], [-16.441993, 19.770244], [-16.442279, 19.770242], [-16.442281, 19.770513]], [[-16.456021, 19.770131], [-16.455734, 19.770133], [-16.455732, 19.769862], [-16.456018, 19.76986], [-16.456021, 19.770131]], [[-16.44199, 19.769973], [-16.441704, 19.769976], [-16.441702, 19.769705], [-16.441988, 19.769702], [-16.44199, 19.769973]], [[-16.454866, 19.769056], [-16.45458, 19.769058], [-16.454577, 19.768787], [-16.454863, 19.768785], [-16.454866, 19.769056]], [[-16.444843, 19.768866], [-16.443985, 19.768873], [-16.44398, 19.768331], [-16.444552, 19.768326], [-16.444555, 19.768598], [-16.444841, 19.768595], [-16.444843, 19.768866]], [[-16.454288, 19.768519], [-16.454002, 19.768521], [-16.453997, 19.767979], [-16.454283, 19.767977], [-16.454288, 19.768519]], [[-16.45085, 19.768276], [-16.450564, 19.768278], [-16.450562, 19.768007], [-16.450848, 19.768005], [-16.45085, 19.768276]], [[-16.442546, 19.768072], [-16.442259, 19.768074], [-16.442257, 19.767803], [-16.441971, 19.767805], [-16.441968, 19.767534], [-16.442255, 19.767532], [-16.442247, 19.766719], [-16.44282, 19.766714], [-16.442822, 19.766985], [-16.442536, 19.766988], [-16.442541, 19.76753], [-16.442827, 19.767527], [-16.44283, 19.767798], [-16.442543, 19.767801], [-16.442546, 19.768072]], [[-16.45285, 19.767717], [-16.452277, 19.767722], [-16.452272, 19.76718], [-16.452558, 19.767178], [-16.452561, 19.767449], [-16.452847, 19.767446], [-16.45285, 19.767717]], [[-16.456549, 19.765248], [-16.456263, 19.76525], [-16.45626, 19.764979], [-16.456547, 19.764977], [-16.456549, 19.765248]], [[-16.456542, 19.764435], [-16.456255, 19.764437], [-16.456253, 19.764166], [-16.456539, 19.764164], [-16.456542, 19.764435]]]}, "properties": {"layer": "core", "exposure_min": 0.6, "area_ha": 762.21}}, {"type": "Feature", "geometry": {"type": "Polygon", "coordinates": [[[-16.328315, 19.768956], [-16.328313, 19.768685], [-16.329172, 19.768679], [-16.329167, 19.768137], [-16.329454, 19.768135], [-16.329456, 19.768406], [-16.330315, 19.768399], [-16.330317, 19.76867], [-16.331749, 19.76866], [-16.331746, 19.768389], [-16.332033, 19.768386], [-16.33203, 19.768115], [-16.331744, 19.768118], [-16.33174, 19.767576], [-16.332026, 19.767573], [-16.332024, 19.767302], [-16.33231, 19.7673], [-16.332308, 19.767029], [-16.33288, 19.767025], [-16.332885, 19.767567], [-16.333171, 19.767565], [-16.333169, 19.767294], [-16.333455, 19.767292], [-16.333453, 19.767021], [-16.333739, 19.767019], [-16.333735, 19.766476], [-16.334307, 19.766472], [-16.334305, 19.766201], [-16.333732, 19.766205], [-16.333728, 19.765663], [-16.334014, 19.765661], [-16.334012, 19.76539], [-16.334298, 19.765388], [-16.334296, 19.765117], [-16.334869, 19.765113], [-16.334864, 19.764571], [-16.33515, 19.764569], [-16.335148, 19.764297], [-16.334289, 19.764304], [-16.334291, 19.764575], [-16.334005, 19.764577], [-16.333998, 19.763764], [-16.334285, 19.763762], [-16.334282, 19.763491], [-16.334569, 19.763489], [-16.334566, 19.763218], [-16.333994, 19.763222], [-16.333996, 19.763493], [-16.33371, 19.763495], [-16.333705, 19.762953], [-16.333419, 19.762955], [-16.333428, 19.764039], [-16.333142, 19.764041], [-16.333135, 19.763228], [-16.332562, 19.763233], [-16.33256, 19.762962], [-16.332274, 19.762964], [-16.332269, 19.762422], [-16.331983, 19.762424], [-16.331988, 19.762966], [-16.331701, 19.762968], [-16.331704, 19.763239], [-16.331417, 19.763241], [-16.331413, 19.762699], [-16.331699, 19.762697], [-16.331695, 19.762155], [-16.330549, 19.762163], [-16.330552, 19.762434], [-16.330838, 19.762432], [-16.33084, 19.762703], [-16.331126, 19.762701], [-16.331129, 19.762972], [-16.33027, 19.762979], [-16.330268, 19.762708], [-16.329981, 19.76271], [-16.329984, 19.762981], [-16.329697, 19.762983], [-16.329695, 19.762712], [-16.329409, 19.762714], [-16.329411, 19.762985], [-16.329125, 19.762987], [-16.329122, 19.762716], [-16.328264, 19.762722], [-16.328259, 19.76218], [-16.327973, 19.762182], [-16.327971, 19.761911], [-16.327684, 19.761914], [-16.327687, 19.762185], [-16.326828, 19.762191], [-16.32683, 19.762462], [-16.326257, 19.762466], [-16.32626, 19.762737], [-16.325401, 19.762744], [-16.325403, 19.763015], [-16.325117, 19.763017], [-16.325114, 19.762746], [-16.323969, 19.762754], [-16.323967, 19.762483], [-16.323681, 19.762485], [-16.323683, 19.762756], [-16.323397, 19.762758], [-16.323399, 19.76303], [-16.323113, 19.763032], [-16.323119, 19.763845], [-16.323406, 19.763843], [-16.32341, 19.764385], [-16.323696, 19.764383], [-16.323699, 19.764654], [-16.323985, 19.764651], [-16.323989, 19.765194], [-16.325135, 19.765185], [-16.325137, 19.765456], [-16.325423, 19.765454], [-16.325421, 19.765183], [-16.325707, 19.765181], [-16.325705, 19.76491], [-16.325991, 19.764908], [-16.325993, 19.765179], [-16.32628, 19.765177], [-16.326282, 19.765448], [-16.327427, 19.765439], [-16.327425, 19.765168], [-16.327711, 19.765166], [-16.327709, 19.764895], [-16.327995, 19.764893], [-16.328002, 19.765706], [-16.327716, 19.765708], [-16.327718, 19.765979], [-16.327432, 19.765981], [-16.327436, 19.766523], [-16.32715, 19.766525], [-16.327152, 19.766796], [-16.326866, 19.766799], [-16.32687, 19.767341], [-16.326584, 19.767343], [-16.326588, 19.767885], [-16.326875, 19.767883], [-16.326879, 19.768425], [-16.327166, 19.768423], [-16.32717, 19.768965], [-16.328315, 19.768956]], [[-16.333442, 19.765665], [-16.333155, 19.765668], [-16.333153, 19.765397], [-16.333439, 19.765394], [-16.333442, 19.765665]], [[-16.332296, 19.765674], [-16.33201, 19.765676], [-16.332008, 19.765405], [-16.332294, 19.765403], [-16.332296, 19.765674]], [[-16.328861, 19.7657], [-16.328575, 19.765702], [-16.328572, 19.765431], [-16.328286, 19.765433], [-16.328284, 19.765162], [-16.328856, 19.765157], [-16.328861, 19.7657]], [[-16.33258, 19.765401], [-16.332294, 19.765403], [-16.33229, 19.764861], [-16.332576, 19.764859], [-16.332574, 19.764588], [-16.33286, 19.764586], [-16.332864, 19.765128], [-16.332578, 19.76513], [-16.33258, 19.765401]]]}, "properties": {"layer": "core", "exposure_min": 0.6, "area_ha": 54.18}}, {"type": "Feature", "geometry": {"type": "Polygon", "coordinates": [[[-16.333989, 19.76268], [-16.333987, 19.762409], [-16.334273, 19.762407], [-16.334269, 19.761865], [-16.333983, 19.761867], [-16.333985, 19.762138], [-16.333126, 19.762144], [-16.333128, 19.762415], [-16.333701, 19.762411], [-16.333703, 19.762682], [-16.333989, 19.76268]]]}, "properties": {"layer": "core", "exposure_min": 0.6, "area_ha": 0.54}}, {"type": "Feature", "geometry": {"type": "Polygon", "coordinates": [[[-16.443914, 19.761014], [-16.443911, 19.760743], [-16.443625, 19.760745], [-16.44362, 19.760203], [-16.443334, 19.760205], [-16.443336, 19.760476], [-16.44305, 19.760478], [-16.443055, 19.76102], [-16.443914, 19.761014]]]}, "properties": {"layer": "core", "exposure_min": 0.6, "area_ha": 0.54}}, {"type": "Feature", "geometry": {"type": "Polygon", "coordinates": [[[-16.450246, 19.764757], [-16.450241, 19.764215], [-16.450527, 19.764213], [-16.450522, 19.763671], [-16.451095, 19.763666], [-16.451097, 19.763937], [-16.451384, 19.763935], [-16.451381, 19.763664], [-16.451668, 19.763661], [-16.45167, 19.763932], [-16.452243, 19.763928], [-16.452235, 19.763115], [-16.451949, 19.763117], [-16.451947, 19.762846], [-16.452233, 19.762844], [-16.45223, 19.762572], [-16.451944, 19.762575], [-16.451942, 19.762304], [-16.452514, 19.762299], [-16.452517, 19.76257], [-16.452803, 19.762568], [-16.452805, 19.762839], [-16.453092, 19.762837], [-16.453084, 19.762023], [-16.452798, 19.762026], [-16.452796, 19.761755], [-16.452509, 19.761757], [-16.452504, 19.761215], [-16.452218, 19.761217], [-16.452208, 19.760133], [-16.451063, 19.760143], [-16.451061, 19.759872], [-16.450488, 19.759876], [-16.450486, 19.759605], [-16.449913, 19.75961], [-16.449916, 19.759881], [-16.449629, 19.759883], [-16.449632, 19.760154], [-16.449346, 19.760157], [-16.449348, 19.760428], [-16.449634, 19.760425], [-16.449637, 19.760696], [-16.44935, 19.760699], [-16.449355, 19.761241], [-16.449069, 19.761243], [-16.449076, 19.762056], [-16.449363, 19.762054], [-16.44937, 19.762867], [-16.449084, 19.762869], [-16.449086, 19.76314], [-16.449945, 19.763133], [-16.449947, 19.763404], [-16.449661, 19.763406], [-16.449669, 19.76422], [-16.449955, 19.764217], [-16.44996, 19.764759], [-16.450246, 19.764757]], [[-16.450231, 19.763131], [-16.449945, 19.763133], [-16.449943, 19.762862], [-16.450229, 19.76286], [-16.450231, 19.763131]]]}, "properties": {"layer": "core", "exposure_min": 0.6, "area_ha": 13.95}}, {"type": "Feature", "geometry": {"type": "Polygon", "coordinates": [[[-16.335141, 19.763484], [-16.335137, 19.762942], [-16.335423, 19.76294], [-16.335421, 19.762669], [-16.335993, 19.762665], [-16.335987, 19.761852], [-16.336273, 19.76185], [-16.336268, 19.761308], [-16.336841, 19.761303], [-16.336843, 19.761574], [-16.336557, 19.761576], [-16.336568, 19.762932], [-16.337141, 19.762927], [-16.337139, 19.762656], [-16.336852, 19.762658], [-16.336848, 19.762116], [-16.337134, 19.762114], [-16.337123, 19.760759], [-16.337409, 19.760757], [-16.337407, 19.760486], [-16.336834, 19.76049], [-16.336836, 19.760761], [-16.33655, 19.760763], [-16.336552, 19.761034], [-16.335407, 19.761043], [-16.335412, 19.761585], [-16.335125, 19.761587], [-16.335128, 19.761858], [-16.334555, 19.761862], [-16.334562, 19.762676], [-16.334276, 19.762678], [-16.334278, 19.762949], [-16.33485, 19.762944], [-16.334855, 19.763487], [-16.335141, 19.763484]]]}, "properties": {"layer": "core", "exposure_min": 0.6, "area_ha": 4.23}}, {"type": "Feature", "geometry": {"type": "Polygon", "coordinates": [[[-16.342564, 19.760989], [-16.342562, 19.760718], [-16.342848, 19.760716], [-16.342844, 19.760174], [-16.342271, 19.760178], [-16.342274, 19.760449], [-16.341987, 19.760452], [-16.34199, 19.760723], [-16.342276, 19.760721], [-16.342278, 19.760992], [-16.342564, 19.760989]]]}, "properties": {"layer": "core", "exposure_min": 0.6, "area_ha": 0.54}}, {"type": "Feature", "geometry": {"type": "Polygon", "coordinates": [[[-16.340874, 19.764255], [-16.340867, 19.763442], [-16.341153, 19.763439], [-16.341151, 19.763168], [-16.341437, 19.763166], [-16.341435, 19.762895], [-16.341721, 19.762893], [-16.341724, 19.763164], [-16.342869, 19.763156], [-16.342867, 19.762884], [-16.34258, 19.762887], [-16.342578, 19.762616], [-16.342292, 19.762618], [-16.342287, 19.762076], [-16.342001, 19.762078], [-16.341999, 19.761807], [-16.341426, 19.761811], [-16.341422, 19.761269], [-16.341135, 19.761271], [-16.341133, 19.761], [-16.340847, 19.761002], [-16.340835, 19.759647], [-16.340549, 19.759649], [-16.340554, 19.760191], [-16.339981, 19.760196], [-16.339977, 19.759654], [-16.33969, 19.759656], [-16.339692, 19.759927], [-16.339406, 19.759929], [-16.339411, 19.760471], [-16.339124, 19.760473], [-16.33914, 19.76237], [-16.339427, 19.762368], [-16.339433, 19.763181], [-16.340006, 19.763177], [-16.340008, 19.763448], [-16.339722, 19.76345], [-16.339724, 19.763721], [-16.340297, 19.763717], [-16.340299, 19.763988], [-16.340585, 19.763986], [-16.340588, 19.764257], [-16.340874, 19.764255]]]}, "properties": {"layer": "core", "exposure_min": 0.6, "area_ha": 9.81}}, {"type": "Feature", "geometry": {"type": "Polygon", "coordinates": [[[-16.436211, 19.764057], [-16.436209, 19.763786], [-16.436781, 19.763781], [-16.436769, 19.762426], [-16.437055, 19.762424], [-16.437051, 19.761882], [-16.437337, 19.76188], [-16.437325, 19.760525], [-16.437611, 19.760522], [-16.437594, 19.758625], [-16.437308, 19.758627], [-16.43731, 19.758898], [-16.436738, 19.758903], [-16.43674, 19.759174], [-16.436454, 19.759176], [-16.436456, 19.759447], [-16.435884, 19.759452], [-16.435898, 19.761078], [-16.435612, 19.76108], [-16.435614, 19.761351], [-16.435328, 19.761354], [-16.435333, 19.761896], [-16.435047, 19.761898], [-16.435049, 19.762169], [-16.434763, 19.762171], [-16.434765, 19.762442], [-16.435051, 19.76244], [-16.435054, 19.762711], [-16.434768, 19.762713], [-16.434772, 19.763255], [-16.435059, 19.763253], [-16.435061, 19.763524], [-16.435347, 19.763522], [-16.43535, 19.763793], [-16.435922, 19.763788], [-16.435925, 19.764059], [-16.436211, 19.764057]]]}, "properties": {"layer": "core", "exposure_min": 0.6, "area_ha": 9.81}}, {"type": "Feature", "geometry": {"type": "Polygon", "coordinates": [[[-16.453361, 19.760937], [-16.453358, 19.760666], [-16.453072, 19.760668], [-16.453067, 19.760126], [-16.453353, 19.760124], [-16.453351, 19.759853], [-16.453065, 19.759855], [-16.453052, 19.7585], [-16.452766, 19.758503], [-16.452764, 19.758232], [-16.452191, 19.758236], [-16.452201, 19.75932], [-16.452773, 19.759316], [-16.452778, 19.759858], [-16.452206, 19.759862], [-16.452208, 19.760133], [-16.452781, 19.760129], [-16.452788, 19.760942], [-16.453361, 19.760937]]]}, "properties": {"layer": "core", "exposure_min": 0.6, "area_ha": 1.89}}, {"type": "Feature", "geometry": {"type": "Polygon", "coordinates": [[[-16.496281, 19.758415], [-16.496275, 19.757873], [-16.497134, 19.757866], [-16.497129, 19.757324], [-16.496557, 19.757329], [-16.496559, 19.7576], [-16.496273, 19.757602], [-16.49627, 19.757331], [-16.495984, 19.757333], [-16.495987, 19.757604], [-16.4957, 19.757607], [-16.495708, 19.75842], [-16.496281, 19.758415]]]}, "properties": {"layer": "core", "exposure_min": 0.6, "area_ha": 1.08}}, {"type": "Feature", "geometry": {"type": "Polygon", "coordinates": [[[-16.351446, 19.761736], [-16.351416, 19.758212], [-16.35113, 19.758214], [-16.35116, 19.761738], [-16.351446, 19.761736]]]}, "properties": {"layer": "core", "exposure_min": 0.6, "area_ha": 1.17}}, {"type": "Feature", "geometry": {"type": "Polygon", "coordinates": [[[-16.435027, 19.75973], [-16.435017, 19.758646], [-16.435304, 19.758643], [-16.435301, 19.758372], [-16.435588, 19.75837], [-16.435583, 19.757828], [-16.435869, 19.757826], [-16.435862, 19.757013], [-16.436148, 19.75701], [-16.436146, 19.756739], [-16.435287, 19.756746], [-16.435289, 19.757017], [-16.435003, 19.75702], [-16.435008, 19.757562], [-16.434149, 19.757569], [-16.434151, 19.75784], [-16.433579, 19.757844], [-16.433581, 19.758115], [-16.433295, 19.758117], [-16.4333, 19.758659], [-16.433014, 19.758662], [-16.433016, 19.758933], [-16.433302, 19.758931], [-16.433305, 19.759202], [-16.433591, 19.759199], [-16.433593, 19.75947], [-16.434166, 19.759466], [-16.434168, 19.759737], [-16.434455, 19.759734], [-16.434452, 19.759463], [-16.434738, 19.759461], [-16.434741, 19.759732], [-16.435027, 19.75973]]]}, "properties": {"layer": "core", "exposure_min": 0.6, "area_ha": 5.13}}, {"type": "Feature", "geometry": {"type": "Polygon", "coordinates": [[[-16.442458, 19.758315], [-16.442456, 19.758044], [-16.443028, 19.758039], [-16.443026, 19.757768], [-16.443312, 19.757766], [-16.44331, 19.757495], [-16.443596, 19.757493], [-16.443598, 19.757764], [-16.444457, 19.757757], [-16.444455, 19.757486], [-16.444741, 19.757483], [-16.444729, 19.756128], [-16.444442, 19.756131], [-16.444445, 19.756402], [-16.444159, 19.756404], [-16.444161, 19.756675], [-16.443016, 19.756684], [-16.443018, 19.756955], [-16.442732, 19.756957], [-16.442737, 19.757499], [-16.442451, 19.757502], [-16.442453, 19.757773], [-16.441881, 19.757777], [-16.441883, 19.758048], [-16.442169, 19.758046], [-16.442172, 19.758317], [-16.442458, 19.758315]], [[-16.443882, 19.75749], [-16.443596, 19.757493], [-16.443593, 19.757222], [-16.44388, 19.757219], [-16.443882, 19.75749]], [[-16.444166, 19.757217], [-16.44388, 19.757219], [-16.443877, 19.756948], [-16.444163, 19.756946], [-16.444166, 19.757217]]]}, "properties": {"layer": "core", "exposure_min": 0.6, "area_ha": 2.88}}, {"type": "Feature", "geometry": {"type": "Polygon", "coordinates": [[[-16.346827, 19.757163], [-16.346824, 19.756892], [-16.346252, 19.756896], [-16.346243, 19.755812], [-16.345957, 19.755814], [-16.345961, 19.756356], [-16.345675, 19.756358], [-16.345679, 19.7569], [-16.345393, 19.756902], [-16.345395, 19.757173], [-16.346827, 19.757163]]]}, "properties": {"layer": "core", "exposure_min": 0.6, "area_ha": 0.99}}, {"type": "Feature", "geometry": {"type": "Polygon", "coordinates": [[[-16.27562, 19.767442], [-16.275618, 19.767171], [-16.275905, 19.767169], [-16.275898, 19.766356], [-16.276184, 19.766354], [-16.276187, 19.766625], [-16.276759, 19.766621], [-16.276755, 19.766079], [-16.277327, 19.766075], [-16.277325, 19.765804], [-16.278184, 19.765798], [-16.278182, 19.765527], [-16.278468, 19.765525], [-16.278466, 19.765254], [-16.278752, 19.765252], [-16.278748, 19.764709], [-16.279034, 19.764707], [-16.27903, 19.764165], [-16.279316, 19.764163], [-16.279314, 19.763892], [-16.279601, 19.76389], [-16.279598, 19.763619], [-16.279885, 19.763617], [-16.279878, 19.762804], [-16.279592, 19.762806], [-16.279583, 19.761722], [-16.27987, 19.76172], [-16.279863, 19.760907], [-16.280436, 19.760903], [-16.280431, 19.760361], [-16.280718, 19.760358], [-16.280711, 19.759545], [-16.280997, 19.759543], [-16.280995, 19.759272], [-16.281281, 19.75927], [-16.281279, 19.758999], [-16.280993, 19.759001], [-16.280991, 19.75873], [-16.281277, 19.758728], [-16.281275, 19.758457], [-16.280702, 19.758461], [-16.280689, 19.756835], [-16.280403, 19.756837], [-16.280401, 19.756566], [-16.280115, 19.756568], [-16.280113, 19.756297], [-16.279826, 19.756299], [-16.279822, 19.755757], [-16.279249, 19.755761], [-16.279252, 19.756032], [-16.278679, 19.756036], [-16.278688, 19.75712], [-16.278401, 19.757122], [-16.278403, 19.757393], [-16.278117, 19.757395], [-16.278113, 19.756853], [-16.277827, 19.756855], [-16.277829, 19.757126], [-16.277542, 19.757128], [-16.277547, 19.757671], [-16.276688, 19.757677], [-16.276686, 19.757406], [-16.276399, 19.757408], [-16.276404, 19.75795], [-16.276118, 19.757952], [-16.276122, 19.758494], [-16.275836, 19.758496], [-16.275844, 19.75958], [-16.275558, 19.759582], [-16.27556, 19.759853], [-16.275274, 19.759855], [-16.275276, 19.760126], [-16.27499, 19.760128], [-16.274983, 19.759315], [-16.274411, 19.759319], [-16.274406, 19.758777], [-16.27412, 19.758779], [-16.274122, 19.75905], [-16.273836, 19.759052], [-16.27384, 19.759594], [-16.273554, 19.759596], [-16.273556, 19.759867], [-16.27327, 19.759869], [-16.273272, 19.760141], [-16.272986, 19.760143], [-16.27299, 19.760685], [-16.272704, 19.760687], [-16.272708, 19.761229], [-16.272422, 19.761231], [-16.272426, 19.761773], [-16.27214, 19.761775], [-16.272142, 19.762046], [-16.271855, 19.762048], [-16.271858, 19.762319], [-16.271571, 19.762321], [-16.271573, 19.762592], [-16.271287, 19.762594], [-16.271291, 19.763136], [-16.271005, 19.763138], [-16.271018, 19.764765], [-16.271304, 19.764762], [-16.271306, 19.765034], [-16.271593, 19.765031], [-16.271588, 19.764489], [-16.271875, 19.764487], [-16.271877, 19.764758], [-16.272163, 19.764756], [-16.272165, 19.765027], [-16.272452, 19.765025], [-16.272447, 19.764483], [-16.272734, 19.764481], [-16.272729, 19.763939], [-16.273016, 19.763937], [-16.273011, 19.763395], [-16.273298, 19.763393], [-16.273293, 19.762851], [-16.27358, 19.762849], [-16.273573, 19.762036], [-16.27386, 19.762034], [-16.273855, 19.761492], [-16.273569, 19.761494], [-16.273565, 19.760952], [-16.273851, 19.76095], [-16.273847, 19.760407], [-16.274133, 19.760405], [-16.274129, 19.759863], [-16.274415, 19.759861], [-16.274413, 19.75959], [-16.274699, 19.759588], [-16.274708, 19.760672], [-16.274994, 19.76067], [-16.274998, 19.761212], [-16.274712, 19.761215], [-16.274723, 19.76257], [-16.275009, 19.762568], [-16.275011, 19.762839], [-16.275297, 19.762837], [-16.275293, 19.762295], [-16.275579, 19.762293], [-16.275577, 19.762022], [-16.27615, 19.762017], [-16.276156, 19.762831], [-16.27587, 19.762833], [-16.275872, 19.763104], [-16.275586, 19.763106], [-16.275588, 19.763377], [-16.275015, 19.763381], [-16.275018, 19.763652], [-16.274731, 19.763654], [-16.274738, 19.764467], [-16.274451, 19.764469], [-16.274458, 19.765282], [-16.274744, 19.76528], [-16.274751, 19.766093], [-16.275037, 19.766091], [-16.275043, 19.766904], [-16.274757, 19.766906], [-16.274761, 19.767448], [-16.27562, 19.767442]], [[-16.27903, 19.764165], [-16.278744, 19.764167], [-16.278742, 19.763896], [-16.279028, 19.763894], [-16.27903, 19.764165]], [[-16.271586, 19.764218], [-16.2713, 19.76422], [-16.271296, 19.763678], [-16.271582, 19.763676], [-16.271586, 19.764218]], [[-16.279596, 19.763348], [-16.27931, 19.76335], [-16.279306, 19.762808], [-16.279592, 19.762806], [-16.279596, 19.763348]], [[-16.276725, 19.762284], [-16.276438, 19.762286], [-16.276436, 19.762015], [-16.276722, 19.762013], [-16.276725, 19.762284]], [[-16.275293, 19.762295], [-16.275007, 19.762297], [-16.275005, 19.762026], [-16.275291, 19.762024], [-16.275293, 19.762295]], [[-16.275573, 19.761479], [-16.275287, 19.761481], [-16.275285, 19.76121], [-16.275571, 19.761208], [-16.275573, 19.761479]], [[-16.276716, 19.7612], [-16.27643, 19.761202], [-16.276428, 19.760931], [-16.276141, 19.760933], [-16.276139, 19.760662], [-16.275853, 19.760664], [-16.275851, 19.760393], [-16.276137, 19.760391], [-16.276135, 19.76012], [-16.276421, 19.760118], [-16.27641, 19.758763], [-16.276697, 19.758761], [-16.276701, 19.759303], [-16.276987, 19.759301], [-16.276989, 19.759572], [-16.277276, 19.75957], [-16.277282, 19.760383], [-16.276996, 19.760385], [-16.276998, 19.760656], [-16.276712, 19.760658], [-16.276716, 19.7612]], [[-16.27528, 19.760668], [-16.274994, 19.76067], [-16.274992, 19.760399], [-16.275278, 19.760397], [-16.27528, 19.760668]], [[-16.278421, 19.759562], [-16.277562, 19.759568], [-16.277555, 19.758755], [-16.277269, 19.758757], [-16.277265, 19.758215], [-16.277551, 19.758213], [-16.277553, 19.758484], [-16.278698, 19.758476], [-16.278701, 19.758747], [-16.278414, 19.758749], [-16.278421, 19.759562]], [[-16.277837, 19.758211], [-16.277551, 19.758213], [-16.277549, 19.757942], [-16.277835, 19.75794], [-16.277837, 19.758211]], [[-16.278122, 19.757938], [-16.277835, 19.75794], [-16.277833, 19.757669], [-16.278119, 19.757666], [-16.278122, 19.757938]]]}, "properties": {"layer": "core", "exposure_min": 0.6, "area_ha": 57.33}}, {"type": "Feature", "geometry": {"type": "Polygon", "coordinates": [[[-16.45246, 19.756337], [-16.452455, 19.755795], [-16.452169, 19.755797], [-16.452164, 19.755255], [-16.451878, 19.755257], [-16.451875, 19.754986], [-16.451589, 19.754989], [-16.451584, 19.754447], [-16.451012, 19.754451], [-16.451019, 19.755264], [-16.451305, 19.755262], [-16.451308, 19.755533], [-16.451594, 19.755531], [-16.451599, 19.756073], [-16.452171, 19.756068], [-16.452174, 19.756339], [-16.45246, 19.756337]]]}, "properties": {"layer": "core", "exposure_min": 0.6, "area_ha": 1.44}}, {"type": "Feature", "geometry": {"type": "Polygon", "coordinates": [[[-16.343766, 19.767757], [-16.343764, 19.767486], [-16.34405, 19.767483], [-16.344048, 19.767212], [-16.344334, 19.76721], [-16.344332, 19.766939], [-16.344618, 19.766937], [-16.344616, 19.766666], [-16.344902, 19.766664], [-16.3449, 19.766393], [-16.345473, 19.766389], [-16.345475, 19.76666], [-16.345761, 19.766657], [-16.345759, 19.766386], [-16.346045, 19.766384], [-16.346048, 19.766655], [-16.346906, 19.766649], [-16.346904, 19.766378], [-16.347477, 19.766373], [-16.347474, 19.766102], [-16.347761, 19.7661], [-16.347756, 19.765558], [-16.348042, 19.765556], [-16.348036, 19.764743], [-16.348322, 19.764741], [-16.348315, 19.763928], [-16.348601, 19.763926], [-16.348597, 19.763384], [-16.348883, 19.763381], [-16.348876, 19.762568], [-16.349163, 19.762566], [-16.349153, 19.761482], [-16.34944, 19.76148], [-16.349433, 19.760667], [-16.349719, 19.760665], [-16.349708, 19.759309], [-16.349994, 19.759307], [-16.349989, 19.758765], [-16.350276, 19.758763], [-16.350271, 19.758221], [-16.350557, 19.758219], [-16.350555, 19.757948], [-16.351414, 19.757941], [-16.351409, 19.757399], [-16.352268, 19.757393], [-16.352266, 19.757122], [-16.35198, 19.757124], [-16.351977, 19.756853], [-16.352264, 19.756851], [-16.352261, 19.75658], [-16.352548, 19.756577], [-16.352536, 19.755222], [-16.35225, 19.755224], [-16.352255, 19.755767], [-16.351968, 19.755769], [-16.351971, 19.75604], [-16.351684, 19.756042], [-16.351687, 19.756313], [-16.3514, 19.756315], [-16.351403, 19.756586], [-16.351116, 19.756588], [-16.351119, 19.756859], [-16.350832, 19.756861], [-16.350835, 19.757132], [-16.350548, 19.757135], [-16.350551, 19.757406], [-16.350264, 19.757408], [-16.350267, 19.757679], [-16.34998, 19.757681], [-16.349983, 19.757952], [-16.349696, 19.757954], [-16.349699, 19.758225], [-16.349412, 19.758227], [-16.349419, 19.759041], [-16.349133, 19.759043], [-16.349135, 19.759314], [-16.348849, 19.759316], [-16.348853, 19.759858], [-16.348567, 19.75986], [-16.348572, 19.760402], [-16.348285, 19.760404], [-16.348288, 19.760675], [-16.348001, 19.760677], [-16.348004, 19.760949], [-16.347431, 19.760953], [-16.347433, 19.761224], [-16.346575, 19.76123], [-16.34657, 19.760688], [-16.346856, 19.760686], [-16.346854, 19.760415], [-16.34714, 19.760413], [-16.347136, 19.759871], [-16.347422, 19.759869], [-16.347415, 19.759056], [-16.347129, 19.759058], [-16.347127, 19.758787], [-16.34684, 19.758789], [-16.346843, 19.75906], [-16.345984, 19.759066], [-16.345986, 19.759337], [-16.3457, 19.75934], [-16.345704, 19.759882], [-16.345418, 19.759884], [-16.345414, 19.759342], [-16.344268, 19.75935], [-16.344271, 19.759621], [-16.343984, 19.759624], [-16.343987, 19.759895], [-16.344273, 19.759892], [-16.344278, 19.760434], [-16.343705, 19.760439], [-16.343707, 19.76071], [-16.343421, 19.760712], [-16.343423, 19.760983], [-16.34371, 19.760981], [-16.343714, 19.761523], [-16.344, 19.761521], [-16.343998, 19.76125], [-16.345143, 19.761241], [-16.345141, 19.76097], [-16.345427, 19.760968], [-16.345429, 19.761239], [-16.345716, 19.761237], [-16.345718, 19.761508], [-16.345432, 19.76151], [-16.345436, 19.762052], [-16.34515, 19.762054], [-16.345152, 19.762325], [-16.344866, 19.762327], [-16.344864, 19.762056], [-16.344577, 19.762058], [-16.34458, 19.76233], [-16.344293, 19.762332], [-16.344296, 19.762603], [-16.343723, 19.762607], [-16.343725, 19.762878], [-16.343439, 19.76288], [-16.343441, 19.763151], [-16.3443, 19.763145], [-16.344303, 19.763416], [-16.344589, 19.763414], [-16.344593, 19.763956], [-16.342589, 19.763971], [-16.342587, 19.7637], [-16.341728, 19.763706], [-16.341726, 19.763435], [-16.34144, 19.763437], [-16.341442, 19.763708], [-16.341156, 19.76371], [-16.34116, 19.764253], [-16.341446, 19.76425], [-16.341449, 19.764521], [-16.341735, 19.764519], [-16.34174, 19.765061], [-16.342026, 19.765059], [-16.342028, 19.76533], [-16.342314, 19.765328], [-16.342317, 19.765599], [-16.342603, 19.765597], [-16.342605, 19.765868], [-16.342892, 19.765866], [-16.342889, 19.765595], [-16.343176, 19.765593], [-16.343185, 19.766677], [-16.343471, 19.766675], [-16.343473, 19.766946], [-16.343759, 19.766944], [-16.343762, 19.767215], [-16.343475, 19.767217], [-16.34348, 19.767759], [-16.343766, 19.767757]], [[-16.346904, 19.766378], [-16.346332, 19.766382], [-16.346329, 19.766111], [-16.346616, 19.766109], [-16.346611, 19.765567], [-16.346897, 19.765565], [-16.346895, 19.765294], [-16.347181, 19.765292], [-16.347186, 19.765834], [-16.3469, 19.765836], [-16.346904, 19.766378]], [[-16.345159, 19.763138], [-16.344873, 19.76314], [-16.344868, 19.762598], [-16.345441, 19.762594], [-16.345443, 19.762865], [-16.345157, 19.762867], [-16.345159, 19.763138]], [[-16.3463, 19.762588], [-16.346013, 19.76259], [-16.346011, 19.762319], [-16.346297, 19.762317], [-16.3463, 19.762588]]]}, "properties": {"layer": "core", "exposure_min": 0.6, "area_ha": 45.72}}, {"type": "Feature", "geometry": {"type": "Polygon", "coordinates": [[[-16.345386, 19.756089], [-16.345384, 19.755818], [-16.345957, 19.755814], [-16.345952, 19.755272], [-16.345093, 19.755278], [-16.3451, 19.756091], [-16.345386, 19.756089]]]}, "properties": {"layer": "core", "exposure_min": 0.6, "area_ha": 0.63}}, {"type": "Feature", "geometry": {"type": "Polygon", "coordinates": [[[-16.445284, 19.754226], [-16.445279, 19.753684], [-16.445565, 19.753682], [-16.445563, 19.753411], [-16.445849, 19.753409], [-16.445844, 19.752867], [-16.444986, 19.752874], [-16.444988, 19.753145], [-16.444702, 19.753147], [-16.444704, 19.753418], [-16.444418, 19.75342], [-16.44442, 19.753691], [-16.444134, 19.753694], [-16.444139, 19.754236], [-16.445284, 19.754226]]]}, "properties": {"layer": "core", "exposure_min": 0.6, "area_ha": 1.71}}, {"type": "Feature", "geometry": {"type": "Polygon", "coordinates": [[[-16.325336, 19.754884], [-16.325334, 19.754613], [-16.325906, 19.754608], [-16.325904, 19.754337], [-16.326476, 19.754333], [-16.326474, 19.754062], [-16.32676, 19.75406], [-16.326758, 19.753789], [-16.326472, 19.753791], [-16.32647, 19.75352], [-16.326183, 19.753522], [-16.326186, 19.753793], [-16.325327, 19.753799], [-16.325329, 19.754071], [-16.324757, 19.754075], [-16.324759, 19.754346], [-16.324186, 19.75435], [-16.324191, 19.754892], [-16.325336, 19.754884]]]}, "properties": {"layer": "core", "exposure_min": 0.6, "area_ha": 1.98}}, {"type": "Feature", "geometry": {"type": "Polygon", "coordinates": [[[-16.294127, 19.75457], [-16.294123, 19.754028], [-16.294982, 19.754022], [-16.294977, 19.753479], [-16.293832, 19.753488], [-16.293834, 19.753759], [-16.293548, 19.753761], [-16.29355, 19.754032], [-16.293264, 19.754034], [-16.293266, 19.754305], [-16.293552, 19.754303], [-16.293555, 19.754574], [-16.294127, 19.75457]]]}, "properties": {"layer": "core", "exposure_min": 0.6, "area_ha": 1.26}}, {"type": "Feature", "geometry": {"type": "Polygon", "coordinates": [[[-16.477335, 19.752881], [-16.477332, 19.75261], [-16.477619, 19.752607], [-16.477616, 19.752336], [-16.477044, 19.752341], [-16.477041, 19.75207], [-16.476755, 19.752072], [-16.476757, 19.752343], [-16.476471, 19.752346], [-16.476469, 19.752075], [-16.475324, 19.752084], [-16.475321, 19.751813], [-16.474462, 19.75182], [-16.474467, 19.752362], [-16.475612, 19.752353], [-16.475615, 19.752624], [-16.476474, 19.752617], [-16.476476, 19.752888], [-16.477335, 19.752881]]]}, "properties": {"layer": "core", "exposure_min": 0.6, "area_ha": 1.89}}, {"type": "Feature", "geometry": {"type": "Polygon", "coordinates": [[[-16.275543, 19.757685], [-16.275538, 19.757143], [-16.275825, 19.757141], [-16.275823, 19.75687], [-16.276109, 19.756868], [-16.276107, 19.756597], [-16.276393, 19.756595], [-16.276391, 19.756324], [-16.276677, 19.756321], [-16.276673, 19.755779], [-16.277532, 19.755773], [-16.277521, 19.754418], [-16.278093, 19.754414], [-16.278091, 19.754143], [-16.278378, 19.754141], [-16.278373, 19.753599], [-16.27866, 19.753597], [-16.278657, 19.753326], [-16.278085, 19.75333], [-16.278083, 19.753059], [-16.277796, 19.753061], [-16.277801, 19.753603], [-16.277514, 19.753605], [-16.277519, 19.754147], [-16.277232, 19.754149], [-16.277237, 19.754691], [-16.27695, 19.754693], [-16.276955, 19.755235], [-16.276669, 19.755237], [-16.276671, 19.755508], [-16.276384, 19.75551], [-16.276389, 19.756052], [-16.276102, 19.756055], [-16.276105, 19.756326], [-16.275818, 19.756328], [-16.27582, 19.756599], [-16.275534, 19.756601], [-16.275536, 19.756872], [-16.27525, 19.756874], [-16.275252, 19.757145], [-16.274966, 19.757147], [-16.274968, 19.757418], [-16.275254, 19.757416], [-16.275257, 19.757687], [-16.275543, 19.757685]]]}, "properties": {"layer": "core", "exposure_min": 0.6, "area_ha": 3.33}}, {"type": "Feature", "geometry": {"type": "Polygon", "coordinates": [[[-16.353384, 19.753861], [-16.353381, 19.75359], [-16.353668, 19.753587], [-16.353663, 19.753045], [-16.353949, 19.753043], [-16.353943, 19.75223], [-16.353656, 19.752232], [-16.353661, 19.752774], [-16.353375, 19.752777], [-16.353379, 19.753319], [-16.353093, 19.753321], [-16.353097, 19.753863], [-16.353384, 19.753861]]]}, "properties": {"layer": "core", "exposure_min": 0.6, "area_ha": 0.72}}, {"type": "Feature", "geometry": {"type": "Polygon", "coordinates": [[[-16.340815, 19.757208], [-16.340813, 19.756937], [-16.341099, 19.756935], [-16.341097, 19.756664], [-16.341383, 19.756661], [-16.341378, 19.756119], [-16.341092, 19.756122], [-16.34109, 19.755851], [-16.341376, 19.755848], [-16.341374, 19.755577], [-16.34166, 19.755575], [-16.341644, 19.753678], [-16.341358, 19.75368], [-16.341356, 19.753409], [-16.341642, 19.753407], [-16.34164, 19.753136], [-16.341926, 19.753134], [-16.341924, 19.752863], [-16.34221, 19.752861], [-16.342208, 19.75259], [-16.342494, 19.752587], [-16.342492, 19.752316], [-16.341919, 19.752321], [-16.341922, 19.752592], [-16.341349, 19.752596], [-16.341351, 19.752867], [-16.340779, 19.752871], [-16.340781, 19.753142], [-16.340208, 19.753147], [-16.340211, 19.753418], [-16.339638, 19.753422], [-16.33964, 19.753693], [-16.339068, 19.753697], [-16.33907, 19.753968], [-16.33678, 19.753985], [-16.336782, 19.754256], [-16.338214, 19.754246], [-16.338216, 19.754517], [-16.337357, 19.754523], [-16.337359, 19.754794], [-16.337073, 19.754796], [-16.337078, 19.755338], [-16.33765, 19.755334], [-16.337652, 19.755605], [-16.33708, 19.755609], [-16.337082, 19.75588], [-16.337368, 19.755878], [-16.337371, 19.756149], [-16.338229, 19.756143], [-16.338227, 19.755872], [-16.339372, 19.755863], [-16.339375, 19.756134], [-16.339661, 19.756132], [-16.339663, 19.756403], [-16.339949, 19.756401], [-16.339954, 19.756943], [-16.34024, 19.756941], [-16.340242, 19.757212], [-16.340815, 19.757208]], [[-16.339081, 19.755323], [-16.338795, 19.755326], [-16.338793, 19.755055], [-16.33822, 19.755059], [-16.338216, 19.754517], [-16.339647, 19.754506], [-16.339649, 19.754777], [-16.340795, 19.754769], [-16.340797, 19.75504], [-16.339079, 19.755052], [-16.339081, 19.755323]], [[-16.341367, 19.754764], [-16.341081, 19.754766], [-16.341076, 19.754224], [-16.341363, 19.754222], [-16.341367, 19.754764]], [[-16.34022, 19.754502], [-16.339647, 19.754506], [-16.339645, 19.754235], [-16.340218, 19.754231], [-16.34022, 19.754502]], [[-16.340504, 19.754229], [-16.340218, 19.754231], [-16.340213, 19.753689], [-16.340499, 19.753687], [-16.340497, 19.753415], [-16.34107, 19.753411], [-16.341072, 19.753682], [-16.340786, 19.753684], [-16.340788, 19.753955], [-16.340502, 19.753958], [-16.340504, 19.754229]]]}, "properties": {"layer": "core", "exposure_min": 0.6, "area_ha": 12.24}}, {"type": "Feature", "geometry": {"type": "Polygon", "coordinates": [[[-16.444418, 19.75342], [-16.444408, 19.752336], [-16.444694, 19.752334], [-16.44469, 19.751792], [-16.444976, 19.75179], [-16.444973, 19.751519], [-16.444687, 19.751521], [-16.444682, 19.750979], [-16.444396, 19.750981], [-16.444398, 19.751252], [-16.443826, 19.751257], [-16.443821, 19.750715], [-16.443535, 19.750717], [-16.443537, 19.750988], [-16.443251, 19.75099], [-16.443253, 19.751261], [-16.44354, 19.751259], [-16.443542, 19.75153], [-16.443256, 19.751532], [-16.443258, 19.751803], [-16.443545, 19.751801], [-16.443547, 19.752072], [-16.443833, 19.75207], [-16.443838, 19.752612], [-16.443552, 19.752614], [-16.443554, 19.752885], [-16.444127, 19.752881], [-16.444132, 19.753423], [-16.444418, 19.75342]]]}, "properties": {"layer": "core", "exposure_min": 0.6, "area_ha": 2.52}}, {"type": "Feature", "geometry": {"type": "Polygon", "coordinates": [[[-16.446972, 19.75096], [-16.44697, 19.750689], [-16.447829, 19.750682], [-16.447826, 19.750411], [-16.448399, 19.750407], [-16.448396, 19.750136], [-16.44811, 19.750138], [-16.448108, 19.749867], [-16.447821, 19.749869], [-16.447819, 19.749598], [-16.447246, 19.749603], [-16.447244, 19.749332], [-16.446958, 19.749334], [-16.44696, 19.749605], [-16.446388, 19.74961], [-16.446385, 19.749339], [-16.445526, 19.749346], [-16.445529, 19.749617], [-16.444956, 19.749621], [-16.444959, 19.749892], [-16.444673, 19.749895], [-16.444675, 19.750166], [-16.444389, 19.750168], [-16.444394, 19.75071], [-16.444966, 19.750705], [-16.444964, 19.750434], [-16.445822, 19.750428], [-16.44582, 19.750157], [-16.446392, 19.750152], [-16.4464, 19.750965], [-16.446972, 19.75096]]]}, "properties": {"layer": "core", "exposure_min": 0.6, "area_ha": 4.23}}, {"type": "Feature", "geometry": {"type": "Polygon", "coordinates": [[[-16.464187, 19.755157], [-16.464184, 19.754886], [-16.464471, 19.754884], [-16.464468, 19.754613], [-16.464755, 19.75461], [-16.464752, 19.754339], [-16.465038, 19.754337], [-16.465041, 19.754608], [-16.465327, 19.754606], [-16.46532, 19.753793], [-16.465033, 19.753795], [-16.465031, 19.753524], [-16.464745, 19.753526], [-16.464735, 19.752442], [-16.46359, 19.752451], [-16.463587, 19.75218], [-16.46187, 19.752195], [-16.461865, 19.751652], [-16.461579, 19.751655], [-16.461576, 19.751384], [-16.46129, 19.751386], [-16.461285, 19.750844], [-16.461571, 19.750842], [-16.461574, 19.751113], [-16.46186, 19.75111], [-16.461862, 19.751381], [-16.462149, 19.751379], [-16.462151, 19.75165], [-16.46301, 19.751643], [-16.463012, 19.751914], [-16.463299, 19.751912], [-16.463296, 19.751641], [-16.463582, 19.751638], [-16.46358, 19.751367], [-16.463294, 19.75137], [-16.463291, 19.751099], [-16.463005, 19.751101], [-16.463002, 19.75083], [-16.462716, 19.750832], [-16.462714, 19.750561], [-16.462427, 19.750564], [-16.46242, 19.749751], [-16.462134, 19.749753], [-16.462136, 19.750024], [-16.46185, 19.750026], [-16.461848, 19.749755], [-16.461561, 19.749758], [-16.461559, 19.749487], [-16.460986, 19.749491], [-16.460981, 19.748949], [-16.460409, 19.748954], [-16.460416, 19.749767], [-16.460703, 19.749765], [-16.460705, 19.750036], [-16.460419, 19.750038], [-16.460421, 19.750309], [-16.460707, 19.750307], [-16.46071, 19.750578], [-16.460996, 19.750575], [-16.461001, 19.751117], [-16.460715, 19.75112], [-16.460717, 19.751391], [-16.461004, 19.751388], [-16.461009, 19.75193], [-16.460722, 19.751933], [-16.460725, 19.752204], [-16.461011, 19.752202], [-16.461013, 19.752473], [-16.4613, 19.75247], [-16.461302, 19.752741], [-16.461588, 19.752739], [-16.461593, 19.753281], [-16.461307, 19.753283], [-16.461315, 19.754096], [-16.461601, 19.754094], [-16.461603, 19.754365], [-16.461889, 19.754363], [-16.461894, 19.754905], [-16.462181, 19.754902], [-16.462178, 19.754631], [-16.463037, 19.754624], [-16.463039, 19.754895], [-16.463326, 19.754893], [-16.463328, 19.755164], [-16.463614, 19.755162], [-16.463612, 19.754891], [-16.463898, 19.754888], [-16.463901, 19.755159], [-16.464187, 19.755157]], [[-16.463592, 19.752723], [-16.463306, 19.752725], [-16.463303, 19.752454], [-16.46359, 19.752451], [-16.463592, 19.752723]]]}, "properties": {"layer": "core", "exposure_min": 0.6, "area_ha": 15.57}}, {"type": "Feature", "geometry": {"type": "Polygon", "coordinates": [[[-16.354229, 19.752228], [-16.354222, 19.751415], [-16.354508, 19.751413], [-16.354504, 19.750871], [-16.35479, 19.750868], [-16.354781, 19.749784], [-16.354494, 19.749786], [-16.354499, 19.750329], [-16.354213, 19.750331], [-16.354217, 19.750873], [-16.353931, 19.750875], [-16.353943, 19.75223], [-16.354229, 19.752228]]]}, "properties": {"layer": "core", "exposure_min": 0.6, "area_ha": 1.17}}, {"type": "Feature", "geometry": {"type": "Polygon", "coordinates": [[[-16.421055, 19.798329], [-16.421045, 19.797245], [-16.420759, 19.797248], [-16.420742, 19.79535], [-16.420456, 19.795353], [-16.420451, 19.794811], [-16.420165, 19.794813], [-16.420157, 19.794], [-16.419871, 19.794002], [-16.419869, 19.793731], [-16.420728, 19.793724], [-16.42072, 19.792911], [-16.421007, 19.792909], [-16.421004, 19.792638], [-16.421291, 19.792636], [-16.4213, 19.79372], [-16.421873, 19.793715], [-16.421871, 19.793444], [-16.422157, 19.793442], [-16.422154, 19.793171], [-16.422441, 19.793169], [-16.422438, 19.792898], [-16.423011, 19.792893], [-16.423013, 19.793164], [-16.4233, 19.793162], [-16.423297, 19.792891], [-16.423584, 19.792888], [-16.423581, 19.792617], [-16.423868, 19.792615], [-16.42387, 19.792886], [-16.424443, 19.792882], [-16.42444, 19.792611], [-16.424727, 19.792608], [-16.424724, 19.792337], [-16.424438, 19.792339], [-16.424431, 19.791526], [-16.424717, 19.791524], [-16.424719, 19.791795], [-16.425006, 19.791793], [-16.424996, 19.790709], [-16.425282, 19.790707], [-16.425275, 19.789893], [-16.425562, 19.789891], [-16.425559, 19.78962], [-16.425845, 19.789618], [-16.425843, 19.789347], [-16.425557, 19.789349], [-16.425552, 19.788807], [-16.424407, 19.788816], [-16.424402, 19.788274], [-16.424115, 19.788276], [-16.424111, 19.787734], [-16.424397, 19.787732], [-16.42437, 19.784751], [-16.424657, 19.784749], [-16.424647, 19.783664], [-16.424361, 19.783667], [-16.424354, 19.782854], [-16.424067, 19.782856], [-16.424077, 19.78394], [-16.423791, 19.783942], [-16.423795, 19.784484], [-16.423509, 19.784487], [-16.423499, 19.783403], [-16.423213, 19.783405], [-16.423199, 19.781779], [-16.422912, 19.781781], [-16.422898, 19.780155], [-16.423184, 19.780153], [-16.423179, 19.779611], [-16.423466, 19.779608], [-16.423463, 19.779337], [-16.42375, 19.779335], [-16.423747, 19.779064], [-16.424034, 19.779062], [-16.424036, 19.779333], [-16.424322, 19.77933], [-16.424325, 19.779601], [-16.424611, 19.779599], [-16.424613, 19.77987], [-16.4249, 19.779868], [-16.424904, 19.78041], [-16.425763, 19.780403], [-16.425766, 19.780674], [-16.426052, 19.780672], [-16.426047, 19.78013], [-16.425475, 19.780134], [-16.42547, 19.779592], [-16.425184, 19.779595], [-16.425181, 19.779324], [-16.425754, 19.779319], [-16.425756, 19.77959], [-16.426042, 19.779588], [-16.426045, 19.779859], [-16.426331, 19.779856], [-16.426326, 19.779314], [-16.426613, 19.779312], [-16.42661, 19.779041], [-16.426897, 19.779039], [-16.426892, 19.778497], [-16.426605, 19.778499], [-16.426596, 19.777415], [-16.426882, 19.777413], [-16.426885, 19.777684], [-16.427171, 19.777681], [-16.427159, 19.776326], [-16.427445, 19.776324], [-16.427435, 19.77524], [-16.427722, 19.775238], [-16.427719, 19.774967], [-16.427433, 19.774969], [-16.427431, 19.774698], [-16.427144, 19.7747], [-16.427142, 19.774429], [-16.425424, 19.774443], [-16.425426, 19.774714], [-16.42514, 19.774716], [-16.425143, 19.774987], [-16.424856, 19.774989], [-16.424859, 19.77526], [-16.424286, 19.775265], [-16.424264, 19.772826], [-16.424551, 19.772824], [-16.424543, 19.77201], [-16.425116, 19.772006], [-16.425114, 19.771735], [-16.4254, 19.771733], [-16.425402, 19.772004], [-16.425689, 19.772001], [-16.425696, 19.772814], [-16.427127, 19.772803], [-16.427125, 19.772532], [-16.427411, 19.77253], [-16.427414, 19.772801], [-16.4277, 19.772798], [-16.427698, 19.772527], [-16.427984, 19.772525], [-16.427989, 19.773067], [-16.428561, 19.773063], [-16.428552, 19.771979], [-16.427406, 19.771988], [-16.427402, 19.771446], [-16.427115, 19.771448], [-16.42711, 19.770906], [-16.426538, 19.77091], [-16.426535, 19.770639], [-16.426249, 19.770642], [-16.426244, 19.7701], [-16.425386, 19.770106], [-16.425383, 19.769835], [-16.425097, 19.769838], [-16.425094, 19.769567], [-16.425381, 19.769564], [-16.425376, 19.769022], [-16.42509, 19.769025], [-16.425085, 19.768483], [-16.425944, 19.768476], [-16.425946, 19.768747], [-16.426519, 19.768742], [-16.426521, 19.769013], [-16.426807, 19.769011], [-16.42681, 19.769282], [-16.427669, 19.769275], [-16.427666, 19.769004], [-16.428239, 19.769], [-16.428244, 19.769542], [-16.42853, 19.769539], [-16.428532, 19.76981], [-16.429105, 19.769806], [-16.429107, 19.770077], [-16.429394, 19.770075], [-16.429386, 19.769261], [-16.429673, 19.769259], [-16.429663, 19.768175], [-16.429949, 19.768173], [-16.429947, 19.767902], [-16.429661, 19.767904], [-16.429644, 19.766007], [-16.42993, 19.766005], [-16.429925, 19.765463], [-16.430498, 19.765458], [-16.430493, 19.764916], [-16.430779, 19.764914], [-16.430774, 19.764372], [-16.431061, 19.764369], [-16.431065, 19.764911], [-16.431352, 19.764909], [-16.431354, 19.76518], [-16.43164, 19.765178], [-16.431638, 19.764907], [-16.432497, 19.7649], [-16.432489, 19.764087], [-16.432776, 19.764085], [-16.432761, 19.762458], [-16.432475, 19.762461], [-16.432473, 19.76219], [-16.430469, 19.762206], [-16.430471, 19.762477], [-16.429898, 19.762481], [-16.429901, 19.762752], [-16.429328, 19.762757], [-16.429326, 19.762486], [-16.428181, 19.762495], [-16.428186, 19.763037], [-16.427613, 19.763042], [-16.427611, 19.762771], [-16.427038, 19.762775], [-16.427036, 19.762504], [-16.426749, 19.762506], [-16.426747, 19.762235], [-16.426461, 19.762238], [-16.426466, 19.76278], [-16.426179, 19.762782], [-16.426182, 19.763053], [-16.425895, 19.763055], [-16.4259, 19.763597], [-16.426187, 19.763595], [-16.426189, 19.763866], [-16.425903, 19.763868], [-16.42591, 19.764681], [-16.425624, 19.764684], [-16.425621, 19.764413], [-16.425335, 19.764415], [-16.425337, 19.764686], [-16.425051, 19.764688], [-16.425044, 19.763875], [-16.42533, 19.763873], [-16.425325, 19.763331], [-16.425612, 19.763329], [-16.425607, 19.762787], [-16.425893, 19.762784], [-16.425886, 19.761971], [-16.426172, 19.761969], [-16.426167, 19.761427], [-16.426454, 19.761425], [-16.426451, 19.761154], [-16.426737, 19.761151], [-16.42673, 19.760338], [-16.427016, 19.760336], [-16.427004, 19.758981], [-16.427863, 19.758974], [-16.427866, 19.759245], [-16.428438, 19.75924], [-16.428441, 19.759511], [-16.428727, 19.759509], [-16.428724, 19.759238], [-16.429297, 19.759234], [-16.429295, 19.758963], [-16.429581, 19.75896], [-16.429569, 19.757605], [-16.42871, 19.757612], [-16.428708, 19.757341], [-16.42699, 19.757355], [-16.426985, 19.756813], [-16.426699, 19.756815], [-16.426684, 19.755189], [-16.426971, 19.755187], [-16.426973, 19.755458], [-16.427259, 19.755455], [-16.427254, 19.754913], [-16.427541, 19.754911], [-16.427536, 19.754369], [-16.427822, 19.754367], [-16.427817, 19.753825], [-16.428104, 19.753822], [-16.428101, 19.753551], [-16.428387, 19.753549], [-16.428385, 19.753278], [-16.428958, 19.753273], [-16.428955, 19.753002], [-16.429814, 19.752995], [-16.429812, 19.752724], [-16.430098, 19.752722], [-16.430093, 19.75218], [-16.430379, 19.752178], [-16.430372, 19.751365], [-16.430086, 19.751367], [-16.430081, 19.750825], [-16.429795, 19.750827], [-16.429792, 19.750556], [-16.430078, 19.750554], [-16.430069, 19.74947], [-16.430355, 19.749468], [-16.430353, 19.749197], [-16.42978, 19.749201], [-16.429783, 19.749472], [-16.429496, 19.749474], [-16.429504, 19.750288], [-16.428931, 19.750292], [-16.428933, 19.750563], [-16.428647, 19.750565], [-16.42865, 19.750836], [-16.427791, 19.750843], [-16.427793, 19.751114], [-16.427507, 19.751117], [-16.427512, 19.751659], [-16.427226, 19.751661], [-16.427228, 19.751932], [-16.426942, 19.751934], [-16.426944, 19.752205], [-16.426372, 19.75221], [-16.426374, 19.752481], [-16.426088, 19.752483], [-16.426093, 19.753025], [-16.425806, 19.753027], [-16.425811, 19.753569], [-16.425525, 19.753572], [-16.425532, 19.754385], [-16.425246, 19.754387], [-16.425251, 19.754929], [-16.424964, 19.754931], [-16.424967, 19.755202], [-16.425253, 19.7552], [-16.425272, 19.757368], [-16.425559, 19.757366], [-16.425561, 19.757637], [-16.425275, 19.757639], [-16.42528, 19.758181], [-16.425566, 19.758179], [-16.425571, 19.758721], [-16.425857, 19.758719], [-16.425867, 19.759803], [-16.426153, 19.759801], [-16.426158, 19.760343], [-16.425871, 19.760345], [-16.425876, 19.760887], [-16.42559, 19.760889], [-16.4256, 19.761973], [-16.425313, 19.761976], [-16.425318, 19.762518], [-16.425032, 19.76252], [-16.425034, 19.762791], [-16.424748, 19.762793], [-16.424753, 19.763335], [-16.424466, 19.763338], [-16.424474, 19.764151], [-16.424187, 19.764153], [-16.424192, 19.764695], [-16.423906, 19.764697], [-16.423916, 19.765782], [-16.423629, 19.765784], [-16.423651, 19.768223], [-16.423365, 19.768225], [-16.423386, 19.770664], [-16.4231, 19.770667], [-16.42311, 19.771751], [-16.423396, 19.771749], [-16.42341, 19.773375], [-16.423124, 19.773377], [-16.423129, 19.773919], [-16.423415, 19.773917], [-16.423427, 19.775272], [-16.423714, 19.77527], [-16.423716, 19.775541], [-16.422857, 19.775547], [-16.422855, 19.775276], [-16.422282, 19.775281], [-16.422289, 19.776094], [-16.422003, 19.776096], [-16.422013, 19.77718], [-16.421726, 19.777183], [-16.421731, 19.777725], [-16.421445, 19.777727], [-16.42145, 19.778269], [-16.421163, 19.778271], [-16.421168, 19.778813], [-16.421454, 19.778811], [-16.421452, 19.77854], [-16.422025, 19.778536], [-16.422034, 19.77962], [-16.42232, 19.779617], [-16.42233, 19.780701], [-16.422616, 19.780699], [-16.422628, 19.782054], [-16.422915, 19.782052], [-16.422924, 19.783136], [-16.422638, 19.783138], [-16.422648, 19.784222], [-16.422361, 19.784225], [-16.422366, 19.784767], [-16.42208, 19.784769], [-16.422082, 19.78504], [-16.422369, 19.785038], [-16.422376, 19.785851], [-16.42209, 19.785853], [-16.422092, 19.786124], [-16.421806, 19.786126], [-16.42181, 19.786669], [-16.421524, 19.786671], [-16.421531, 19.787484], [-16.421245, 19.787486], [-16.42125, 19.788028], [-16.420963, 19.78803], [-16.420968, 19.788573], [-16.420682, 19.788575], [-16.420687, 19.789117], [-16.4204, 19.789119], [-16.420403, 19.78939], [-16.420117, 19.789392], [-16.420121, 19.789934], [-16.419835, 19.789937], [-16.419845, 19.791021], [-16.419558, 19.791023], [-16.41959, 19.794546], [-16.419876, 19.794544], [-16.419885, 19.795628], [-16.420172, 19.795626], [-16.420179, 19.796439], [-16.420465, 19.796437], [-16.420475, 19.797521], [-16.420761, 19.797519], [-16.420769, 19.798332], [-16.421055, 19.798329]], [[-16.42412, 19.788818], [-16.423834, 19.788821], [-16.423829, 19.788279], [-16.424115, 19.788276], [-16.42412, 19.788818]], [[-16.423228, 19.785031], [-16.422941, 19.785033], [-16.422939, 19.784762], [-16.423225, 19.78476], [-16.423228, 19.785031]], [[-16.423511, 19.784758], [-16.423225, 19.78476], [-16.423223, 19.784489], [-16.423509, 19.784487], [-16.423511, 19.784758]], [[-16.422891, 19.779342], [-16.422604, 19.779344], [-16.422602, 19.779073], [-16.422316, 19.779075], [-16.422308, 19.778262], [-16.422595, 19.77826], [-16.422592, 19.777989], [-16.423165, 19.777984], [-16.423172, 19.778797], [-16.422886, 19.7788], [-16.422891, 19.779342]], [[-16.42432, 19.779059], [-16.424034, 19.779062], [-16.424031, 19.778791], [-16.424317, 19.778788], [-16.42432, 19.779059]], [[-16.424796, 19.768214], [-16.42451, 19.768216], [-16.424503, 19.767403], [-16.424789, 19.767401], [-16.424796, 19.768214]], [[-16.425056, 19.76523], [-16.42477, 19.765233], [-16.424765, 19.764691], [-16.425051, 19.764688], [-16.425056, 19.76523]], [[-16.428149, 19.758972], [-16.427863, 19.758974], [-16.427861, 19.758703], [-16.428147, 19.758701], [-16.428149, 19.758972]], [[-16.427575, 19.758705], [-16.427288, 19.758708], [-16.427286, 19.758437], [-16.427572, 19.758434], [-16.427575, 19.758705]]]}, "properties": {"layer": "core", "exposure_min": 0.6, "area_ha": 171.63}}, {"type": "Feature", "geometry": {"type": "Polygon", "coordinates": [[[-16.280377, 19.753585], [-16.280375, 19.753313], [-16.280661, 19.753311], [-16.280659, 19.75304], [-16.280945, 19.753038], [-16.280943, 19.752767], [-16.281516, 19.752763], [-16.281509, 19.75195], [-16.281223, 19.751952], [-16.281221, 19.751681], [-16.281793, 19.751677], [-16.281789, 19.751135], [-16.282075, 19.751133], [-16.282073, 19.750862], [-16.282359, 19.75086], [-16.282357, 19.750589], [-16.282071, 19.750591], [-16.282069, 19.75032], [-16.281783, 19.750322], [-16.281778, 19.74978], [-16.281492, 19.749782], [-16.281488, 19.74924], [-16.281201, 19.749242], [-16.281199, 19.748971], [-16.280913, 19.748973], [-16.280909, 19.748431], [-16.280622, 19.748433], [-16.28062, 19.748162], [-16.280334, 19.748164], [-16.280338, 19.748706], [-16.280052, 19.748708], [-16.280054, 19.748979], [-16.279768, 19.748981], [-16.279764, 19.748439], [-16.279477, 19.748441], [-16.279486, 19.749525], [-16.2792, 19.749527], [-16.279202, 19.749798], [-16.279488, 19.749796], [-16.279492, 19.750338], [-16.279206, 19.75034], [-16.279204, 19.750069], [-16.278918, 19.750071], [-16.278922, 19.750613], [-16.279208, 19.750611], [-16.27921, 19.750882], [-16.279497, 19.75088], [-16.279495, 19.750609], [-16.279781, 19.750607], [-16.279779, 19.750336], [-16.280065, 19.750334], [-16.280071, 19.751147], [-16.279499, 19.751151], [-16.279501, 19.751422], [-16.278929, 19.751426], [-16.278933, 19.751968], [-16.279505, 19.751964], [-16.27951, 19.752506], [-16.279223, 19.752509], [-16.279226, 19.75278], [-16.279512, 19.752778], [-16.279514, 19.753049], [-16.280087, 19.753044], [-16.280091, 19.753587], [-16.280377, 19.753585]], [[-16.27979, 19.751691], [-16.279503, 19.751693], [-16.279501, 19.751422], [-16.279787, 19.75142], [-16.27979, 19.751691]], [[-16.281505, 19.751408], [-16.280932, 19.751412], [-16.280928, 19.75087], [-16.281214, 19.750868], [-16.28121, 19.750326], [-16.281496, 19.750324], [-16.281505, 19.751408]], [[-16.280635, 19.750059], [-16.280063, 19.750063], [-16.280061, 19.749792], [-16.280347, 19.74979], [-16.280343, 19.749248], [-16.280629, 19.749246], [-16.280635, 19.750059]]]}, "properties": {"layer": "core", "exposure_min": 0.6, "area_ha": 10.53}}, {"type": "Feature", "geometry": {"type": "Polygon", "coordinates": [[[-16.450667, 19.747949], [-16.450659, 19.747136], [-16.450373, 19.747138], [-16.450371, 19.746867], [-16.450084, 19.74687], [-16.450087, 19.747141], [-16.449801, 19.747143], [-16.449798, 19.746872], [-16.449226, 19.746876], [-16.449228, 19.747148], [-16.448942, 19.74715], [-16.448949, 19.747963], [-16.450667, 19.747949]]]}, "properties": {"layer": "core", "exposure_min": 0.6, "area_ha": 1.89}}, {"type": "Feature", "geometry": {"type": "Polygon", "coordinates": [[[-16.447232, 19.747977], [-16.447227, 19.747435], [-16.446941, 19.747437], [-16.446936, 19.746895], [-16.446077, 19.746902], [-16.446084, 19.747715], [-16.445512, 19.74772], [-16.445514, 19.747991], [-16.447232, 19.747977]]]}, "properties": {"layer": "core", "exposure_min": 0.6, "area_ha": 1.44}}, {"type": "Feature", "geometry": {"type": "Polygon", "coordinates": [[[-16.487863, 19.746018], [-16.487861, 19.745747], [-16.488147, 19.745744], [-16.488145, 19.745473], [-16.488431, 19.745471], [-16.488426, 19.744929], [-16.488712, 19.744926], [-16.48871, 19.744655], [-16.488996, 19.744653], [-16.488993, 19.744382], [-16.489279, 19.74438], [-16.489277, 19.744109], [-16.489563, 19.744106], [-16.489561, 19.743835], [-16.489847, 19.743833], [-16.489842, 19.743291], [-16.489556, 19.743293], [-16.489558, 19.743564], [-16.489272, 19.743567], [-16.489274, 19.743838], [-16.488702, 19.743842], [-16.488704, 19.744113], [-16.488418, 19.744116], [-16.488421, 19.744387], [-16.488135, 19.744389], [-16.488137, 19.74466], [-16.487851, 19.744662], [-16.487858, 19.745476], [-16.487286, 19.74548], [-16.487288, 19.745751], [-16.487002, 19.745754], [-16.487005, 19.746025], [-16.487863, 19.746018]]]}, "properties": {"layer": "core", "exposure_min": 0.6, "area_ha": 2.25}}, {"type": "Feature", "geometry": {"type": "Polygon", "coordinates": [[[-16.435003, 19.75702], [-16.434998, 19.756478], [-16.435284, 19.756475], [-16.435282, 19.756204], [-16.435568, 19.756202], [-16.435563, 19.75566], [-16.43585, 19.755658], [-16.435847, 19.755387], [-16.436133, 19.755384], [-16.436131, 19.755113], [-16.436417, 19.755111], [-16.436408, 19.754027], [-16.436121, 19.754029], [-16.436119, 19.753758], [-16.436405, 19.753756], [-16.436403, 19.753485], [-16.436689, 19.753483], [-16.436687, 19.753211], [-16.436973, 19.753209], [-16.43697, 19.752938], [-16.437257, 19.752936], [-16.437252, 19.752394], [-16.437538, 19.752392], [-16.437523, 19.750765], [-16.437237, 19.750768], [-16.437232, 19.750226], [-16.436946, 19.750228], [-16.436939, 19.749415], [-16.437225, 19.749413], [-16.43722, 19.748871], [-16.438365, 19.748861], [-16.438368, 19.749132], [-16.438654, 19.74913], [-16.438656, 19.749401], [-16.438943, 19.749399], [-16.438945, 19.74967], [-16.438373, 19.749674], [-16.438377, 19.750216], [-16.438664, 19.750214], [-16.438666, 19.750485], [-16.438952, 19.750483], [-16.438957, 19.751025], [-16.439243, 19.751023], [-16.439246, 19.751294], [-16.440105, 19.751287], [-16.440107, 19.751558], [-16.440393, 19.751555], [-16.440396, 19.751826], [-16.441255, 19.75182], [-16.441252, 19.751549], [-16.441538, 19.751546], [-16.441536, 19.751275], [-16.441822, 19.751273], [-16.44182, 19.751002], [-16.442106, 19.751], [-16.442104, 19.750729], [-16.44239, 19.750726], [-16.442387, 19.750455], [-16.442674, 19.750453], [-16.442676, 19.750724], [-16.442962, 19.750722], [-16.442957, 19.75018], [-16.442671, 19.750182], [-16.442669, 19.749911], [-16.442955, 19.749909], [-16.442953, 19.749638], [-16.443239, 19.749635], [-16.443234, 19.749093], [-16.44352, 19.749091], [-16.443515, 19.748549], [-16.443802, 19.748547], [-16.443799, 19.748276], [-16.442654, 19.748285], [-16.442657, 19.748556], [-16.44237, 19.748558], [-16.442365, 19.748016], [-16.442079, 19.748018], [-16.442077, 19.747747], [-16.441791, 19.74775], [-16.441788, 19.747479], [-16.441502, 19.747481], [-16.441504, 19.747752], [-16.441218, 19.747754], [-16.441213, 19.747212], [-16.440927, 19.747214], [-16.440924, 19.746943], [-16.442069, 19.746934], [-16.442067, 19.746663], [-16.442353, 19.746661], [-16.442356, 19.746932], [-16.442642, 19.74693], [-16.44264, 19.746659], [-16.442926, 19.746656], [-16.442928, 19.746927], [-16.443214, 19.746925], [-16.443219, 19.747467], [-16.443506, 19.747465], [-16.443508, 19.747736], [-16.444367, 19.747729], [-16.444364, 19.747458], [-16.443792, 19.747462], [-16.443789, 19.747191], [-16.444648, 19.747185], [-16.444643, 19.746642], [-16.444929, 19.74664], [-16.444927, 19.746369], [-16.445213, 19.746367], [-16.445216, 19.746638], [-16.445502, 19.746636], [-16.445504, 19.746907], [-16.446077, 19.746902], [-16.446074, 19.746631], [-16.445788, 19.746633], [-16.445786, 19.746362], [-16.4455, 19.746365], [-16.445497, 19.746093], [-16.445783, 19.746091], [-16.445776, 19.745278], [-16.446062, 19.745276], [-16.44606, 19.745005], [-16.447491, 19.744993], [-16.447493, 19.745264], [-16.44778, 19.745262], [-16.447777, 19.744991], [-16.448064, 19.744989], [-16.448059, 19.744447], [-16.448631, 19.744442], [-16.448634, 19.744713], [-16.449492, 19.744706], [-16.44949, 19.744435], [-16.449776, 19.744433], [-16.449774, 19.744162], [-16.45006, 19.744159], [-16.450057, 19.743888], [-16.448626, 19.7439], [-16.448621, 19.743358], [-16.448335, 19.74336], [-16.448338, 19.743631], [-16.448051, 19.743633], [-16.448049, 19.743362], [-16.447476, 19.743367], [-16.447474, 19.743096], [-16.446901, 19.743101], [-16.446899, 19.74283], [-16.446613, 19.742832], [-16.446618, 19.743374], [-16.446331, 19.743376], [-16.446327, 19.742834], [-16.445754, 19.742839], [-16.445756, 19.74311], [-16.445184, 19.743115], [-16.445186, 19.743386], [-16.443755, 19.743397], [-16.443758, 19.743668], [-16.444044, 19.743666], [-16.444046, 19.743937], [-16.444905, 19.74393], [-16.444917, 19.745285], [-16.444631, 19.745287], [-16.444633, 19.745558], [-16.444347, 19.745561], [-16.44435, 19.745832], [-16.444063, 19.745834], [-16.444061, 19.745563], [-16.443775, 19.745565], [-16.443772, 19.745294], [-16.443486, 19.745297], [-16.443484, 19.745026], [-16.443197, 19.745028], [-16.443195, 19.744757], [-16.442909, 19.744759], [-16.442906, 19.744488], [-16.44262, 19.74449], [-16.442618, 19.744219], [-16.442331, 19.744222], [-16.442334, 19.744493], [-16.442048, 19.744495], [-16.442045, 19.744224], [-16.441473, 19.744229], [-16.441475, 19.7445], [-16.440616, 19.744507], [-16.440614, 19.744236], [-16.440328, 19.744238], [-16.44033, 19.744509], [-16.439471, 19.744516], [-16.439474, 19.744787], [-16.438901, 19.744791], [-16.438896, 19.744249], [-16.438324, 19.744254], [-16.438319, 19.743712], [-16.438033, 19.743714], [-16.438038, 19.744256], [-16.437751, 19.744259], [-16.437754, 19.74453], [-16.43804, 19.744527], [-16.438043, 19.744798], [-16.437184, 19.744805], [-16.437191, 19.745618], [-16.436905, 19.745621], [-16.436907, 19.745892], [-16.436335, 19.745896], [-16.436332, 19.745625], [-16.435474, 19.745632], [-16.435479, 19.746174], [-16.435192, 19.746176], [-16.435195, 19.746447], [-16.434908, 19.74645], [-16.434911, 19.746721], [-16.435197, 19.746718], [-16.435202, 19.74726], [-16.434057, 19.74727], [-16.434064, 19.748083], [-16.433492, 19.748087], [-16.433494, 19.748358], [-16.433208, 19.748361], [-16.43321, 19.748632], [-16.433497, 19.748629], [-16.433499, 19.7489], [-16.432926, 19.748905], [-16.432931, 19.749447], [-16.43379, 19.74944], [-16.433793, 19.749711], [-16.433506, 19.749713], [-16.433509, 19.749984], [-16.433222, 19.749987], [-16.43322, 19.749716], [-16.432647, 19.74972], [-16.432664, 19.751617], [-16.432378, 19.75162], [-16.4324, 19.754059], [-16.433259, 19.754052], [-16.433256, 19.753781], [-16.433543, 19.753779], [-16.433545, 19.75405], [-16.434118, 19.754045], [-16.434113, 19.753503], [-16.434399, 19.753501], [-16.434401, 19.753772], [-16.434974, 19.753767], [-16.434976, 19.754038], [-16.435263, 19.754036], [-16.435267, 19.754578], [-16.434981, 19.75458], [-16.434984, 19.754851], [-16.434697, 19.754854], [-16.434702, 19.755396], [-16.434416, 19.755398], [-16.434423, 19.756211], [-16.434709, 19.756209], [-16.434712, 19.75648], [-16.434139, 19.756484], [-16.434142, 19.756755], [-16.434428, 19.756753], [-16.43443, 19.757024], [-16.435003, 19.75702]], [[-16.433826, 19.753505], [-16.43354, 19.753508], [-16.433538, 19.753237], [-16.433824, 19.753234], [-16.433826, 19.753505]], [[-16.440386, 19.750742], [-16.4401, 19.750745], [-16.440097, 19.750474], [-16.439811, 19.750476], [-16.439809, 19.750205], [-16.440381, 19.7502], [-16.440386, 19.750742]], [[-16.439525, 19.750478], [-16.439239, 19.750481], [-16.439236, 19.75021], [-16.43895, 19.750212], [-16.438947, 19.749941], [-16.439234, 19.749939], [-16.439231, 19.749668], [-16.439518, 19.749665], [-16.43952, 19.749936], [-16.439806, 19.749934], [-16.439809, 19.750205], [-16.439522, 19.750207], [-16.439525, 19.750478]], [[-16.441803, 19.749105], [-16.441516, 19.749107], [-16.441512, 19.748565], [-16.441798, 19.748563], [-16.441803, 19.749105]], [[-16.440944, 19.749112], [-16.439799, 19.749121], [-16.439797, 19.74885], [-16.43951, 19.748852], [-16.439508, 19.748581], [-16.438935, 19.748586], [-16.43893, 19.748044], [-16.439217, 19.748041], [-16.439219, 19.748312], [-16.44065, 19.748301], [-16.440653, 19.748572], [-16.441225, 19.748567], [-16.441228, 19.748838], [-16.440942, 19.748841], [-16.440944, 19.749112]], [[-16.442084, 19.74856], [-16.441798, 19.748563], [-16.441793, 19.748021], [-16.442079, 19.748018], [-16.442084, 19.74856]], [[-16.437502, 19.748326], [-16.437215, 19.748328], [-16.437213, 19.748057], [-16.436927, 19.74806], [-16.436919, 19.747247], [-16.437206, 19.747244], [-16.437208, 19.747515], [-16.437494, 19.747513], [-16.437502, 19.748326]], [[-16.436919, 19.747247], [-16.436633, 19.747249], [-16.436631, 19.746978], [-16.436917, 19.746976], [-16.436919, 19.747247]], [[-16.437201, 19.746702], [-16.436915, 19.746705], [-16.436912, 19.746434], [-16.437198, 19.746431], [-16.437201, 19.746702]], [[-16.442923, 19.746385], [-16.442637, 19.746388], [-16.442635, 19.746117], [-16.442921, 19.746114], [-16.442923, 19.746385]], [[-16.437482, 19.746158], [-16.437196, 19.74616], [-16.437194, 19.745889], [-16.43748, 19.745887], [-16.437482, 19.746158]], [[-16.437766, 19.745885], [-16.43748, 19.745887], [-16.437477, 19.745616], [-16.437764, 19.745614], [-16.437766, 19.745885]], [[-16.442339, 19.745035], [-16.442052, 19.745037], [-16.44205, 19.744766], [-16.442336, 19.744764], [-16.442339, 19.745035]], [[-16.439762, 19.745056], [-16.439476, 19.745058], [-16.439474, 19.744787], [-16.43976, 19.744785], [-16.439762, 19.745056]], [[-16.44205, 19.744766], [-16.441764, 19.744768], [-16.441761, 19.744497], [-16.442048, 19.744495], [-16.44205, 19.744766]]]}, "properties": {"layer": "core", "exposure_min": 0.6, "area_ha": 91.62}}, {"type": "Feature", "geometry": {"type": "Polygon", "coordinates": [[[-16.464364, 19.74323], [-16.464357, 19.742417], [-16.464071, 19.742419], [-16.464073, 19.74269], [-16.463787, 19.742692], [-16.463782, 19.74215], [-16.463496, 19.742153], [-16.463493, 19.741882], [-16.463207, 19.741884], [-16.46321, 19.742155], [-16.462923, 19.742157], [-16.462926, 19.742428], [-16.462353, 19.742433], [-16.462356, 19.742704], [-16.463501, 19.742695], [-16.463503, 19.742966], [-16.464076, 19.742961], [-16.464078, 19.743232], [-16.464364, 19.74323]]]}, "properties": {"layer": "core", "exposure_min": 0.6, "area_ha": 1.26}}, {"type": "Feature", "geometry": {"type": "Polygon", "coordinates": [[[-16.462699, 19.748935], [-16.462696, 19.748664], [-16.462983, 19.748662], [-16.46298, 19.748391], [-16.463553, 19.748386], [-16.463548, 19.747844], [-16.463834, 19.747842], [-16.463836, 19.748113], [-16.464409, 19.748108], [-16.464399, 19.747024], [-16.464685, 19.747022], [-16.464683, 19.746751], [-16.464397, 19.746753], [-16.464392, 19.746211], [-16.464105, 19.746213], [-16.464095, 19.745129], [-16.464382, 19.745127], [-16.464379, 19.744856], [-16.464093, 19.744858], [-16.464091, 19.744587], [-16.464377, 19.744585], [-16.464369, 19.743772], [-16.463797, 19.743777], [-16.463802, 19.744319], [-16.463516, 19.744321], [-16.463518, 19.744592], [-16.461801, 19.744606], [-16.461793, 19.743793], [-16.461507, 19.743795], [-16.461502, 19.743253], [-16.461788, 19.743251], [-16.461786, 19.74298], [-16.462072, 19.742978], [-16.46207, 19.742706], [-16.461783, 19.742709], [-16.461781, 19.742438], [-16.462067, 19.742435], [-16.462065, 19.742164], [-16.462923, 19.742157], [-16.462918, 19.741615], [-16.462632, 19.741618], [-16.462635, 19.741889], [-16.462348, 19.741891], [-16.462346, 19.74162], [-16.46206, 19.741622], [-16.462057, 19.741351], [-16.461771, 19.741354], [-16.461773, 19.741625], [-16.461487, 19.741627], [-16.461482, 19.741085], [-16.461196, 19.741087], [-16.461201, 19.741629], [-16.460342, 19.741636], [-16.460345, 19.741907], [-16.460059, 19.74191], [-16.460061, 19.742181], [-16.459775, 19.742183], [-16.459777, 19.742454], [-16.460063, 19.742452], [-16.460068, 19.742994], [-16.459782, 19.742996], [-16.45978, 19.742725], [-16.459493, 19.742727], [-16.459498, 19.74327], [-16.459785, 19.743267], [-16.459787, 19.743538], [-16.459501, 19.743541], [-16.459516, 19.745167], [-16.459802, 19.745164], [-16.459807, 19.745706], [-16.460093, 19.745704], [-16.460096, 19.745975], [-16.460382, 19.745973], [-16.460384, 19.746244], [-16.46067, 19.746241], [-16.460675, 19.746783], [-16.460962, 19.746781], [-16.460974, 19.748136], [-16.460688, 19.748139], [-16.460685, 19.747868], [-16.460399, 19.74787], [-16.460406, 19.748683], [-16.460693, 19.748681], [-16.46069, 19.74841], [-16.461835, 19.7484], [-16.461838, 19.748671], [-16.46241, 19.748667], [-16.462413, 19.748938], [-16.462699, 19.748935]], [[-16.463249, 19.746491], [-16.462963, 19.746494], [-16.46296, 19.746223], [-16.463247, 19.74622], [-16.463249, 19.746491]], [[-16.462674, 19.746225], [-16.462388, 19.746227], [-16.462385, 19.745956], [-16.462099, 19.745959], [-16.462094, 19.745417], [-16.462667, 19.745412], [-16.462674, 19.746225]], [[-16.461233, 19.745153], [-16.460947, 19.745155], [-16.460944, 19.744884], [-16.461231, 19.744882], [-16.461233, 19.745153]], [[-16.461803, 19.744877], [-16.461517, 19.744879], [-16.461514, 19.744608], [-16.461801, 19.744606], [-16.461803, 19.744877]], [[-16.461514, 19.744608], [-16.461228, 19.744611], [-16.461226, 19.74434], [-16.461512, 19.744337], [-16.461514, 19.744608]]]}, "properties": {"layer": "core", "exposure_min": 0.6, "area_ha": 25.2}}, {"type": "Feature", "geometry": {"type": "Polygon", "coordinates": [[[-16.473517, 19.742342], [-16.473514, 19.742071], [-16.474087, 19.742066], [-16.474084, 19.741795], [-16.473798, 19.741797], [-16.473793, 19.741255], [-16.474079, 19.741253], [-16.474077, 19.740982], [-16.472645, 19.740994], [-16.472648, 19.741265], [-16.47322, 19.74126], [-16.473223, 19.741531], [-16.473509, 19.741529], [-16.473512, 19.7418], [-16.472939, 19.741804], [-16.472942, 19.742075], [-16.473228, 19.742073], [-16.47323, 19.742344], [-16.473517, 19.742342]]]}, "properties": {"layer": "core", "exposure_min": 0.6, "area_ha": 1.17}}, {"type": "Feature", "geometry": {"type": "Polygon", "coordinates": [[[-16.479271, 19.745547], [-16.479269, 19.745276], [-16.480127, 19.745269], [-16.480125, 19.744998], [-16.48127, 19.744988], [-16.481267, 19.744717], [-16.48184, 19.744712], [-16.481842, 19.744983], [-16.482129, 19.744981], [-16.482126, 19.74471], [-16.482412, 19.744708], [-16.48241, 19.744437], [-16.482696, 19.744434], [-16.482694, 19.744163], [-16.483552, 19.744156], [-16.48355, 19.743885], [-16.483836, 19.743883], [-16.483838, 19.744154], [-16.484983, 19.744144], [-16.484981, 19.743873], [-16.485267, 19.743871], [-16.485265, 19.7436], [-16.484978, 19.743602], [-16.484976, 19.743331], [-16.48469, 19.743334], [-16.484687, 19.743062], [-16.486118, 19.743051], [-16.486116, 19.74278], [-16.486688, 19.742775], [-16.486686, 19.742504], [-16.486972, 19.742501], [-16.48697, 19.74223], [-16.487256, 19.742228], [-16.487253, 19.741957], [-16.486681, 19.741962], [-16.486683, 19.742233], [-16.486397, 19.742235], [-16.4864, 19.742506], [-16.484968, 19.742518], [-16.484971, 19.742789], [-16.482967, 19.742806], [-16.48297, 19.743077], [-16.482397, 19.743081], [-16.482395, 19.74281], [-16.481822, 19.742815], [-16.481825, 19.743086], [-16.481539, 19.743089], [-16.481536, 19.742818], [-16.479532, 19.742834], [-16.47953, 19.742563], [-16.478671, 19.74257], [-16.478669, 19.742299], [-16.478383, 19.742302], [-16.47838, 19.742031], [-16.477235, 19.74204], [-16.477233, 19.741769], [-16.476374, 19.741776], [-16.476366, 19.740963], [-16.47608, 19.740965], [-16.476083, 19.741236], [-16.475796, 19.741239], [-16.475794, 19.740968], [-16.475508, 19.74097], [-16.475505, 19.740699], [-16.475219, 19.740701], [-16.475221, 19.740972], [-16.474935, 19.740975], [-16.474933, 19.740704], [-16.474647, 19.740706], [-16.474644, 19.740435], [-16.474358, 19.740437], [-16.474365, 19.74125], [-16.474079, 19.741253], [-16.474084, 19.741795], [-16.474656, 19.74179], [-16.474661, 19.742332], [-16.474948, 19.74233], [-16.47495, 19.742601], [-16.475236, 19.742599], [-16.475239, 19.74287], [-16.474666, 19.742874], [-16.474664, 19.742603], [-16.474378, 19.742606], [-16.474383, 19.743148], [-16.474669, 19.743145], [-16.474671, 19.743416], [-16.474958, 19.743414], [-16.474965, 19.744227], [-16.475824, 19.74422], [-16.475821, 19.743949], [-16.476108, 19.743947], [-16.476103, 19.743404], [-16.475816, 19.743407], [-16.475814, 19.743136], [-16.476386, 19.743131], [-16.476389, 19.743402], [-16.476675, 19.7434], [-16.476678, 19.743671], [-16.476964, 19.743668], [-16.476966, 19.743939], [-16.477253, 19.743937], [-16.477258, 19.744479], [-16.477544, 19.744477], [-16.477546, 19.744748], [-16.477832, 19.744745], [-16.477835, 19.745016], [-16.478407, 19.745012], [-16.478405, 19.744741], [-16.478691, 19.744738], [-16.478694, 19.745009], [-16.47898, 19.745007], [-16.478985, 19.745549], [-16.479271, 19.745547]], [[-16.478114, 19.744201], [-16.477828, 19.744203], [-16.477825, 19.743932], [-16.478111, 19.74393], [-16.478114, 19.744201]], [[-16.484406, 19.743607], [-16.48412, 19.743609], [-16.484117, 19.743338], [-16.484403, 19.743336], [-16.484406, 19.743607]], [[-16.483831, 19.743341], [-16.482972, 19.743348], [-16.48297, 19.743077], [-16.483828, 19.74307], [-16.483831, 19.743341]], [[-16.476673, 19.743129], [-16.476386, 19.743131], [-16.476384, 19.74286], [-16.47667, 19.742858], [-16.476673, 19.743129]], [[-16.478674, 19.742841], [-16.478388, 19.742844], [-16.478385, 19.742573], [-16.478671, 19.74257], [-16.478674, 19.742841]], [[-16.475809, 19.742594], [-16.475523, 19.742596], [-16.47552, 19.742325], [-16.475806, 19.742323], [-16.475809, 19.742594]], [[-16.47552, 19.742325], [-16.475234, 19.742327], [-16.475231, 19.742056], [-16.475518, 19.742054], [-16.47552, 19.742325]], [[-16.476088, 19.741778], [-16.475801, 19.741781], [-16.475799, 19.74151], [-16.476085, 19.741507], [-16.476088, 19.741778]]]}, "properties": {"layer": "core", "exposure_min": 0.6, "area_ha": 26.64}}, {"type": "Feature", "geometry": {"type": "Polygon", "coordinates": [[[-16.351277, 19.741679], [-16.351273, 19.741137], [-16.351559, 19.741135], [-16.351554, 19.740593], [-16.350982, 19.740597], [-16.350989, 19.74141], [-16.350702, 19.741413], [-16.350705, 19.741684], [-16.351277, 19.741679]]]}, "properties": {"layer": "core", "exposure_min": 0.6, "area_ha": 0.63}}, {"type": "Feature", "geometry": {"type": "Polygon", "coordinates": [[[-16.311202, 19.741977], [-16.311198, 19.741435], [-16.31177, 19.741431], [-16.311766, 19.740889], [-16.312052, 19.740887], [-16.312047, 19.740345], [-16.311761, 19.740347], [-16.311763, 19.740618], [-16.311191, 19.740622], [-16.311195, 19.741164], [-16.310623, 19.741168], [-16.310625, 19.741439], [-16.310339, 19.741441], [-16.310343, 19.741983], [-16.311202, 19.741977]]]}, "properties": {"layer": "core", "exposure_min": 0.6, "area_ha": 1.44}}, {"type": "Feature", "geometry": {"type": "Polygon", "coordinates": [[[-16.34761, 19.748212], [-16.347608, 19.747941], [-16.347894, 19.747939], [-16.347892, 19.747668], [-16.348465, 19.747664], [-16.348462, 19.747393], [-16.348749, 19.74739], [-16.348746, 19.747119], [-16.349033, 19.747117], [-16.34903, 19.746846], [-16.348458, 19.746851], [-16.34846, 19.747122], [-16.348174, 19.747124], [-16.348167, 19.746311], [-16.348453, 19.746308], [-16.348447, 19.745495], [-16.348733, 19.745493], [-16.348728, 19.744951], [-16.349301, 19.744947], [-16.349298, 19.744676], [-16.349585, 19.744674], [-16.349578, 19.743861], [-16.35015, 19.743856], [-16.350134, 19.741959], [-16.350421, 19.741957], [-16.350402, 19.739789], [-16.350116, 19.739791], [-16.350123, 19.740604], [-16.349837, 19.740606], [-16.349841, 19.741148], [-16.349555, 19.74115], [-16.349557, 19.741421], [-16.349271, 19.741423], [-16.349273, 19.741694], [-16.348987, 19.741697], [-16.348989, 19.741968], [-16.348703, 19.74197], [-16.348708, 19.742512], [-16.348421, 19.742514], [-16.348424, 19.742785], [-16.348137, 19.742787], [-16.348142, 19.743329], [-16.347856, 19.743331], [-16.347863, 19.744144], [-16.347576, 19.744147], [-16.347579, 19.744418], [-16.348151, 19.744413], [-16.34816, 19.745498], [-16.347874, 19.7455], [-16.347883, 19.746584], [-16.347597, 19.746586], [-16.347604, 19.747399], [-16.347317, 19.747401], [-16.34732, 19.747672], [-16.347033, 19.747674], [-16.347038, 19.748216], [-16.34761, 19.748212]], [[-16.349569, 19.742776], [-16.348996, 19.742781], [-16.348989, 19.741968], [-16.349848, 19.741961], [-16.349853, 19.742503], [-16.349566, 19.742505], [-16.349569, 19.742776]]]}, "properties": {"layer": "core", "exposure_min": 0.6, "area_ha": 9.81}}, {"type": "Feature", "geometry": {"type": "Polygon", "coordinates": [[[-16.31406, 19.741414], [-16.314056, 19.740872], [-16.314342, 19.74087], [-16.314344, 19.741141], [-16.31463, 19.741139], [-16.314619, 19.739784], [-16.314333, 19.739786], [-16.314331, 19.739515], [-16.314045, 19.739517], [-16.314047, 19.739788], [-16.313761, 19.73979], [-16.313763, 19.740061], [-16.314049, 19.740059], [-16.314053, 19.740601], [-16.313481, 19.740605], [-16.313483, 19.740876], [-16.313769, 19.740874], [-16.313772, 19.741145], [-16.313485, 19.741147], [-16.313488, 19.741418], [-16.31406, 19.741414]]]}, "properties": {"layer": "core", "exposure_min": 0.6, "area_ha": 1.44}}, {"type": "Feature", "geometry": {"type": "Polygon", "coordinates": [[[-16.288299, 19.741872], [-16.288297, 19.741601], [-16.288584, 19.741599], [-16.288581, 19.741328], [-16.288868, 19.741326], [-16.28887, 19.741597], [-16.289156, 19.741595], [-16.289154, 19.741324], [-16.28944, 19.741322], [-16.289436, 19.74078], [-16.289722, 19.740778], [-16.28972, 19.740507], [-16.289147, 19.740511], [-16.289143, 19.739969], [-16.287712, 19.739979], [-16.28771, 19.739708], [-16.286851, 19.739714], [-16.286849, 19.739443], [-16.286276, 19.739447], [-16.286278, 19.739718], [-16.286565, 19.739716], [-16.286567, 19.739987], [-16.286853, 19.739985], [-16.286855, 19.740256], [-16.288286, 19.740246], [-16.288293, 19.741059], [-16.288007, 19.741061], [-16.288013, 19.741874], [-16.288299, 19.741872]]]}, "properties": {"layer": "core", "exposure_min": 0.6, "area_ha": 3.15}}, {"type": "Feature", "geometry": {"type": "Polygon", "coordinates": [[[-16.312627, 19.741154], [-16.312624, 19.740883], [-16.313197, 19.740878], [-16.313195, 19.740607], [-16.312622, 19.740611], [-16.312616, 19.739798], [-16.313761, 19.73979], [-16.313758, 19.739519], [-16.313472, 19.739521], [-16.31347, 19.73925], [-16.313184, 19.739252], [-16.313186, 19.739523], [-16.312327, 19.739529], [-16.312332, 19.740072], [-16.312045, 19.740074], [-16.312047, 19.740345], [-16.312334, 19.740343], [-16.31234, 19.741156], [-16.312627, 19.741154]]]}, "properties": {"layer": "core", "exposure_min": 0.6, "area_ha": 1.26}}, {"type": "Feature", "geometry": {"type": "Polygon", "coordinates": [[[-16.283708, 19.74055], [-16.283706, 19.740279], [-16.28342, 19.740281], [-16.283414, 19.739468], [-16.283127, 19.73947], [-16.283121, 19.738657], [-16.282548, 19.738661], [-16.28255, 19.738932], [-16.282837, 19.73893], [-16.282848, 19.740285], [-16.283134, 19.740283], [-16.283136, 19.740554], [-16.283708, 19.74055]]]}, "properties": {"layer": "core", "exposure_min": 0.6, "area_ha": 1.08}}, {"type": "Feature", "geometry": {"type": "Polygon", "coordinates": [[[-16.319195, 19.739208], [-16.31919, 19.738666], [-16.319763, 19.738662], [-16.319758, 19.73812], [-16.318613, 19.738128], [-16.318618, 19.73867], [-16.318332, 19.738672], [-16.318336, 19.739214], [-16.319195, 19.739208]]]}, "properties": {"layer": "core", "exposure_min": 0.6, "area_ha": 1.26}}, {"type": "Feature", "geometry": {"type": "Polygon", "coordinates": [[[-16.35097, 19.739242], [-16.350964, 19.738429], [-16.35125, 19.738427], [-16.351243, 19.737614], [-16.350957, 19.737616], [-16.350961, 19.738158], [-16.350675, 19.73816], [-16.350684, 19.739244], [-16.35097, 19.739242]]]}, "properties": {"layer": "core", "exposure_min": 0.6, "area_ha": 0.63}}, {"type": "Feature", "geometry": {"type": "Polygon", "coordinates": [[[-16.280547, 19.738946], [-16.280545, 19.738675], [-16.280258, 19.738677], [-16.280256, 19.738406], [-16.280542, 19.738404], [-16.280538, 19.737862], [-16.279966, 19.737866], [-16.279974, 19.73895], [-16.280547, 19.738946]]]}, "properties": {"layer": "core", "exposure_min": 0.6, "area_ha": 0.63}}, {"type": "Feature", "geometry": {"type": "Polygon", "coordinates": [[[-16.285125, 19.738642], [-16.285122, 19.738371], [-16.284836, 19.738373], [-16.284834, 19.738102], [-16.284548, 19.738104], [-16.284546, 19.737833], [-16.284259, 19.737835], [-16.284257, 19.737564], [-16.283971, 19.737566], [-16.283969, 19.737295], [-16.283682, 19.737298], [-16.28368, 19.737026], [-16.283394, 19.737029], [-16.283392, 19.736757], [-16.283106, 19.73676], [-16.283103, 19.736488], [-16.282817, 19.736491], [-16.282815, 19.736219], [-16.282529, 19.736222], [-16.282527, 19.735951], [-16.28224, 19.735953], [-16.282238, 19.735682], [-16.281952, 19.735684], [-16.28195, 19.735413], [-16.281664, 19.735415], [-16.281661, 19.735144], [-16.281375, 19.735146], [-16.281377, 19.735417], [-16.280805, 19.735421], [-16.280807, 19.735692], [-16.281093, 19.73569], [-16.281095, 19.735961], [-16.281382, 19.735959], [-16.281384, 19.73623], [-16.281956, 19.736226], [-16.281959, 19.736497], [-16.282531, 19.736493], [-16.282533, 19.736764], [-16.282819, 19.736762], [-16.282824, 19.737304], [-16.28311, 19.737302], [-16.283112, 19.737573], [-16.283398, 19.737571], [-16.283403, 19.738113], [-16.283116, 19.738115], [-16.283119, 19.738386], [-16.284264, 19.738378], [-16.284266, 19.738649], [-16.285125, 19.738642]]]}, "properties": {"layer": "core", "exposure_min": 0.6, "area_ha": 3.78}}, {"type": "Feature", "geometry": {"type": "Polygon", "coordinates": [[[-16.470289, 19.733695], [-16.470284, 19.733153], [-16.47057, 19.733151], [-16.47056, 19.732066], [-16.470274, 19.732069], [-16.470279, 19.732611], [-16.46942, 19.732618], [-16.469422, 19.732889], [-16.469709, 19.732887], [-16.469714, 19.733429], [-16.47, 19.733426], [-16.470002, 19.733697], [-16.470289, 19.733695]]]}, "properties": {"layer": "core", "exposure_min": 0.6, "area_ha": 1.08}}, {"type": "Feature", "geometry": {"type": "Polygon", "coordinates": [[[-16.295792, 19.748053], [-16.29579, 19.747781], [-16.296076, 19.747779], [-16.296074, 19.747508], [-16.297219, 19.7475], [-16.297217, 19.747229], [-16.297503, 19.747227], [-16.297499, 19.746685], [-16.298072, 19.746681], [-16.298069, 19.74641], [-16.298356, 19.746408], [-16.298358, 19.746679], [-16.298644, 19.746677], [-16.298642, 19.746406], [-16.298928, 19.746403], [-16.298926, 19.746132], [-16.299212, 19.74613], [-16.29921, 19.745859], [-16.298924, 19.745861], [-16.298922, 19.74559], [-16.299208, 19.745588], [-16.299203, 19.745046], [-16.29949, 19.745044], [-16.299488, 19.744773], [-16.299774, 19.744771], [-16.299772, 19.7445], [-16.300058, 19.744498], [-16.300056, 19.744227], [-16.300628, 19.744223], [-16.300624, 19.743681], [-16.301196, 19.743676], [-16.301194, 19.743405], [-16.30148, 19.743403], [-16.301478, 19.743132], [-16.301764, 19.74313], [-16.301762, 19.742859], [-16.302048, 19.742857], [-16.302046, 19.742586], [-16.302333, 19.742584], [-16.302335, 19.742855], [-16.302907, 19.742851], [-16.302912, 19.743393], [-16.303198, 19.743391], [-16.303196, 19.74312], [-16.304627, 19.743109], [-16.304623, 19.742567], [-16.305195, 19.742563], [-16.305197, 19.742834], [-16.305484, 19.742832], [-16.305477, 19.742019], [-16.306049, 19.742015], [-16.306052, 19.742286], [-16.306338, 19.742284], [-16.30634, 19.742555], [-16.306626, 19.742553], [-16.306629, 19.742824], [-16.307487, 19.742817], [-16.307483, 19.742275], [-16.307769, 19.742273], [-16.307771, 19.742544], [-16.30863, 19.742538], [-16.308626, 19.741996], [-16.308912, 19.741994], [-16.308919, 19.742807], [-16.309491, 19.742803], [-16.309489, 19.742532], [-16.310061, 19.742528], [-16.310059, 19.742257], [-16.309487, 19.742261], [-16.30948, 19.741448], [-16.309766, 19.741446], [-16.309764, 19.741175], [-16.31005, 19.741172], [-16.310048, 19.740901], [-16.310334, 19.740899], [-16.31033, 19.740357], [-16.309757, 19.740361], [-16.309755, 19.74009], [-16.308897, 19.740097], [-16.308899, 19.740368], [-16.308326, 19.740372], [-16.308322, 19.73983], [-16.308894, 19.739826], [-16.30889, 19.739284], [-16.309462, 19.739279], [-16.30946, 19.739008], [-16.309746, 19.739006], [-16.309744, 19.738735], [-16.308885, 19.738741], [-16.308883, 19.73847], [-16.309169, 19.738468], [-16.309167, 19.738197], [-16.30974, 19.738193], [-16.309738, 19.737922], [-16.310024, 19.73792], [-16.310026, 19.738191], [-16.310885, 19.738185], [-16.31088, 19.737643], [-16.311739, 19.737636], [-16.311744, 19.738178], [-16.311457, 19.738181], [-16.311462, 19.738723], [-16.312034, 19.738718], [-16.312036, 19.738989], [-16.311464, 19.738994], [-16.311466, 19.739265], [-16.31118, 19.739267], [-16.311182, 19.739538], [-16.310896, 19.73954], [-16.310898, 19.739811], [-16.311471, 19.739807], [-16.311468, 19.739536], [-16.311755, 19.739534], [-16.311752, 19.739263], [-16.312325, 19.739258], [-16.31232, 19.738716], [-16.312607, 19.738714], [-16.312602, 19.738172], [-16.312316, 19.738174], [-16.312314, 19.737903], [-16.312886, 19.737899], [-16.312888, 19.73817], [-16.313747, 19.738164], [-16.313749, 19.738435], [-16.312891, 19.738441], [-16.312893, 19.738712], [-16.313465, 19.738708], [-16.313468, 19.738979], [-16.31404, 19.738975], [-16.314036, 19.738433], [-16.314322, 19.738431], [-16.314315, 19.737617], [-16.314602, 19.737615], [-16.314599, 19.737344], [-16.314886, 19.737342], [-16.314883, 19.737071], [-16.315456, 19.737067], [-16.315454, 19.736796], [-16.316026, 19.736792], [-16.316031, 19.737334], [-16.315458, 19.737338], [-16.315467, 19.738422], [-16.315753, 19.73842], [-16.315755, 19.738691], [-16.316042, 19.738689], [-16.316044, 19.73896], [-16.31633, 19.738958], [-16.316328, 19.738687], [-16.316614, 19.738685], [-16.316612, 19.738414], [-16.317184, 19.73841], [-16.317182, 19.738139], [-16.317755, 19.738134], [-16.317752, 19.737863], [-16.318611, 19.737857], [-16.318609, 19.737586], [-16.318895, 19.737584], [-16.318897, 19.737855], [-16.319184, 19.737853], [-16.319179, 19.737311], [-16.318034, 19.737319], [-16.318036, 19.73759], [-16.31775, 19.737592], [-16.317746, 19.73705], [-16.318318, 19.737046], [-16.318316, 19.736775], [-16.318602, 19.736773], [-16.318605, 19.737044], [-16.318891, 19.737042], [-16.318889, 19.736771], [-16.319175, 19.736769], [-16.319173, 19.736498], [-16.319745, 19.736493], [-16.319743, 19.736222], [-16.320029, 19.73622], [-16.320027, 19.735949], [-16.320599, 19.735945], [-16.320595, 19.735403], [-16.321167, 19.735399], [-16.32117, 19.73567], [-16.321456, 19.735668], [-16.321458, 19.735939], [-16.320886, 19.735943], [-16.320892, 19.736756], [-16.320606, 19.736758], [-16.320608, 19.737029], [-16.320322, 19.737031], [-16.320326, 19.737573], [-16.321185, 19.737567], [-16.321183, 19.737296], [-16.320897, 19.737298], [-16.320894, 19.737027], [-16.321181, 19.737025], [-16.321178, 19.736754], [-16.321465, 19.736752], [-16.32146, 19.73621], [-16.321747, 19.736208], [-16.321753, 19.737021], [-16.321467, 19.737023], [-16.321469, 19.737294], [-16.322042, 19.73729], [-16.322044, 19.737561], [-16.32233, 19.737559], [-16.322319, 19.736203], [-16.322033, 19.736205], [-16.322026, 19.735392], [-16.32174, 19.735394], [-16.321735, 19.734852], [-16.322022, 19.73485], [-16.322019, 19.734579], [-16.321733, 19.734581], [-16.321731, 19.73431], [-16.322017, 19.734308], [-16.322015, 19.734037], [-16.321729, 19.734039], [-16.321722, 19.733226], [-16.320863, 19.733232], [-16.320868, 19.733775], [-16.320581, 19.733777], [-16.320584, 19.734048], [-16.320297, 19.73405], [-16.320295, 19.733779], [-16.320009, 19.733781], [-16.320013, 19.734323], [-16.318869, 19.734331], [-16.318871, 19.734602], [-16.318584, 19.734605], [-16.318587, 19.734876], [-16.318014, 19.73488], [-16.318016, 19.735151], [-16.317444, 19.735155], [-16.317446, 19.735426], [-16.316874, 19.73543], [-16.316876, 19.735701], [-16.31659, 19.735703], [-16.316592, 19.735974], [-16.316306, 19.735977], [-16.316308, 19.736248], [-16.316022, 19.73625], [-16.316024, 19.736521], [-16.314879, 19.736529], [-16.314877, 19.736258], [-16.31459, 19.73626], [-16.314595, 19.736802], [-16.314309, 19.736804], [-16.314306, 19.736533], [-16.31402, 19.736535], [-16.314018, 19.736264], [-16.313732, 19.736267], [-16.313734, 19.736538], [-16.313161, 19.736542], [-16.313164, 19.736813], [-16.311732, 19.736823], [-16.311735, 19.737094], [-16.310876, 19.737101], [-16.310878, 19.737372], [-16.310306, 19.737376], [-16.310303, 19.737105], [-16.309731, 19.737109], [-16.309733, 19.73738], [-16.308588, 19.737388], [-16.308586, 19.737117], [-16.308013, 19.737122], [-16.308016, 19.737393], [-16.307157, 19.737399], [-16.307159, 19.73767], [-16.306873, 19.737672], [-16.306875, 19.737943], [-16.306589, 19.737945], [-16.306591, 19.738216], [-16.307164, 19.738212], [-16.307161, 19.737941], [-16.307448, 19.737939], [-16.307445, 19.737668], [-16.308304, 19.737661], [-16.308306, 19.737933], [-16.308879, 19.737928], [-16.308881, 19.738199], [-16.308022, 19.738206], [-16.308025, 19.738477], [-16.307452, 19.738481], [-16.307454, 19.738752], [-16.306595, 19.738758], [-16.306598, 19.739029], [-16.306311, 19.739031], [-16.306309, 19.73876], [-16.306023, 19.738762], [-16.306025, 19.739033], [-16.305739, 19.739035], [-16.305737, 19.738764], [-16.30545, 19.738767], [-16.305448, 19.738495], [-16.305162, 19.738498], [-16.305164, 19.738769], [-16.304019, 19.738777], [-16.304021, 19.739048], [-16.303735, 19.73905], [-16.303737, 19.739321], [-16.303451, 19.739323], [-16.303456, 19.739865], [-16.302597, 19.739872], [-16.302595, 19.7396], [-16.301736, 19.739607], [-16.301738, 19.739878], [-16.300307, 19.739888], [-16.300309, 19.740159], [-16.29945, 19.740165], [-16.299452, 19.740436], [-16.29888, 19.740441], [-16.298882, 19.740712], [-16.298023, 19.740718], [-16.298026, 19.740989], [-16.297453, 19.740993], [-16.297455, 19.741264], [-16.298028, 19.74126], [-16.29803, 19.741531], [-16.297744, 19.741533], [-16.297746, 19.741804], [-16.297173, 19.741808], [-16.297176, 19.742079], [-16.296603, 19.742083], [-16.296599, 19.741541], [-16.296312, 19.741543], [-16.296308, 19.741001], [-16.296022, 19.741003], [-16.296024, 19.741274], [-16.295738, 19.741277], [-16.29574, 19.741548], [-16.295454, 19.74155], [-16.295451, 19.741279], [-16.294879, 19.741283], [-16.294881, 19.741554], [-16.294595, 19.741556], [-16.294599, 19.742098], [-16.295172, 19.742094], [-16.295174, 19.742365], [-16.29546, 19.742363], [-16.295462, 19.742634], [-16.295749, 19.742632], [-16.295753, 19.743174], [-16.295467, 19.743176], [-16.295471, 19.743718], [-16.294899, 19.743722], [-16.294905, 19.744535], [-16.294619, 19.744537], [-16.294621, 19.744808], [-16.294049, 19.744812], [-16.294044, 19.74427], [-16.293472, 19.744275], [-16.293467, 19.743732], [-16.293754, 19.74373], [-16.293749, 19.743188], [-16.293463, 19.74319], [-16.293461, 19.742919], [-16.293747, 19.742917], [-16.293743, 19.742375], [-16.294029, 19.742373], [-16.294027, 19.742102], [-16.294313, 19.7421], [-16.294311, 19.741829], [-16.293452, 19.741835], [-16.29345, 19.741564], [-16.292591, 19.74157], [-16.292589, 19.741299], [-16.292875, 19.741297], [-16.292873, 19.741026], [-16.293159, 19.741024], [-16.293155, 19.740482], [-16.292869, 19.740484], [-16.292871, 19.740755], [-16.291726, 19.740763], [-16.291724, 19.740492], [-16.290865, 19.740499], [-16.290867, 19.74077], [-16.289722, 19.740778], [-16.289724, 19.741049], [-16.290297, 19.741045], [-16.290299, 19.741316], [-16.290871, 19.741312], [-16.290874, 19.741583], [-16.290015, 19.741589], [-16.290017, 19.74186], [-16.290303, 19.741858], [-16.290308, 19.7424], [-16.290594, 19.742398], [-16.290596, 19.742669], [-16.290882, 19.742667], [-16.290884, 19.742938], [-16.291457, 19.742934], [-16.291461, 19.743476], [-16.291175, 19.743478], [-16.291182, 19.744291], [-16.291468, 19.744289], [-16.29147, 19.74456], [-16.290898, 19.744564], [-16.290895, 19.744293], [-16.290323, 19.744297], [-16.290325, 19.744568], [-16.290039, 19.74457], [-16.290045, 19.745383], [-16.290904, 19.745377], [-16.290902, 19.745106], [-16.291188, 19.745104], [-16.291186, 19.744833], [-16.291472, 19.744831], [-16.291477, 19.745373], [-16.292335, 19.745367], [-16.292338, 19.745638], [-16.29291, 19.745634], [-16.292912, 19.745905], [-16.293485, 19.745901], [-16.293489, 19.746443], [-16.293203, 19.746445], [-16.293205, 19.746716], [-16.293491, 19.746714], [-16.293498, 19.747527], [-16.29407, 19.747523], [-16.294073, 19.747794], [-16.294931, 19.747788], [-16.294934, 19.748059], [-16.295792, 19.748053]], [[-16.298069, 19.74641], [-16.297783, 19.746412], [-16.297779, 19.74587], [-16.298065, 19.745868], [-16.298069, 19.74641]], [[-16.296636, 19.746149], [-16.29635, 19.746151], [-16.296347, 19.74588], [-16.295775, 19.745884], [-16.29577, 19.745342], [-16.295484, 19.745344], [-16.295478, 19.744531], [-16.295764, 19.744529], [-16.295766, 19.7448], [-16.296339, 19.744796], [-16.296343, 19.745338], [-16.296629, 19.745336], [-16.296636, 19.746149]], [[-16.308342, 19.742269], [-16.308055, 19.742271], [-16.308051, 19.741729], [-16.308337, 19.741727], [-16.308335, 19.741456], [-16.308908, 19.741452], [-16.30891, 19.741723], [-16.308624, 19.741725], [-16.308626, 19.741996], [-16.308339, 19.741998], [-16.308342, 19.742269]], [[-16.290878, 19.742125], [-16.290592, 19.742127], [-16.290589, 19.741856], [-16.290876, 19.741854], [-16.290878, 19.742125]], [[-16.306047, 19.741744], [-16.305475, 19.741748], [-16.305468, 19.740935], [-16.305754, 19.740933], [-16.305757, 19.741204], [-16.306329, 19.7412], [-16.306331, 19.741471], [-16.306045, 19.741473], [-16.306047, 19.741744]], [[-16.292021, 19.741846], [-16.291734, 19.741848], [-16.291732, 19.741577], [-16.292019, 19.741574], [-16.292021, 19.741846]], [[-16.309764, 19.741175], [-16.309478, 19.741177], [-16.309476, 19.740906], [-16.309762, 19.740903], [-16.309764, 19.741175]], [[-16.308328, 19.740643], [-16.308042, 19.740645], [-16.30804, 19.740374], [-16.308326, 19.740372], [-16.308328, 19.740643]], [[-16.317466, 19.737865], [-16.316894, 19.73787], [-16.316891, 19.737599], [-16.316319, 19.737603], [-16.316317, 19.737332], [-16.317176, 19.737325], [-16.317173, 19.737054], [-16.31746, 19.737052], [-16.317466, 19.737865]], [[-16.313745, 19.737893], [-16.313459, 19.737895], [-16.313457, 19.737624], [-16.313743, 19.737622], [-16.313745, 19.737893]], [[-16.314315, 19.737617], [-16.313743, 19.737622], [-16.313741, 19.737351], [-16.314313, 19.737346], [-16.314315, 19.737617]], [[-16.312598, 19.73763], [-16.312312, 19.737632], [-16.312309, 19.737361], [-16.312596, 19.737359], [-16.312598, 19.73763]], [[-16.310308, 19.737647], [-16.310022, 19.737649], [-16.310019, 19.737378], [-16.310306, 19.737376], [-16.310308, 19.737647]], [[-16.320879, 19.73513], [-16.320593, 19.735132], [-16.32059, 19.734861], [-16.320877, 19.734859], [-16.320879, 19.73513]], [[-16.319445, 19.734869], [-16.319159, 19.734871], [-16.319157, 19.7346], [-16.319443, 19.734598], [-16.319445, 19.734869]], [[-16.321161, 19.734586], [-16.320874, 19.734588], [-16.32087, 19.734046], [-16.321156, 19.734043], [-16.321152, 19.733501], [-16.321438, 19.733499], [-16.321445, 19.734312], [-16.321158, 19.734315], [-16.321161, 19.734586]]]}, "properties": {"layer": "core", "exposure_min": 0.6, "area_ha": 122.67}}, {"type": "Feature", "geometry": {"type": "Polygon", "coordinates": [[[-16.286079, 19.750562], [-16.286072, 19.749749], [-16.286645, 19.749745], [-16.286643, 19.749474], [-16.287215, 19.74947], [-16.287217, 19.749741], [-16.28779, 19.749737], [-16.287788, 19.749466], [-16.287502, 19.749468], [-16.287499, 19.749197], [-16.287786, 19.749194], [-16.287781, 19.748652], [-16.288068, 19.74865], [-16.288065, 19.748379], [-16.288352, 19.748377], [-16.288354, 19.748648], [-16.28864, 19.748646], [-16.288636, 19.748104], [-16.288922, 19.748102], [-16.288918, 19.74756], [-16.289776, 19.747554], [-16.289779, 19.747825], [-16.290351, 19.747821], [-16.290349, 19.74755], [-16.290063, 19.747552], [-16.290061, 19.747281], [-16.289488, 19.747285], [-16.289484, 19.746743], [-16.290342, 19.746737], [-16.290338, 19.746195], [-16.290052, 19.746197], [-16.290047, 19.745654], [-16.289761, 19.745657], [-16.289757, 19.745114], [-16.289471, 19.745117], [-16.289468, 19.744846], [-16.289755, 19.744843], [-16.28975, 19.744301], [-16.290037, 19.744299], [-16.290032, 19.743757], [-16.290318, 19.743755], [-16.290314, 19.743213], [-16.2906, 19.743211], [-16.290596, 19.742669], [-16.29031, 19.742671], [-16.290308, 19.7424], [-16.290021, 19.742402], [-16.290023, 19.742673], [-16.289451, 19.742677], [-16.289449, 19.742406], [-16.288304, 19.742414], [-16.28831, 19.743228], [-16.287738, 19.743232], [-16.287736, 19.742961], [-16.287163, 19.742965], [-16.287161, 19.742694], [-16.286588, 19.742698], [-16.286591, 19.742969], [-16.286304, 19.742971], [-16.286302, 19.7427], [-16.286016, 19.742702], [-16.286014, 19.742431], [-16.285727, 19.742433], [-16.28573, 19.742704], [-16.285443, 19.742706], [-16.285439, 19.742164], [-16.284867, 19.742168], [-16.284871, 19.74271], [-16.284298, 19.742714], [-16.284296, 19.742443], [-16.28401, 19.742445], [-16.284008, 19.742174], [-16.28458, 19.74217], [-16.284572, 19.741086], [-16.283999, 19.74109], [-16.283997, 19.740819], [-16.283711, 19.740821], [-16.283713, 19.741092], [-16.283427, 19.741094], [-16.283429, 19.741365], [-16.284287, 19.741359], [-16.284292, 19.741901], [-16.283433, 19.741907], [-16.283435, 19.742178], [-16.283149, 19.74218], [-16.283151, 19.742451], [-16.282579, 19.742455], [-16.282583, 19.742998], [-16.282297, 19.743], [-16.282295, 19.742729], [-16.282008, 19.742731], [-16.281993, 19.740833], [-16.282566, 19.740829], [-16.282563, 19.740558], [-16.282277, 19.74056], [-16.282275, 19.740289], [-16.282561, 19.740287], [-16.282559, 19.740016], [-16.282273, 19.740018], [-16.282266, 19.739205], [-16.281694, 19.739209], [-16.28169, 19.738667], [-16.281403, 19.738669], [-16.281405, 19.73894], [-16.281119, 19.738942], [-16.281124, 19.739484], [-16.28141, 19.739482], [-16.281412, 19.739753], [-16.281126, 19.739755], [-16.281134, 19.740839], [-16.280848, 19.740842], [-16.28085, 19.741113], [-16.280564, 19.741115], [-16.280558, 19.740301], [-16.280271, 19.740304], [-16.280267, 19.739761], [-16.279981, 19.739763], [-16.279979, 19.739492], [-16.279692, 19.739495], [-16.279677, 19.737597], [-16.279963, 19.737595], [-16.279961, 19.737324], [-16.280248, 19.737322], [-16.280245, 19.737051], [-16.280532, 19.737049], [-16.280523, 19.735965], [-16.280237, 19.735967], [-16.28023, 19.735154], [-16.279944, 19.735156], [-16.279938, 19.734343], [-16.279651, 19.734345], [-16.279643, 19.733261], [-16.279356, 19.733263], [-16.279359, 19.733534], [-16.279072, 19.733536], [-16.279079, 19.734349], [-16.278793, 19.734351], [-16.278801, 19.735435], [-16.278515, 19.735437], [-16.27853, 19.737334], [-16.278244, 19.737336], [-16.278248, 19.737878], [-16.277962, 19.737881], [-16.277964, 19.738152], [-16.27825, 19.73815], [-16.278267, 19.740318], [-16.278554, 19.740316], [-16.278556, 19.740587], [-16.278842, 19.740585], [-16.278844, 19.740856], [-16.279131, 19.740854], [-16.279133, 19.741125], [-16.279419, 19.741123], [-16.279423, 19.741665], [-16.27971, 19.741663], [-16.279712, 19.741934], [-16.279998, 19.741932], [-16.28, 19.742203], [-16.280286, 19.742201], [-16.280291, 19.742743], [-16.280577, 19.742741], [-16.280579, 19.743012], [-16.280865, 19.74301], [-16.28087, 19.743552], [-16.281442, 19.743548], [-16.281447, 19.74409], [-16.281733, 19.744088], [-16.281752, 19.746527], [-16.282039, 19.746525], [-16.282045, 19.747338], [-16.282331, 19.747336], [-16.282336, 19.747878], [-16.282908, 19.747874], [-16.282906, 19.747603], [-16.283192, 19.747601], [-16.283199, 19.748414], [-16.283485, 19.748412], [-16.283487, 19.748683], [-16.284346, 19.748677], [-16.284342, 19.748135], [-16.284055, 19.748137], [-16.284053, 19.747866], [-16.284626, 19.747862], [-16.284617, 19.746778], [-16.284331, 19.74678], [-16.284327, 19.746238], [-16.28404, 19.74624], [-16.284038, 19.745969], [-16.284611, 19.745965], [-16.284613, 19.746236], [-16.284899, 19.746234], [-16.284901, 19.746505], [-16.285187, 19.746503], [-16.28519, 19.746774], [-16.284903, 19.746776], [-16.284906, 19.747047], [-16.285192, 19.747045], [-16.285205, 19.748671], [-16.285491, 19.748669], [-16.285498, 19.749482], [-16.285784, 19.74948], [-16.285793, 19.750564], [-16.286079, 19.750562]], [[-16.288636, 19.748104], [-16.288349, 19.748106], [-16.288347, 19.747835], [-16.288634, 19.747833], [-16.288636, 19.748104]], [[-16.288913, 19.747018], [-16.288627, 19.74702], [-16.288625, 19.746749], [-16.288911, 19.746747], [-16.288913, 19.747018]], [[-16.284047, 19.747053], [-16.28376, 19.747055], [-16.283758, 19.746784], [-16.284045, 19.746782], [-16.284047, 19.747053]], [[-16.290054, 19.746468], [-16.289768, 19.74647], [-16.289766, 19.746199], [-16.290052, 19.746197], [-16.290054, 19.746468]], [[-16.289195, 19.746474], [-16.288909, 19.746476], [-16.288907, 19.746205], [-16.289193, 19.746203], [-16.289195, 19.746474]], [[-16.284318, 19.745154], [-16.283745, 19.745158], [-16.283743, 19.744887], [-16.283457, 19.744889], [-16.28345, 19.744076], [-16.283164, 19.744078], [-16.283162, 19.743807], [-16.282876, 19.743809], [-16.282874, 19.743538], [-16.28316, 19.743536], [-16.283158, 19.743264], [-16.283444, 19.743262], [-16.283446, 19.743533], [-16.283732, 19.743531], [-16.283741, 19.744616], [-16.284027, 19.744614], [-16.284029, 19.744885], [-16.284316, 19.744883], [-16.284318, 19.745154]], [[-16.287165, 19.743236], [-16.286879, 19.743238], [-16.286877, 19.742967], [-16.287163, 19.742965], [-16.287165, 19.743236]]]}, "properties": {"layer": "core", "exposure_min": 0.6, "area_ha": 76.05}}, {"type": "Feature", "geometry": {"type": "Polygon", "coordinates": [[[-16.323446, 19.734027], [-16.323442, 19.733485], [-16.323728, 19.733482], [-16.323721, 19.732669], [-16.324007, 19.732667], [-16.324001, 19.731854], [-16.323428, 19.731858], [-16.32343, 19.732129], [-16.323144, 19.732131], [-16.323146, 19.732402], [-16.32286, 19.732405], [-16.322865, 19.732947], [-16.322292, 19.732951], [-16.322288, 19.732409], [-16.322002, 19.732411], [-16.322008, 19.733224], [-16.323153, 19.733216], [-16.32316, 19.734029], [-16.323446, 19.734027]]]}, "properties": {"layer": "core", "exposure_min": 0.6, "area_ha": 2.16}}, {"type": "Feature", "geometry": {"type": "Polygon", "coordinates": [[[-16.275362, 19.734917], [-16.275347, 19.73302], [-16.275061, 19.733022], [-16.275058, 19.732751], [-16.274772, 19.732753], [-16.274768, 19.732211], [-16.274482, 19.732213], [-16.27448, 19.731942], [-16.272762, 19.731954], [-16.27276, 19.731683], [-16.272474, 19.731685], [-16.27248, 19.732498], [-16.272194, 19.7325], [-16.2722, 19.733314], [-16.271914, 19.733316], [-16.271918, 19.733858], [-16.272491, 19.733854], [-16.272493, 19.734125], [-16.273066, 19.734121], [-16.273068, 19.734392], [-16.27364, 19.734388], [-16.273642, 19.734659], [-16.274215, 19.734655], [-16.274217, 19.734926], [-16.274503, 19.734924], [-16.274501, 19.734652], [-16.274787, 19.73465], [-16.274789, 19.734922], [-16.275362, 19.734917]], [[-16.273627, 19.732761], [-16.273341, 19.732763], [-16.273339, 19.732492], [-16.273625, 19.73249], [-16.273627, 19.732761]]]}, "properties": {"layer": "core", "exposure_min": 0.6, "area_ha": 8.64}}, {"type": "Feature", "geometry": {"type": "Polygon", "coordinates": [[[-16.325143, 19.731575], [-16.325141, 19.731304], [-16.324855, 19.731306], [-16.32485, 19.730764], [-16.325137, 19.730761], [-16.325132, 19.730219], [-16.324846, 19.730222], [-16.324848, 19.730493], [-16.324562, 19.730495], [-16.324566, 19.731037], [-16.323994, 19.731041], [-16.323996, 19.731312], [-16.324282, 19.73131], [-16.324285, 19.731581], [-16.325143, 19.731575]]]}, "properties": {"layer": "core", "exposure_min": 0.6, "area_ha": 0.9}}, {"type": "Feature", "geometry": {"type": "Polygon", "coordinates": [[[-16.471981, 19.730971], [-16.471976, 19.730429], [-16.47169, 19.730431], [-16.47168, 19.729347], [-16.471394, 19.729349], [-16.471391, 19.729078], [-16.471105, 19.729081], [-16.4711, 19.728538], [-16.470814, 19.728541], [-16.470821, 19.729354], [-16.471108, 19.729352], [-16.471112, 19.729894], [-16.471399, 19.729891], [-16.471409, 19.730975], [-16.471981, 19.730971]]]}, "properties": {"layer": "core", "exposure_min": 0.6, "area_ha": 1.26}}, {"type": "Feature", "geometry": {"type": "Polygon", "coordinates": [[[-16.280499, 19.732983], [-16.280488, 19.731628], [-16.280775, 19.731626], [-16.280764, 19.730271], [-16.28105, 19.730269], [-16.281041, 19.729185], [-16.280755, 19.729187], [-16.280757, 19.729458], [-16.280471, 19.72946], [-16.280486, 19.731357], [-16.2802, 19.731359], [-16.280211, 19.732714], [-16.279925, 19.732716], [-16.279927, 19.732987], [-16.280499, 19.732983]]]}, "properties": {"layer": "core", "exposure_min": 0.6, "area_ha": 1.71}}, {"type": "Feature", "geometry": {"type": "Polygon", "coordinates": [[[-16.276793, 19.734907], [-16.276791, 19.734636], [-16.277363, 19.734632], [-16.277361, 19.734361], [-16.277648, 19.734359], [-16.277643, 19.733817], [-16.277929, 19.733815], [-16.277925, 19.733273], [-16.278211, 19.733271], [-16.278216, 19.733813], [-16.278502, 19.733811], [-16.278496, 19.732998], [-16.277923, 19.733002], [-16.277919, 19.73246], [-16.278205, 19.732458], [-16.278207, 19.732729], [-16.278493, 19.732727], [-16.278474, 19.730287], [-16.278188, 19.730289], [-16.278186, 19.730018], [-16.278472, 19.730016], [-16.278465, 19.729203], [-16.278179, 19.729205], [-16.278183, 19.729747], [-16.277897, 19.729749], [-16.277899, 19.73002], [-16.277613, 19.730022], [-16.277617, 19.730564], [-16.277331, 19.730566], [-16.277338, 19.73138], [-16.277624, 19.731378], [-16.27763, 19.732191], [-16.277344, 19.732193], [-16.277351, 19.733006], [-16.277064, 19.733008], [-16.277071, 19.733821], [-16.276785, 19.733823], [-16.276778, 19.73301], [-16.276492, 19.733012], [-16.276496, 19.733554], [-16.27621, 19.733556], [-16.276212, 19.733827], [-16.276498, 19.733825], [-16.2765, 19.734096], [-16.276787, 19.734094], [-16.276789, 19.734365], [-16.276503, 19.734367], [-16.276507, 19.734909], [-16.276793, 19.734907]], [[-16.27791, 19.731376], [-16.277624, 19.731378], [-16.27762, 19.730835], [-16.277906, 19.730833], [-16.27791, 19.731376]], [[-16.27819, 19.73056], [-16.277904, 19.730562], [-16.277901, 19.730291], [-16.278188, 19.730289], [-16.27819, 19.73056]]]}, "properties": {"layer": "core", "exposure_min": 0.6, "area_ha": 5.76}}, {"type": "Feature", "geometry": {"type": "Polygon", "coordinates": [[[-16.277036, 19.729484], [-16.277032, 19.728942], [-16.27646, 19.728946], [-16.276455, 19.728404], [-16.276169, 19.728406], [-16.276173, 19.728948], [-16.275887, 19.72895], [-16.275889, 19.729221], [-16.276748, 19.729215], [-16.27675, 19.729486], [-16.277036, 19.729484]]]}, "properties": {"layer": "core", "exposure_min": 0.6, "area_ha": 0.63}}, {"type": "Feature", "geometry": {"type": "Polygon", "coordinates": [[[-16.333467, 19.734223], [-16.333464, 19.733952], [-16.334037, 19.733948], [-16.334035, 19.733677], [-16.334607, 19.733673], [-16.3346, 19.73286], [-16.334887, 19.732858], [-16.334884, 19.732586], [-16.335171, 19.732584], [-16.335164, 19.731771], [-16.33545, 19.731769], [-16.335443, 19.730956], [-16.33573, 19.730954], [-16.335727, 19.730683], [-16.336013, 19.730681], [-16.336009, 19.730139], [-16.336295, 19.730137], [-16.336288, 19.729323], [-16.336575, 19.729321], [-16.33657, 19.728779], [-16.336284, 19.728781], [-16.336277, 19.727968], [-16.335991, 19.72797], [-16.335989, 19.727699], [-16.335416, 19.727704], [-16.335418, 19.727975], [-16.335132, 19.727977], [-16.335137, 19.728519], [-16.334851, 19.728521], [-16.334857, 19.729334], [-16.334571, 19.729336], [-16.334573, 19.729607], [-16.334287, 19.729609], [-16.334298, 19.730965], [-16.334012, 19.730967], [-16.334017, 19.731509], [-16.33373, 19.731511], [-16.333735, 19.732053], [-16.333449, 19.732055], [-16.333451, 19.732326], [-16.333165, 19.732328], [-16.333169, 19.73287], [-16.332883, 19.732872], [-16.332885, 19.733143], [-16.332599, 19.733146], [-16.332606, 19.733959], [-16.333178, 19.733954], [-16.33318, 19.734225], [-16.333467, 19.734223]]]}, "properties": {"layer": "core", "exposure_min": 0.6, "area_ha": 11.7}}, {"type": "Feature", "geometry": {"type": "Polygon", "coordinates": [[[-16.450767, 19.727349], [-16.450764, 19.727078], [-16.451337, 19.727073], [-16.451332, 19.726531], [-16.451046, 19.726534], [-16.451048, 19.726805], [-16.450476, 19.726809], [-16.450478, 19.72708], [-16.450192, 19.727083], [-16.450194, 19.727354], [-16.450767, 19.727349]]]}, "properties": {"layer": "core", "exposure_min": 0.6, "area_ha": 0.54}}, {"type": "Feature", "geometry": {"type": "Polygon", "coordinates": [[[-16.4522, 19.727608], [-16.452198, 19.727337], [-16.45277, 19.727333], [-16.452768, 19.727062], [-16.452482, 19.727064], [-16.452477, 19.726522], [-16.452191, 19.726524], [-16.452188, 19.726253], [-16.451902, 19.726256], [-16.451907, 19.726798], [-16.452193, 19.726795], [-16.452195, 19.727066], [-16.451909, 19.727069], [-16.451912, 19.72734], [-16.451625, 19.727342], [-16.451628, 19.727613], [-16.4522, 19.727608]]]}, "properties": {"layer": "core", "exposure_min": 0.6, "area_ha": 0.81}}, {"type": "Feature", "geometry": {"type": "Polygon", "coordinates": [[[-16.327165, 19.733728], [-16.32716, 19.733186], [-16.327447, 19.733184], [-16.327444, 19.732913], [-16.327731, 19.732911], [-16.327726, 19.732369], [-16.328299, 19.732364], [-16.328296, 19.732093], [-16.328583, 19.732091], [-16.32858, 19.73182], [-16.328294, 19.731822], [-16.328292, 19.731551], [-16.328578, 19.731549], [-16.328576, 19.731278], [-16.329148, 19.731274], [-16.329151, 19.731545], [-16.329437, 19.731543], [-16.329435, 19.731272], [-16.33058, 19.731263], [-16.330577, 19.730992], [-16.330291, 19.730994], [-16.330289, 19.730723], [-16.330861, 19.730719], [-16.330859, 19.730448], [-16.331145, 19.730446], [-16.331143, 19.730175], [-16.330857, 19.730177], [-16.330843, 19.728551], [-16.33113, 19.728549], [-16.331127, 19.728278], [-16.331414, 19.728275], [-16.331407, 19.727462], [-16.331121, 19.727464], [-16.331118, 19.727193], [-16.330546, 19.727198], [-16.330544, 19.726927], [-16.329399, 19.726935], [-16.329401, 19.727206], [-16.328829, 19.72721], [-16.328831, 19.727481], [-16.329403, 19.727477], [-16.329406, 19.727748], [-16.329119, 19.72775], [-16.329122, 19.728021], [-16.328835, 19.728024], [-16.32884, 19.728566], [-16.329126, 19.728564], [-16.329128, 19.728835], [-16.328556, 19.728839], [-16.328554, 19.728568], [-16.327695, 19.728574], [-16.327699, 19.729116], [-16.327413, 19.729118], [-16.327418, 19.72966], [-16.327131, 19.729662], [-16.327134, 19.729934], [-16.327706, 19.729929], [-16.327704, 19.729658], [-16.328563, 19.729652], [-16.328565, 19.729923], [-16.328279, 19.729925], [-16.328287, 19.731009], [-16.328001, 19.731011], [-16.328003, 19.731282], [-16.327717, 19.731284], [-16.32772, 19.731556], [-16.327147, 19.73156], [-16.327152, 19.732102], [-16.326865, 19.732104], [-16.32687, 19.732646], [-16.326584, 19.732648], [-16.326592, 19.733732], [-16.327165, 19.733728]], [[-16.32801, 19.732095], [-16.327724, 19.732098], [-16.327722, 19.731827], [-16.328008, 19.731824], [-16.32801, 19.732095]], [[-16.328853, 19.730192], [-16.328567, 19.730194], [-16.328565, 19.729923], [-16.328851, 19.729921], [-16.328853, 19.730192]], [[-16.329705, 19.729372], [-16.329133, 19.729377], [-16.329128, 19.728835], [-16.329701, 19.72883], [-16.329705, 19.729372]], [[-16.327988, 19.729385], [-16.327702, 19.729387], [-16.327699, 19.729116], [-16.327986, 19.729114], [-16.327988, 19.729385]], [[-16.328272, 19.729112], [-16.327986, 19.729114], [-16.327983, 19.728843], [-16.32827, 19.728841], [-16.328272, 19.729112]], [[-16.329696, 19.728288], [-16.32941, 19.72829], [-16.329408, 19.728019], [-16.329694, 19.728017], [-16.329696, 19.728288]], [[-16.32998, 19.728015], [-16.329694, 19.728017], [-16.329692, 19.727746], [-16.329978, 19.727744], [-16.32998, 19.728015]]]}, "properties": {"layer": "core", "exposure_min": 0.6, "area_ha": 14.76}}, {"type": "Feature", "geometry": {"type": "Polygon", "coordinates": [[[-16.332567, 19.729351], [-16.332565, 19.72908], [-16.332851, 19.729078], [-16.332847, 19.728536], [-16.333419, 19.728532], [-16.333415, 19.72799], [-16.332842, 19.727994], [-16.332836, 19.727181], [-16.333122, 19.727179], [-16.33312, 19.726908], [-16.332547, 19.726912], [-16.332549, 19.727183], [-16.332263, 19.727185], [-16.332268, 19.727727], [-16.331982, 19.727729], [-16.331986, 19.728271], [-16.332272, 19.728269], [-16.332275, 19.72854], [-16.331988, 19.728542], [-16.331995, 19.729355], [-16.332567, 19.729351]]]}, "properties": {"layer": "core", "exposure_min": 0.6, "area_ha": 2.34}}, {"type": "Feature", "geometry": {"type": "Polygon", "coordinates": [[[-16.326559, 19.729667], [-16.326554, 19.729125], [-16.326841, 19.729123], [-16.326836, 19.72858], [-16.327122, 19.728578], [-16.32712, 19.728307], [-16.327406, 19.728305], [-16.327402, 19.727763], [-16.327688, 19.727761], [-16.327686, 19.72749], [-16.327972, 19.727488], [-16.327968, 19.726946], [-16.32854, 19.726942], [-16.328536, 19.726399], [-16.327963, 19.726404], [-16.327965, 19.726675], [-16.327679, 19.726677], [-16.327681, 19.726948], [-16.327395, 19.72695], [-16.327397, 19.727221], [-16.327111, 19.727223], [-16.327113, 19.727494], [-16.326827, 19.727496], [-16.326825, 19.727225], [-16.326539, 19.727227], [-16.326541, 19.727498], [-16.326255, 19.727501], [-16.326259, 19.728043], [-16.325973, 19.728045], [-16.325975, 19.728316], [-16.325689, 19.728318], [-16.325691, 19.728589], [-16.325977, 19.728587], [-16.325986, 19.729671], [-16.326559, 19.729667]]]}, "properties": {"layer": "core", "exposure_min": 0.6, "area_ha": 3.6}}, {"type": "Feature", "geometry": {"type": "Polygon", "coordinates": [[[-16.277026, 19.728129], [-16.277023, 19.727858], [-16.27731, 19.727856], [-16.277307, 19.727585], [-16.27788, 19.727581], [-16.277878, 19.72731], [-16.278164, 19.727308], [-16.278162, 19.727037], [-16.278448, 19.727035], [-16.278446, 19.726764], [-16.278732, 19.726762], [-16.27873, 19.726491], [-16.278158, 19.726495], [-16.27816, 19.726766], [-16.277873, 19.726768], [-16.277871, 19.726497], [-16.277585, 19.726499], [-16.277587, 19.72677], [-16.277301, 19.726772], [-16.277303, 19.727043], [-16.277017, 19.727045], [-16.277019, 19.727316], [-16.276733, 19.727318], [-16.276735, 19.727589], [-16.276449, 19.727591], [-16.276453, 19.728133], [-16.277026, 19.728129]]]}, "properties": {"layer": "core", "exposure_min": 0.6, "area_ha": 1.8}}, {"type": "Feature", "geometry": {"type": "Polygon", "coordinates": [[[-16.33712, 19.726065], [-16.337113, 19.725251], [-16.336541, 19.725256], [-16.336548, 19.726069], [-16.33712, 19.726065]]]}, "properties": {"layer": "core", "exposure_min": 0.6, "area_ha": 0.54}}, {"type": "Feature", "geometry": {"type": "Polygon", "coordinates": [[[-16.281328, 19.729183], [-16.281325, 19.728912], [-16.281612, 19.72891], [-16.28161, 19.728639], [-16.281896, 19.728637], [-16.281894, 19.728365], [-16.28218, 19.728363], [-16.282178, 19.728092], [-16.282464, 19.72809], [-16.282462, 19.727819], [-16.282748, 19.727817], [-16.282744, 19.727275], [-16.28303, 19.727273], [-16.283026, 19.726731], [-16.283312, 19.726729], [-16.283316, 19.727271], [-16.283889, 19.727267], [-16.283886, 19.726996], [-16.284173, 19.726994], [-16.28417, 19.726723], [-16.284457, 19.726721], [-16.284455, 19.72645], [-16.284741, 19.726448], [-16.284734, 19.725635], [-16.284448, 19.725637], [-16.28445, 19.725908], [-16.284164, 19.72591], [-16.284166, 19.726181], [-16.28388, 19.726183], [-16.283882, 19.726454], [-16.28331, 19.726458], [-16.283307, 19.726187], [-16.282735, 19.726191], [-16.282737, 19.726462], [-16.282451, 19.726464], [-16.282453, 19.726735], [-16.282167, 19.726737], [-16.282169, 19.727008], [-16.281883, 19.72701], [-16.281885, 19.727281], [-16.281599, 19.727283], [-16.281605, 19.728096], [-16.281319, 19.728099], [-16.281321, 19.72837], [-16.281035, 19.728372], [-16.281041, 19.729185], [-16.281328, 19.729183]]]}, "properties": {"layer": "core", "exposure_min": 0.6, "area_ha": 4.23}}, {"type": "Feature", "geometry": {"type": "Polygon", "coordinates": [[[-16.327677, 19.726406], [-16.327672, 19.725864], [-16.327959, 19.725862], [-16.327952, 19.725049], [-16.327666, 19.725051], [-16.327664, 19.72478], [-16.327377, 19.724782], [-16.327391, 19.726408], [-16.327677, 19.726406]]]}, "properties": {"layer": "core", "exposure_min": 0.6, "area_ha": 0.81}}, {"type": "Feature", "geometry": {"type": "Polygon", "coordinates": [[[-16.279302, 19.726487], [-16.2793, 19.726216], [-16.279587, 19.726214], [-16.279582, 19.725671], [-16.279868, 19.725669], [-16.279862, 19.724856], [-16.279576, 19.724858], [-16.279578, 19.725129], [-16.279292, 19.725131], [-16.279298, 19.725945], [-16.279012, 19.725947], [-16.279014, 19.726218], [-16.278728, 19.72622], [-16.27873, 19.726491], [-16.279302, 19.726487]]]}, "properties": {"layer": "core", "exposure_min": 0.6, "area_ha": 0.9}}, {"type": "Feature", "geometry": {"type": "Polygon", "coordinates": [[[-16.285593, 19.725628], [-16.285591, 19.725357], [-16.285877, 19.725355], [-16.285875, 19.725084], [-16.286161, 19.725082], [-16.286159, 19.724811], [-16.285586, 19.724815], [-16.285589, 19.725086], [-16.285302, 19.725088], [-16.285305, 19.725359], [-16.284732, 19.725364], [-16.284734, 19.725635], [-16.285593, 19.725628]]]}, "properties": {"layer": "core", "exposure_min": 0.6, "area_ha": 0.63}}, {"type": "Feature", "geometry": {"type": "Polygon", "coordinates": [[[-16.287302, 19.724532], [-16.287299, 19.724261], [-16.287586, 19.724259], [-16.287584, 19.723988], [-16.28787, 19.723986], [-16.287868, 19.723715], [-16.287581, 19.723717], [-16.287579, 19.723446], [-16.287293, 19.723448], [-16.287295, 19.723719], [-16.287009, 19.723721], [-16.287013, 19.724263], [-16.286727, 19.724265], [-16.286729, 19.724536], [-16.287302, 19.724532]]]}, "properties": {"layer": "core", "exposure_min": 0.6, "area_ha": 0.72}}, {"type": "Feature", "geometry": {"type": "Polygon", "coordinates": [[[-16.35207, 19.733813], [-16.352054, 19.731916], [-16.35234, 19.731913], [-16.352326, 19.730287], [-16.352613, 19.730285], [-16.352569, 19.725136], [-16.352855, 19.725133], [-16.352846, 19.724049], [-16.353132, 19.724047], [-16.353128, 19.723505], [-16.3537, 19.723501], [-16.353689, 19.722146], [-16.353403, 19.722148], [-16.353407, 19.72269], [-16.353121, 19.722692], [-16.353126, 19.723234], [-16.352839, 19.723236], [-16.352844, 19.723778], [-16.352558, 19.72378], [-16.352567, 19.724864], [-16.352281, 19.724867], [-16.352292, 19.726222], [-16.352006, 19.726224], [-16.352022, 19.728121], [-16.351736, 19.728123], [-16.35174, 19.728665], [-16.351454, 19.728668], [-16.351456, 19.728939], [-16.35117, 19.728941], [-16.35119, 19.73138], [-16.351477, 19.731378], [-16.351474, 19.731107], [-16.351761, 19.731105], [-16.351783, 19.733815], [-16.35207, 19.733813]]]}, "properties": {"layer": "core", "exposure_min": 0.6, "area_ha": 8.64}}, {"type": "Feature", "geometry": {"type": "Polygon", "coordinates": [[[-16.289299, 19.723704], [-16.289297, 19.723433], [-16.290155, 19.723427], [-16.290151, 19.722885], [-16.290723, 19.722881], [-16.290719, 19.722339], [-16.291005, 19.722337], [-16.291003, 19.722066], [-16.290717, 19.722068], [-16.290712, 19.721526], [-16.290426, 19.721528], [-16.290428, 19.721799], [-16.290142, 19.721801], [-16.290144, 19.722072], [-16.290431, 19.72207], [-16.290433, 19.722341], [-16.28986, 19.722345], [-16.289862, 19.722616], [-16.28929, 19.72262], [-16.289294, 19.723162], [-16.289008, 19.723164], [-16.289006, 19.722893], [-16.28872, 19.722895], [-16.288718, 19.722624], [-16.288431, 19.722626], [-16.288434, 19.722897], [-16.288147, 19.7229], [-16.288152, 19.723442], [-16.287865, 19.723444], [-16.287868, 19.723715], [-16.289299, 19.723704]], [[-16.28901, 19.723435], [-16.288438, 19.72344], [-16.288436, 19.723168], [-16.289008, 19.723164], [-16.28901, 19.723435]]]}, "properties": {"layer": "core", "exposure_min": 0.6, "area_ha": 2.7}}, {"type": "Feature", "geometry": {"type": "Polygon", "coordinates": [[[-16.334783, 19.72039], [-16.334779, 19.719848], [-16.334206, 19.719852], [-16.334204, 19.719581], [-16.333631, 19.719585], [-16.333638, 19.720398], [-16.333924, 19.720396], [-16.333922, 19.720125], [-16.334495, 19.720121], [-16.334497, 19.720392], [-16.334783, 19.72039]]]}, "properties": {"layer": "core", "exposure_min": 0.6, "area_ha": 0.72}}, {"type": "Feature", "geometry": {"type": "Polygon", "coordinates": [[[-16.35425, 19.720786], [-16.354229, 19.718347], [-16.353943, 19.718349], [-16.353955, 19.719704], [-16.353668, 19.719706], [-16.353673, 19.720248], [-16.353959, 19.720246], [-16.353964, 19.720788], [-16.35425, 19.720786]]]}, "properties": {"layer": "core", "exposure_min": 0.6, "area_ha": 0.99}}, {"type": "Feature", "geometry": {"type": "Polygon", "coordinates": [[[-16.335062, 19.719575], [-16.33506, 19.719304], [-16.335346, 19.719302], [-16.335344, 19.71903], [-16.33563, 19.719028], [-16.335621, 19.717944], [-16.335335, 19.717946], [-16.335337, 19.718217], [-16.334765, 19.718222], [-16.334767, 19.718493], [-16.334481, 19.718495], [-16.334486, 19.719037], [-16.334199, 19.719039], [-16.334202, 19.71931], [-16.334488, 19.719308], [-16.33449, 19.719579], [-16.335062, 19.719575]]]}, "properties": {"layer": "core", "exposure_min": 0.6, "area_ha": 1.62}}, {"type": "Feature", "geometry": {"type": "Polygon", "coordinates": [[[-16.354516, 19.718345], [-16.354504, 19.716989], [-16.35479, 19.716987], [-16.354788, 19.716716], [-16.354502, 19.716718], [-16.3545, 19.716447], [-16.354213, 19.716449], [-16.354229, 19.718347], [-16.354516, 19.718345]]]}, "properties": {"layer": "core", "exposure_min": 0.6, "area_ha": 0.72}}, {"type": "Feature", "geometry": {"type": "Polygon", "coordinates": [[[-16.339078, 19.720629], [-16.339074, 19.720087], [-16.339646, 19.720083], [-16.339642, 19.719541], [-16.339928, 19.719538], [-16.339926, 19.719267], [-16.340212, 19.719265], [-16.340201, 19.71791], [-16.340487, 19.717908], [-16.340485, 19.717637], [-16.340771, 19.717635], [-16.340764, 19.716822], [-16.34105, 19.716819], [-16.341048, 19.716548], [-16.340762, 19.716551], [-16.34076, 19.71628], [-16.341046, 19.716277], [-16.341044, 19.716006], [-16.34133, 19.716004], [-16.341327, 19.715733], [-16.341614, 19.715731], [-16.341593, 19.713292], [-16.341307, 19.713294], [-16.341309, 19.713565], [-16.341023, 19.713567], [-16.341025, 19.713838], [-16.340739, 19.71384], [-16.340732, 19.713027], [-16.341019, 19.713025], [-16.341016, 19.712754], [-16.340444, 19.712758], [-16.340442, 19.712487], [-16.340156, 19.712489], [-16.34016, 19.713031], [-16.340446, 19.713029], [-16.340449, 19.7133], [-16.340162, 19.713302], [-16.340167, 19.713845], [-16.339881, 19.713847], [-16.339883, 19.714118], [-16.339597, 19.71412], [-16.339599, 19.714391], [-16.339027, 19.714395], [-16.339033, 19.715208], [-16.338747, 19.71521], [-16.338752, 19.715752], [-16.339038, 19.71575], [-16.339042, 19.716292], [-16.338756, 19.716295], [-16.338763, 19.717108], [-16.339049, 19.717105], [-16.339054, 19.717648], [-16.33934, 19.717645], [-16.339342, 19.717916], [-16.339056, 19.717919], [-16.33906, 19.718461], [-16.339347, 19.718459], [-16.339351, 19.719001], [-16.339065, 19.719003], [-16.339067, 19.719274], [-16.338781, 19.719276], [-16.338783, 19.719547], [-16.339069, 19.719545], [-16.339072, 19.719816], [-16.338785, 19.719818], [-16.338792, 19.720631], [-16.339078, 19.720629]], [[-16.339631, 19.718185], [-16.339344, 19.718187], [-16.339342, 19.717916], [-16.339628, 19.717914], [-16.339631, 19.718185]], [[-16.340201, 19.71791], [-16.339915, 19.717912], [-16.33991, 19.71737], [-16.340196, 19.717368], [-16.340201, 19.71791]], [[-16.33991, 19.71737], [-16.339624, 19.717372], [-16.339619, 19.71683], [-16.339905, 19.716828], [-16.33991, 19.71737]], [[-16.34048, 19.717095], [-16.340194, 19.717097], [-16.340192, 19.716826], [-16.340478, 19.716824], [-16.34048, 19.717095]], [[-16.340471, 19.716011], [-16.339899, 19.716015], [-16.339896, 19.715744], [-16.340183, 19.715742], [-16.34018, 19.715471], [-16.340467, 19.715469], [-16.340464, 19.715198], [-16.340751, 19.715195], [-16.340755, 19.715737], [-16.340469, 19.71574], [-16.340471, 19.716011]], [[-16.339892, 19.715202], [-16.339606, 19.715204], [-16.339603, 19.714933], [-16.33989, 19.714931], [-16.339892, 19.715202]], [[-16.339887, 19.71466], [-16.339601, 19.714662], [-16.339599, 19.714391], [-16.339885, 19.714389], [-16.339887, 19.71466]], [[-16.340744, 19.714382], [-16.340458, 19.714384], [-16.340455, 19.714113], [-16.340741, 19.714111], [-16.340744, 19.714382]], [[-16.340455, 19.714113], [-16.340169, 19.714116], [-16.340167, 19.713845], [-16.340453, 19.713842], [-16.340455, 19.714113]]]}, "properties": {"layer": "core", "exposure_min": 0.6, "area_ha": 12.51}}, {"type": "Feature", "geometry": {"type": "Polygon", "coordinates": [[[-16.331047, 19.71852], [-16.331042, 19.717978], [-16.331614, 19.717974], [-16.331606, 19.71689], [-16.331892, 19.716888], [-16.331889, 19.716617], [-16.332176, 19.716615], [-16.332173, 19.716344], [-16.33246, 19.716341], [-16.332453, 19.715528], [-16.333025, 19.715524], [-16.333021, 19.714982], [-16.333307, 19.71498], [-16.333305, 19.714709], [-16.333591, 19.714707], [-16.333584, 19.713894], [-16.33387, 19.713891], [-16.333866, 19.713349], [-16.334725, 19.713343], [-16.334722, 19.713072], [-16.333864, 19.713078], [-16.333857, 19.712265], [-16.333571, 19.712267], [-16.333573, 19.712538], [-16.333287, 19.712541], [-16.333289, 19.712812], [-16.333003, 19.712814], [-16.333005, 19.713085], [-16.332719, 19.713087], [-16.332723, 19.713629], [-16.332437, 19.713631], [-16.332444, 19.714444], [-16.332158, 19.714446], [-16.332164, 19.715259], [-16.331878, 19.715262], [-16.331883, 19.715804], [-16.331597, 19.715806], [-16.331601, 19.716348], [-16.331315, 19.71635], [-16.331322, 19.717163], [-16.331035, 19.717165], [-16.33104, 19.717707], [-16.330754, 19.717709], [-16.33076, 19.718522], [-16.331047, 19.71852]], [[-16.333577, 19.71308], [-16.333291, 19.713083], [-16.333289, 19.712812], [-16.333575, 19.712809], [-16.333577, 19.71308]]]}, "properties": {"layer": "core", "exposure_min": 0.6, "area_ha": 6.12}}, {"type": "Feature", "geometry": {"type": "Polygon", "coordinates": [[[-16.339304, 19.713309], [-16.339301, 19.713038], [-16.339588, 19.713036], [-16.339585, 19.712765], [-16.339872, 19.712763], [-16.339869, 19.712491], [-16.339583, 19.712494], [-16.339581, 19.712223], [-16.339867, 19.71222], [-16.339863, 19.711678], [-16.339576, 19.711681], [-16.339579, 19.711952], [-16.339292, 19.711954], [-16.339299, 19.712767], [-16.339013, 19.712769], [-16.339018, 19.713311], [-16.339304, 19.713309]]]}, "properties": {"layer": "core", "exposure_min": 0.6, "area_ha": 0.81}}, {"type": "Feature", "geometry": {"type": "Polygon", "coordinates": [[[-16.334434, 19.712803], [-16.334432, 19.712532], [-16.334718, 19.71253], [-16.334716, 19.712259], [-16.335002, 19.712257], [-16.334999, 19.711986], [-16.334713, 19.711988], [-16.334711, 19.711717], [-16.334425, 19.711719], [-16.334427, 19.71199], [-16.334141, 19.711992], [-16.334148, 19.712805], [-16.334434, 19.712803]]]}, "properties": {"layer": "core", "exposure_min": 0.6, "area_ha": 0.63}}, {"type": "Feature", "geometry": {"type": "Polygon", "coordinates": [[[-16.3413, 19.712481], [-16.341294, 19.711668], [-16.34158, 19.711666], [-16.341577, 19.711394], [-16.341291, 19.711397], [-16.341289, 19.711126], [-16.341003, 19.711128], [-16.341014, 19.712483], [-16.3413, 19.712481]]]}, "properties": {"layer": "core", "exposure_min": 0.6, "area_ha": 0.54}}, {"type": "Feature", "geometry": {"type": "Polygon", "coordinates": [[[-16.34418, 19.714628], [-16.344176, 19.714086], [-16.344462, 19.714083], [-16.34446, 19.713812], [-16.344746, 19.71381], [-16.344741, 19.713268], [-16.345028, 19.713266], [-16.345023, 19.712724], [-16.345309, 19.712722], [-16.345296, 19.711096], [-16.34501, 19.711098], [-16.345012, 19.711369], [-16.344439, 19.711373], [-16.344435, 19.710831], [-16.344149, 19.710833], [-16.344153, 19.711375], [-16.343867, 19.711377], [-16.343876, 19.712461], [-16.34359, 19.712464], [-16.343592, 19.712735], [-16.343306, 19.712737], [-16.343322, 19.714634], [-16.34418, 19.714628]], [[-16.344455, 19.71327], [-16.344169, 19.713272], [-16.344165, 19.71273], [-16.344451, 19.712728], [-16.344455, 19.71327]], [[-16.344735, 19.712455], [-16.344162, 19.712459], [-16.34416, 19.712188], [-16.344732, 19.712184], [-16.344735, 19.712455]], [[-16.34473, 19.711913], [-16.344158, 19.711917], [-16.344156, 19.711646], [-16.344728, 19.711642], [-16.34473, 19.711913]]]}, "properties": {"layer": "core", "exposure_min": 0.6, "area_ha": 4.95}}, {"type": "Feature", "geometry": {"type": "Polygon", "coordinates": [[[-16.501575, 19.712295], [-16.501547, 19.709313], [-16.501261, 19.709316], [-16.501289, 19.712297], [-16.501575, 19.712295]]]}, "properties": {"layer": "core", "exposure_min": 0.6, "area_ha": 0.99}}, {"type": "Feature", "geometry": {"type": "Polygon", "coordinates": [[[-16.340149, 19.711676], [-16.340144, 19.711134], [-16.34043, 19.711132], [-16.340426, 19.71059], [-16.34014, 19.710592], [-16.340142, 19.710863], [-16.33957, 19.710867], [-16.339572, 19.711138], [-16.339858, 19.711136], [-16.339863, 19.711678], [-16.340149, 19.711676]]]}, "properties": {"layer": "core", "exposure_min": 0.6, "area_ha": 0.54}}, {"type": "Feature", "geometry": {"type": "Polygon", "coordinates": [[[-16.336512, 19.756156], [-16.3365, 19.754801], [-16.336214, 19.754803], [-16.336212, 19.754532], [-16.335926, 19.754534], [-16.335923, 19.754263], [-16.335637, 19.754265], [-16.335635, 19.753994], [-16.33678, 19.753985], [-16.336778, 19.753714], [-16.335346, 19.753725], [-16.335344, 19.753454], [-16.334485, 19.75346], [-16.334481, 19.752918], [-16.334195, 19.75292], [-16.334192, 19.752649], [-16.333906, 19.752652], [-16.333904, 19.752381], [-16.333617, 19.752383], [-16.333615, 19.752112], [-16.333329, 19.752114], [-16.333327, 19.751843], [-16.33304, 19.751845], [-16.333038, 19.751574], [-16.333324, 19.751572], [-16.333313, 19.750217], [-16.333027, 19.750219], [-16.333025, 19.749948], [-16.332738, 19.74995], [-16.332736, 19.749679], [-16.33245, 19.749681], [-16.332448, 19.74941], [-16.332161, 19.749412], [-16.332159, 19.749141], [-16.331873, 19.749143], [-16.331868, 19.748601], [-16.331582, 19.748603], [-16.331571, 19.747248], [-16.331857, 19.747246], [-16.331853, 19.746704], [-16.332139, 19.746702], [-16.332137, 19.746431], [-16.332709, 19.746426], [-16.332711, 19.746697], [-16.334143, 19.746687], [-16.33414, 19.746416], [-16.334713, 19.746411], [-16.334711, 19.74614], [-16.334997, 19.746138], [-16.334995, 19.745867], [-16.335281, 19.745865], [-16.335276, 19.745323], [-16.335849, 19.745319], [-16.335847, 19.745048], [-16.336419, 19.745043], [-16.336424, 19.745585], [-16.33671, 19.745583], [-16.336708, 19.745312], [-16.33728, 19.745308], [-16.337278, 19.745037], [-16.337851, 19.745033], [-16.337846, 19.744491], [-16.338132, 19.744489], [-16.338135, 19.74476], [-16.338993, 19.744753], [-16.338991, 19.744482], [-16.338705, 19.744484], [-16.338703, 19.744213], [-16.339275, 19.744209], [-16.339273, 19.743938], [-16.339559, 19.743936], [-16.339557, 19.743665], [-16.339843, 19.743663], [-16.339841, 19.743392], [-16.341272, 19.743381], [-16.34127, 19.74311], [-16.340983, 19.743112], [-16.340979, 19.74257], [-16.340406, 19.742574], [-16.340404, 19.742303], [-16.339832, 19.742307], [-16.339829, 19.742036], [-16.339543, 19.742039], [-16.339541, 19.741767], [-16.339255, 19.74177], [-16.339252, 19.741499], [-16.338966, 19.741501], [-16.338962, 19.740959], [-16.338675, 19.740961], [-16.338671, 19.740419], [-16.338385, 19.740421], [-16.338371, 19.738795], [-16.338657, 19.738793], [-16.338653, 19.73825], [-16.338367, 19.738253], [-16.338362, 19.737711], [-16.33779, 19.737715], [-16.337792, 19.737986], [-16.337506, 19.737988], [-16.33751, 19.73853], [-16.337224, 19.738532], [-16.337213, 19.737177], [-16.337499, 19.737175], [-16.337494, 19.736633], [-16.337781, 19.736631], [-16.337771, 19.735547], [-16.338058, 19.735544], [-16.338051, 19.734731], [-16.338337, 19.734729], [-16.338333, 19.734187], [-16.338619, 19.734185], [-16.338608, 19.73283], [-16.338894, 19.732828], [-16.338892, 19.732557], [-16.339178, 19.732554], [-16.339176, 19.732283], [-16.338889, 19.732286], [-16.338885, 19.731743], [-16.339171, 19.731741], [-16.339162, 19.730657], [-16.339448, 19.730655], [-16.339437, 19.7293], [-16.339723, 19.729298], [-16.339703, 19.726858], [-16.339989, 19.726856], [-16.339987, 19.726585], [-16.340273, 19.726583], [-16.340257, 19.724686], [-16.340543, 19.724684], [-16.340537, 19.723871], [-16.340823, 19.723869], [-16.340814, 19.722784], [-16.3411, 19.722782], [-16.341098, 19.722511], [-16.34167, 19.722507], [-16.341661, 19.721423], [-16.341947, 19.721421], [-16.341945, 19.72115], [-16.342231, 19.721147], [-16.342229, 19.720876], [-16.342515, 19.720874], [-16.342508, 19.720061], [-16.342795, 19.720059], [-16.342788, 19.719246], [-16.343074, 19.719244], [-16.343072, 19.718973], [-16.343358, 19.718971], [-16.343351, 19.718158], [-16.343065, 19.71816], [-16.343061, 19.717618], [-16.343347, 19.717615], [-16.34334, 19.716802], [-16.343912, 19.716798], [-16.343915, 19.717069], [-16.344201, 19.717067], [-16.344199, 19.716796], [-16.344771, 19.716792], [-16.344766, 19.71625], [-16.345053, 19.716247], [-16.345048, 19.715705], [-16.345334, 19.715703], [-16.345327, 19.71489], [-16.345614, 19.714888], [-16.345607, 19.714075], [-16.345893, 19.714073], [-16.345884, 19.712989], [-16.34617, 19.712986], [-16.346166, 19.712444], [-16.346452, 19.712442], [-16.34645, 19.712171], [-16.346736, 19.712169], [-16.346734, 19.711898], [-16.34702, 19.711896], [-16.347004, 19.709999], [-16.346718, 19.710001], [-16.346724, 19.710814], [-16.346438, 19.710816], [-16.346441, 19.711087], [-16.346154, 19.711089], [-16.346159, 19.711631], [-16.345586, 19.711636], [-16.345591, 19.712178], [-16.345877, 19.712175], [-16.345879, 19.712446], [-16.345593, 19.712449], [-16.3456, 19.713262], [-16.345314, 19.713264], [-16.345318, 19.713806], [-16.345032, 19.713808], [-16.345037, 19.71435], [-16.344751, 19.714352], [-16.344755, 19.714894], [-16.344469, 19.714897], [-16.344471, 19.715168], [-16.344185, 19.71517], [-16.344189, 19.715712], [-16.343903, 19.715714], [-16.34391, 19.716527], [-16.343051, 19.716533], [-16.343056, 19.717076], [-16.34277, 19.717078], [-16.342774, 19.71762], [-16.342488, 19.717622], [-16.342506, 19.71979], [-16.34222, 19.719792], [-16.342225, 19.720334], [-16.341938, 19.720336], [-16.341943, 19.720879], [-16.341657, 19.720881], [-16.341654, 19.72061], [-16.341368, 19.720612], [-16.341373, 19.721154], [-16.341086, 19.721156], [-16.341089, 19.721427], [-16.340516, 19.721431], [-16.340519, 19.721702], [-16.339946, 19.721707], [-16.339953, 19.72252], [-16.339667, 19.722522], [-16.339673, 19.723335], [-16.339387, 19.723337], [-16.33939, 19.723608], [-16.339103, 19.72361], [-16.33911, 19.724423], [-16.338824, 19.724426], [-16.338822, 19.724155], [-16.338535, 19.724157], [-16.338533, 19.723886], [-16.338247, 19.723888], [-16.338265, 19.726056], [-16.337979, 19.726058], [-16.337981, 19.726329], [-16.337695, 19.726331], [-16.337697, 19.726602], [-16.337983, 19.7266], [-16.337988, 19.727142], [-16.338274, 19.72714], [-16.338283, 19.728224], [-16.338855, 19.72822], [-16.338858, 19.728491], [-16.338571, 19.728493], [-16.338574, 19.728764], [-16.33886, 19.728762], [-16.338862, 19.729033], [-16.338576, 19.729035], [-16.338585, 19.730119], [-16.338299, 19.730122], [-16.338306, 19.730935], [-16.338019, 19.730937], [-16.338028, 19.732021], [-16.337742, 19.732023], [-16.337749, 19.732836], [-16.337463, 19.732838], [-16.337467, 19.73338], [-16.337181, 19.733383], [-16.337188, 19.734196], [-16.336901, 19.734198], [-16.336911, 19.735282], [-16.336624, 19.735284], [-16.336629, 19.735826], [-16.336343, 19.735828], [-16.33634, 19.735557], [-16.335768, 19.735561], [-16.335772, 19.736104], [-16.335486, 19.736106], [-16.335484, 19.735835], [-16.334911, 19.735839], [-16.334914, 19.73611], [-16.334341, 19.736114], [-16.334339, 19.735843], [-16.334053, 19.735845], [-16.33405, 19.735574], [-16.333192, 19.735581], [-16.333194, 19.735852], [-16.332621, 19.735856], [-16.332624, 19.736127], [-16.332337, 19.736129], [-16.33234, 19.7364], [-16.332053, 19.736402], [-16.332056, 19.736673], [-16.331483, 19.736678], [-16.331474, 19.735593], [-16.330902, 19.735598], [-16.330904, 19.735869], [-16.330332, 19.735873], [-16.330336, 19.736415], [-16.33005, 19.736417], [-16.330052, 19.736688], [-16.329766, 19.73669], [-16.32977, 19.737232], [-16.329484, 19.737235], [-16.329486, 19.737506], [-16.3292, 19.737508], [-16.329207, 19.738321], [-16.329779, 19.738317], [-16.329781, 19.738588], [-16.330354, 19.738583], [-16.330356, 19.738854], [-16.330642, 19.738852], [-16.33064, 19.738581], [-16.331213, 19.738577], [-16.33121, 19.738306], [-16.331497, 19.738304], [-16.331494, 19.738033], [-16.331781, 19.738031], [-16.331778, 19.73776], [-16.332065, 19.737757], [-16.332074, 19.738842], [-16.33236, 19.738839], [-16.332362, 19.73911], [-16.331503, 19.739117], [-16.33151, 19.73993], [-16.331224, 19.739932], [-16.331226, 19.740203], [-16.331799, 19.740199], [-16.331801, 19.74047], [-16.332087, 19.740468], [-16.332085, 19.740197], [-16.332944, 19.74019], [-16.332946, 19.740461], [-16.333805, 19.740455], [-16.333802, 19.740184], [-16.334089, 19.740182], [-16.334091, 19.740453], [-16.334663, 19.740449], [-16.334659, 19.739907], [-16.334373, 19.739909], [-16.33437, 19.739638], [-16.335229, 19.739631], [-16.335231, 19.739902], [-16.334945, 19.739904], [-16.334954, 19.740989], [-16.335527, 19.740984], [-16.335529, 19.741255], [-16.335815, 19.741253], [-16.33582, 19.741795], [-16.335533, 19.741797], [-16.335536, 19.742068], [-16.334963, 19.742073], [-16.334959, 19.741531], [-16.334672, 19.741533], [-16.334675, 19.741804], [-16.333816, 19.74181], [-16.333818, 19.742081], [-16.333246, 19.742085], [-16.333248, 19.742357], [-16.332962, 19.742359], [-16.332966, 19.742901], [-16.33268, 19.742903], [-16.332689, 19.743987], [-16.332403, 19.743989], [-16.332407, 19.744531], [-16.331835, 19.744535], [-16.331841, 19.745349], [-16.331269, 19.745353], [-16.331267, 19.745082], [-16.33098, 19.745084], [-16.330978, 19.744813], [-16.331264, 19.744811], [-16.33126, 19.744269], [-16.331546, 19.744267], [-16.331544, 19.743996], [-16.331258, 19.743998], [-16.331255, 19.743727], [-16.330969, 19.743729], [-16.330967, 19.743458], [-16.331253, 19.743456], [-16.331249, 19.742913], [-16.331535, 19.742911], [-16.331533, 19.74264], [-16.332391, 19.742634], [-16.332385, 19.741821], [-16.332671, 19.741819], [-16.332669, 19.741548], [-16.332955, 19.741546], [-16.33295, 19.741003], [-16.332378, 19.741008], [-16.332376, 19.740737], [-16.331231, 19.740745], [-16.331228, 19.740474], [-16.330942, 19.740476], [-16.33094, 19.740205], [-16.330367, 19.74021], [-16.33037, 19.740481], [-16.330083, 19.740483], [-16.330086, 19.740754], [-16.330372, 19.740752], [-16.330379, 19.741565], [-16.330092, 19.741567], [-16.330095, 19.741838], [-16.329808, 19.74184], [-16.329806, 19.741569], [-16.32952, 19.741571], [-16.329518, 19.7413], [-16.329231, 19.741302], [-16.329229, 19.741031], [-16.328943, 19.741033], [-16.328945, 19.741304], [-16.328086, 19.741311], [-16.328093, 19.742124], [-16.327807, 19.742126], [-16.327802, 19.741584], [-16.327516, 19.741586], [-16.327514, 19.741315], [-16.327228, 19.741317], [-16.327225, 19.741046], [-16.326653, 19.74105], [-16.326655, 19.741321], [-16.326369, 19.741323], [-16.326373, 19.741865], [-16.326087, 19.741868], [-16.326089, 19.742139], [-16.325803, 19.742141], [-16.325805, 19.742412], [-16.325519, 19.742414], [-16.325524, 19.742956], [-16.325237, 19.742958], [-16.32524, 19.743229], [-16.325526, 19.743227], [-16.325528, 19.743498], [-16.326673, 19.74349], [-16.326675, 19.743761], [-16.326389, 19.743763], [-16.326398, 19.744847], [-16.326684, 19.744845], [-16.326687, 19.745116], [-16.327545, 19.745109], [-16.327548, 19.74538], [-16.327834, 19.745378], [-16.327836, 19.745649], [-16.32755, 19.745651], [-16.327554, 19.746194], [-16.327841, 19.746191], [-16.327843, 19.746462], [-16.326984, 19.746469], [-16.326979, 19.745927], [-16.326693, 19.745929], [-16.326695, 19.7462], [-16.325837, 19.746206], [-16.325832, 19.745664], [-16.325546, 19.745666], [-16.325544, 19.745395], [-16.325257, 19.745397], [-16.325255, 19.745126], [-16.324969, 19.745128], [-16.324978, 19.746213], [-16.325264, 19.746211], [-16.325266, 19.746482], [-16.32498, 19.746484], [-16.324987, 19.747297], [-16.324701, 19.747299], [-16.324705, 19.747841], [-16.324419, 19.747843], [-16.324421, 19.748114], [-16.324707, 19.748112], [-16.324712, 19.748654], [-16.325571, 19.748648], [-16.325568, 19.748377], [-16.325855, 19.748375], [-16.325852, 19.748104], [-16.326139, 19.748101], [-16.326141, 19.748372], [-16.326427, 19.74837], [-16.326429, 19.748641], [-16.327861, 19.748631], [-16.327863, 19.748902], [-16.328435, 19.748898], [-16.328444, 19.749982], [-16.328731, 19.74998], [-16.328735, 19.750522], [-16.329594, 19.750515], [-16.329592, 19.750244], [-16.330164, 19.75024], [-16.330162, 19.749969], [-16.330448, 19.749967], [-16.330446, 19.749696], [-16.330732, 19.749694], [-16.33073, 19.749423], [-16.331303, 19.749418], [-16.331307, 19.74996], [-16.331593, 19.749958], [-16.331596, 19.750229], [-16.331882, 19.750227], [-16.331884, 19.750498], [-16.33217, 19.750496], [-16.332173, 19.750767], [-16.331886, 19.750769], [-16.331889, 19.75104], [-16.332461, 19.751036], [-16.332466, 19.751578], [-16.332179, 19.75158], [-16.332184, 19.752122], [-16.331611, 19.752127], [-16.331614, 19.752398], [-16.331041, 19.752402], [-16.331043, 19.752673], [-16.331616, 19.752669], [-16.331618, 19.75294], [-16.331904, 19.752938], [-16.331907, 19.753209], [-16.332193, 19.753206], [-16.332195, 19.753477], [-16.332481, 19.753475], [-16.332486, 19.754017], [-16.3322, 19.75402], [-16.332206, 19.754833], [-16.33192, 19.754835], [-16.331922, 19.755106], [-16.331636, 19.755108], [-16.331638, 19.755379], [-16.331352, 19.755381], [-16.331357, 19.755923], [-16.331643, 19.755921], [-16.331645, 19.756192], [-16.336512, 19.756156]], [[-16.332495, 19.755102], [-16.332209, 19.755104], [-16.332206, 19.754833], [-16.332493, 19.754831], [-16.332495, 19.755102]], [[-16.332779, 19.754828], [-16.332493, 19.754831], [-16.33249, 19.754559], [-16.332777, 19.754557], [-16.332779, 19.754828]], [[-16.33449, 19.754002], [-16.334204, 19.754005], [-16.334201, 19.753734], [-16.334488, 19.753731], [-16.33449, 19.754002]], [[-16.328704, 19.746727], [-16.328131, 19.746731], [-16.328127, 19.746189], [-16.328413, 19.746187], [-16.328409, 19.745645], [-16.328695, 19.745643], [-16.328704, 19.746727]], [[-16.328409, 19.745645], [-16.328122, 19.745647], [-16.32812, 19.745376], [-16.328406, 19.745374], [-16.328409, 19.745645]], [[-16.335799, 19.739356], [-16.335513, 19.739358], [-16.335509, 19.738816], [-16.335795, 19.738814], [-16.335799, 19.739356]], [[-16.336077, 19.73827], [-16.33579, 19.738272], [-16.335788, 19.738001], [-16.336074, 19.737999], [-16.336077, 19.73827]], [[-16.336645, 19.737723], [-16.336358, 19.737725], [-16.336349, 19.736641], [-16.336636, 19.736639], [-16.336645, 19.737723]], [[-16.338828, 19.724968], [-16.338542, 19.72497], [-16.33854, 19.724699], [-16.338826, 19.724697], [-16.338828, 19.724968]]]}, "properties": {"layer": "core", "exposure_min": 0.6, "area_ha": 185.94}}, {"type": "Feature", "geometry": {"type": "Polygon", "coordinates": [[[-16.335556, 19.710084], [-16.335554, 19.709813], [-16.33584, 19.709811], [-16.335838, 19.70954], [-16.336124, 19.709538], [-16.336122, 19.709267], [-16.336408, 19.709265], [-16.336403, 19.708723], [-16.336117, 19.708725], [-16.33612, 19.708996], [-16.335833, 19.708998], [-16.335836, 19.709269], [-16.335263, 19.709273], [-16.33527, 19.710086], [-16.335556, 19.710084]]]}, "properties": {"layer": "core", "exposure_min": 0.6, "area_ha": 0.81}}, {"type": "Feature", "geometry": {"type": "Polygon", "coordinates": [[[-16.329964, 19.726118], [-16.329962, 19.725847], [-16.330535, 19.725843], [-16.330532, 19.725571], [-16.331391, 19.725565], [-16.331389, 19.725294], [-16.330816, 19.725298], [-16.330814, 19.725027], [-16.330528, 19.725029], [-16.330526, 19.724758], [-16.331098, 19.724754], [-16.3311, 19.725025], [-16.331673, 19.725021], [-16.331675, 19.725292], [-16.331961, 19.72529], [-16.331959, 19.725019], [-16.332818, 19.725012], [-16.332815, 19.724741], [-16.333102, 19.724739], [-16.333099, 19.724468], [-16.334244, 19.72446], [-16.334242, 19.724189], [-16.334528, 19.724187], [-16.334526, 19.723915], [-16.333954, 19.72392], [-16.333949, 19.723378], [-16.333663, 19.72338], [-16.333661, 19.723109], [-16.334806, 19.7231], [-16.334803, 19.722829], [-16.335089, 19.722827], [-16.335085, 19.722285], [-16.335657, 19.722281], [-16.335653, 19.721739], [-16.335939, 19.721737], [-16.335935, 19.721194], [-16.336221, 19.721192], [-16.336216, 19.72065], [-16.336503, 19.720648], [-16.336498, 19.720106], [-16.336784, 19.720104], [-16.336777, 19.719291], [-16.337064, 19.719289], [-16.337061, 19.719018], [-16.336775, 19.71902], [-16.336773, 19.718749], [-16.337059, 19.718747], [-16.337046, 19.71712], [-16.337332, 19.717118], [-16.337343, 19.718473], [-16.337629, 19.718471], [-16.337627, 19.7182], [-16.337913, 19.718198], [-16.337898, 19.716301], [-16.337611, 19.716303], [-16.337614, 19.716574], [-16.337327, 19.716576], [-16.33733, 19.716847], [-16.337043, 19.716849], [-16.337034, 19.715765], [-16.336748, 19.715767], [-16.336741, 19.714954], [-16.337028, 19.714952], [-16.337023, 19.71441], [-16.336737, 19.714412], [-16.336735, 19.714141], [-16.336448, 19.714143], [-16.336444, 19.713601], [-16.33673, 19.713599], [-16.336726, 19.713057], [-16.337012, 19.713055], [-16.33701, 19.712784], [-16.337582, 19.71278], [-16.337584, 19.713051], [-16.33787, 19.713048], [-16.337868, 19.712777], [-16.338154, 19.712775], [-16.338152, 19.712504], [-16.337866, 19.712506], [-16.337857, 19.711422], [-16.338143, 19.71142], [-16.338141, 19.711149], [-16.337855, 19.711151], [-16.337852, 19.71088], [-16.338425, 19.710876], [-16.338427, 19.711147], [-16.338713, 19.711145], [-16.338711, 19.710874], [-16.339283, 19.71087], [-16.339281, 19.710599], [-16.339567, 19.710596], [-16.339565, 19.710325], [-16.339851, 19.710323], [-16.339847, 19.709781], [-16.340133, 19.709779], [-16.340131, 19.709508], [-16.340417, 19.709506], [-16.34041, 19.708693], [-16.340124, 19.708695], [-16.340128, 19.709237], [-16.339842, 19.709239], [-16.33984, 19.708968], [-16.339268, 19.708972], [-16.339265, 19.708701], [-16.338979, 19.708703], [-16.338975, 19.708161], [-16.338402, 19.708166], [-16.338407, 19.708708], [-16.338121, 19.70871], [-16.338125, 19.709252], [-16.337839, 19.709254], [-16.337841, 19.709525], [-16.337555, 19.709527], [-16.337557, 19.709798], [-16.337271, 19.7098], [-16.337273, 19.710071], [-16.336701, 19.710076], [-16.336703, 19.710347], [-16.336417, 19.710349], [-16.336424, 19.711162], [-16.335851, 19.711166], [-16.335854, 19.711437], [-16.336426, 19.711433], [-16.336433, 19.712246], [-16.336147, 19.712248], [-16.336149, 19.712519], [-16.334718, 19.71253], [-16.33472, 19.712801], [-16.335006, 19.712799], [-16.335013, 19.713612], [-16.334154, 19.713618], [-16.334157, 19.713889], [-16.334443, 19.713887], [-16.334447, 19.714429], [-16.334161, 19.714431], [-16.334163, 19.714702], [-16.333877, 19.714705], [-16.333902, 19.717686], [-16.334188, 19.717684], [-16.33419, 19.717955], [-16.334477, 19.717953], [-16.334479, 19.718224], [-16.334765, 19.718222], [-16.334761, 19.71768], [-16.335047, 19.717677], [-16.335049, 19.717948], [-16.335335, 19.717946], [-16.335333, 19.717675], [-16.335619, 19.717673], [-16.335617, 19.717402], [-16.336189, 19.717398], [-16.336192, 19.717669], [-16.336478, 19.717667], [-16.336496, 19.719835], [-16.33621, 19.719837], [-16.336214, 19.720379], [-16.335928, 19.720381], [-16.33593, 19.720652], [-16.335358, 19.720657], [-16.335362, 19.721199], [-16.33479, 19.721203], [-16.334792, 19.721474], [-16.33422, 19.721478], [-16.334217, 19.721207], [-16.333931, 19.721209], [-16.333927, 19.720667], [-16.333354, 19.720672], [-16.333352, 19.720401], [-16.333066, 19.720403], [-16.333068, 19.720674], [-16.332496, 19.720678], [-16.332498, 19.720949], [-16.331639, 19.720955], [-16.331641, 19.721226], [-16.332214, 19.721222], [-16.332216, 19.721493], [-16.331357, 19.7215], [-16.331362, 19.722042], [-16.330503, 19.722048], [-16.33051, 19.722861], [-16.329938, 19.722865], [-16.329935, 19.722594], [-16.329649, 19.722596], [-16.329654, 19.723139], [-16.329367, 19.723141], [-16.329365, 19.72287], [-16.329079, 19.722872], [-16.329086, 19.723685], [-16.328799, 19.723687], [-16.328804, 19.724229], [-16.328518, 19.724231], [-16.328524, 19.725044], [-16.328238, 19.725046], [-16.328245, 19.72586], [-16.329104, 19.725853], [-16.329106, 19.726124], [-16.329392, 19.726122], [-16.32939, 19.725851], [-16.329676, 19.725849], [-16.329678, 19.72612], [-16.329964, 19.726118]], [[-16.330246, 19.725574], [-16.32996, 19.725576], [-16.329958, 19.725305], [-16.329672, 19.725307], [-16.329669, 19.725036], [-16.329956, 19.725034], [-16.329947, 19.72395], [-16.330233, 19.723947], [-16.330231, 19.723676], [-16.330517, 19.723674], [-16.330523, 19.724487], [-16.330237, 19.724489], [-16.330242, 19.725032], [-16.330528, 19.725029], [-16.33053, 19.7253], [-16.330244, 19.725303], [-16.330246, 19.725574]], [[-16.331668, 19.724479], [-16.331382, 19.724481], [-16.331373, 19.723397], [-16.331659, 19.723395], [-16.331657, 19.723124], [-16.33223, 19.723119], [-16.332232, 19.72339], [-16.331946, 19.723393], [-16.331948, 19.723664], [-16.331662, 19.723666], [-16.331668, 19.724479]], [[-16.331089, 19.72367], [-16.330517, 19.723674], [-16.330515, 19.723403], [-16.331087, 19.723399], [-16.331089, 19.72367]], [[-16.331085, 19.723128], [-16.330798, 19.72313], [-16.330796, 19.722859], [-16.331082, 19.722857], [-16.331085, 19.723128]], [[-16.334231, 19.722833], [-16.333658, 19.722838], [-16.333656, 19.722567], [-16.333942, 19.722565], [-16.33394, 19.722294], [-16.334513, 19.722289], [-16.334515, 19.72256], [-16.334229, 19.722562], [-16.334231, 19.722833]], [[-16.333372, 19.72284], [-16.333086, 19.722842], [-16.333084, 19.722571], [-16.33337, 19.722569], [-16.333372, 19.72284]], [[-16.331366, 19.722584], [-16.33108, 19.722586], [-16.331078, 19.722315], [-16.331364, 19.722313], [-16.331366, 19.722584]], [[-16.333654, 19.722296], [-16.333368, 19.722298], [-16.333361, 19.721485], [-16.333647, 19.721483], [-16.333649, 19.721754], [-16.333936, 19.721751], [-16.333938, 19.722023], [-16.333652, 19.722025], [-16.333654, 19.722296]], [[-16.335367, 19.721741], [-16.334794, 19.721745], [-16.334792, 19.721474], [-16.335364, 19.72147], [-16.335367, 19.721741]], [[-16.336187, 19.717127], [-16.335901, 19.717129], [-16.335899, 19.716858], [-16.336185, 19.716856], [-16.336187, 19.717127]], [[-16.336178, 19.716043], [-16.335892, 19.716045], [-16.33589, 19.715774], [-16.336176, 19.715772], [-16.336178, 19.716043]], [[-16.336169, 19.714959], [-16.335883, 19.714961], [-16.335881, 19.71469], [-16.336167, 19.714688], [-16.336169, 19.714959]], [[-16.336453, 19.714685], [-16.336167, 19.714688], [-16.336165, 19.714416], [-16.336451, 19.714414], [-16.336453, 19.714685]], [[-16.338704, 19.710061], [-16.338418, 19.710063], [-16.338416, 19.709792], [-16.338702, 19.70979], [-16.338704, 19.710061]], [[-16.338986, 19.709516], [-16.3387, 19.709519], [-16.338695, 19.708977], [-16.338981, 19.708974], [-16.338986, 19.709516]], [[-16.338695, 19.708977], [-16.338409, 19.708979], [-16.338407, 19.708708], [-16.338693, 19.708706], [-16.338695, 19.708977]]]}, "properties": {"layer": "core", "exposure_min": 0.6, "area_ha": 51.3}}, {"type": "Feature", "geometry": {"type": "Polygon", "coordinates": [[[-16.336699, 19.709805], [-16.336696, 19.709534], [-16.337269, 19.709529], [-16.337267, 19.709258], [-16.337553, 19.709256], [-16.33755, 19.708985], [-16.337837, 19.708983], [-16.337834, 19.708712], [-16.338121, 19.70871], [-16.338114, 19.707897], [-16.337828, 19.707899], [-16.33783, 19.70817], [-16.337544, 19.708172], [-16.337546, 19.708443], [-16.33726, 19.708445], [-16.337262, 19.708716], [-16.336976, 19.708718], [-16.336978, 19.708989], [-16.336692, 19.708992], [-16.336694, 19.709263], [-16.336408, 19.709265], [-16.336412, 19.709807], [-16.336699, 19.709805]]]}, "properties": {"layer": "core", "exposure_min": 0.6, "area_ha": 1.44}}, {"type": "Feature", "geometry": {"type": "Polygon", "coordinates": [[[-16.336974, 19.708447], [-16.336971, 19.708176], [-16.337258, 19.708174], [-16.337248, 19.70709], [-16.336676, 19.707094], [-16.336681, 19.707636], [-16.336394, 19.707638], [-16.336397, 19.707909], [-16.33611, 19.707912], [-16.336115, 19.708454], [-16.336401, 19.708452], [-16.336399, 19.708181], [-16.336685, 19.708178], [-16.336687, 19.708449], [-16.336974, 19.708447]]]}, "properties": {"layer": "core", "exposure_min": 0.6, "area_ha": 1.17}}, {"type": "Feature", "geometry": {"type": "Polygon", "coordinates": [[[-16.280146, 19.724583], [-16.280144, 19.724312], [-16.28043, 19.72431], [-16.280428, 19.724039], [-16.280714, 19.724037], [-16.280712, 19.723766], [-16.280998, 19.723764], [-16.280996, 19.723493], [-16.281282, 19.723491], [-16.28128, 19.72322], [-16.281566, 19.723218], [-16.281564, 19.722947], [-16.28185, 19.722945], [-16.281848, 19.722674], [-16.282134, 19.722672], [-16.282132, 19.722401], [-16.282419, 19.722398], [-16.282416, 19.722127], [-16.282703, 19.722125], [-16.2827, 19.721854], [-16.282987, 19.721852], [-16.282984, 19.721581], [-16.283271, 19.721579], [-16.283269, 19.721308], [-16.283841, 19.721304], [-16.283839, 19.721033], [-16.284125, 19.721031], [-16.284123, 19.72076], [-16.284695, 19.720756], [-16.284693, 19.720485], [-16.284979, 19.720483], [-16.284977, 19.720212], [-16.28555, 19.720208], [-16.285547, 19.719937], [-16.28612, 19.719932], [-16.286118, 19.719661], [-16.288407, 19.719645], [-16.28841, 19.719916], [-16.288696, 19.719914], [-16.288694, 19.719643], [-16.28898, 19.719641], [-16.288982, 19.719912], [-16.289268, 19.71991], [-16.289266, 19.719639], [-16.289839, 19.719635], [-16.289836, 19.719364], [-16.290123, 19.719362], [-16.29012, 19.719091], [-16.290407, 19.719088], [-16.290402, 19.718546], [-16.290116, 19.718548], [-16.290114, 19.718277], [-16.290686, 19.718273], [-16.290684, 19.718002], [-16.291257, 19.717998], [-16.291254, 19.717727], [-16.291541, 19.717725], [-16.291538, 19.717454], [-16.292397, 19.717448], [-16.292395, 19.717177], [-16.292967, 19.717173], [-16.292965, 19.716902], [-16.293251, 19.7169], [-16.293254, 19.717171], [-16.29354, 19.717169], [-16.293538, 19.716897], [-16.29411, 19.716893], [-16.294112, 19.717164], [-16.294398, 19.717162], [-16.294401, 19.717433], [-16.293828, 19.717437], [-16.293835, 19.718251], [-16.293548, 19.718253], [-16.293551, 19.718524], [-16.294123, 19.71852], [-16.294125, 19.718791], [-16.293839, 19.718793], [-16.293841, 19.719064], [-16.293555, 19.719066], [-16.293559, 19.719608], [-16.293273, 19.71961], [-16.293275, 19.719881], [-16.292417, 19.719887], [-16.292423, 19.7207], [-16.292137, 19.720702], [-16.292139, 19.720973], [-16.291853, 19.720975], [-16.291855, 19.721246], [-16.291569, 19.721249], [-16.291571, 19.72152], [-16.290999, 19.721524], [-16.291003, 19.722066], [-16.291575, 19.722062], [-16.291573, 19.721791], [-16.292146, 19.721787], [-16.292144, 19.721515], [-16.29243, 19.721513], [-16.292428, 19.721242], [-16.292714, 19.72124], [-16.292712, 19.720969], [-16.292998, 19.720967], [-16.292996, 19.720696], [-16.293282, 19.720694], [-16.29328, 19.720423], [-16.293852, 19.720419], [-16.29385, 19.720148], [-16.294136, 19.720146], [-16.294134, 19.719875], [-16.294706, 19.719871], [-16.294704, 19.7196], [-16.29499, 19.719598], [-16.294986, 19.719055], [-16.295272, 19.719053], [-16.295268, 19.718511], [-16.295554, 19.718509], [-16.29555, 19.717967], [-16.295836, 19.717965], [-16.295834, 19.717694], [-16.29612, 19.717692], [-16.296116, 19.71715], [-16.296688, 19.717146], [-16.296684, 19.716604], [-16.29697, 19.716602], [-16.296966, 19.71606], [-16.297252, 19.716057], [-16.29725, 19.715786], [-16.297822, 19.715782], [-16.29782, 19.715511], [-16.298106, 19.715509], [-16.298104, 19.715238], [-16.29839, 19.715236], [-16.298388, 19.714965], [-16.298674, 19.714963], [-16.298672, 19.714692], [-16.298958, 19.71469], [-16.298956, 19.714419], [-16.299242, 19.714417], [-16.29924, 19.714146], [-16.299526, 19.714144], [-16.299524, 19.713873], [-16.298951, 19.713877], [-16.298949, 19.713606], [-16.299522, 19.713602], [-16.299519, 19.713331], [-16.299806, 19.713328], [-16.299803, 19.713057], [-16.30009, 19.713055], [-16.300088, 19.712784], [-16.300374, 19.712782], [-16.300376, 19.713053], [-16.300662, 19.713051], [-16.300658, 19.712509], [-16.30123, 19.712505], [-16.301228, 19.712234], [-16.301514, 19.712232], [-16.301512, 19.711961], [-16.301798, 19.711959], [-16.301796, 19.711688], [-16.302082, 19.711686], [-16.30208, 19.711415], [-16.302366, 19.711412], [-16.302364, 19.711141], [-16.30265, 19.711139], [-16.302648, 19.710868], [-16.302934, 19.710866], [-16.302932, 19.710595], [-16.303218, 19.710593], [-16.303216, 19.710322], [-16.303502, 19.71032], [-16.3035, 19.710049], [-16.303786, 19.710047], [-16.303784, 19.709776], [-16.30407, 19.709774], [-16.304066, 19.709232], [-16.304352, 19.70923], [-16.304348, 19.708688], [-16.304634, 19.708685], [-16.304621, 19.707059], [-16.304907, 19.707057], [-16.304905, 19.706786], [-16.303474, 19.706796], [-16.303476, 19.707068], [-16.302331, 19.707076], [-16.302333, 19.707347], [-16.302047, 19.707349], [-16.302051, 19.707891], [-16.301765, 19.707893], [-16.301767, 19.708164], [-16.301195, 19.708168], [-16.301202, 19.708981], [-16.299771, 19.708992], [-16.299768, 19.708721], [-16.299482, 19.708723], [-16.299484, 19.708994], [-16.298912, 19.708998], [-16.298914, 19.709269], [-16.298342, 19.709273], [-16.298344, 19.709544], [-16.298058, 19.709546], [-16.29806, 19.709817], [-16.298346, 19.709815], [-16.298348, 19.710086], [-16.298635, 19.710084], [-16.298639, 19.710626], [-16.298353, 19.710628], [-16.298355, 19.710899], [-16.298069, 19.710902], [-16.298071, 19.711173], [-16.297212, 19.711179], [-16.29721, 19.710908], [-16.296924, 19.71091], [-16.296931, 19.711723], [-16.296644, 19.711725], [-16.296647, 19.711996], [-16.29636, 19.711998], [-16.296365, 19.71254], [-16.296078, 19.712542], [-16.296081, 19.712813], [-16.295794, 19.712815], [-16.295797, 19.713086], [-16.29551, 19.713088], [-16.295513, 19.713359], [-16.295226, 19.713362], [-16.295229, 19.713633], [-16.294942, 19.713635], [-16.294945, 19.713906], [-16.294658, 19.713908], [-16.294661, 19.714179], [-16.294088, 19.714183], [-16.29409, 19.714454], [-16.293804, 19.714456], [-16.293802, 19.714185], [-16.292943, 19.714191], [-16.292948, 19.714733], [-16.292089, 19.714739], [-16.292091, 19.715011], [-16.291805, 19.715013], [-16.291807, 19.715284], [-16.291521, 19.715286], [-16.291523, 19.715557], [-16.291237, 19.715559], [-16.291241, 19.716101], [-16.290955, 19.716103], [-16.290957, 19.716374], [-16.290671, 19.716376], [-16.290673, 19.716647], [-16.290387, 19.716649], [-16.290389, 19.71692], [-16.289244, 19.716928], [-16.289247, 19.717199], [-16.28896, 19.717201], [-16.288962, 19.717473], [-16.288676, 19.717475], [-16.288678, 19.717746], [-16.288106, 19.71775], [-16.288108, 19.718021], [-16.287822, 19.718023], [-16.287824, 19.718294], [-16.287538, 19.718296], [-16.28754, 19.718567], [-16.286968, 19.718571], [-16.28697, 19.718842], [-16.286684, 19.718844], [-16.286686, 19.719115], [-16.286113, 19.719119], [-16.286116, 19.71939], [-16.285543, 19.719394], [-16.285545, 19.719666], [-16.284973, 19.71967], [-16.284975, 19.719941], [-16.284689, 19.719943], [-16.284691, 19.720214], [-16.284405, 19.720216], [-16.284407, 19.720487], [-16.283834, 19.720491], [-16.283837, 19.720762], [-16.28355, 19.720764], [-16.283553, 19.721035], [-16.28298, 19.721039], [-16.282982, 19.72131], [-16.282696, 19.721312], [-16.282698, 19.721583], [-16.282412, 19.721585], [-16.282414, 19.721856], [-16.282128, 19.721858], [-16.28213, 19.722129], [-16.281844, 19.722132], [-16.281846, 19.722403], [-16.28156, 19.722405], [-16.281562, 19.722676], [-16.281276, 19.722678], [-16.281278, 19.722949], [-16.280992, 19.722951], [-16.280994, 19.723222], [-16.280708, 19.723224], [-16.28071, 19.723495], [-16.280424, 19.723497], [-16.280426, 19.723768], [-16.28014, 19.72377], [-16.280142, 19.724041], [-16.279855, 19.724043], [-16.27986, 19.724585], [-16.280146, 19.724583]], [[-16.28726, 19.719382], [-16.286688, 19.719386], [-16.286686, 19.719115], [-16.287258, 19.719111], [-16.28726, 19.719382]], [[-16.287831, 19.719107], [-16.287258, 19.719111], [-16.287256, 19.71884], [-16.287829, 19.718836], [-16.287831, 19.719107]], [[-16.295829, 19.717152], [-16.295257, 19.717156], [-16.295255, 19.716885], [-16.295541, 19.716883], [-16.295539, 19.716612], [-16.296111, 19.716608], [-16.296113, 19.716879], [-16.295827, 19.716881], [-16.295829, 19.717152]], [[-16.296395, 19.716335], [-16.295823, 19.716339], [-16.295821, 19.716068], [-16.296107, 19.716066], [-16.296105, 19.715795], [-16.296391, 19.715793], [-16.296395, 19.716335]], [[-16.296677, 19.715791], [-16.296391, 19.715793], [-16.296389, 19.715522], [-16.296675, 19.71552], [-16.296677, 19.715791]], [[-16.299782, 19.710347], [-16.298923, 19.710353], [-16.298921, 19.710082], [-16.299493, 19.710078], [-16.299491, 19.709807], [-16.299777, 19.709805], [-16.299782, 19.710347]], [[-16.298921, 19.710082], [-16.298635, 19.710084], [-16.298632, 19.709813], [-16.298919, 19.709811], [-16.298921, 19.710082]]]}, "properties": {"layer": "core", "exposure_min": 0.6, "area_ha": 77.94}}, {"type": "Feature", "geometry": {"type": "Polygon", "coordinates": [[[-16.339261, 19.708159], [-16.339259, 19.707888], [-16.339545, 19.707886], [-16.339543, 19.707615], [-16.340115, 19.707611], [-16.340113, 19.70734], [-16.340399, 19.707338], [-16.340394, 19.706795], [-16.340108, 19.706798], [-16.340106, 19.706527], [-16.340678, 19.706522], [-16.340676, 19.706251], [-16.340962, 19.706249], [-16.34096, 19.705978], [-16.340674, 19.70598], [-16.340669, 19.705438], [-16.340383, 19.70544], [-16.340388, 19.705982], [-16.340101, 19.705984], [-16.340104, 19.706256], [-16.339817, 19.706258], [-16.339822, 19.7068], [-16.339536, 19.706802], [-16.339538, 19.707073], [-16.339252, 19.707075], [-16.339254, 19.707346], [-16.338968, 19.707348], [-16.338975, 19.708161], [-16.339261, 19.708159]], [[-16.340113, 19.70734], [-16.339826, 19.707342], [-16.339824, 19.707071], [-16.34011, 19.707069], [-16.340113, 19.70734]]]}, "properties": {"layer": "core", "exposure_min": 0.6, "area_ha": 1.98}}, {"type": "Feature", "geometry": {"type": "Polygon", "coordinates": [[[-16.509803, 19.704636], [-16.509798, 19.704094], [-16.509512, 19.704097], [-16.509504, 19.703284], [-16.509218, 19.703286], [-16.509213, 19.702744], [-16.508927, 19.702747], [-16.508932, 19.703289], [-16.508645, 19.703291], [-16.508648, 19.703562], [-16.508934, 19.70356], [-16.508939, 19.704102], [-16.509225, 19.704099], [-16.509228, 19.70437], [-16.509514, 19.704368], [-16.509517, 19.704639], [-16.509803, 19.704636]]]}, "properties": {"layer": "core", "exposure_min": 0.6, "area_ha": 1.08}}, {"type": "Feature", "geometry": {"type": "Polygon", "coordinates": [[[-16.360414, 19.705018], [-16.360409, 19.704476], [-16.360695, 19.704474], [-16.360693, 19.704203], [-16.360979, 19.704201], [-16.360972, 19.703388], [-16.361258, 19.703386], [-16.361256, 19.703115], [-16.360684, 19.703119], [-16.360688, 19.703661], [-16.360402, 19.703663], [-16.360404, 19.703934], [-16.360118, 19.703936], [-16.360121, 19.704208], [-16.359834, 19.70421], [-16.359837, 19.704481], [-16.35955, 19.704483], [-16.359555, 19.705025], [-16.359841, 19.705023], [-16.359839, 19.704752], [-16.360125, 19.70475], [-16.360127, 19.705021], [-16.360414, 19.705018]]]}, "properties": {"layer": "core", "exposure_min": 0.6, "area_ha": 1.44}}, {"type": "Feature", "geometry": {"type": "Polygon", "coordinates": [[[-16.347563, 19.708368], [-16.34756, 19.708097], [-16.347847, 19.708095], [-16.34784, 19.707282], [-16.348126, 19.70728], [-16.348121, 19.706738], [-16.348408, 19.706735], [-16.348401, 19.705922], [-16.348687, 19.70592], [-16.348682, 19.705378], [-16.349255, 19.705374], [-16.349252, 19.705103], [-16.349825, 19.705098], [-16.349823, 19.704827], [-16.350109, 19.704825], [-16.350097, 19.70347], [-16.350384, 19.703468], [-16.350379, 19.702926], [-16.350093, 19.702928], [-16.350095, 19.703199], [-16.349809, 19.703201], [-16.349811, 19.703472], [-16.349525, 19.703474], [-16.349527, 19.703745], [-16.349241, 19.703748], [-16.349243, 19.704019], [-16.348957, 19.704021], [-16.348962, 19.704563], [-16.348676, 19.704565], [-16.348678, 19.704836], [-16.348392, 19.704838], [-16.348394, 19.705109], [-16.348108, 19.705111], [-16.34811, 19.705382], [-16.347824, 19.705385], [-16.347826, 19.705656], [-16.34754, 19.705658], [-16.347547, 19.706471], [-16.347261, 19.706473], [-16.347276, 19.70837], [-16.347563, 19.708368]]]}, "properties": {"layer": "core", "exposure_min": 0.6, "area_ha": 5.4}}, {"type": "Feature", "geometry": {"type": "Polygon", "coordinates": [[[-16.362115, 19.703108], [-16.36211, 19.702566], [-16.362396, 19.702564], [-16.362394, 19.702293], [-16.36268, 19.702291], [-16.362678, 19.70202], [-16.362964, 19.702018], [-16.362962, 19.701747], [-16.362389, 19.701751], [-16.362392, 19.702022], [-16.361819, 19.702026], [-16.361822, 19.702297], [-16.361535, 19.702299], [-16.361538, 19.70257], [-16.361252, 19.702573], [-16.361254, 19.702844], [-16.361826, 19.702839], [-16.361828, 19.70311], [-16.362115, 19.703108]]]}, "properties": {"layer": "core", "exposure_min": 0.6, "area_ha": 1.08}}, {"type": "Feature", "geometry": {"type": "Polygon", "coordinates": [[[-16.358699, 19.705302], [-16.358697, 19.705031], [-16.358983, 19.705029], [-16.35898, 19.704758], [-16.359267, 19.704756], [-16.359264, 19.704485], [-16.35955, 19.704483], [-16.359548, 19.704212], [-16.359834, 19.70421], [-16.35983, 19.703668], [-16.360116, 19.703665], [-16.360114, 19.703394], [-16.3604, 19.703392], [-16.360398, 19.703121], [-16.360684, 19.703119], [-16.360677, 19.702306], [-16.360963, 19.702304], [-16.360954, 19.70122], [-16.361526, 19.701215], [-16.361524, 19.700944], [-16.36181, 19.700942], [-16.361808, 19.700671], [-16.362094, 19.700669], [-16.362092, 19.700398], [-16.362378, 19.700396], [-16.362373, 19.699854], [-16.362087, 19.699856], [-16.362085, 19.699585], [-16.361799, 19.699587], [-16.361803, 19.700129], [-16.361517, 19.700131], [-16.361519, 19.700402], [-16.361233, 19.700404], [-16.361235, 19.700675], [-16.360949, 19.700678], [-16.360952, 19.700949], [-16.360665, 19.700951], [-16.36067, 19.701493], [-16.360384, 19.701495], [-16.360386, 19.701766], [-16.3601, 19.701768], [-16.360105, 19.70231], [-16.359818, 19.702312], [-16.359821, 19.702583], [-16.359534, 19.702586], [-16.359539, 19.703128], [-16.359825, 19.703126], [-16.359827, 19.703397], [-16.359541, 19.703399], [-16.359544, 19.70367], [-16.359257, 19.703672], [-16.359262, 19.704214], [-16.35869, 19.704218], [-16.358694, 19.70476], [-16.358408, 19.704763], [-16.358413, 19.705305], [-16.358699, 19.705302]]]}, "properties": {"layer": "core", "exposure_min": 0.6, "area_ha": 4.59}}, {"type": "Feature", "geometry": {"type": "Polygon", "coordinates": [[[-16.351219, 19.700751], [-16.351215, 19.700209], [-16.351501, 19.700207], [-16.351494, 19.699394], [-16.351208, 19.699396], [-16.351213, 19.699938], [-16.350926, 19.69994], [-16.350933, 19.700753], [-16.351219, 19.700751]]]}, "properties": {"layer": "core", "exposure_min": 0.6, "area_ha": 0.54}}, {"type": "Feature", "geometry": {"type": "Polygon", "coordinates": [[[-16.340656, 19.703812], [-16.340653, 19.703541], [-16.34094, 19.703539], [-16.340935, 19.702997], [-16.341221, 19.702995], [-16.341219, 19.702724], [-16.341505, 19.702721], [-16.341507, 19.702992], [-16.341794, 19.70299], [-16.341789, 19.702448], [-16.342075, 19.702446], [-16.342071, 19.701904], [-16.342357, 19.701902], [-16.342355, 19.701631], [-16.342641, 19.701629], [-16.342634, 19.700816], [-16.34292, 19.700813], [-16.342918, 19.700542], [-16.343204, 19.70054], [-16.343202, 19.700269], [-16.343488, 19.700267], [-16.343486, 19.699996], [-16.344058, 19.699992], [-16.344056, 19.699721], [-16.344342, 19.699719], [-16.344335, 19.698905], [-16.344049, 19.698908], [-16.344051, 19.699179], [-16.343479, 19.699183], [-16.343481, 19.699454], [-16.343195, 19.699456], [-16.343197, 19.699727], [-16.342911, 19.699729], [-16.342913, 19.7], [-16.342627, 19.700002], [-16.342632, 19.700545], [-16.342059, 19.700549], [-16.342062, 19.70082], [-16.341776, 19.700822], [-16.34178, 19.701364], [-16.341494, 19.701366], [-16.341496, 19.701637], [-16.34121, 19.701639], [-16.341214, 19.702181], [-16.340928, 19.702184], [-16.340933, 19.702726], [-16.340647, 19.702728], [-16.340649, 19.702999], [-16.340363, 19.703001], [-16.340367, 19.703543], [-16.340081, 19.703545], [-16.340083, 19.703816], [-16.340656, 19.703812]]]}, "properties": {"layer": "core", "exposure_min": 0.6, "area_ha": 4.77}}, {"type": "Feature", "geometry": {"type": "Polygon", "coordinates": [[[-16.35178, 19.699392], [-16.351773, 19.698579], [-16.35206, 19.698576], [-16.352055, 19.698034], [-16.351483, 19.698039], [-16.351494, 19.699394], [-16.35178, 19.699392]]]}, "properties": {"layer": "core", "exposure_min": 0.6, "area_ha": 0.63}}, {"type": "Feature", "geometry": {"type": "Polygon", "coordinates": [[[-16.344912, 19.699443], [-16.34491, 19.699172], [-16.345196, 19.69917], [-16.345194, 19.698899], [-16.345766, 19.698895], [-16.345759, 19.698082], [-16.346046, 19.698079], [-16.346043, 19.697808], [-16.346329, 19.697806], [-16.346327, 19.697535], [-16.346613, 19.697533], [-16.346611, 19.697262], [-16.346897, 19.69726], [-16.346895, 19.696989], [-16.346323, 19.696993], [-16.346325, 19.697264], [-16.346039, 19.697266], [-16.346041, 19.697537], [-16.345469, 19.697542], [-16.345471, 19.697813], [-16.345185, 19.697815], [-16.345187, 19.698086], [-16.344901, 19.698088], [-16.344903, 19.698359], [-16.344617, 19.698361], [-16.344619, 19.698632], [-16.344333, 19.698634], [-16.344335, 19.698905], [-16.344621, 19.698903], [-16.344626, 19.699445], [-16.344912, 19.699443]]]}, "properties": {"layer": "core", "exposure_min": 0.6, "area_ha": 2.25}}, {"type": "Feature", "geometry": {"type": "Polygon", "coordinates": [[[-16.342098, 19.705156], [-16.342096, 19.704885], [-16.342382, 19.704883], [-16.34238, 19.704612], [-16.342666, 19.70461], [-16.342657, 19.703526], [-16.342943, 19.703524], [-16.342947, 19.704066], [-16.344664, 19.704053], [-16.34466, 19.703511], [-16.345518, 19.703504], [-16.345516, 19.703233], [-16.346089, 19.703229], [-16.346086, 19.702958], [-16.346372, 19.702956], [-16.346368, 19.702414], [-16.346654, 19.702412], [-16.346652, 19.702141], [-16.347224, 19.702136], [-16.34722, 19.701594], [-16.347506, 19.701592], [-16.347513, 19.702405], [-16.347799, 19.702403], [-16.347794, 19.701861], [-16.34808, 19.701859], [-16.348076, 19.701317], [-16.348362, 19.701315], [-16.348369, 19.702128], [-16.348655, 19.702126], [-16.348651, 19.701584], [-16.348937, 19.701581], [-16.348932, 19.701039], [-16.349218, 19.701037], [-16.349214, 19.700495], [-16.3495, 19.700493], [-16.349505, 19.701035], [-16.349791, 19.701033], [-16.349793, 19.701304], [-16.350079, 19.701302], [-16.350077, 19.701031], [-16.350363, 19.701029], [-16.350361, 19.700758], [-16.350647, 19.700755], [-16.350638, 19.699671], [-16.350924, 19.699669], [-16.350917, 19.698856], [-16.350631, 19.698858], [-16.350633, 19.699129], [-16.350347, 19.699131], [-16.350343, 19.698589], [-16.350056, 19.698591], [-16.350059, 19.698862], [-16.349773, 19.698865], [-16.349763, 19.697781], [-16.35005, 19.697778], [-16.350038, 19.696423], [-16.349466, 19.696427], [-16.349468, 19.696699], [-16.349182, 19.696701], [-16.349184, 19.696972], [-16.348326, 19.696978], [-16.348328, 19.697249], [-16.348042, 19.697251], [-16.348044, 19.697522], [-16.347758, 19.697525], [-16.34776, 19.697796], [-16.347474, 19.697798], [-16.347476, 19.698069], [-16.34719, 19.698071], [-16.347192, 19.698342], [-16.34662, 19.698346], [-16.346622, 19.698617], [-16.346336, 19.698619], [-16.346338, 19.69889], [-16.345766, 19.698895], [-16.345768, 19.699166], [-16.345482, 19.699168], [-16.345484, 19.699439], [-16.345198, 19.699441], [-16.345201, 19.699712], [-16.344914, 19.699714], [-16.344917, 19.699985], [-16.34463, 19.699987], [-16.344633, 19.700259], [-16.344919, 19.700256], [-16.344921, 19.700527], [-16.344349, 19.700532], [-16.344353, 19.701074], [-16.344067, 19.701076], [-16.344069, 19.701347], [-16.343783, 19.701349], [-16.343786, 19.70162], [-16.344358, 19.701616], [-16.34436, 19.701887], [-16.344646, 19.701885], [-16.344649, 19.702156], [-16.344076, 19.70216], [-16.344079, 19.702431], [-16.343792, 19.702433], [-16.343795, 19.702704], [-16.343508, 19.702706], [-16.343511, 19.702977], [-16.343225, 19.70298], [-16.343227, 19.703251], [-16.342941, 19.703253], [-16.342938, 19.702982], [-16.34208, 19.702988], [-16.342084, 19.70353], [-16.341798, 19.703532], [-16.3418, 19.703803], [-16.341514, 19.703806], [-16.341519, 19.704348], [-16.341805, 19.704345], [-16.341803, 19.704074], [-16.342089, 19.704072], [-16.342093, 19.704614], [-16.341807, 19.704616], [-16.341812, 19.705159], [-16.342098, 19.705156]], [[-16.3458, 19.70296], [-16.345228, 19.702965], [-16.345226, 19.702694], [-16.345512, 19.702691], [-16.345509, 19.70242], [-16.345796, 19.702418], [-16.3458, 19.70296]], [[-16.346082, 19.702416], [-16.345796, 19.702418], [-16.345793, 19.702147], [-16.34608, 19.702145], [-16.346082, 19.702416]], [[-16.347792, 19.70159], [-16.347506, 19.701592], [-16.347504, 19.701321], [-16.34779, 19.701319], [-16.347792, 19.70159]], [[-16.346075, 19.701603], [-16.34493, 19.701612], [-16.344928, 19.70134], [-16.345214, 19.701338], [-16.345212, 19.701067], [-16.345498, 19.701065], [-16.345496, 19.700794], [-16.346068, 19.70079], [-16.34607, 19.701061], [-16.346357, 19.701059], [-16.346359, 19.70133], [-16.346073, 19.701332], [-16.346075, 19.701603]], [[-16.346931, 19.701325], [-16.346645, 19.701328], [-16.346643, 19.701057], [-16.346929, 19.701054], [-16.346931, 19.701325]], [[-16.347215, 19.701052], [-16.346929, 19.701054], [-16.346927, 19.700783], [-16.347213, 19.700781], [-16.347215, 19.701052]], [[-16.346352, 19.700517], [-16.346066, 19.700519], [-16.346064, 19.700248], [-16.34635, 19.700246], [-16.346352, 19.700517]], [[-16.347208, 19.700239], [-16.346636, 19.700243], [-16.346634, 19.699972], [-16.347206, 19.699968], [-16.347208, 19.700239]], [[-16.350066, 19.699676], [-16.349779, 19.699678], [-16.349777, 19.699407], [-16.350063, 19.699405], [-16.350066, 19.699676]], [[-16.348062, 19.699691], [-16.347776, 19.699693], [-16.347774, 19.699422], [-16.34806, 19.69942], [-16.348062, 19.699691]], [[-16.350349, 19.699402], [-16.350063, 19.699405], [-16.350061, 19.699134], [-16.350347, 19.699131], [-16.350349, 19.699402]], [[-16.349777, 19.699407], [-16.349491, 19.699409], [-16.349489, 19.699138], [-16.349775, 19.699136], [-16.349777, 19.699407]], [[-16.348346, 19.699417], [-16.34806, 19.69942], [-16.348053, 19.698607], [-16.348339, 19.698604], [-16.348337, 19.698333], [-16.348623, 19.698331], [-16.34863, 19.699144], [-16.348344, 19.699146], [-16.348346, 19.699417]], [[-16.348909, 19.698329], [-16.348623, 19.698331], [-16.348621, 19.69806], [-16.348907, 19.698058], [-16.348909, 19.698329]], [[-16.349193, 19.698056], [-16.348907, 19.698058], [-16.348905, 19.697787], [-16.349191, 19.697785], [-16.349193, 19.698056]], [[-16.349477, 19.697783], [-16.349191, 19.697785], [-16.349189, 19.697514], [-16.349475, 19.697512], [-16.349477, 19.697783]]]}, "properties": {"layer": "core", "exposure_min": 0.6, "area_ha": 29.88}}, {"type": "Feature", "geometry": {"type": "Polygon", "coordinates": [[[-16.466224, 19.696054], [-16.466214, 19.69497], [-16.465928, 19.694972], [-16.465926, 19.694701], [-16.46564, 19.694703], [-16.465642, 19.694974], [-16.465356, 19.694977], [-16.465358, 19.695248], [-16.465072, 19.69525], [-16.465075, 19.695521], [-16.465647, 19.695516], [-16.465649, 19.695787], [-16.465936, 19.695785], [-16.465938, 19.696056], [-16.466224, 19.696054]]]}, "properties": {"layer": "core", "exposure_min": 0.6, "area_ha": 0.99}}, {"type": "Feature", "geometry": {"type": "Polygon", "coordinates": [[[-16.362943, 19.699578], [-16.362939, 19.699036], [-16.363511, 19.699032], [-16.363513, 19.699303], [-16.3638, 19.699301], [-16.363795, 19.698759], [-16.364653, 19.698752], [-16.364651, 19.698481], [-16.364937, 19.698479], [-16.364935, 19.698208], [-16.365221, 19.698206], [-16.365214, 19.697393], [-16.364928, 19.697395], [-16.36493, 19.697666], [-16.364644, 19.697668], [-16.36464, 19.697126], [-16.365498, 19.697119], [-16.365496, 19.696848], [-16.365782, 19.696846], [-16.36578, 19.696575], [-16.365494, 19.696577], [-16.365491, 19.696306], [-16.365777, 19.696304], [-16.365775, 19.696033], [-16.365203, 19.696037], [-16.365205, 19.696308], [-16.364633, 19.696313], [-16.364626, 19.6955], [-16.364054, 19.695504], [-16.364042, 19.694149], [-16.364614, 19.694145], [-16.364617, 19.694416], [-16.365475, 19.694409], [-16.365473, 19.694138], [-16.36719, 19.694125], [-16.367188, 19.693854], [-16.366901, 19.693856], [-16.366899, 19.693585], [-16.366327, 19.693589], [-16.366322, 19.693047], [-16.36575, 19.693052], [-16.365752, 19.693323], [-16.36518, 19.693327], [-16.365178, 19.693056], [-16.364891, 19.693058], [-16.364896, 19.6936], [-16.36461, 19.693602], [-16.364608, 19.693331], [-16.363749, 19.693338], [-16.363747, 19.693067], [-16.363461, 19.693069], [-16.363463, 19.69334], [-16.360887, 19.69336], [-16.360892, 19.693902], [-16.36175, 19.693895], [-16.361748, 19.693624], [-16.362034, 19.693622], [-16.362037, 19.693893], [-16.362609, 19.693889], [-16.362611, 19.69416], [-16.362897, 19.694158], [-16.3629, 19.694429], [-16.363186, 19.694426], [-16.36319, 19.694969], [-16.363477, 19.694966], [-16.363481, 19.695508], [-16.363767, 19.695506], [-16.363779, 19.696861], [-16.363493, 19.696864], [-16.363497, 19.697406], [-16.363211, 19.697408], [-16.363218, 19.698221], [-16.362932, 19.698223], [-16.362936, 19.698765], [-16.36265, 19.698767], [-16.362653, 19.699038], [-16.362366, 19.699041], [-16.362371, 19.699583], [-16.362943, 19.699578]], [[-16.363793, 19.698488], [-16.363506, 19.69849], [-16.363504, 19.698219], [-16.36379, 19.698217], [-16.363793, 19.698488]], [[-16.364363, 19.698212], [-16.364077, 19.698214], [-16.364074, 19.697943], [-16.36436, 19.697941], [-16.364363, 19.698212]], [[-16.364647, 19.697939], [-16.36436, 19.697941], [-16.364358, 19.69767], [-16.364644, 19.697668], [-16.364647, 19.697939]]]}, "properties": {"layer": "core", "exposure_min": 0.6, "area_ha": 13.41}}, {"type": "Feature", "geometry": {"type": "Polygon", "coordinates": [[[-16.347467, 19.696985], [-16.347465, 19.696714], [-16.347751, 19.696711], [-16.347749, 19.69644], [-16.348607, 19.696434], [-16.348605, 19.696163], [-16.348891, 19.696161], [-16.348889, 19.69589], [-16.349175, 19.695888], [-16.349171, 19.695346], [-16.349743, 19.695341], [-16.349741, 19.69507], [-16.350027, 19.695068], [-16.350025, 19.694797], [-16.350311, 19.694795], [-16.350309, 19.694524], [-16.350022, 19.694526], [-16.35002, 19.694255], [-16.350592, 19.694251], [-16.35059, 19.69398], [-16.351162, 19.693975], [-16.351158, 19.693433], [-16.351444, 19.693431], [-16.351433, 19.692076], [-16.351147, 19.692078], [-16.351149, 19.692349], [-16.350863, 19.692351], [-16.350865, 19.692622], [-16.350579, 19.692624], [-16.350581, 19.692895], [-16.350009, 19.6929], [-16.350018, 19.693984], [-16.349732, 19.693986], [-16.349734, 19.694257], [-16.349448, 19.694259], [-16.34945, 19.69453], [-16.349164, 19.694532], [-16.349166, 19.694803], [-16.34888, 19.694806], [-16.348885, 19.695348], [-16.348312, 19.695352], [-16.348317, 19.695894], [-16.347744, 19.695898], [-16.347747, 19.696169], [-16.34746, 19.696172], [-16.347463, 19.696443], [-16.347177, 19.696445], [-16.347179, 19.696716], [-16.346893, 19.696718], [-16.346895, 19.696989], [-16.347467, 19.696985]]]}, "properties": {"layer": "core", "exposure_min": 0.6, "area_ha": 5.22}}, {"type": "Feature", "geometry": {"type": "Polygon", "coordinates": [[[-16.370312, 19.69112], [-16.370308, 19.690578], [-16.370594, 19.690575], [-16.370587, 19.689762], [-16.370873, 19.68976], [-16.370864, 19.688676], [-16.370578, 19.688678], [-16.37058, 19.688949], [-16.370294, 19.688951], [-16.370296, 19.689222], [-16.37001, 19.689225], [-16.370012, 19.689496], [-16.370298, 19.689493], [-16.370301, 19.689764], [-16.369728, 19.689769], [-16.369733, 19.690311], [-16.369161, 19.690315], [-16.369163, 19.690586], [-16.368877, 19.690588], [-16.368879, 19.690859], [-16.368593, 19.690862], [-16.368595, 19.691133], [-16.369168, 19.691128], [-16.369165, 19.690857], [-16.369738, 19.690853], [-16.369735, 19.690582], [-16.370021, 19.69058], [-16.370026, 19.691122], [-16.370312, 19.69112]]]}, "properties": {"layer": "core", "exposure_min": 0.6, "area_ha": 2.34}}, {"type": "Feature", "geometry": {"type": "Polygon", "coordinates": [[[-16.474754, 19.690021], [-16.474752, 19.68975], [-16.475038, 19.689747], [-16.475035, 19.689476], [-16.475321, 19.689474], [-16.475316, 19.688932], [-16.475603, 19.68893], [-16.475598, 19.688388], [-16.475884, 19.688385], [-16.475886, 19.688656], [-16.476172, 19.688654], [-16.476162, 19.68757], [-16.475876, 19.687572], [-16.475871, 19.68703], [-16.476158, 19.687028], [-16.476155, 19.686757], [-16.475869, 19.686759], [-16.475864, 19.686217], [-16.475292, 19.686222], [-16.475297, 19.686764], [-16.475583, 19.686762], [-16.475588, 19.687304], [-16.475302, 19.687306], [-16.475299, 19.687035], [-16.475013, 19.687037], [-16.475008, 19.686495], [-16.474722, 19.686498], [-16.474729, 19.687311], [-16.475015, 19.687308], [-16.47502, 19.68785], [-16.474162, 19.687857], [-16.474164, 19.688128], [-16.473878, 19.688131], [-16.473881, 19.688402], [-16.473595, 19.688404], [-16.473597, 19.688675], [-16.473883, 19.688673], [-16.473891, 19.689486], [-16.474463, 19.689481], [-16.474468, 19.690023], [-16.474754, 19.690021]], [[-16.474747, 19.689208], [-16.474461, 19.68921], [-16.474456, 19.688668], [-16.474742, 19.688666], [-16.474747, 19.689208]], [[-16.475881, 19.688114], [-16.475309, 19.688119], [-16.475307, 19.687848], [-16.475879, 19.687843], [-16.475881, 19.688114]]]}, "properties": {"layer": "core", "exposure_min": 0.6, "area_ha": 5.04}}, {"type": "Feature", "geometry": {"type": "Polygon", "coordinates": [[[-16.490414, 19.743286], [-16.490409, 19.742744], [-16.490696, 19.742742], [-16.490693, 19.742471], [-16.490979, 19.742468], [-16.490977, 19.742197], [-16.491263, 19.742195], [-16.491258, 19.741653], [-16.491544, 19.74165], [-16.491542, 19.741379], [-16.491828, 19.741377], [-16.491823, 19.740835], [-16.492109, 19.740833], [-16.492107, 19.740561], [-16.492393, 19.740559], [-16.49239, 19.740288], [-16.492677, 19.740286], [-16.492669, 19.739473], [-16.492955, 19.73947], [-16.492953, 19.739199], [-16.493525, 19.739194], [-16.49352, 19.738652], [-16.493806, 19.73865], [-16.493801, 19.738108], [-16.494087, 19.738106], [-16.494082, 19.737564], [-16.494369, 19.737561], [-16.494366, 19.73729], [-16.49408, 19.737293], [-16.494077, 19.737022], [-16.494364, 19.737019], [-16.494361, 19.736748], [-16.494647, 19.736746], [-16.494645, 19.736475], [-16.494931, 19.736472], [-16.494926, 19.73593], [-16.495498, 19.735926], [-16.495491, 19.735113], [-16.495777, 19.73511], [-16.495769, 19.734297], [-16.496056, 19.734295], [-16.496051, 19.733753], [-16.496337, 19.73375], [-16.496332, 19.733208], [-16.496618, 19.733206], [-16.496613, 19.732664], [-16.496899, 19.732661], [-16.496894, 19.732119], [-16.49718, 19.732117], [-16.497173, 19.731304], [-16.497459, 19.731302], [-16.497451, 19.730489], [-16.497738, 19.730486], [-16.497735, 19.730215], [-16.498021, 19.730213], [-16.498016, 19.729671], [-16.498302, 19.729668], [-16.4983, 19.729397], [-16.498586, 19.729395], [-16.498584, 19.729124], [-16.49887, 19.729121], [-16.498862, 19.728308], [-16.499148, 19.728306], [-16.499141, 19.727493], [-16.499427, 19.727491], [-16.499425, 19.72722], [-16.499711, 19.727217], [-16.499708, 19.726946], [-16.499422, 19.726949], [-16.499419, 19.726678], [-16.499706, 19.726675], [-16.499701, 19.726133], [-16.499987, 19.726131], [-16.499984, 19.72586], [-16.500271, 19.725857], [-16.500273, 19.726128], [-16.500559, 19.726126], [-16.500557, 19.725855], [-16.500843, 19.725853], [-16.50084, 19.725582], [-16.501127, 19.725579], [-16.501122, 19.725037], [-16.501408, 19.725035], [-16.501403, 19.724493], [-16.501116, 19.724495], [-16.501109, 19.723682], [-16.501681, 19.723677], [-16.501679, 19.723406], [-16.501965, 19.723404], [-16.50196, 19.722862], [-16.502246, 19.722859], [-16.502244, 19.722588], [-16.501957, 19.722591], [-16.501952, 19.722049], [-16.502238, 19.722046], [-16.502236, 19.721775], [-16.502522, 19.721773], [-16.502527, 19.722315], [-16.5031, 19.72231], [-16.503095, 19.721768], [-16.503381, 19.721766], [-16.503378, 19.721495], [-16.503664, 19.721492], [-16.503662, 19.721221], [-16.503948, 19.721219], [-16.503945, 19.720948], [-16.504232, 19.720945], [-16.504222, 19.719861], [-16.504508, 19.719859], [-16.5045, 19.719046], [-16.504786, 19.719044], [-16.504789, 19.719315], [-16.505075, 19.719312], [-16.50507, 19.71877], [-16.505642, 19.718765], [-16.50564, 19.718494], [-16.505926, 19.718492], [-16.505921, 19.71795], [-16.506207, 19.717947], [-16.506205, 19.717676], [-16.505918, 19.717679], [-16.505913, 19.717137], [-16.506199, 19.717134], [-16.506194, 19.716592], [-16.506481, 19.71659], [-16.506475, 19.716048], [-16.506762, 19.716046], [-16.506754, 19.715233], [-16.50704, 19.71523], [-16.507033, 19.714417], [-16.507319, 19.714415], [-16.507311, 19.713602], [-16.507884, 19.713597], [-16.507873, 19.712513], [-16.50816, 19.71251], [-16.508154, 19.711968], [-16.508441, 19.711966], [-16.508436, 19.711424], [-16.508722, 19.711421], [-16.508717, 19.710879], [-16.509003, 19.710877], [-16.509, 19.710606], [-16.508428, 19.710611], [-16.508425, 19.71034], [-16.506995, 19.710352], [-16.506992, 19.710081], [-16.506706, 19.710083], [-16.506703, 19.709812], [-16.506989, 19.70981], [-16.506979, 19.708726], [-16.50841, 19.708714], [-16.508408, 19.708443], [-16.507549, 19.70845], [-16.507547, 19.708179], [-16.508405, 19.708172], [-16.5084, 19.70763], [-16.508686, 19.707627], [-16.508684, 19.707356], [-16.509542, 19.707349], [-16.50954, 19.707078], [-16.509826, 19.707076], [-16.509821, 19.706534], [-16.510107, 19.706531], [-16.510104, 19.70626], [-16.51039, 19.706258], [-16.510388, 19.705987], [-16.510674, 19.705984], [-16.510677, 19.706255], [-16.510963, 19.706253], [-16.51096, 19.705982], [-16.511246, 19.705979], [-16.511244, 19.705708], [-16.51153, 19.705706], [-16.511527, 19.705435], [-16.511814, 19.705433], [-16.511809, 19.704891], [-16.512095, 19.704888], [-16.512097, 19.705159], [-16.512383, 19.705157], [-16.512378, 19.704615], [-16.512664, 19.704612], [-16.512662, 19.704341], [-16.512948, 19.704339], [-16.512946, 19.704068], [-16.512373, 19.704073], [-16.512376, 19.704344], [-16.511517, 19.704351], [-16.51152, 19.704622], [-16.511234, 19.704624], [-16.511229, 19.704082], [-16.510656, 19.704087], [-16.510654, 19.703816], [-16.510368, 19.703819], [-16.510373, 19.704361], [-16.510659, 19.704358], [-16.510666, 19.705171], [-16.509808, 19.705178], [-16.50981, 19.70545], [-16.509524, 19.705452], [-16.509527, 19.705723], [-16.509813, 19.705721], [-16.509816, 19.705992], [-16.509529, 19.705994], [-16.509532, 19.706265], [-16.50896, 19.70627], [-16.508965, 19.706812], [-16.508679, 19.706814], [-16.508681, 19.707085], [-16.508395, 19.707088], [-16.508364, 19.703835], [-16.508078, 19.703838], [-16.508086, 19.704651], [-16.5078, 19.704653], [-16.507805, 19.705195], [-16.507232, 19.7052], [-16.50723, 19.704929], [-16.506944, 19.704932], [-16.506941, 19.704661], [-16.506655, 19.704663], [-16.506653, 19.704392], [-16.507225, 19.704387], [-16.507222, 19.704116], [-16.507508, 19.704114], [-16.507498, 19.70303], [-16.507212, 19.703032], [-16.507207, 19.70249], [-16.506921, 19.702492], [-16.506916, 19.70195], [-16.507202, 19.701948], [-16.507199, 19.701677], [-16.506913, 19.701679], [-16.506906, 19.700866], [-16.507478, 19.700862], [-16.507483, 19.701404], [-16.507769, 19.701401], [-16.507767, 19.70113], [-16.508053, 19.701128], [-16.508045, 19.700315], [-16.507759, 19.700317], [-16.507757, 19.700046], [-16.507184, 19.700051], [-16.507182, 19.69978], [-16.507468, 19.699777], [-16.507463, 19.699235], [-16.507749, 19.699233], [-16.507746, 19.698962], [-16.508033, 19.69896], [-16.50803, 19.698689], [-16.507458, 19.698693], [-16.507453, 19.698151], [-16.507166, 19.698154], [-16.507164, 19.697883], [-16.506878, 19.697885], [-16.506865, 19.69653], [-16.506579, 19.696532], [-16.506564, 19.694906], [-16.506278, 19.694909], [-16.506273, 19.694367], [-16.505986, 19.694369], [-16.505981, 19.693827], [-16.505409, 19.693832], [-16.505396, 19.692477], [-16.50511, 19.692479], [-16.505105, 19.691937], [-16.504533, 19.691942], [-16.504525, 19.691129], [-16.504239, 19.691131], [-16.504234, 19.690589], [-16.503948, 19.690592], [-16.503945, 19.690321], [-16.503373, 19.690325], [-16.503376, 19.690597], [-16.503089, 19.690599], [-16.503087, 19.690328], [-16.502801, 19.69033], [-16.502798, 19.690059], [-16.502512, 19.690062], [-16.502515, 19.690333], [-16.501656, 19.69034], [-16.501649, 19.689527], [-16.501363, 19.689529], [-16.50136, 19.689258], [-16.501646, 19.689256], [-16.501641, 19.688714], [-16.501927, 19.688711], [-16.501925, 19.68844], [-16.501639, 19.688443], [-16.501636, 19.688172], [-16.50135, 19.688174], [-16.50134, 19.68709], [-16.501054, 19.687092], [-16.501051, 19.686821], [-16.500765, 19.686824], [-16.50077, 19.687366], [-16.500484, 19.687368], [-16.500481, 19.687097], [-16.499909, 19.687102], [-16.499914, 19.687644], [-16.499628, 19.687646], [-16.499626, 19.687375], [-16.499339, 19.687378], [-16.499337, 19.687107], [-16.498765, 19.687112], [-16.498752, 19.685756], [-16.498466, 19.685759], [-16.498484, 19.687656], [-16.49877, 19.687654], [-16.498775, 19.688196], [-16.499061, 19.688193], [-16.499068, 19.689006], [-16.499355, 19.689004], [-16.499357, 19.689275], [-16.499071, 19.689277], [-16.499073, 19.689548], [-16.49936, 19.689546], [-16.499367, 19.690359], [-16.499939, 19.690354], [-16.499934, 19.689812], [-16.500221, 19.68981], [-16.500218, 19.689539], [-16.500504, 19.689536], [-16.500507, 19.689807], [-16.500793, 19.689805], [-16.500803, 19.690889], [-16.500517, 19.690891], [-16.500527, 19.691976], [-16.500813, 19.691973], [-16.50081, 19.691702], [-16.501097, 19.6917], [-16.501104, 19.692513], [-16.50139, 19.69251], [-16.501406, 19.694136], [-16.501119, 19.694139], [-16.501127, 19.694952], [-16.501413, 19.69495], [-16.501418, 19.695492], [-16.50199, 19.695487], [-16.501998, 19.6963], [-16.502284, 19.696297], [-16.502302, 19.698195], [-16.502588, 19.698192], [-16.502593, 19.698734], [-16.502879, 19.698732], [-16.502867, 19.697377], [-16.503153, 19.697374], [-16.503148, 19.696832], [-16.503434, 19.69683], [-16.503436, 19.697101], [-16.503723, 19.697098], [-16.503728, 19.697641], [-16.504014, 19.697638], [-16.504021, 19.698451], [-16.504307, 19.698449], [-16.504313, 19.698991], [-16.504026, 19.698993], [-16.504034, 19.699806], [-16.50432, 19.699804], [-16.504335, 19.70143], [-16.504049, 19.701432], [-16.504047, 19.701161], [-16.503761, 19.701164], [-16.503766, 19.701706], [-16.503479, 19.701708], [-16.50349, 19.702792], [-16.503203, 19.702795], [-16.503211, 19.703608], [-16.502925, 19.70361], [-16.50293, 19.704152], [-16.502644, 19.704155], [-16.502649, 19.704697], [-16.502363, 19.704699], [-16.50237, 19.705512], [-16.502084, 19.705514], [-16.502094, 19.706598], [-16.501808, 19.706601], [-16.501818, 19.707685], [-16.50239, 19.70768], [-16.502401, 19.708764], [-16.502114, 19.708767], [-16.502127, 19.710122], [-16.502413, 19.710119], [-16.502416, 19.71039], [-16.50213, 19.710393], [-16.502132, 19.710664], [-16.502418, 19.710661], [-16.502421, 19.710932], [-16.502707, 19.71093], [-16.50271, 19.711201], [-16.502423, 19.711203], [-16.502426, 19.711474], [-16.502712, 19.711472], [-16.502715, 19.711743], [-16.503287, 19.711738], [-16.503297, 19.712822], [-16.503583, 19.71282], [-16.503588, 19.713362], [-16.503875, 19.713359], [-16.50388, 19.713901], [-16.503307, 19.713906], [-16.503315, 19.714719], [-16.503601, 19.714717], [-16.503611, 19.715801], [-16.503897, 19.715799], [-16.503907, 19.716883], [-16.504194, 19.71688], [-16.504196, 19.717151], [-16.503624, 19.717156], [-16.503634, 19.71824], [-16.503348, 19.718243], [-16.503335, 19.716887], [-16.503049, 19.71689], [-16.503051, 19.717161], [-16.502193, 19.717168], [-16.502188, 19.716626], [-16.501902, 19.716628], [-16.501899, 19.716357], [-16.501613, 19.71636], [-16.50161, 19.716089], [-16.501324, 19.716091], [-16.501322, 19.71582], [-16.501035, 19.715823], [-16.501013, 19.713383], [-16.501299, 19.713381], [-16.501289, 19.712297], [-16.501003, 19.712299], [-16.50101, 19.713112], [-16.500724, 19.713115], [-16.500739, 19.714741], [-16.500453, 19.714743], [-16.500476, 19.717182], [-16.50019, 19.717185], [-16.5002, 19.718269], [-16.499913, 19.718271], [-16.499934, 19.720439], [-16.499648, 19.720442], [-16.499653, 19.720984], [-16.499366, 19.720986], [-16.499374, 19.721799], [-16.499088, 19.721802], [-16.49909, 19.722073], [-16.499949, 19.722066], [-16.499946, 19.721794], [-16.500805, 19.721787], [-16.5008, 19.721245], [-16.501372, 19.72124], [-16.50137, 19.720969], [-16.501656, 19.720967], [-16.501661, 19.721509], [-16.501375, 19.721511], [-16.501377, 19.721783], [-16.501091, 19.721785], [-16.501096, 19.722327], [-16.50081, 19.722329], [-16.500815, 19.722871], [-16.500529, 19.722874], [-16.500534, 19.723416], [-16.500248, 19.723418], [-16.500253, 19.72396], [-16.500539, 19.723958], [-16.500542, 19.724229], [-16.499969, 19.724234], [-16.499972, 19.724505], [-16.499685, 19.724507], [-16.499691, 19.725049], [-16.499404, 19.725051], [-16.499407, 19.725322], [-16.499121, 19.725325], [-16.499126, 19.725867], [-16.49884, 19.725869], [-16.498842, 19.72614], [-16.498556, 19.726143], [-16.498561, 19.726685], [-16.498847, 19.726682], [-16.498852, 19.727224], [-16.498566, 19.727227], [-16.498571, 19.727769], [-16.498285, 19.727771], [-16.498287, 19.728042], [-16.498001, 19.728045], [-16.498006, 19.728587], [-16.49772, 19.728589], [-16.497722, 19.72886], [-16.497436, 19.728862], [-16.497434, 19.728591], [-16.497148, 19.728594], [-16.497153, 19.729136], [-16.496866, 19.729138], [-16.496871, 19.72968], [-16.496585, 19.729683], [-16.496588, 19.729954], [-16.496302, 19.729956], [-16.496307, 19.730498], [-16.49602, 19.7305], [-16.496025, 19.731043], [-16.495739, 19.731045], [-16.495747, 19.731858], [-16.495461, 19.73186], [-16.495466, 19.732402], [-16.495752, 19.7324], [-16.495757, 19.732942], [-16.495471, 19.732944], [-16.495476, 19.733486], [-16.495189, 19.733489], [-16.495202, 19.734844], [-16.49463, 19.734849], [-16.494637, 19.735662], [-16.494351, 19.735664], [-16.494348, 19.735393], [-16.494062, 19.735395], [-16.494067, 19.735938], [-16.493781, 19.73594], [-16.493779, 19.735669], [-16.493492, 19.735671], [-16.493497, 19.736213], [-16.493211, 19.736216], [-16.493214, 19.736487], [-16.492927, 19.736489], [-16.492933, 19.737031], [-16.492646, 19.737034], [-16.492649, 19.737305], [-16.492363, 19.737307], [-16.492368, 19.737849], [-16.492081, 19.737851], [-16.492084, 19.738122], [-16.491798, 19.738125], [-16.4918, 19.738396], [-16.491514, 19.738398], [-16.491522, 19.739211], [-16.491235, 19.739214], [-16.491238, 19.739485], [-16.490952, 19.739487], [-16.490954, 19.739758], [-16.490668, 19.73976], [-16.49067, 19.740031], [-16.490384, 19.740034], [-16.490387, 19.740305], [-16.489814, 19.74031], [-16.489817, 19.740581], [-16.489244, 19.740585], [-16.489247, 19.740856], [-16.488674, 19.740861], [-16.488677, 19.741132], [-16.488391, 19.741134], [-16.488393, 19.741406], [-16.487821, 19.74141], [-16.487823, 19.741681], [-16.489254, 19.741669], [-16.489257, 19.74194], [-16.490116, 19.741933], [-16.490121, 19.742475], [-16.489834, 19.742478], [-16.489842, 19.743291], [-16.490414, 19.743286]], [[-16.490402, 19.741931], [-16.490116, 19.741933], [-16.490113, 19.741662], [-16.490399, 19.74166], [-16.490402, 19.741931]], [[-16.491539, 19.741108], [-16.490967, 19.741113], [-16.490964, 19.740842], [-16.491537, 19.740837], [-16.491539, 19.741108]], [[-16.496598, 19.731038], [-16.496312, 19.73104], [-16.496309, 19.730769], [-16.496595, 19.730767], [-16.496598, 19.731038]], [[-16.50026, 19.724773], [-16.499974, 19.724776], [-16.499972, 19.724505], [-16.500258, 19.724502], [-16.50026, 19.724773]], [[-16.500823, 19.723684], [-16.500536, 19.723687], [-16.500534, 19.723416], [-16.50082, 19.723413], [-16.500823, 19.723684]], [[-16.501104, 19.72314], [-16.500818, 19.723142], [-16.500815, 19.722871], [-16.501101, 19.722869], [-16.501104, 19.72314]], [[-16.502808, 19.721771], [-16.502522, 19.721773], [-16.502517, 19.721231], [-16.502803, 19.721228], [-16.502801, 19.720957], [-16.503087, 19.720955], [-16.503092, 19.721497], [-16.502806, 19.7215], [-16.502808, 19.721771]], [[-16.501942, 19.720965], [-16.501656, 19.720967], [-16.501648, 19.720154], [-16.501935, 19.720152], [-16.501937, 19.720423], [-16.502223, 19.72042], [-16.502226, 19.720691], [-16.50194, 19.720694], [-16.501942, 19.720965]], [[-16.502504, 19.719876], [-16.502218, 19.719878], [-16.502211, 19.719065], [-16.502497, 19.719063], [-16.502482, 19.717437], [-16.502768, 19.717434], [-16.502786, 19.719331], [-16.502499, 19.719334], [-16.502504, 19.719876]], [[-16.504219, 19.71959], [-16.503933, 19.719593], [-16.503923, 19.718509], [-16.504495, 19.718504], [-16.5045, 19.719046], [-16.504214, 19.719048], [-16.504219, 19.71959]], [[-16.50507, 19.71877], [-16.504784, 19.718773], [-16.504781, 19.718502], [-16.505067, 19.718499], [-16.50507, 19.71877]], [[-16.505354, 19.718497], [-16.505067, 19.718499], [-16.505062, 19.717957], [-16.505349, 19.717955], [-16.505354, 19.718497]], [[-16.501344, 19.718259], [-16.501058, 19.718262], [-16.501056, 19.717991], [-16.50077, 19.717993], [-16.500762, 19.71718], [-16.501048, 19.717178], [-16.501051, 19.717449], [-16.501337, 19.717446], [-16.501344, 19.718259]], [[-16.501332, 19.716904], [-16.501046, 19.716907], [-16.501043, 19.716636], [-16.501329, 19.716633], [-16.501332, 19.716904]], [[-16.505285, 19.711179], [-16.504999, 19.711182], [-16.504996, 19.710911], [-16.504424, 19.710916], [-16.504419, 19.710373], [-16.506136, 19.710359], [-16.506139, 19.71063], [-16.505566, 19.710635], [-16.505569, 19.710906], [-16.505283, 19.710908], [-16.505285, 19.711179]], [[-16.506683, 19.707644], [-16.506397, 19.707647], [-16.506389, 19.706833], [-16.506675, 19.706831], [-16.506683, 19.707644]], [[-16.502669, 19.706865], [-16.502383, 19.706867], [-16.50238, 19.706596], [-16.502666, 19.706594], [-16.502669, 19.706865]], [[-16.511244, 19.705708], [-16.510958, 19.705711], [-16.510955, 19.70544], [-16.511241, 19.705437], [-16.511244, 19.705708]], [[-16.50666, 19.705205], [-16.506374, 19.705207], [-16.506371, 19.704936], [-16.506658, 19.704934], [-16.50666, 19.705205]], [[-16.50722, 19.703845], [-16.506934, 19.703847], [-16.506931, 19.703576], [-16.507217, 19.703574], [-16.50722, 19.703845]], [[-16.506328, 19.700329], [-16.506042, 19.700331], [-16.506032, 19.699247], [-16.505746, 19.69925], [-16.505741, 19.698708], [-16.506313, 19.698703], [-16.506316, 19.698974], [-16.506602, 19.698972], [-16.506612, 19.700056], [-16.506326, 19.700058], [-16.506328, 19.700329]], [[-16.502867, 19.697377], [-16.50258, 19.697379], [-16.502578, 19.697108], [-16.502864, 19.697106], [-16.502867, 19.697377]], [[-16.503148, 19.696832], [-16.502575, 19.696837], [-16.502573, 19.696566], [-16.503145, 19.696561], [-16.503148, 19.696832]], [[-16.502563, 19.695482], [-16.502277, 19.695484], [-16.502274, 19.695213], [-16.501702, 19.695218], [-16.501692, 19.694134], [-16.501978, 19.694132], [-16.501968, 19.693048], [-16.502254, 19.693045], [-16.502251, 19.692774], [-16.502537, 19.692772], [-16.502532, 19.69223], [-16.502819, 19.692227], [-16.502824, 19.692769], [-16.50311, 19.692767], [-16.503112, 19.693038], [-16.50254, 19.693043], [-16.50255, 19.694127], [-16.502264, 19.694129], [-16.502269, 19.694671], [-16.502555, 19.694669], [-16.502563, 19.695482]], [[-16.502251, 19.692774], [-16.501965, 19.692777], [-16.50196, 19.692235], [-16.502246, 19.692232], [-16.502251, 19.692774]], [[-16.503388, 19.691952], [-16.503102, 19.691954], [-16.503097, 19.691412], [-16.503383, 19.69141], [-16.503388, 19.691952]], [[-16.503097, 19.691412], [-16.502525, 19.691417], [-16.502522, 19.691146], [-16.502808, 19.691143], [-16.502803, 19.690601], [-16.503089, 19.690599], [-16.503097, 19.691412]], [[-16.501071, 19.68899], [-16.500785, 19.688992], [-16.500775, 19.687908], [-16.501061, 19.687906], [-16.501071, 19.68899]]]}, "properties": {"layer": "core", "exposure_min": 0.6, "area_ha": 208.26}}, {"type": "Feature", "geometry": {"type": "Polygon", "coordinates": [[[-16.474438, 19.686771], [-16.474428, 19.685687], [-16.474142, 19.685689], [-16.474145, 19.68596], [-16.473859, 19.685963], [-16.473861, 19.686234], [-16.474147, 19.686231], [-16.47415, 19.686502], [-16.473863, 19.686505], [-16.473866, 19.686776], [-16.474438, 19.686771]]]}, "properties": {"layer": "core", "exposure_min": 0.6, "area_ha": 0.54}}, {"type": "Feature", "geometry": {"type": "Polygon", "coordinates": [[[-16.373705, 19.686215], [-16.373702, 19.685944], [-16.373988, 19.685942], [-16.373986, 19.685671], [-16.374272, 19.685668], [-16.374268, 19.685126], [-16.373981, 19.685128], [-16.373984, 19.685399], [-16.373698, 19.685402], [-16.3737, 19.685673], [-16.373414, 19.685675], [-16.373418, 19.686217], [-16.373705, 19.686215]]]}, "properties": {"layer": "core", "exposure_min": 0.6, "area_ha": 0.54}}, {"type": "Feature", "geometry": {"type": "Polygon", "coordinates": [[[-16.474712, 19.685413], [-16.474707, 19.684871], [-16.474993, 19.684869], [-16.474988, 19.684327], [-16.474702, 19.684329], [-16.4747, 19.684058], [-16.474413, 19.684061], [-16.474418, 19.684603], [-16.474132, 19.684605], [-16.474135, 19.684876], [-16.474421, 19.684874], [-16.474426, 19.685416], [-16.474712, 19.685413]]]}, "properties": {"layer": "core", "exposure_min": 0.6, "area_ha": 0.72}}, {"type": "Feature", "geometry": {"type": "Polygon", "coordinates": [[[-16.501325, 19.685464], [-16.50132, 19.684922], [-16.501033, 19.684924], [-16.501021, 19.683569], [-16.501307, 19.683567], [-16.501304, 19.683296], [-16.501018, 19.683298], [-16.501016, 19.683027], [-16.501302, 19.683025], [-16.501297, 19.682483], [-16.500725, 19.682488], [-16.50073, 19.68303], [-16.500444, 19.683032], [-16.500466, 19.685471], [-16.501325, 19.685464]]]}, "properties": {"layer": "core", "exposure_min": 0.6, "area_ha": 2.25}}, {"type": "Feature", "geometry": {"type": "Polygon", "coordinates": [[[-16.481034, 19.688343], [-16.481027, 19.68753], [-16.481313, 19.687527], [-16.481308, 19.686985], [-16.482166, 19.686978], [-16.482159, 19.686165], [-16.482445, 19.686163], [-16.482447, 19.686434], [-16.48302, 19.686429], [-16.483012, 19.685616], [-16.483585, 19.685611], [-16.483577, 19.684798], [-16.483005, 19.684803], [-16.482997, 19.68399], [-16.483283, 19.683988], [-16.483281, 19.683717], [-16.483853, 19.683712], [-16.483861, 19.684525], [-16.484147, 19.684523], [-16.484149, 19.684794], [-16.484435, 19.684791], [-16.484433, 19.68452], [-16.484719, 19.684518], [-16.484724, 19.68506], [-16.48501, 19.685058], [-16.485013, 19.685329], [-16.485299, 19.685326], [-16.485271, 19.682345], [-16.484985, 19.682347], [-16.48498, 19.681805], [-16.484694, 19.681808], [-16.484704, 19.682892], [-16.484418, 19.682894], [-16.484415, 19.682623], [-16.483843, 19.682628], [-16.483841, 19.682357], [-16.483555, 19.682359], [-16.483557, 19.68263], [-16.482985, 19.682635], [-16.482987, 19.682906], [-16.482701, 19.682908], [-16.482716, 19.684534], [-16.48243, 19.684537], [-16.482433, 19.684808], [-16.482146, 19.68481], [-16.482151, 19.685352], [-16.481865, 19.685355], [-16.481868, 19.685626], [-16.481582, 19.685628], [-16.481587, 19.68617], [-16.4813, 19.686172], [-16.481305, 19.686714], [-16.481019, 19.686717], [-16.481024, 19.687259], [-16.480738, 19.687261], [-16.480743, 19.687803], [-16.480457, 19.687806], [-16.480462, 19.688348], [-16.481034, 19.688343]], [[-16.48443, 19.684249], [-16.484144, 19.684252], [-16.484142, 19.683981], [-16.484428, 19.683978], [-16.48443, 19.684249]]]}, "properties": {"layer": "core", "exposure_min": 0.6, "area_ha": 9.99}}, {"type": "Feature", "geometry": {"type": "Polygon", "coordinates": [[[-16.379402, 19.68319], [-16.3794, 19.682919], [-16.379686, 19.682916], [-16.379683, 19.682645], [-16.37997, 19.682643], [-16.379967, 19.682372], [-16.379395, 19.682376], [-16.379397, 19.682647], [-16.379111, 19.68265], [-16.379113, 19.682921], [-16.378827, 19.682923], [-16.37883, 19.683194], [-16.379402, 19.68319]]]}, "properties": {"layer": "core", "exposure_min": 0.6, "area_ha": 0.54}}, {"type": "Feature", "geometry": {"type": "Polygon", "coordinates": [[[-16.47615, 19.686215], [-16.476145, 19.685673], [-16.475859, 19.685675], [-16.475854, 19.685133], [-16.47614, 19.685131], [-16.476135, 19.684589], [-16.476707, 19.684584], [-16.47671, 19.684855], [-16.476996, 19.684853], [-16.476989, 19.68404], [-16.476702, 19.684042], [-16.476705, 19.684313], [-16.476133, 19.684318], [-16.47613, 19.684047], [-16.476416, 19.684044], [-16.476409, 19.683231], [-16.476695, 19.683229], [-16.476693, 19.682958], [-16.47612, 19.682963], [-16.476115, 19.682421], [-16.476688, 19.682416], [-16.47669, 19.682687], [-16.476976, 19.682684], [-16.476971, 19.682142], [-16.476399, 19.682147], [-16.476396, 19.681876], [-16.476683, 19.681874], [-16.47667, 19.680519], [-16.476384, 19.680521], [-16.476394, 19.681605], [-16.476108, 19.681607], [-16.47611, 19.681878], [-16.475824, 19.681881], [-16.475819, 19.681339], [-16.475533, 19.681341], [-16.475548, 19.682967], [-16.474976, 19.682972], [-16.474978, 19.683243], [-16.47555, 19.683238], [-16.475553, 19.683509], [-16.475839, 19.683507], [-16.475842, 19.683778], [-16.475555, 19.68378], [-16.475558, 19.684051], [-16.475844, 19.684049], [-16.475847, 19.68432], [-16.475274, 19.684325], [-16.475282, 19.685138], [-16.474996, 19.68514], [-16.474998, 19.685411], [-16.474712, 19.685413], [-16.474717, 19.685956], [-16.475003, 19.685953], [-16.475006, 19.686224], [-16.475292, 19.686222], [-16.475289, 19.685951], [-16.475861, 19.685946], [-16.475864, 19.686217], [-16.47615, 19.686215]]]}, "properties": {"layer": "core", "exposure_min": 0.6, "area_ha": 5.76}}, {"type": "Feature", "geometry": {"type": "Polygon", "coordinates": [[[-16.480708, 19.684009], [-16.480703, 19.683467], [-16.480417, 19.683469], [-16.4804, 19.681572], [-16.481258, 19.681565], [-16.481256, 19.681294], [-16.481542, 19.681292], [-16.481537, 19.68075], [-16.481251, 19.680752], [-16.481246, 19.68021], [-16.48096, 19.680212], [-16.480955, 19.67967], [-16.480096, 19.679677], [-16.480106, 19.680761], [-16.47982, 19.680764], [-16.479825, 19.681306], [-16.480111, 19.681303], [-16.480119, 19.682117], [-16.479832, 19.682119], [-16.479842, 19.683203], [-16.480129, 19.683201], [-16.480134, 19.683743], [-16.48042, 19.68374], [-16.480422, 19.684011], [-16.480708, 19.684009]]]}, "properties": {"layer": "core", "exposure_min": 0.6, "area_ha": 3.96}}, {"type": "Feature", "geometry": {"type": "Polygon", "coordinates": [[[-16.34854, 19.756608], [-16.348538, 19.756337], [-16.348824, 19.756334], [-16.348822, 19.756063], [-16.349394, 19.756059], [-16.349387, 19.755246], [-16.349674, 19.755244], [-16.349669, 19.754702], [-16.350242, 19.754698], [-16.350235, 19.753884], [-16.350807, 19.75388], [-16.350803, 19.753338], [-16.351089, 19.753336], [-16.351084, 19.752794], [-16.351371, 19.752792], [-16.351368, 19.752521], [-16.351655, 19.752518], [-16.35165, 19.751976], [-16.352223, 19.751972], [-16.352211, 19.750617], [-16.352784, 19.750613], [-16.352781, 19.750342], [-16.353068, 19.750339], [-16.353061, 19.749526], [-16.352775, 19.749528], [-16.352777, 19.749799], [-16.352491, 19.749802], [-16.352481, 19.748718], [-16.352768, 19.748715], [-16.352752, 19.746818], [-16.352465, 19.74682], [-16.352463, 19.746549], [-16.352749, 19.746547], [-16.352743, 19.745734], [-16.353029, 19.745732], [-16.353024, 19.74519], [-16.353311, 19.745188], [-16.353308, 19.744917], [-16.353022, 19.744919], [-16.353017, 19.744377], [-16.353304, 19.744375], [-16.353297, 19.743561], [-16.353583, 19.743559], [-16.353585, 19.74383], [-16.353872, 19.743828], [-16.353858, 19.742202], [-16.354144, 19.7422], [-16.354142, 19.741929], [-16.353569, 19.741933], [-16.353565, 19.741391], [-16.353279, 19.741393], [-16.353276, 19.741122], [-16.353849, 19.741118], [-16.353853, 19.74166], [-16.35414, 19.741658], [-16.354137, 19.741387], [-16.354424, 19.741384], [-16.354421, 19.741113], [-16.354135, 19.741116], [-16.354128, 19.740303], [-16.353842, 19.740305], [-16.353835, 19.739492], [-16.354121, 19.739489], [-16.354124, 19.73976], [-16.35441, 19.739758], [-16.354408, 19.739487], [-16.354694, 19.739485], [-16.354689, 19.738943], [-16.354975, 19.738941], [-16.354973, 19.73867], [-16.354401, 19.738674], [-16.354396, 19.738132], [-16.35411, 19.738134], [-16.354108, 19.737863], [-16.354394, 19.737861], [-16.354392, 19.73759], [-16.354678, 19.737588], [-16.354673, 19.737046], [-16.354387, 19.737048], [-16.354382, 19.736506], [-16.354669, 19.736504], [-16.354666, 19.736233], [-16.355239, 19.736228], [-16.355234, 19.735686], [-16.355521, 19.735684], [-16.355502, 19.733516], [-16.355216, 19.733518], [-16.355214, 19.733247], [-16.355786, 19.733243], [-16.355784, 19.732972], [-16.355498, 19.732974], [-16.355479, 19.730806], [-16.355193, 19.730808], [-16.355195, 19.731079], [-16.354909, 19.731081], [-16.354907, 19.73081], [-16.354621, 19.730812], [-16.35463, 19.731896], [-16.355202, 19.731892], [-16.355209, 19.732705], [-16.354923, 19.732707], [-16.354927, 19.733249], [-16.354641, 19.733251], [-16.354634, 19.732438], [-16.354921, 19.732436], [-16.354918, 19.732165], [-16.354346, 19.732169], [-16.354344, 19.731898], [-16.354057, 19.731901], [-16.354055, 19.731629], [-16.353769, 19.731632], [-16.353757, 19.730276], [-16.35433, 19.730272], [-16.354328, 19.730001], [-16.353755, 19.730005], [-16.353751, 19.729463], [-16.354037, 19.729461], [-16.354032, 19.728919], [-16.354318, 19.728917], [-16.354314, 19.728375], [-16.354886, 19.728371], [-16.354884, 19.7281], [-16.35517, 19.728097], [-16.355163, 19.727284], [-16.35545, 19.727282], [-16.35544, 19.726198], [-16.355727, 19.726196], [-16.355722, 19.725654], [-16.356008, 19.725652], [-16.356001, 19.724839], [-16.356288, 19.724836], [-16.356276, 19.723481], [-16.35599, 19.723483], [-16.355988, 19.723212], [-16.356274, 19.72321], [-16.356272, 19.722939], [-16.356558, 19.722937], [-16.356556, 19.722666], [-16.356269, 19.722668], [-16.356263, 19.721855], [-16.356835, 19.721851], [-16.356828, 19.721038], [-16.357114, 19.721035], [-16.357098, 19.719138], [-16.357385, 19.719136], [-16.357382, 19.718865], [-16.357668, 19.718863], [-16.357671, 19.719134], [-16.357957, 19.719132], [-16.357962, 19.719674], [-16.357675, 19.719676], [-16.357684, 19.72076], [-16.357971, 19.720758], [-16.357978, 19.721571], [-16.357691, 19.721573], [-16.35771, 19.723741], [-16.357423, 19.723744], [-16.357435, 19.725099], [-16.357149, 19.725101], [-16.35716, 19.726456], [-16.356874, 19.726458], [-16.356876, 19.726729], [-16.35659, 19.726731], [-16.356595, 19.727273], [-16.356308, 19.727276], [-16.356317, 19.72836], [-16.35689, 19.728355], [-16.356899, 19.72944], [-16.356613, 19.729442], [-16.356622, 19.730526], [-16.356336, 19.730528], [-16.356359, 19.733238], [-16.356645, 19.733236], [-16.356659, 19.734862], [-16.356372, 19.734865], [-16.356386, 19.736491], [-16.356672, 19.736489], [-16.356677, 19.737031], [-16.356391, 19.737033], [-16.356393, 19.737304], [-16.356107, 19.737306], [-16.356116, 19.73839], [-16.35583, 19.738392], [-16.355839, 19.739476], [-16.355553, 19.739479], [-16.355562, 19.740563], [-16.355848, 19.740561], [-16.35585, 19.740832], [-16.355564, 19.740834], [-16.355573, 19.741918], [-16.355287, 19.74192], [-16.355289, 19.742191], [-16.355575, 19.742189], [-16.355578, 19.74246], [-16.355864, 19.742458], [-16.355869, 19.743], [-16.355582, 19.743002], [-16.355585, 19.743273], [-16.355298, 19.743275], [-16.355301, 19.743546], [-16.355587, 19.743544], [-16.355594, 19.744357], [-16.355307, 19.744359], [-16.35531, 19.74463], [-16.355024, 19.744633], [-16.35503, 19.745446], [-16.355317, 19.745443], [-16.355321, 19.745986], [-16.355035, 19.745988], [-16.355037, 19.746259], [-16.355323, 19.746257], [-16.355328, 19.746799], [-16.355042, 19.746801], [-16.355062, 19.74924], [-16.355349, 19.749238], [-16.355342, 19.748425], [-16.355628, 19.748423], [-16.355623, 19.747881], [-16.35591, 19.747878], [-16.355903, 19.747065], [-16.356189, 19.747063], [-16.356166, 19.744353], [-16.35588, 19.744355], [-16.355871, 19.743271], [-16.356157, 19.743269], [-16.356146, 19.741914], [-16.356432, 19.741911], [-16.356425, 19.741098], [-16.356711, 19.741096], [-16.356707, 19.740554], [-16.356993, 19.740552], [-16.356991, 19.740281], [-16.356704, 19.740283], [-16.356698, 19.73947], [-16.356984, 19.739468], [-16.356963, 19.737028], [-16.357249, 19.737026], [-16.357243, 19.736213], [-16.357529, 19.736211], [-16.35752, 19.735127], [-16.357806, 19.735125], [-16.357792, 19.733499], [-16.358078, 19.733496], [-16.358076, 19.733225], [-16.35779, 19.733228], [-16.357774, 19.73133], [-16.35806, 19.731328], [-16.358058, 19.731057], [-16.357771, 19.731059], [-16.357749, 19.728349], [-16.358035, 19.728347], [-16.358026, 19.727263], [-16.358312, 19.72726], [-16.35831, 19.726989], [-16.358596, 19.726987], [-16.358591, 19.726445], [-16.358877, 19.726443], [-16.358871, 19.72563], [-16.359157, 19.725628], [-16.359152, 19.725086], [-16.359438, 19.725084], [-16.359434, 19.724541], [-16.35972, 19.724539], [-16.359713, 19.723726], [-16.359999, 19.723724], [-16.359992, 19.722911], [-16.360279, 19.722909], [-16.360267, 19.721554], [-16.360553, 19.721551], [-16.360551, 19.72128], [-16.360265, 19.721283], [-16.360263, 19.721012], [-16.360549, 19.721009], [-16.36054, 19.719925], [-16.360826, 19.719923], [-16.360821, 19.719381], [-16.359963, 19.719388], [-16.35996, 19.719116], [-16.359388, 19.719121], [-16.359393, 19.719663], [-16.35882, 19.719667], [-16.358818, 19.719396], [-16.359104, 19.719394], [-16.359095, 19.71831], [-16.359381, 19.718308], [-16.359379, 19.718037], [-16.359665, 19.718035], [-16.359667, 19.718306], [-16.36024, 19.718301], [-16.360242, 19.718572], [-16.360528, 19.71857], [-16.360531, 19.718841], [-16.361103, 19.718837], [-16.361096, 19.718024], [-16.361382, 19.718021], [-16.361373, 19.716937], [-16.361659, 19.716935], [-16.361648, 19.71558], [-16.361934, 19.715578], [-16.361927, 19.714765], [-16.362213, 19.714763], [-16.362211, 19.714492], [-16.362497, 19.714489], [-16.362493, 19.713947], [-16.362779, 19.713945], [-16.362774, 19.713403], [-16.36306, 19.713401], [-16.363054, 19.712588], [-16.36334, 19.712586], [-16.363333, 19.711773], [-16.363047, 19.711775], [-16.363044, 19.711504], [-16.363331, 19.711502], [-16.363324, 19.710688], [-16.363037, 19.710691], [-16.36304, 19.710962], [-16.361036, 19.710977], [-16.361039, 19.711248], [-16.361325, 19.711246], [-16.361334, 19.71233], [-16.360762, 19.712334], [-16.360771, 19.713418], [-16.360485, 19.71342], [-16.360487, 19.713691], [-16.359915, 19.713696], [-16.359901, 19.71207], [-16.359615, 19.712072], [-16.359601, 19.710446], [-16.359887, 19.710443], [-16.359882, 19.709901], [-16.360169, 19.709899], [-16.360166, 19.709628], [-16.360453, 19.709626], [-16.360448, 19.709084], [-16.360734, 19.709082], [-16.360732, 19.708811], [-16.361018, 19.708809], [-16.361016, 19.708538], [-16.361302, 19.708535], [-16.361307, 19.709077], [-16.361593, 19.709075], [-16.361588, 19.708533], [-16.361874, 19.708531], [-16.36187, 19.707989], [-16.362156, 19.707987], [-16.362154, 19.707716], [-16.36244, 19.707714], [-16.362438, 19.707443], [-16.362724, 19.70744], [-16.362717, 19.706627], [-16.363003, 19.706625], [-16.363001, 19.706354], [-16.363287, 19.706352], [-16.363291, 19.706894], [-16.363578, 19.706892], [-16.363575, 19.706621], [-16.363862, 19.706619], [-16.363859, 19.706348], [-16.364145, 19.706345], [-16.364157, 19.707701], [-16.363871, 19.707703], [-16.363873, 19.707974], [-16.363587, 19.707976], [-16.363598, 19.709331], [-16.363885, 19.709329], [-16.363882, 19.709058], [-16.364168, 19.709056], [-16.364164, 19.708514], [-16.36445, 19.708511], [-16.364439, 19.707156], [-16.365011, 19.707152], [-16.365006, 19.70661], [-16.365292, 19.706608], [-16.365288, 19.706066], [-16.365574, 19.706063], [-16.365569, 19.705521], [-16.365856, 19.705519], [-16.365851, 19.704977], [-16.366137, 19.704975], [-16.366135, 19.704704], [-16.366421, 19.704702], [-16.366417, 19.70416], [-16.366703, 19.704157], [-16.366698, 19.703615], [-16.366984, 19.703613], [-16.366982, 19.703342], [-16.367268, 19.70334], [-16.367264, 19.702798], [-16.36755, 19.702796], [-16.367547, 19.702525], [-16.367834, 19.702523], [-16.367829, 19.701981], [-16.368115, 19.701978], [-16.368113, 19.701707], [-16.368399, 19.701705], [-16.368394, 19.701163], [-16.368681, 19.701161], [-16.368678, 19.70089], [-16.368964, 19.700888], [-16.368962, 19.700617], [-16.369248, 19.700614], [-16.369246, 19.700343], [-16.369532, 19.700341], [-16.369525, 19.699528], [-16.369811, 19.699526], [-16.369807, 19.698984], [-16.370093, 19.698982], [-16.370088, 19.69844], [-16.370375, 19.698437], [-16.37037, 19.697895], [-16.370656, 19.697893], [-16.370654, 19.697622], [-16.37094, 19.69762], [-16.370933, 19.696807], [-16.371219, 19.696805], [-16.371215, 19.696263], [-16.371501, 19.69626], [-16.371496, 19.695718], [-16.371782, 19.695716], [-16.371778, 19.695174], [-16.372064, 19.695172], [-16.372062, 19.694901], [-16.372348, 19.694899], [-16.372341, 19.694086], [-16.372627, 19.694083], [-16.372622, 19.693541], [-16.372908, 19.693539], [-16.372904, 19.692997], [-16.37319, 19.692995], [-16.373185, 19.692453], [-16.373472, 19.692451], [-16.373469, 19.69218], [-16.373755, 19.692177], [-16.373751, 19.691635], [-16.374037, 19.691633], [-16.374032, 19.691091], [-16.374318, 19.691089], [-16.374316, 19.690818], [-16.374602, 19.690816], [-16.374595, 19.690003], [-16.374881, 19.69], [-16.374879, 19.689729], [-16.375165, 19.689727], [-16.375161, 19.689185], [-16.375447, 19.689183], [-16.375445, 19.688912], [-16.375731, 19.68891], [-16.375728, 19.688639], [-16.376015, 19.688637], [-16.376012, 19.688365], [-16.376585, 19.688361], [-16.37658, 19.687819], [-16.376866, 19.687817], [-16.376864, 19.687546], [-16.37715, 19.687544], [-16.377148, 19.687273], [-16.377434, 19.68727], [-16.377431, 19.686999], [-16.378004, 19.686995], [-16.378001, 19.686724], [-16.378288, 19.686722], [-16.378285, 19.686451], [-16.378571, 19.686449], [-16.378569, 19.686177], [-16.378855, 19.686175], [-16.378851, 19.685633], [-16.379137, 19.685631], [-16.379134, 19.68536], [-16.37942, 19.685358], [-16.379418, 19.685087], [-16.379704, 19.685085], [-16.3797, 19.684542], [-16.379986, 19.68454], [-16.379983, 19.684269], [-16.38027, 19.684267], [-16.380267, 19.683996], [-16.380553, 19.683994], [-16.380551, 19.683723], [-16.381123, 19.683718], [-16.381126, 19.683989], [-16.381412, 19.683987], [-16.3814, 19.682632], [-16.381686, 19.68263], [-16.381682, 19.682088], [-16.381968, 19.682086], [-16.381966, 19.681815], [-16.382252, 19.681812], [-16.382247, 19.68127], [-16.382533, 19.681268], [-16.382531, 19.680997], [-16.382817, 19.680995], [-16.382815, 19.680724], [-16.382242, 19.680728], [-16.38224, 19.680457], [-16.381954, 19.680459], [-16.381956, 19.68073], [-16.38167, 19.680733], [-16.381672, 19.681004], [-16.381386, 19.681006], [-16.381389, 19.681277], [-16.381102, 19.681279], [-16.381105, 19.68155], [-16.380819, 19.681552], [-16.380821, 19.681823], [-16.380535, 19.681826], [-16.380537, 19.682097], [-16.381109, 19.682092], [-16.381112, 19.682363], [-16.380826, 19.682365], [-16.380828, 19.682636], [-16.380542, 19.682639], [-16.380549, 19.683452], [-16.380263, 19.683454], [-16.38026, 19.683183], [-16.379974, 19.683185], [-16.379977, 19.683456], [-16.37969, 19.683458], [-16.379695, 19.684], [-16.379409, 19.684003], [-16.379411, 19.684274], [-16.379125, 19.684276], [-16.379132, 19.685089], [-16.378846, 19.685091], [-16.378848, 19.685362], [-16.378562, 19.685364], [-16.378564, 19.685635], [-16.378278, 19.685638], [-16.378276, 19.685367], [-16.37799, 19.685369], [-16.377992, 19.68564], [-16.377134, 19.685646], [-16.377136, 19.685917], [-16.376564, 19.685922], [-16.376561, 19.685651], [-16.376847, 19.685649], [-16.376845, 19.685378], [-16.377131, 19.685375], [-16.377127, 19.684833], [-16.377413, 19.684831], [-16.377411, 19.68456], [-16.377697, 19.684558], [-16.37769, 19.683745], [-16.378262, 19.68374], [-16.37826, 19.683469], [-16.377974, 19.683472], [-16.377971, 19.683201], [-16.377685, 19.683203], [-16.377687, 19.683474], [-16.377401, 19.683476], [-16.377399, 19.683205], [-16.376827, 19.683209], [-16.376824, 19.682938], [-16.377397, 19.682934], [-16.377394, 19.682663], [-16.377108, 19.682665], [-16.377106, 19.682394], [-16.377678, 19.68239], [-16.377676, 19.682119], [-16.377962, 19.682116], [-16.37796, 19.681845], [-16.377101, 19.681852], [-16.377104, 19.682123], [-16.376531, 19.682127], [-16.376534, 19.682398], [-16.375961, 19.682403], [-16.375964, 19.682674], [-16.375677, 19.682676], [-16.37568, 19.682947], [-16.375394, 19.682949], [-16.375396, 19.68322], [-16.374824, 19.683225], [-16.374819, 19.682683], [-16.373961, 19.682689], [-16.373965, 19.683231], [-16.374251, 19.683229], [-16.374256, 19.683771], [-16.37397, 19.683773], [-16.373972, 19.684044], [-16.374544, 19.68404], [-16.374542, 19.683769], [-16.375401, 19.683762], [-16.375398, 19.683491], [-16.375684, 19.683489], [-16.375682, 19.683218], [-16.376254, 19.683214], [-16.376257, 19.683485], [-16.375971, 19.683487], [-16.375973, 19.683758], [-16.375687, 19.68376], [-16.375696, 19.684844], [-16.37541, 19.684846], [-16.375412, 19.685117], [-16.375126, 19.68512], [-16.375128, 19.685391], [-16.374842, 19.685393], [-16.374847, 19.685935], [-16.374561, 19.685937], [-16.374565, 19.686479], [-16.374279, 19.686481], [-16.374281, 19.686752], [-16.373995, 19.686755], [-16.373998, 19.687026], [-16.373425, 19.68703], [-16.373428, 19.687301], [-16.373141, 19.687303], [-16.373144, 19.687574], [-16.372858, 19.687576], [-16.37286, 19.687848], [-16.372574, 19.68785], [-16.372578, 19.688392], [-16.372292, 19.688394], [-16.372297, 19.688936], [-16.372011, 19.688938], [-16.372013, 19.689209], [-16.371727, 19.689211], [-16.371729, 19.689482], [-16.371443, 19.689485], [-16.371448, 19.690027], [-16.371734, 19.690025], [-16.371738, 19.690567], [-16.371452, 19.690569], [-16.371457, 19.691111], [-16.371171, 19.691113], [-16.371173, 19.691384], [-16.370887, 19.691386], [-16.370891, 19.691928], [-16.370605, 19.69193], [-16.370615, 19.693015], [-16.371187, 19.69301], [-16.371185, 19.692739], [-16.371471, 19.692737], [-16.371473, 19.693008], [-16.372332, 19.693002], [-16.372334, 19.693273], [-16.372048, 19.693275], [-16.372052, 19.693817], [-16.371766, 19.693819], [-16.371768, 19.69409], [-16.371482, 19.694092], [-16.371485, 19.694363], [-16.371198, 19.694365], [-16.371205, 19.695179], [-16.370919, 19.695181], [-16.370921, 19.695452], [-16.371208, 19.69545], [-16.37121, 19.695721], [-16.370924, 19.695723], [-16.370928, 19.696265], [-16.370642, 19.696267], [-16.370645, 19.696538], [-16.370358, 19.69654], [-16.370361, 19.696811], [-16.370075, 19.696813], [-16.370079, 19.697356], [-16.369793, 19.697358], [-16.369786, 19.696545], [-16.3695, 19.696547], [-16.369502, 19.696818], [-16.369216, 19.69682], [-16.369218, 19.697091], [-16.368646, 19.697095], [-16.368648, 19.697366], [-16.367217, 19.697377], [-16.36722, 19.697648], [-16.366934, 19.697651], [-16.366936, 19.697922], [-16.36665, 19.697924], [-16.366652, 19.698195], [-16.366366, 19.698197], [-16.36637, 19.698739], [-16.366084, 19.698741], [-16.366087, 19.699012], [-16.3658, 19.699014], [-16.365805, 19.699556], [-16.365519, 19.699559], [-16.365526, 19.700372], [-16.36524, 19.700374], [-16.365244, 19.700916], [-16.364958, 19.700918], [-16.36496, 19.701189], [-16.364674, 19.701191], [-16.364676, 19.701462], [-16.36439, 19.701465], [-16.364393, 19.701736], [-16.364106, 19.701738], [-16.364111, 19.70228], [-16.363825, 19.702282], [-16.363829, 19.702824], [-16.363257, 19.702828], [-16.363259, 19.703099], [-16.362973, 19.703102], [-16.36298, 19.703915], [-16.362694, 19.703917], [-16.362696, 19.704188], [-16.362124, 19.704192], [-16.362133, 19.705276], [-16.361847, 19.705279], [-16.361851, 19.705821], [-16.361565, 19.705823], [-16.36157, 19.706365], [-16.361284, 19.706367], [-16.36129, 19.70718], [-16.361004, 19.707182], [-16.361007, 19.707453], [-16.36072, 19.707456], [-16.360723, 19.707727], [-16.360437, 19.707729], [-16.360439, 19.708], [-16.360153, 19.708002], [-16.360157, 19.708544], [-16.359871, 19.708546], [-16.359873, 19.708817], [-16.359587, 19.708819], [-16.359589, 19.70909], [-16.359303, 19.709093], [-16.359306, 19.709364], [-16.359019, 19.709366], [-16.359024, 19.709908], [-16.358738, 19.70991], [-16.35874, 19.710181], [-16.358454, 19.710183], [-16.358456, 19.710454], [-16.35817, 19.710456], [-16.358174, 19.710999], [-16.357888, 19.711001], [-16.357893, 19.711543], [-16.357607, 19.711545], [-16.357614, 19.712358], [-16.357327, 19.71236], [-16.357332, 19.712902], [-16.357046, 19.712904], [-16.357062, 19.714802], [-16.357348, 19.714799], [-16.357355, 19.715613], [-16.357641, 19.71561], [-16.357648, 19.716424], [-16.357075, 19.716428], [-16.357069, 19.715615], [-16.356782, 19.715617], [-16.356771, 19.714262], [-16.356199, 19.714266], [-16.356194, 19.713724], [-16.35648, 19.713722], [-16.356478, 19.713451], [-16.356764, 19.713449], [-16.356762, 19.713178], [-16.356476, 19.71318], [-16.356473, 19.712909], [-16.35676, 19.712907], [-16.356753, 19.712093], [-16.357039, 19.712091], [-16.357027, 19.710736], [-16.357314, 19.710734], [-16.357307, 19.709921], [-16.357593, 19.709919], [-16.357591, 19.709648], [-16.357304, 19.70965], [-16.357298, 19.708837], [-16.357584, 19.708835], [-16.357577, 19.708021], [-16.357863, 19.708019], [-16.357854, 19.706935], [-16.35814, 19.706933], [-16.358136, 19.706391], [-16.358708, 19.706387], [-16.35871, 19.706658], [-16.358996, 19.706655], [-16.359001, 19.707198], [-16.358429, 19.707202], [-16.358431, 19.707473], [-16.359003, 19.707469], [-16.359006, 19.70774], [-16.358719, 19.707742], [-16.358722, 19.708013], [-16.358435, 19.708015], [-16.358438, 19.708286], [-16.358152, 19.708288], [-16.358154, 19.708559], [-16.357868, 19.708561], [-16.357872, 19.709103], [-16.358445, 19.709099], [-16.358442, 19.708828], [-16.358729, 19.708826], [-16.358724, 19.708284], [-16.35901, 19.708282], [-16.359008, 19.708011], [-16.359294, 19.708008], [-16.359292, 19.707737], [-16.359578, 19.707735], [-16.359573, 19.707193], [-16.35986, 19.707191], [-16.359853, 19.706378], [-16.360139, 19.706376], [-16.360132, 19.705563], [-16.360418, 19.705561], [-16.360416, 19.705289], [-16.36013, 19.705292], [-16.360127, 19.705021], [-16.359841, 19.705023], [-16.359844, 19.705294], [-16.359557, 19.705296], [-16.359564, 19.706109], [-16.358992, 19.706113], [-16.35899, 19.705842], [-16.358417, 19.705847], [-16.358413, 19.705305], [-16.358126, 19.705307], [-16.358131, 19.705849], [-16.357845, 19.705851], [-16.357852, 19.706664], [-16.357565, 19.706666], [-16.35757, 19.707208], [-16.357284, 19.707211], [-16.357288, 19.707753], [-16.357002, 19.707755], [-16.357007, 19.708297], [-16.356721, 19.708299], [-16.356725, 19.708841], [-16.356439, 19.708843], [-16.356444, 19.709385], [-16.356157, 19.709387], [-16.356162, 19.70993], [-16.355876, 19.709932], [-16.355883, 19.710745], [-16.355596, 19.710747], [-16.355603, 19.71156], [-16.355317, 19.711562], [-16.355324, 19.712375], [-16.355038, 19.712378], [-16.35504, 19.712649], [-16.354754, 19.712651], [-16.354761, 19.713464], [-16.354475, 19.713466], [-16.3545, 19.716447], [-16.354786, 19.716445], [-16.354777, 19.715361], [-16.355063, 19.715359], [-16.355086, 19.718069], [-16.3548, 19.718071], [-16.35482, 19.720511], [-16.354534, 19.720513], [-16.354538, 19.721055], [-16.354825, 19.721053], [-16.35485, 19.724034], [-16.354564, 19.724036], [-16.354568, 19.724578], [-16.354282, 19.72458], [-16.354284, 19.724852], [-16.353998, 19.724854], [-16.354007, 19.725938], [-16.353721, 19.72594], [-16.353723, 19.726211], [-16.353437, 19.726213], [-16.353444, 19.727026], [-16.353158, 19.727028], [-16.353171, 19.728655], [-16.353457, 19.728652], [-16.353451, 19.727839], [-16.353737, 19.727837], [-16.353748, 19.729192], [-16.353176, 19.729197], [-16.353183, 19.73001], [-16.352896, 19.730012], [-16.352906, 19.731096], [-16.352619, 19.731098], [-16.352628, 19.732182], [-16.353201, 19.732178], [-16.353226, 19.735159], [-16.35294, 19.735162], [-16.352942, 19.735433], [-16.352083, 19.735439], [-16.35209, 19.736252], [-16.351804, 19.736254], [-16.351799, 19.735712], [-16.351513, 19.735714], [-16.35152, 19.736528], [-16.351806, 19.736525], [-16.351818, 19.737881], [-16.351531, 19.737883], [-16.351536, 19.738425], [-16.351822, 19.738423], [-16.351845, 19.741133], [-16.352131, 19.741131], [-16.352138, 19.741944], [-16.352424, 19.741942], [-16.352422, 19.741671], [-16.352708, 19.741669], [-16.352713, 19.742211], [-16.352427, 19.742213], [-16.352431, 19.742755], [-16.351859, 19.742759], [-16.351861, 19.74303], [-16.351575, 19.743032], [-16.351577, 19.743303], [-16.351291, 19.743306], [-16.351295, 19.743848], [-16.351009, 19.74385], [-16.351014, 19.744392], [-16.350727, 19.744394], [-16.350732, 19.744936], [-16.350446, 19.744938], [-16.35045, 19.74548], [-16.350164, 19.745482], [-16.350169, 19.746024], [-16.349882, 19.746027], [-16.349885, 19.746298], [-16.349312, 19.746302], [-16.349314, 19.746573], [-16.349028, 19.746575], [-16.34903, 19.746846], [-16.349317, 19.746844], [-16.349319, 19.747115], [-16.349891, 19.747111], [-16.349896, 19.747653], [-16.34961, 19.747655], [-16.349617, 19.748468], [-16.34933, 19.74847], [-16.349335, 19.749012], [-16.349049, 19.749014], [-16.349051, 19.749285], [-16.348765, 19.749288], [-16.348767, 19.749559], [-16.348194, 19.749563], [-16.348199, 19.750105], [-16.34734, 19.750112], [-16.347336, 19.749569], [-16.347049, 19.749572], [-16.347047, 19.749301], [-16.347333, 19.749298], [-16.347329, 19.748756], [-16.347043, 19.748759], [-16.347045, 19.74903], [-16.346759, 19.749032], [-16.346761, 19.749303], [-16.346475, 19.749305], [-16.346472, 19.749034], [-16.346186, 19.749036], [-16.346191, 19.749578], [-16.345904, 19.74958], [-16.345907, 19.749851], [-16.34562, 19.749853], [-16.345623, 19.750124], [-16.345336, 19.750127], [-16.345339, 19.750398], [-16.345052, 19.7504], [-16.345055, 19.750671], [-16.344768, 19.750673], [-16.344771, 19.750944], [-16.344198, 19.750948], [-16.3442, 19.751219], [-16.343914, 19.751221], [-16.343916, 19.751493], [-16.343344, 19.751497], [-16.343346, 19.751768], [-16.34306, 19.75177], [-16.343062, 19.752041], [-16.343348, 19.752039], [-16.343351, 19.75231], [-16.343637, 19.752308], [-16.343644, 19.753121], [-16.343357, 19.753123], [-16.34336, 19.753394], [-16.343073, 19.753396], [-16.343078, 19.753938], [-16.342792, 19.75394], [-16.342794, 19.754211], [-16.342221, 19.754216], [-16.342224, 19.754487], [-16.342796, 19.754482], [-16.342801, 19.755025], [-16.341942, 19.755031], [-16.341949, 19.755844], [-16.342235, 19.755842], [-16.342233, 19.755571], [-16.342519, 19.755569], [-16.342521, 19.75584], [-16.342808, 19.755838], [-16.342805, 19.755567], [-16.343092, 19.755564], [-16.343094, 19.755835], [-16.343953, 19.755829], [-16.343948, 19.755287], [-16.344234, 19.755285], [-16.344232, 19.755014], [-16.344518, 19.755012], [-16.344516, 19.754741], [-16.344802, 19.754738], [-16.344798, 19.754196], [-16.345084, 19.754194], [-16.345082, 19.753923], [-16.345654, 19.753919], [-16.345645, 19.752835], [-16.345932, 19.752833], [-16.345929, 19.752562], [-16.346216, 19.752559], [-16.346213, 19.752288], [-16.3465, 19.752286], [-16.346506, 19.753099], [-16.34622, 19.753102], [-16.346225, 19.753644], [-16.345938, 19.753646], [-16.345941, 19.753917], [-16.346227, 19.753915], [-16.346229, 19.754186], [-16.346515, 19.754183], [-16.346513, 19.753912], [-16.346799, 19.75391], [-16.346804, 19.754452], [-16.347377, 19.754448], [-16.347374, 19.754177], [-16.347661, 19.754175], [-16.347658, 19.753904], [-16.347945, 19.753902], [-16.347942, 19.753631], [-16.348515, 19.753626], [-16.34851, 19.753084], [-16.348797, 19.753082], [-16.348794, 19.752811], [-16.349081, 19.752809], [-16.349078, 19.752538], [-16.349365, 19.752536], [-16.349362, 19.752265], [-16.349649, 19.752263], [-16.349646, 19.751992], [-16.349932, 19.751989], [-16.349928, 19.751447], [-16.350214, 19.751445], [-16.350207, 19.750632], [-16.350494, 19.75063], [-16.350487, 19.749817], [-16.350773, 19.749815], [-16.350766, 19.749002], [-16.350194, 19.749006], [-16.350191, 19.748735], [-16.350764, 19.74873], [-16.350762, 19.748459], [-16.351048, 19.748457], [-16.351043, 19.747915], [-16.35133, 19.747913], [-16.351316, 19.746287], [-16.351602, 19.746285], [-16.3516, 19.746014], [-16.351886, 19.746012], [-16.351879, 19.745198], [-16.352166, 19.745196], [-16.352168, 19.745467], [-16.352454, 19.745465], [-16.352456, 19.745736], [-16.35217, 19.745738], [-16.352191, 19.748178], [-16.351904, 19.74818], [-16.351916, 19.749535], [-16.35163, 19.749537], [-16.351636, 19.75035], [-16.35135, 19.750352], [-16.351362, 19.751708], [-16.351075, 19.75171], [-16.351082, 19.752523], [-16.350796, 19.752525], [-16.3508, 19.753067], [-16.350228, 19.753071], [-16.350232, 19.753613], [-16.349946, 19.753616], [-16.349951, 19.754158], [-16.349664, 19.75416], [-16.349667, 19.754431], [-16.34938, 19.754433], [-16.349383, 19.754704], [-16.349096, 19.754706], [-16.349101, 19.755248], [-16.348815, 19.75525], [-16.348817, 19.755521], [-16.348531, 19.755524], [-16.348533, 19.755795], [-16.348247, 19.755797], [-16.348251, 19.756339], [-16.347965, 19.756341], [-16.347967, 19.756612], [-16.34854, 19.756608]], [[-16.344516, 19.754741], [-16.343944, 19.754745], [-16.343941, 19.754474], [-16.344514, 19.75447], [-16.344516, 19.754741]], [[-16.347372, 19.753906], [-16.346799, 19.75391], [-16.346797, 19.753639], [-16.34737, 19.753635], [-16.347372, 19.753906]], [[-16.347938, 19.753089], [-16.347651, 19.753091], [-16.347649, 19.75282], [-16.347935, 19.752818], [-16.347938, 19.753089]], [[-16.348222, 19.752815], [-16.347935, 19.752818], [-16.347933, 19.752547], [-16.348219, 19.752544], [-16.348222, 19.752815]], [[-16.346786, 19.752284], [-16.3465, 19.752286], [-16.346497, 19.752015], [-16.346784, 19.752013], [-16.346786, 19.752284]], [[-16.348215, 19.752002], [-16.347929, 19.752004], [-16.347926, 19.751733], [-16.348213, 19.751731], [-16.348215, 19.752002]], [[-16.34707, 19.752011], [-16.346784, 19.752013], [-16.346781, 19.751742], [-16.347068, 19.75174], [-16.34707, 19.752011]], [[-16.349358, 19.751723], [-16.349071, 19.751725], [-16.349069, 19.751454], [-16.349355, 19.751452], [-16.349358, 19.751723]], [[-16.347354, 19.751738], [-16.347068, 19.75174], [-16.347065, 19.751469], [-16.347352, 19.751467], [-16.347354, 19.751738]], [[-16.348783, 19.751456], [-16.348497, 19.751458], [-16.348494, 19.751187], [-16.348781, 19.751185], [-16.348783, 19.751456]], [[-16.347638, 19.751465], [-16.347352, 19.751467], [-16.347349, 19.751196], [-16.347063, 19.751198], [-16.347061, 19.750927], [-16.34792, 19.75092], [-16.347922, 19.751191], [-16.347636, 19.751194], [-16.347638, 19.751465]], [[-16.347345, 19.750654], [-16.346772, 19.750658], [-16.34677, 19.750387], [-16.347056, 19.750385], [-16.347054, 19.750114], [-16.34734, 19.750112], [-16.347345, 19.750654]], [[-16.349914, 19.749821], [-16.349628, 19.749823], [-16.349623, 19.749281], [-16.34991, 19.749279], [-16.349907, 19.749008], [-16.350194, 19.749006], [-16.350198, 19.749548], [-16.349912, 19.74955], [-16.349914, 19.749821]], [[-16.347052, 19.749843], [-16.346765, 19.749845], [-16.346763, 19.749574], [-16.347049, 19.749572], [-16.347052, 19.749843]], [[-16.346479, 19.749847], [-16.346193, 19.749849], [-16.346191, 19.749578], [-16.346477, 19.749576], [-16.346479, 19.749847]], [[-16.350191, 19.748735], [-16.349905, 19.748737], [-16.349903, 19.748466], [-16.350189, 19.748464], [-16.350191, 19.748735]], [[-16.353581, 19.743288], [-16.353295, 19.74329], [-16.353292, 19.743019], [-16.353579, 19.743017], [-16.353581, 19.743288]], [[-16.353288, 19.742477], [-16.352715, 19.742482], [-16.352713, 19.742211], [-16.353285, 19.742206], [-16.353288, 19.742477]], [[-16.353558, 19.740578], [-16.353272, 19.74058], [-16.353269, 19.740309], [-16.353556, 19.740307], [-16.353558, 19.740578]], [[-16.353553, 19.740036], [-16.353267, 19.740038], [-16.353253, 19.738412], [-16.353826, 19.738407], [-16.353828, 19.738679], [-16.353542, 19.738681], [-16.353553, 19.740036]], [[-16.352974, 19.739227], [-16.352688, 19.739229], [-16.352686, 19.738958], [-16.352972, 19.738956], [-16.352974, 19.739227]], [[-16.354117, 19.738947], [-16.353831, 19.73895], [-16.353828, 19.738679], [-16.354114, 19.738676], [-16.354117, 19.738947]], [[-16.354108, 19.737863], [-16.353821, 19.737865], [-16.353819, 19.737594], [-16.354105, 19.737592], [-16.354108, 19.737863]], [[-16.353247, 19.737599], [-16.35296, 19.737601], [-16.352956, 19.737059], [-16.353242, 19.737057], [-16.353247, 19.737599]], [[-16.354101, 19.73705], [-16.353815, 19.737052], [-16.353812, 19.736781], [-16.354098, 19.736779], [-16.354101, 19.73705]], [[-16.354943, 19.735146], [-16.354657, 19.735149], [-16.35465, 19.734335], [-16.354364, 19.734338], [-16.35436, 19.733796], [-16.354646, 19.733793], [-16.354644, 19.733522], [-16.35493, 19.73352], [-16.354937, 19.734333], [-16.355223, 19.734331], [-16.355227, 19.734873], [-16.354941, 19.734875], [-16.354943, 19.735146]], [[-16.354082, 19.734882], [-16.353796, 19.734884], [-16.353789, 19.734071], [-16.354076, 19.734069], [-16.354082, 19.734882]], [[-16.357451, 19.726996], [-16.357165, 19.726998], [-16.357162, 19.726727], [-16.357449, 19.726725], [-16.357451, 19.726996]], [[-16.355159, 19.726742], [-16.354873, 19.726744], [-16.354868, 19.726202], [-16.355154, 19.7262], [-16.355159, 19.726742]], [[-16.355436, 19.725656], [-16.35515, 19.725658], [-16.355147, 19.725387], [-16.355434, 19.725385], [-16.355436, 19.725656]], [[-16.355999, 19.724567], [-16.355713, 19.72457], [-16.355711, 19.724299], [-16.355997, 19.724296], [-16.355999, 19.724567]], [[-16.355413, 19.722946], [-16.355127, 19.722948], [-16.355125, 19.722677], [-16.355411, 19.722675], [-16.355413, 19.722946]], [[-16.358843, 19.722378], [-16.357984, 19.722384], [-16.35798, 19.721842], [-16.358266, 19.72184], [-16.358252, 19.720214], [-16.358825, 19.720209], [-16.358843, 19.722378]], [[-16.356542, 19.72104], [-16.355969, 19.721044], [-16.355947, 19.718334], [-16.356233, 19.718332], [-16.356231, 19.718061], [-16.355944, 19.718063], [-16.355942, 19.717792], [-16.356228, 19.71779], [-16.356226, 19.717518], [-16.356512, 19.717516], [-16.356508, 19.716974], [-16.356794, 19.716972], [-16.356792, 19.716701], [-16.357078, 19.716699], [-16.357085, 19.717512], [-16.356798, 19.717514], [-16.356801, 19.717785], [-16.357373, 19.717781], [-16.357375, 19.718052], [-16.357089, 19.718054], [-16.357091, 19.718325], [-16.356805, 19.718327], [-16.356812, 19.71914], [-16.356526, 19.719143], [-16.356528, 19.719414], [-16.356814, 19.719411], [-16.356817, 19.719682], [-16.35653, 19.719685], [-16.356533, 19.719956], [-16.356247, 19.719958], [-16.356251, 19.7205], [-16.356537, 19.720498], [-16.356542, 19.72104]], [[-16.358232, 19.717774], [-16.357659, 19.717779], [-16.357657, 19.717508], [-16.357943, 19.717505], [-16.357941, 19.717234], [-16.357655, 19.717237], [-16.357652, 19.716966], [-16.358225, 19.716961], [-16.358232, 19.717774]], [[-16.356219, 19.716705], [-16.355933, 19.716708], [-16.355931, 19.716437], [-16.356217, 19.716434], [-16.356219, 19.716705]], [[-16.35822, 19.716419], [-16.357934, 19.716421], [-16.357929, 19.715879], [-16.358216, 19.715877], [-16.35822, 19.716419]], [[-16.356789, 19.71643], [-16.356217, 19.716434], [-16.356215, 19.716163], [-16.356787, 19.716159], [-16.356789, 19.71643]], [[-16.356498, 19.71589], [-16.356212, 19.715892], [-16.356201, 19.714537], [-16.356487, 19.714535], [-16.356498, 19.71589]], [[-16.3585, 19.715604], [-16.358213, 19.715606], [-16.358211, 19.715335], [-16.358497, 19.715333], [-16.3585, 19.715604]], [[-16.355919, 19.715081], [-16.355633, 19.715084], [-16.355631, 19.714812], [-16.355917, 19.71481], [-16.355919, 19.715081]], [[-16.355347, 19.715086], [-16.354774, 19.71509], [-16.354772, 19.714819], [-16.355058, 19.714817], [-16.355049, 19.713733], [-16.355335, 19.713731], [-16.355333, 19.713459], [-16.355619, 19.713457], [-16.355628, 19.714541], [-16.355342, 19.714544], [-16.355347, 19.715086]], [[-16.355899, 19.712642], [-16.355612, 19.712644], [-16.35561, 19.712373], [-16.355896, 19.712371], [-16.355899, 19.712642]], [[-16.356457, 19.711012], [-16.356171, 19.711014], [-16.356167, 19.710472], [-16.356453, 19.710469], [-16.356457, 19.711012]], [[-16.368948, 19.69899], [-16.368376, 19.698995], [-16.368374, 19.698724], [-16.36866, 19.698722], [-16.368658, 19.698451], [-16.368944, 19.698448], [-16.368941, 19.698177], [-16.369228, 19.698175], [-16.369223, 19.697633], [-16.369509, 19.697631], [-16.369507, 19.69736], [-16.369793, 19.697358], [-16.369798, 19.6979], [-16.369511, 19.697902], [-16.369516, 19.698444], [-16.36923, 19.698446], [-16.369232, 19.698717], [-16.368946, 19.698719], [-16.368948, 19.69899]], [[-16.372327, 19.692459], [-16.371755, 19.692464], [-16.371752, 19.692193], [-16.372038, 19.692191], [-16.372036, 19.69192], [-16.372322, 19.691917], [-16.37232, 19.691646], [-16.372606, 19.691644], [-16.372611, 19.692186], [-16.372325, 19.692188], [-16.372327, 19.692459]], [[-16.372892, 19.691642], [-16.372606, 19.691644], [-16.372602, 19.691102], [-16.372888, 19.6911], [-16.372892, 19.691642]], [[-16.372874, 19.689474], [-16.372588, 19.689476], [-16.372581, 19.688663], [-16.372867, 19.688661], [-16.372874, 19.689474]], [[-16.373444, 19.689198], [-16.373158, 19.6892], [-16.373155, 19.688929], [-16.373441, 19.688927], [-16.373444, 19.689198]], [[-16.373153, 19.688658], [-16.372867, 19.688661], [-16.372865, 19.68839], [-16.373151, 19.688387], [-16.373153, 19.688658]], [[-16.373723, 19.688383], [-16.373151, 19.688387], [-16.373148, 19.688116], [-16.373435, 19.688114], [-16.373432, 19.687843], [-16.373718, 19.687841], [-16.373723, 19.688383]], [[-16.374005, 19.687839], [-16.373718, 19.687841], [-16.373716, 19.68757], [-16.374002, 19.687568], [-16.374005, 19.687839]], [[-16.376566, 19.686193], [-16.37628, 19.686195], [-16.376278, 19.685924], [-16.376564, 19.685922], [-16.376566, 19.686193]], [[-16.376264, 19.684298], [-16.375977, 19.6843], [-16.375975, 19.684029], [-16.376261, 19.684027], [-16.376264, 19.684298]], [[-16.381396, 19.68209], [-16.381109, 19.682092], [-16.381107, 19.681821], [-16.381393, 19.681819], [-16.381396, 19.68209]], [[-16.381679, 19.681817], [-16.381393, 19.681819], [-16.381391, 19.681548], [-16.381677, 19.681546], [-16.381679, 19.681817]]]}, "properties": {"layer": "core", "exposure_min": 0.6, "area_ha": 310.95}}, {"type": "Feature", "geometry": {"type": "Polygon", "coordinates": [[[-16.380246, 19.681557], [-16.380244, 19.681286], [-16.38053, 19.681284], [-16.380528, 19.681012], [-16.380814, 19.68101], [-16.380809, 19.680468], [-16.380523, 19.68047], [-16.380526, 19.680741], [-16.380239, 19.680744], [-16.380242, 19.681015], [-16.379956, 19.681017], [-16.37996, 19.681559], [-16.380246, 19.681557]]]}, "properties": {"layer": "core", "exposure_min": 0.6, "area_ha": 0.54}}, {"type": "Feature", "geometry": {"type": "Polygon", "coordinates": [[[-16.37853, 19.68157], [-16.378527, 19.681299], [-16.378813, 19.681297], [-16.378809, 19.680755], [-16.379095, 19.680752], [-16.379093, 19.680481], [-16.377948, 19.68049], [-16.37795, 19.680761], [-16.377664, 19.680763], [-16.377671, 19.681577], [-16.37853, 19.68157]]]}, "properties": {"layer": "core", "exposure_min": 0.6, "area_ha": 1.35}}, {"type": "Feature", "geometry": {"type": "Polygon", "coordinates": [[[-16.501292, 19.681941], [-16.501279, 19.680586], [-16.500993, 19.680588], [-16.50098, 19.679233], [-16.500694, 19.679235], [-16.500689, 19.678693], [-16.500403, 19.678696], [-16.500431, 19.681677], [-16.500717, 19.681675], [-16.50072, 19.681946], [-16.501292, 19.681941]]]}, "properties": {"layer": "core", "exposure_min": 0.6, "area_ha": 2.34}}, {"type": "Feature", "geometry": {"type": "Polygon", "coordinates": [[[-16.355384, 19.685541], [-16.355382, 19.68527], [-16.355668, 19.685268], [-16.355663, 19.684726], [-16.35595, 19.684723], [-16.355947, 19.684452], [-16.356234, 19.68445], [-16.356231, 19.684179], [-16.356517, 19.684177], [-16.35652, 19.684448], [-16.356806, 19.684446], [-16.356804, 19.684175], [-16.35709, 19.684173], [-16.357083, 19.68336], [-16.357369, 19.683357], [-16.357364, 19.682815], [-16.356792, 19.68282], [-16.35679, 19.682549], [-16.357076, 19.682547], [-16.357074, 19.682275], [-16.35736, 19.682273], [-16.357355, 19.681731], [-16.357641, 19.681729], [-16.357639, 19.681458], [-16.357925, 19.681456], [-16.357923, 19.681185], [-16.358209, 19.681183], [-16.358202, 19.68037], [-16.358488, 19.680367], [-16.358486, 19.680096], [-16.3582, 19.680099], [-16.358198, 19.679828], [-16.357912, 19.67983], [-16.357916, 19.680372], [-16.35763, 19.680374], [-16.357632, 19.680645], [-16.357346, 19.680647], [-16.357351, 19.681189], [-16.357065, 19.681191], [-16.357067, 19.681462], [-16.356781, 19.681465], [-16.356785, 19.682007], [-16.356499, 19.682009], [-16.356504, 19.682551], [-16.356218, 19.682553], [-16.356222, 19.683095], [-16.355936, 19.683097], [-16.355941, 19.683639], [-16.355654, 19.683641], [-16.355659, 19.684184], [-16.355373, 19.684186], [-16.35538, 19.684999], [-16.355093, 19.685001], [-16.355098, 19.685543], [-16.355384, 19.685541]], [[-16.356801, 19.683904], [-16.356515, 19.683906], [-16.356513, 19.683635], [-16.356799, 19.683633], [-16.356801, 19.683904]]]}, "properties": {"layer": "core", "exposure_min": 0.6, "area_ha": 5.22}}, {"type": "Feature", "geometry": {"type": "Polygon", "coordinates": [[[-16.46468, 19.683598], [-16.464678, 19.683327], [-16.464964, 19.683325], [-16.464959, 19.682783], [-16.465245, 19.682781], [-16.465242, 19.68251], [-16.465529, 19.682507], [-16.465533, 19.683049], [-16.46582, 19.683047], [-16.465812, 19.682234], [-16.465526, 19.682236], [-16.465521, 19.681694], [-16.464949, 19.681699], [-16.464946, 19.681428], [-16.465233, 19.681425], [-16.465223, 19.680341], [-16.464937, 19.680344], [-16.464932, 19.679802], [-16.464646, 19.679804], [-16.464636, 19.67872], [-16.46435, 19.678722], [-16.464367, 19.680619], [-16.464653, 19.680617], [-16.464655, 19.680888], [-16.464369, 19.68089], [-16.464372, 19.681161], [-16.464086, 19.681164], [-16.464091, 19.681706], [-16.463804, 19.681708], [-16.463822, 19.683605], [-16.46468, 19.683598]]]}, "properties": {"layer": "core", "exposure_min": 0.6, "area_ha": 5.4}}, {"type": "Feature", "geometry": {"type": "Polygon", "coordinates": [[[-16.38395, 19.679631], [-16.383945, 19.679089], [-16.384231, 19.679087], [-16.384229, 19.678816], [-16.383371, 19.678822], [-16.383378, 19.679635], [-16.38395, 19.679631]]]}, "properties": {"layer": "core", "exposure_min": 0.6, "area_ha": 0.63}}, {"type": "Feature", "geometry": {"type": "Polygon", "coordinates": [[[-16.379942, 19.679391], [-16.379939, 19.67912], [-16.380798, 19.679113], [-16.380793, 19.678571], [-16.379935, 19.678578], [-16.379937, 19.678849], [-16.379651, 19.678851], [-16.379653, 19.679122], [-16.379367, 19.679124], [-16.379369, 19.679395], [-16.379942, 19.679391]]]}, "properties": {"layer": "core", "exposure_min": 0.6, "area_ha": 0.81}}, {"type": "Feature", "geometry": {"type": "Polygon", "coordinates": [[[-16.484963, 19.679908], [-16.48496, 19.679637], [-16.485246, 19.679635], [-16.485244, 19.679364], [-16.48553, 19.679361], [-16.485532, 19.679632], [-16.485819, 19.67963], [-16.485814, 19.679088], [-16.48753, 19.679074], [-16.487528, 19.678803], [-16.4881, 19.678798], [-16.488098, 19.678527], [-16.488384, 19.678525], [-16.488381, 19.678254], [-16.488667, 19.678251], [-16.488665, 19.67798], [-16.488951, 19.677978], [-16.488946, 19.677436], [-16.48866, 19.677438], [-16.488662, 19.677709], [-16.488376, 19.677712], [-16.488379, 19.677983], [-16.488093, 19.677985], [-16.488095, 19.678256], [-16.487809, 19.678258], [-16.487806, 19.677987], [-16.48752, 19.67799], [-16.487518, 19.677719], [-16.486946, 19.677723], [-16.486943, 19.677452], [-16.486085, 19.67746], [-16.486095, 19.678544], [-16.485809, 19.678546], [-16.485811, 19.678817], [-16.485525, 19.678819], [-16.485527, 19.67909], [-16.484955, 19.679095], [-16.484953, 19.678824], [-16.485239, 19.678822], [-16.485236, 19.678551], [-16.485522, 19.678548], [-16.48552, 19.678277], [-16.485806, 19.678275], [-16.485801, 19.677733], [-16.484657, 19.677742], [-16.484659, 19.678013], [-16.484373, 19.678016], [-16.484376, 19.678287], [-16.484089, 19.678289], [-16.484102, 19.679644], [-16.484388, 19.679642], [-16.48439, 19.679913], [-16.484963, 19.679908]], [[-16.484669, 19.679098], [-16.484383, 19.6791], [-16.484381, 19.678829], [-16.484667, 19.678827], [-16.484669, 19.679098]]]}, "properties": {"layer": "core", "exposure_min": 0.6, "area_ha": 6.75}}, {"type": "Feature", "geometry": {"type": "Polygon", "coordinates": [[[-16.369066, 19.679203], [-16.369062, 19.678661], [-16.368776, 19.678663], [-16.368771, 19.678121], [-16.367913, 19.678127], [-16.367917, 19.67867], [-16.368203, 19.678667], [-16.368201, 19.678396], [-16.368487, 19.678394], [-16.368492, 19.678936], [-16.368778, 19.678934], [-16.36878, 19.679205], [-16.369066, 19.679203]]]}, "properties": {"layer": "core", "exposure_min": 0.6, "area_ha": 0.72}}, {"type": "Feature", "geometry": {"type": "Polygon", "coordinates": [[[-16.359338, 19.679277], [-16.359333, 19.678735], [-16.359619, 19.678733], [-16.359615, 19.67819], [-16.359901, 19.678188], [-16.359898, 19.677917], [-16.359326, 19.677922], [-16.359324, 19.677651], [-16.359038, 19.677653], [-16.35904, 19.677924], [-16.358754, 19.677926], [-16.358759, 19.678468], [-16.358472, 19.67847], [-16.358479, 19.679283], [-16.358765, 19.679281], [-16.358763, 19.67901], [-16.359049, 19.679008], [-16.359052, 19.679279], [-16.359338, 19.679277]]]}, "properties": {"layer": "core", "exposure_min": 0.6, "area_ha": 1.53}}, {"type": "Feature", "geometry": {"type": "Polygon", "coordinates": [[[-16.483502, 19.676668], [-16.4835, 19.676397], [-16.482927, 19.676402], [-16.482922, 19.675859], [-16.482636, 19.675862], [-16.482639, 19.676133], [-16.482067, 19.676138], [-16.482069, 19.676409], [-16.482641, 19.676404], [-16.482644, 19.676675], [-16.483502, 19.676668]]]}, "properties": {"layer": "core", "exposure_min": 0.6, "area_ha": 0.63}}, {"type": "Feature", "geometry": {"type": "Polygon", "coordinates": [[[-16.489787, 19.675532], [-16.489782, 19.67499], [-16.490068, 19.674987], [-16.49006, 19.674174], [-16.490346, 19.674172], [-16.490344, 19.673901], [-16.49063, 19.673898], [-16.490628, 19.673627], [-16.490914, 19.673625], [-16.490911, 19.673354], [-16.490339, 19.673359], [-16.490341, 19.67363], [-16.489769, 19.673635], [-16.489772, 19.673906], [-16.489486, 19.673908], [-16.489488, 19.674179], [-16.489202, 19.674181], [-16.489204, 19.674452], [-16.488918, 19.674455], [-16.488921, 19.674726], [-16.489207, 19.674723], [-16.489212, 19.675265], [-16.488926, 19.675268], [-16.488928, 19.675539], [-16.489787, 19.675532]]]}, "properties": {"layer": "core", "exposure_min": 0.6, "area_ha": 2.07}}, {"type": "Feature", "geometry": {"type": "Polygon", "coordinates": [[[-16.483783, 19.676123], [-16.483781, 19.675852], [-16.484639, 19.675845], [-16.484637, 19.675574], [-16.485495, 19.675567], [-16.485493, 19.675296], [-16.485779, 19.675294], [-16.485771, 19.674481], [-16.485199, 19.674485], [-16.485201, 19.674756], [-16.484915, 19.674759], [-16.48491, 19.674217], [-16.484624, 19.674219], [-16.484622, 19.673948], [-16.484049, 19.673953], [-16.484047, 19.673682], [-16.483761, 19.673684], [-16.483756, 19.673142], [-16.48347, 19.673145], [-16.483472, 19.673416], [-16.483186, 19.673418], [-16.483201, 19.675044], [-16.483487, 19.675042], [-16.483497, 19.676126], [-16.483783, 19.676123]], [[-16.48549, 19.675025], [-16.485204, 19.675028], [-16.485201, 19.674756], [-16.485488, 19.674754], [-16.48549, 19.675025]]]}, "properties": {"layer": "core", "exposure_min": 0.6, "area_ha": 4.77}}, {"type": "Feature", "geometry": {"type": "Polygon", "coordinates": [[[-16.486913, 19.6742], [-16.486908, 19.673658], [-16.487194, 19.673656], [-16.487192, 19.673385], [-16.486619, 19.67339], [-16.486614, 19.672848], [-16.486328, 19.67285], [-16.486326, 19.672579], [-16.48604, 19.672581], [-16.486042, 19.672852], [-16.485756, 19.672855], [-16.485759, 19.673126], [-16.4849, 19.673133], [-16.484905, 19.673675], [-16.485191, 19.673672], [-16.485194, 19.673943], [-16.485766, 19.673939], [-16.485764, 19.673668], [-16.486336, 19.673663], [-16.486341, 19.674205], [-16.486913, 19.6742]], [[-16.485478, 19.67367], [-16.485191, 19.673672], [-16.485189, 19.673401], [-16.485475, 19.673399], [-16.485478, 19.67367]]]}, "properties": {"layer": "core", "exposure_min": 0.6, "area_ha": 2.07}}, {"type": "Feature", "geometry": {"type": "Polygon", "coordinates": [[[-16.4643, 19.673302], [-16.464293, 19.672489], [-16.464579, 19.672486], [-16.464577, 19.672215], [-16.46429, 19.672218], [-16.464288, 19.671947], [-16.464002, 19.671949], [-16.464014, 19.673304], [-16.4643, 19.673302]]]}, "properties": {"layer": "core", "exposure_min": 0.6, "area_ha": 0.54}}, {"type": "Feature", "geometry": {"type": "Polygon", "coordinates": [[[-16.484883, 19.671236], [-16.48488, 19.670965], [-16.485166, 19.670962], [-16.485164, 19.670691], [-16.485736, 19.670686], [-16.485731, 19.670144], [-16.484587, 19.670154], [-16.484589, 19.670425], [-16.483731, 19.670432], [-16.483738, 19.671245], [-16.484025, 19.671243], [-16.484022, 19.670972], [-16.484308, 19.670969], [-16.484311, 19.67124], [-16.484883, 19.671236]]]}, "properties": {"layer": "core", "exposure_min": 0.6, "area_ha": 1.71}}, {"type": "Feature", "geometry": {"type": "Polygon", "coordinates": [[[-16.490886, 19.670644], [-16.490884, 19.670373], [-16.49117, 19.67037], [-16.491167, 19.670099], [-16.490595, 19.670104], [-16.490597, 19.670375], [-16.490311, 19.670378], [-16.490309, 19.670107], [-16.490023, 19.670109], [-16.490028, 19.670651], [-16.490886, 19.670644]]]}, "properties": {"layer": "core", "exposure_min": 0.6, "area_ha": 0.54}}, {"type": "Feature", "geometry": {"type": "Polygon", "coordinates": [[[-16.386199, 19.675006], [-16.386195, 19.674464], [-16.385909, 19.674466], [-16.385902, 19.673653], [-16.385615, 19.673655], [-16.385618, 19.673926], [-16.385046, 19.67393], [-16.385041, 19.673388], [-16.385327, 19.673386], [-16.385308, 19.671218], [-16.385594, 19.671216], [-16.385592, 19.670945], [-16.38502, 19.670949], [-16.385029, 19.672033], [-16.384743, 19.672035], [-16.38475, 19.672849], [-16.384464, 19.672851], [-16.384469, 19.673393], [-16.384755, 19.673391], [-16.384757, 19.673662], [-16.384185, 19.673666], [-16.384187, 19.673937], [-16.383901, 19.673939], [-16.383903, 19.67421], [-16.384476, 19.674206], [-16.384478, 19.674477], [-16.38505, 19.674473], [-16.385048, 19.674201], [-16.38562, 19.674197], [-16.385625, 19.674739], [-16.385911, 19.674737], [-16.385913, 19.675008], [-16.386199, 19.675006]]]}, "properties": {"layer": "core", "exposure_min": 0.6, "area_ha": 3.15}}, {"type": "Feature", "geometry": {"type": "Polygon", "coordinates": [[[-16.375924, 19.678066], [-16.375922, 19.677795], [-16.376494, 19.677791], [-16.376492, 19.67752], [-16.376778, 19.677518], [-16.376773, 19.676976], [-16.37706, 19.676973], [-16.377057, 19.676702], [-16.377343, 19.6767], [-16.377336, 19.675887], [-16.377909, 19.675883], [-16.377906, 19.675612], [-16.378192, 19.675609], [-16.378202, 19.676694], [-16.378488, 19.676691], [-16.378492, 19.677233], [-16.379065, 19.677229], [-16.379062, 19.676958], [-16.379921, 19.676951], [-16.379909, 19.675596], [-16.380195, 19.675594], [-16.380188, 19.674781], [-16.380474, 19.674779], [-16.38047, 19.674237], [-16.380756, 19.674235], [-16.380749, 19.673421], [-16.381035, 19.673419], [-16.381033, 19.673148], [-16.380461, 19.673153], [-16.380458, 19.672882], [-16.38103, 19.672877], [-16.381028, 19.672606], [-16.381314, 19.672604], [-16.381307, 19.671791], [-16.381021, 19.671793], [-16.381024, 19.672064], [-16.380451, 19.672068], [-16.380449, 19.671797], [-16.380735, 19.671795], [-16.38073, 19.671253], [-16.380444, 19.671255], [-16.380437, 19.670442], [-16.380151, 19.670444], [-16.380156, 19.670987], [-16.37987, 19.670989], [-16.379874, 19.671531], [-16.379588, 19.671533], [-16.379593, 19.672075], [-16.379021, 19.672079], [-16.379025, 19.672622], [-16.378739, 19.672624], [-16.378746, 19.673437], [-16.378174, 19.673441], [-16.378167, 19.672628], [-16.378453, 19.672626], [-16.378451, 19.672355], [-16.378165, 19.672357], [-16.378162, 19.672086], [-16.378448, 19.672084], [-16.378444, 19.671542], [-16.378158, 19.671544], [-16.378155, 19.671273], [-16.378441, 19.671271], [-16.378437, 19.670729], [-16.377865, 19.670733], [-16.377867, 19.671004], [-16.377581, 19.671006], [-16.377588, 19.671819], [-16.377302, 19.671822], [-16.377306, 19.672364], [-16.37702, 19.672366], [-16.377025, 19.672908], [-16.376739, 19.67291], [-16.376743, 19.673452], [-16.376457, 19.673454], [-16.376459, 19.673725], [-16.376746, 19.673723], [-16.376748, 19.673994], [-16.376462, 19.673996], [-16.376464, 19.674267], [-16.376178, 19.67427], [-16.376185, 19.675083], [-16.375899, 19.675085], [-16.375908, 19.676169], [-16.375622, 19.676171], [-16.375629, 19.676984], [-16.375343, 19.676987], [-16.37535, 19.6778], [-16.375636, 19.677797], [-16.375638, 19.678068], [-16.375924, 19.678066]], [[-16.379611, 19.674243], [-16.379039, 19.674248], [-16.379037, 19.673977], [-16.379609, 19.673972], [-16.379611, 19.674243]], [[-16.379891, 19.673428], [-16.379318, 19.673432], [-16.379316, 19.673161], [-16.379888, 19.673157], [-16.379891, 19.673428]]]}, "properties": {"layer": "core", "exposure_min": 0.6, "area_ha": 25.02}}, {"type": "Feature", "geometry": {"type": "Polygon", "coordinates": [[[-16.496899, 19.671136], [-16.496894, 19.670594], [-16.496608, 19.670596], [-16.496606, 19.670325], [-16.49632, 19.670328], [-16.496317, 19.670057], [-16.496889, 19.670052], [-16.496892, 19.670323], [-16.497178, 19.67032], [-16.497175, 19.670049], [-16.497461, 19.670047], [-16.497459, 19.669776], [-16.496887, 19.669781], [-16.496884, 19.66951], [-16.496312, 19.669515], [-16.496314, 19.669786], [-16.495456, 19.669793], [-16.495459, 19.670064], [-16.494886, 19.670068], [-16.494884, 19.669797], [-16.494598, 19.6698], [-16.494603, 19.670342], [-16.494031, 19.670347], [-16.494028, 19.670076], [-16.49317, 19.670083], [-16.493167, 19.669812], [-16.492881, 19.669814], [-16.492884, 19.670085], [-16.491739, 19.670095], [-16.491744, 19.670637], [-16.49203, 19.670634], [-16.492028, 19.670363], [-16.492314, 19.670361], [-16.492317, 19.670632], [-16.493175, 19.670625], [-16.493177, 19.670896], [-16.493463, 19.670893], [-16.493461, 19.670622], [-16.494319, 19.670615], [-16.494322, 19.670886], [-16.495466, 19.670877], [-16.495469, 19.671148], [-16.496041, 19.671143], [-16.496038, 19.670872], [-16.496611, 19.670867], [-16.496613, 19.671138], [-16.496899, 19.671136]], [[-16.496033, 19.67033], [-16.495747, 19.670332], [-16.495745, 19.670061], [-16.496031, 19.670059], [-16.496033, 19.67033]]]}, "properties": {"layer": "core", "exposure_min": 0.6, "area_ha": 4.86}}, {"type": "Feature", "geometry": {"type": "Polygon", "coordinates": [[[-16.382743, 19.672322], [-16.382738, 19.67178], [-16.382452, 19.671782], [-16.382449, 19.671511], [-16.382736, 19.671509], [-16.382733, 19.671238], [-16.383306, 19.671233], [-16.383301, 19.670691], [-16.383015, 19.670693], [-16.38301, 19.670151], [-16.382724, 19.670154], [-16.382729, 19.670696], [-16.382443, 19.670698], [-16.382445, 19.670969], [-16.381873, 19.670973], [-16.381877, 19.671515], [-16.381591, 19.671518], [-16.381596, 19.67206], [-16.381882, 19.672057], [-16.381884, 19.672328], [-16.38217, 19.672326], [-16.382168, 19.672055], [-16.382454, 19.672053], [-16.382456, 19.672324], [-16.382743, 19.672322]]]}, "properties": {"layer": "core", "exposure_min": 0.6, "area_ha": 1.98}}, {"type": "Feature", "geometry": {"type": "Polygon", "coordinates": [[[-16.486323, 19.672308], [-16.486316, 19.671495], [-16.48746, 19.671485], [-16.487465, 19.672027], [-16.487751, 19.672025], [-16.487746, 19.671483], [-16.488032, 19.671481], [-16.488035, 19.671752], [-16.488321, 19.671749], [-16.488314, 19.670936], [-16.489172, 19.670929], [-16.489167, 19.670387], [-16.489453, 19.670385], [-16.489456, 19.670656], [-16.489742, 19.670653], [-16.489737, 19.670111], [-16.489451, 19.670114], [-16.489448, 19.669843], [-16.489734, 19.66984], [-16.489732, 19.669569], [-16.488873, 19.669576], [-16.488876, 19.669847], [-16.48859, 19.66985], [-16.488587, 19.669579], [-16.488301, 19.669581], [-16.488299, 19.66931], [-16.488012, 19.669312], [-16.48801, 19.669041], [-16.487724, 19.669044], [-16.487721, 19.668773], [-16.487435, 19.668775], [-16.487438, 19.669046], [-16.487152, 19.669049], [-16.487154, 19.66932], [-16.486868, 19.669322], [-16.486871, 19.669593], [-16.486584, 19.669595], [-16.486587, 19.669866], [-16.486015, 19.669871], [-16.48602, 19.670413], [-16.486306, 19.670411], [-16.486303, 19.67014], [-16.487162, 19.670133], [-16.487164, 19.670404], [-16.486878, 19.670406], [-16.486881, 19.670677], [-16.486594, 19.670679], [-16.486597, 19.67095], [-16.486311, 19.670953], [-16.486313, 19.671224], [-16.485741, 19.671229], [-16.485744, 19.6715], [-16.48603, 19.671497], [-16.486037, 19.67231], [-16.486323, 19.672308]], [[-16.488314, 19.670936], [-16.488027, 19.670939], [-16.488022, 19.670397], [-16.488595, 19.670392], [-16.488592, 19.670121], [-16.488878, 19.670118], [-16.488883, 19.67066], [-16.488311, 19.670665], [-16.488314, 19.670936]], [[-16.487741, 19.670941], [-16.487455, 19.670943], [-16.487453, 19.670672], [-16.487739, 19.67067], [-16.487741, 19.670941]], [[-16.487169, 19.670946], [-16.486883, 19.670948], [-16.486881, 19.670677], [-16.487167, 19.670675], [-16.487169, 19.670946]]]}, "properties": {"layer": "core", "exposure_min": 0.6, "area_ha": 6.66}}, {"type": "Feature", "geometry": {"type": "Polygon", "coordinates": [[[-16.381096, 19.680466], [-16.381093, 19.680195], [-16.381379, 19.680193], [-16.381375, 19.679651], [-16.381661, 19.679649], [-16.381659, 19.679378], [-16.381945, 19.679375], [-16.381942, 19.679104], [-16.382228, 19.679102], [-16.382226, 19.678831], [-16.382512, 19.678829], [-16.38251, 19.678558], [-16.382796, 19.678556], [-16.382794, 19.678285], [-16.38308, 19.678282], [-16.383075, 19.67774], [-16.382503, 19.677745], [-16.382498, 19.677203], [-16.383071, 19.677198], [-16.383068, 19.676927], [-16.383354, 19.676925], [-16.383352, 19.676654], [-16.383638, 19.676652], [-16.383634, 19.67611], [-16.383347, 19.676112], [-16.383345, 19.675841], [-16.383631, 19.675839], [-16.383629, 19.675568], [-16.384201, 19.675563], [-16.384203, 19.675834], [-16.38449, 19.675832], [-16.384478, 19.674477], [-16.384192, 19.674479], [-16.384194, 19.67475], [-16.383908, 19.674752], [-16.38391, 19.675023], [-16.383624, 19.675026], [-16.383613, 19.67367], [-16.383899, 19.673668], [-16.383894, 19.673126], [-16.38418, 19.673124], [-16.384171, 19.67204], [-16.384457, 19.672038], [-16.384443, 19.670411], [-16.385015, 19.670407], [-16.385013, 19.670136], [-16.384727, 19.670138], [-16.384722, 19.669596], [-16.38415, 19.669601], [-16.384152, 19.669872], [-16.383866, 19.669874], [-16.383878, 19.671229], [-16.383592, 19.671231], [-16.383594, 19.671502], [-16.383308, 19.671504], [-16.383312, 19.672046], [-16.383026, 19.672049], [-16.383029, 19.67232], [-16.383315, 19.672317], [-16.383319, 19.67286], [-16.382747, 19.672864], [-16.38275, 19.673135], [-16.382463, 19.673137], [-16.382475, 19.674492], [-16.382189, 19.674495], [-16.382205, 19.676392], [-16.381919, 19.676394], [-16.38194, 19.678833], [-16.381654, 19.678835], [-16.381656, 19.679106], [-16.38137, 19.679109], [-16.381372, 19.67938], [-16.381086, 19.679382], [-16.381091, 19.679924], [-16.380805, 19.679926], [-16.380809, 19.680468], [-16.381096, 19.680466]], [[-16.382508, 19.678287], [-16.382221, 19.678289], [-16.382219, 19.678018], [-16.382505, 19.678016], [-16.382508, 19.678287]], [[-16.383068, 19.676927], [-16.382782, 19.676929], [-16.38278, 19.676658], [-16.383066, 19.676656], [-16.383068, 19.676927]], [[-16.383629, 19.675568], [-16.383343, 19.67557], [-16.38334, 19.675299], [-16.383627, 19.675297], [-16.383629, 19.675568]]]}, "properties": {"layer": "core", "exposure_min": 0.6, "area_ha": 13.14}}, {"type": "Feature", "geometry": {"type": "Polygon", "coordinates": [[[-16.485724, 19.669331], [-16.485721, 19.66906], [-16.486007, 19.669058], [-16.486005, 19.668787], [-16.485433, 19.668792], [-16.48543, 19.668521], [-16.484858, 19.668525], [-16.48486, 19.668796], [-16.484574, 19.668799], [-16.484577, 19.66907], [-16.485149, 19.669065], [-16.485151, 19.669336], [-16.485724, 19.669331]]]}, "properties": {"layer": "core", "exposure_min": 0.6, "area_ha": 0.81}}, {"type": "Feature", "geometry": {"type": "Polygon", "coordinates": [[[-16.473424, 19.669704], [-16.473419, 19.669162], [-16.473705, 19.669159], [-16.473702, 19.668888], [-16.473416, 19.668891], [-16.473414, 19.66862], [-16.4737, 19.668617], [-16.473697, 19.668346], [-16.473125, 19.668351], [-16.473133, 19.669164], [-16.472847, 19.669166], [-16.472849, 19.669437], [-16.473135, 19.669435], [-16.473138, 19.669706], [-16.473424, 19.669704]]]}, "properties": {"layer": "core", "exposure_min": 0.6, "area_ha": 0.72}}, {"type": "Feature", "geometry": {"type": "Polygon", "coordinates": [[[-16.471416, 19.669178], [-16.471411, 19.668636], [-16.471697, 19.668634], [-16.47169, 19.667821], [-16.472548, 19.667814], [-16.472551, 19.668085], [-16.472837, 19.668082], [-16.472832, 19.66754], [-16.471973, 19.667547], [-16.471971, 19.667276], [-16.471399, 19.667281], [-16.471401, 19.667552], [-16.471115, 19.667554], [-16.471118, 19.667825], [-16.470831, 19.667828], [-16.470836, 19.66837], [-16.47055, 19.668372], [-16.470553, 19.668643], [-16.470839, 19.668641], [-16.470844, 19.669183], [-16.471416, 19.669178]]]}, "properties": {"layer": "core", "exposure_min": 0.6, "area_ha": 2.07}}, {"type": "Feature", "geometry": {"type": "Polygon", "coordinates": [[[-16.388151, 19.669028], [-16.388149, 19.668757], [-16.388435, 19.668754], [-16.388425, 19.66767], [-16.388139, 19.667672], [-16.388146, 19.668486], [-16.38786, 19.668488], [-16.387865, 19.66903], [-16.388151, 19.669028]]]}, "properties": {"layer": "core", "exposure_min": 0.6, "area_ha": 0.54}}, {"type": "Feature", "geometry": {"type": "Polygon", "coordinates": [[[-16.363877, 19.674635], [-16.363872, 19.674092], [-16.364158, 19.67409], [-16.364156, 19.673819], [-16.364442, 19.673817], [-16.364438, 19.673275], [-16.36501, 19.673271], [-16.365005, 19.672729], [-16.365291, 19.672726], [-16.365289, 19.672455], [-16.365575, 19.672453], [-16.365573, 19.672182], [-16.365859, 19.67218], [-16.365854, 19.671638], [-16.365568, 19.67164], [-16.365566, 19.671369], [-16.365852, 19.671367], [-16.365848, 19.670825], [-16.36642, 19.67082], [-16.366418, 19.670549], [-16.366704, 19.670547], [-16.366701, 19.670276], [-16.366415, 19.670278], [-16.366411, 19.669736], [-16.366697, 19.669734], [-16.366692, 19.669192], [-16.366978, 19.66919], [-16.366974, 19.668648], [-16.36726, 19.668646], [-16.367253, 19.667833], [-16.366967, 19.667835], [-16.366969, 19.668106], [-16.366683, 19.668108], [-16.366688, 19.66865], [-16.366401, 19.668652], [-16.366404, 19.668923], [-16.366118, 19.668925], [-16.366122, 19.669467], [-16.36555, 19.669472], [-16.365561, 19.670827], [-16.365275, 19.670829], [-16.36528, 19.671371], [-16.364708, 19.671376], [-16.36471, 19.671647], [-16.364424, 19.671649], [-16.364435, 19.673004], [-16.364149, 19.673006], [-16.364154, 19.673548], [-16.363868, 19.67355], [-16.36387, 19.673821], [-16.363584, 19.673824], [-16.363591, 19.674637], [-16.363877, 19.674635]], [[-16.365287, 19.672184], [-16.365001, 19.672187], [-16.364998, 19.671915], [-16.365285, 19.671913], [-16.365287, 19.672184]]]}, "properties": {"layer": "core", "exposure_min": 0.6, "area_ha": 5.76}}, {"type": "Feature", "geometry": {"type": "Polygon", "coordinates": [[[-16.365548, 19.669201], [-16.365545, 19.66893], [-16.365832, 19.668928], [-16.365829, 19.668657], [-16.366115, 19.668654], [-16.366108, 19.667841], [-16.365822, 19.667843], [-16.365827, 19.668386], [-16.365541, 19.668388], [-16.365543, 19.668659], [-16.365257, 19.668661], [-16.365262, 19.669203], [-16.365548, 19.669201]]]}, "properties": {"layer": "core", "exposure_min": 0.6, "area_ha": 0.63}}, {"type": "Feature", "geometry": {"type": "Polygon", "coordinates": [[[-16.474946, 19.67972], [-16.474941, 19.679178], [-16.475513, 19.679173], [-16.475511, 19.678902], [-16.475797, 19.6789], [-16.475794, 19.678629], [-16.476081, 19.678626], [-16.476076, 19.678084], [-16.476362, 19.678082], [-16.476357, 19.67754], [-16.476643, 19.677537], [-16.476638, 19.676995], [-16.476924, 19.676993], [-16.476919, 19.676451], [-16.477205, 19.676449], [-16.477203, 19.676178], [-16.477489, 19.676175], [-16.477469, 19.674007], [-16.477183, 19.674009], [-16.47718, 19.673738], [-16.476894, 19.673741], [-16.476902, 19.674554], [-16.477188, 19.674552], [-16.477193, 19.675094], [-16.476334, 19.675101], [-16.476339, 19.675643], [-16.476625, 19.67564], [-16.47663, 19.676182], [-16.476344, 19.676185], [-16.476352, 19.676998], [-16.476066, 19.677], [-16.476061, 19.676458], [-16.475775, 19.67646], [-16.475772, 19.676189], [-16.476058, 19.676187], [-16.476048, 19.675103], [-16.475762, 19.675105], [-16.47576, 19.674834], [-16.476046, 19.674832], [-16.476041, 19.67429], [-16.476613, 19.674285], [-16.476606, 19.673472], [-16.476892, 19.67347], [-16.476882, 19.672386], [-16.477168, 19.672383], [-16.47716, 19.67157], [-16.477447, 19.671568], [-16.477439, 19.670755], [-16.477725, 19.670753], [-16.477723, 19.670482], [-16.477437, 19.670484], [-16.477434, 19.670213], [-16.477148, 19.670215], [-16.47715, 19.670486], [-16.476864, 19.670489], [-16.476872, 19.671302], [-16.4763, 19.671306], [-16.476302, 19.671577], [-16.476874, 19.671573], [-16.476877, 19.671844], [-16.476591, 19.671846], [-16.476593, 19.672117], [-16.476307, 19.672119], [-16.476305, 19.671848], [-16.476018, 19.671851], [-16.476009, 19.670767], [-16.476295, 19.670764], [-16.47629, 19.670222], [-16.476576, 19.67022], [-16.476563, 19.668865], [-16.476849, 19.668862], [-16.476852, 19.669133], [-16.477138, 19.669131], [-16.477136, 19.66886], [-16.477422, 19.668858], [-16.477417, 19.668316], [-16.477703, 19.668313], [-16.477698, 19.667771], [-16.477984, 19.667769], [-16.477979, 19.667227], [-16.477693, 19.667229], [-16.47769, 19.666958], [-16.477977, 19.666956], [-16.477974, 19.666685], [-16.47826, 19.666683], [-16.478253, 19.665869], [-16.47768, 19.665874], [-16.477683, 19.666145], [-16.477397, 19.666148], [-16.477399, 19.666419], [-16.477113, 19.666421], [-16.477118, 19.666963], [-16.47626, 19.66697], [-16.476262, 19.667241], [-16.476548, 19.667239], [-16.476553, 19.667781], [-16.475981, 19.667785], [-16.475984, 19.668056], [-16.475698, 19.668059], [-16.4757, 19.66833], [-16.475414, 19.668332], [-16.475412, 19.668061], [-16.475125, 19.668064], [-16.475128, 19.668335], [-16.474842, 19.668337], [-16.474847, 19.668879], [-16.474561, 19.668881], [-16.474563, 19.669152], [-16.474849, 19.66915], [-16.474854, 19.669692], [-16.47514, 19.66969], [-16.475138, 19.669419], [-16.475424, 19.669416], [-16.475429, 19.669958], [-16.475715, 19.669956], [-16.475722, 19.670769], [-16.475436, 19.670771], [-16.475441, 19.671313], [-16.475155, 19.671316], [-16.47516, 19.671858], [-16.474874, 19.67186], [-16.474867, 19.671047], [-16.47458, 19.671049], [-16.474588, 19.671862], [-16.474302, 19.671865], [-16.474304, 19.672136], [-16.474018, 19.672138], [-16.474013, 19.671596], [-16.473727, 19.671599], [-16.473742, 19.673225], [-16.473456, 19.673227], [-16.473458, 19.673498], [-16.474031, 19.673493], [-16.474043, 19.674848], [-16.474329, 19.674846], [-16.474332, 19.675117], [-16.474045, 19.675119], [-16.474048, 19.67539], [-16.473762, 19.675393], [-16.473764, 19.675664], [-16.473478, 19.675666], [-16.473483, 19.676208], [-16.473769, 19.676206], [-16.473772, 19.676477], [-16.474058, 19.676475], [-16.474055, 19.676204], [-16.474628, 19.676199], [-16.474625, 19.675928], [-16.474339, 19.67593], [-16.474337, 19.675659], [-16.474909, 19.675654], [-16.474914, 19.676196], [-16.4752, 19.676194], [-16.475202, 19.676465], [-16.47463, 19.67647], [-16.474633, 19.676741], [-16.474346, 19.676743], [-16.474349, 19.677014], [-16.474921, 19.67701], [-16.474924, 19.677281], [-16.474638, 19.677283], [-16.47464, 19.677554], [-16.474926, 19.677552], [-16.474931, 19.678094], [-16.474645, 19.678096], [-16.474655, 19.67918], [-16.474369, 19.679182], [-16.474371, 19.679453], [-16.474657, 19.679451], [-16.47466, 19.679722], [-16.474946, 19.67972]], [[-16.476071, 19.677542], [-16.475784, 19.677545], [-16.475782, 19.677273], [-16.476068, 19.677271], [-16.476071, 19.677542]], [[-16.474053, 19.675932], [-16.473767, 19.675935], [-16.473764, 19.675664], [-16.47405, 19.675661], [-16.474053, 19.675932]], [[-16.476912, 19.675638], [-16.476625, 19.67564], [-16.476623, 19.675369], [-16.476909, 19.675367], [-16.476912, 19.675638]], [[-16.475479, 19.675379], [-16.475192, 19.675381], [-16.47519, 19.67511], [-16.475476, 19.675108], [-16.475479, 19.675379]], [[-16.475466, 19.674024], [-16.47518, 19.674026], [-16.475178, 19.673755], [-16.475464, 19.673753], [-16.475466, 19.674024]], [[-16.475459, 19.673211], [-16.475173, 19.673213], [-16.475165, 19.6724], [-16.475737, 19.672395], [-16.475735, 19.672124], [-16.476307, 19.672119], [-16.476315, 19.672932], [-16.475456, 19.67294], [-16.475459, 19.673211]], [[-16.47571, 19.669414], [-16.475424, 19.669416], [-16.475421, 19.669145], [-16.475708, 19.669143], [-16.47571, 19.669414]]]}, "properties": {"layer": "core", "exposure_min": 0.6, "area_ha": 29.43}}, {"type": "Feature", "geometry": {"type": "Polygon", "coordinates": [[[-16.368395, 19.667553], [-16.368393, 19.667282], [-16.368679, 19.66728], [-16.368677, 19.667009], [-16.368963, 19.667006], [-16.368958, 19.666464], [-16.368672, 19.666467], [-16.368674, 19.666738], [-16.368388, 19.66674], [-16.368384, 19.666198], [-16.368097, 19.6662], [-16.3681, 19.666471], [-16.367814, 19.666473], [-16.367818, 19.667015], [-16.367532, 19.667017], [-16.367537, 19.667559], [-16.368395, 19.667553]]]}, "properties": {"layer": "core", "exposure_min": 0.6, "area_ha": 1.35}}, {"type": "Feature", "geometry": {"type": "Polygon", "coordinates": [[[-16.386167, 19.671211], [-16.386164, 19.67094], [-16.38645, 19.670938], [-16.386448, 19.670667], [-16.386734, 19.670665], [-16.386723, 19.66931], [-16.387009, 19.669307], [-16.387002, 19.668494], [-16.387288, 19.668492], [-16.387286, 19.668221], [-16.387572, 19.668219], [-16.387569, 19.667948], [-16.387855, 19.667946], [-16.387848, 19.667133], [-16.388135, 19.66713], [-16.38813, 19.666588], [-16.387558, 19.666593], [-16.38756, 19.666864], [-16.387274, 19.666866], [-16.387279, 19.667408], [-16.386992, 19.66741], [-16.386995, 19.667681], [-16.386423, 19.667686], [-16.386418, 19.667144], [-16.386704, 19.667141], [-16.386692, 19.665786], [-16.386406, 19.665788], [-16.386416, 19.666873], [-16.386129, 19.666875], [-16.386134, 19.667417], [-16.385848, 19.667419], [-16.38585, 19.66769], [-16.385564, 19.667692], [-16.385562, 19.667421], [-16.385276, 19.667423], [-16.385283, 19.668237], [-16.384997, 19.668239], [-16.385004, 19.669052], [-16.384717, 19.669054], [-16.384722, 19.669596], [-16.385294, 19.669592], [-16.385292, 19.669321], [-16.385578, 19.669319], [-16.385585, 19.670132], [-16.385871, 19.670129], [-16.385869, 19.669858], [-16.386155, 19.669856], [-16.386162, 19.670669], [-16.385876, 19.670671], [-16.385881, 19.671214], [-16.386167, 19.671211]], [[-16.386713, 19.668226], [-16.386427, 19.668228], [-16.386425, 19.667957], [-16.386711, 19.667955], [-16.386713, 19.668226]]]}, "properties": {"layer": "core", "exposure_min": 0.6, "area_ha": 7.74}}, {"type": "Feature", "geometry": {"type": "Polygon", "coordinates": [[[-16.489413, 19.666048], [-16.48941, 19.665777], [-16.489697, 19.665775], [-16.489692, 19.665233], [-16.489119, 19.665238], [-16.489117, 19.664967], [-16.488831, 19.664969], [-16.488838, 19.665782], [-16.489124, 19.66578], [-16.489127, 19.666051], [-16.489413, 19.666048]]]}, "properties": {"layer": "core", "exposure_min": 0.6, "area_ha": 0.72}}, {"type": "Feature", "geometry": {"type": "Polygon", "coordinates": [[[-16.46435, 19.678722], [-16.464335, 19.677096], [-16.464049, 19.677098], [-16.464041, 19.676285], [-16.464327, 19.676283], [-16.46432, 19.67547], [-16.464606, 19.675468], [-16.464601, 19.674926], [-16.464887, 19.674923], [-16.464875, 19.673568], [-16.464589, 19.673571], [-16.464591, 19.673842], [-16.464305, 19.673844], [-16.46431, 19.674386], [-16.463738, 19.674391], [-16.463735, 19.67412], [-16.464022, 19.674117], [-16.464017, 19.673575], [-16.463444, 19.67358], [-16.463442, 19.673309], [-16.463156, 19.673311], [-16.463151, 19.672769], [-16.462865, 19.672771], [-16.462867, 19.673042], [-16.462581, 19.673045], [-16.462576, 19.672503], [-16.46229, 19.672505], [-16.462285, 19.671963], [-16.462571, 19.671961], [-16.462559, 19.670606], [-16.462845, 19.670603], [-16.462835, 19.669519], [-16.462263, 19.669524], [-16.462258, 19.668982], [-16.461686, 19.668986], [-16.461703, 19.670884], [-16.461417, 19.670886], [-16.46141, 19.670073], [-16.461124, 19.670075], [-16.461114, 19.668991], [-16.460828, 19.668993], [-16.460825, 19.668722], [-16.461397, 19.668718], [-16.461395, 19.668447], [-16.461109, 19.668449], [-16.461097, 19.667094], [-16.46081, 19.667096], [-16.460798, 19.665741], [-16.460512, 19.665744], [-16.460505, 19.66493], [-16.460219, 19.664933], [-16.460226, 19.665746], [-16.45994, 19.665748], [-16.459942, 19.666019], [-16.459656, 19.666022], [-16.459661, 19.666564], [-16.459375, 19.666566], [-16.459377, 19.666837], [-16.459091, 19.666839], [-16.459096, 19.667381], [-16.459668, 19.667377], [-16.459666, 19.667106], [-16.460238, 19.667101], [-16.460241, 19.667372], [-16.459955, 19.667374], [-16.459957, 19.667645], [-16.459671, 19.667648], [-16.459673, 19.667919], [-16.45996, 19.667916], [-16.459962, 19.668187], [-16.460248, 19.668185], [-16.460253, 19.668727], [-16.460539, 19.668725], [-16.460561, 19.671164], [-16.460275, 19.671166], [-16.460285, 19.67225], [-16.460571, 19.672248], [-16.460581, 19.673332], [-16.460867, 19.67333], [-16.460874, 19.674143], [-16.46116, 19.674141], [-16.46117, 19.675225], [-16.461456, 19.675222], [-16.461459, 19.675493], [-16.461745, 19.675491], [-16.461752, 19.676304], [-16.462325, 19.676299], [-16.462329, 19.676841], [-16.462616, 19.676839], [-16.462621, 19.677381], [-16.462907, 19.677379], [-16.462909, 19.67765], [-16.463481, 19.677645], [-16.463484, 19.677916], [-16.464056, 19.677912], [-16.464063, 19.678725], [-16.46435, 19.678722]], [[-16.46374, 19.674662], [-16.463454, 19.674664], [-16.463452, 19.674393], [-16.463738, 19.674391], [-16.46374, 19.674662]]]}, "properties": {"layer": "core", "exposure_min": 0.6, "area_ha": 28.17}}, {"type": "Feature", "geometry": {"type": "Polygon", "coordinates": [[[-16.366383, 19.666484], [-16.366381, 19.666213], [-16.366667, 19.666211], [-16.366665, 19.66594], [-16.366951, 19.665938], [-16.366946, 19.665395], [-16.367232, 19.665393], [-16.367228, 19.664851], [-16.366942, 19.664853], [-16.366944, 19.665124], [-16.366658, 19.665127], [-16.36666, 19.665398], [-16.366374, 19.6654], [-16.366378, 19.665942], [-16.366092, 19.665944], [-16.366097, 19.666486], [-16.366383, 19.666484]]]}, "properties": {"layer": "core", "exposure_min": 0.6, "area_ha": 0.9}}, {"type": "Feature", "geometry": {"type": "Polygon", "coordinates": [[[-16.394082, 19.660037], [-16.394075, 19.659224], [-16.393217, 19.659231], [-16.393219, 19.659502], [-16.392933, 19.659504], [-16.392935, 19.659775], [-16.393507, 19.65977], [-16.393505, 19.659499], [-16.393791, 19.659497], [-16.393796, 19.660039], [-16.394082, 19.660037]]]}, "properties": {"layer": "core", "exposure_min": 0.6, "area_ha": 0.63}}, {"type": "Feature", "geometry": {"type": "Polygon", "coordinates": [[[-16.489097, 19.662799], [-16.489087, 19.661714], [-16.488801, 19.661717], [-16.488798, 19.661446], [-16.489084, 19.661443], [-16.489082, 19.661172], [-16.490512, 19.661161], [-16.49051, 19.66089], [-16.491368, 19.660882], [-16.491363, 19.66034], [-16.491077, 19.660343], [-16.491074, 19.660072], [-16.49136, 19.660069], [-16.491358, 19.659798], [-16.49193, 19.659794], [-16.491925, 19.659252], [-16.491639, 19.659254], [-16.491637, 19.658983], [-16.491923, 19.658981], [-16.49192, 19.658709], [-16.490776, 19.658719], [-16.490781, 19.659261], [-16.490209, 19.659266], [-16.490206, 19.658995], [-16.48992, 19.658997], [-16.489923, 19.659268], [-16.489636, 19.659271], [-16.489634, 19.658999], [-16.489062, 19.659004], [-16.489059, 19.658733], [-16.488773, 19.658736], [-16.488768, 19.658194], [-16.488482, 19.658196], [-16.48849, 19.659009], [-16.488776, 19.659007], [-16.488778, 19.659278], [-16.488492, 19.65928], [-16.488495, 19.659551], [-16.489067, 19.659546], [-16.489077, 19.66063], [-16.488219, 19.660637], [-16.488229, 19.661722], [-16.487942, 19.661724], [-16.487937, 19.661182], [-16.487651, 19.661184], [-16.487654, 19.661455], [-16.487368, 19.661458], [-16.48737, 19.661729], [-16.487084, 19.661731], [-16.487089, 19.662273], [-16.487661, 19.662268], [-16.487664, 19.662539], [-16.488808, 19.66253], [-16.488811, 19.662801], [-16.489097, 19.662799]], [[-16.491072, 19.659801], [-16.490786, 19.659803], [-16.490783, 19.659532], [-16.491069, 19.65953], [-16.491072, 19.659801]]]}, "properties": {"layer": "core", "exposure_min": 0.6, "area_ha": 9.54}}, {"type": "Feature", "geometry": {"type": "Polygon", "coordinates": [[[-16.49191, 19.657625], [-16.491905, 19.657083], [-16.491333, 19.657088], [-16.49133, 19.656817], [-16.491044, 19.656819], [-16.491047, 19.657091], [-16.490761, 19.657093], [-16.490766, 19.657635], [-16.491052, 19.657633], [-16.491049, 19.657362], [-16.491335, 19.657359], [-16.491338, 19.65763], [-16.49191, 19.657625]]]}, "properties": {"layer": "core", "exposure_min": 0.6, "area_ha": 0.72}}, {"type": "Feature", "geometry": {"type": "Polygon", "coordinates": [[[-16.39264, 19.658693], [-16.392637, 19.658422], [-16.39321, 19.658418], [-16.393207, 19.658147], [-16.392921, 19.658149], [-16.392919, 19.657878], [-16.392633, 19.65788], [-16.392626, 19.657067], [-16.39234, 19.657069], [-16.392342, 19.65734], [-16.392056, 19.657342], [-16.392058, 19.657613], [-16.391772, 19.657616], [-16.391777, 19.658158], [-16.392063, 19.658155], [-16.392061, 19.657884], [-16.392347, 19.657882], [-16.392354, 19.658695], [-16.39264, 19.658693]]]}, "properties": {"layer": "core", "exposure_min": 0.6, "area_ha": 1.17}}, {"type": "Feature", "geometry": {"type": "Polygon", "coordinates": [[[-16.487576, 19.653054], [-16.487574, 19.652783], [-16.487288, 19.652785], [-16.487283, 19.652243], [-16.486997, 19.652245], [-16.486992, 19.651703], [-16.48642, 19.651708], [-16.486417, 19.651437], [-16.486131, 19.651439], [-16.486134, 19.65171], [-16.485847, 19.651713], [-16.48585, 19.651984], [-16.486422, 19.651979], [-16.486425, 19.65225], [-16.485566, 19.652257], [-16.485571, 19.652799], [-16.48643, 19.652792], [-16.486432, 19.653063], [-16.487576, 19.653054]]]}, "properties": {"layer": "core", "exposure_min": 0.6, "area_ha": 2.07}}, {"type": "Feature", "geometry": {"type": "Polygon", "coordinates": [[[-16.400026, 19.652673], [-16.400024, 19.652402], [-16.40031, 19.652399], [-16.400306, 19.651857], [-16.399733, 19.651862], [-16.399736, 19.652133], [-16.39945, 19.652135], [-16.399452, 19.652406], [-16.399166, 19.652408], [-16.399168, 19.652679], [-16.400026, 19.652673]]]}, "properties": {"layer": "core", "exposure_min": 0.6, "area_ha": 0.72}}, {"type": "Feature", "geometry": {"type": "Polygon", "coordinates": [[[-16.454367, 19.650615], [-16.454365, 19.650344], [-16.454651, 19.650342], [-16.454646, 19.6498], [-16.45436, 19.649802], [-16.454355, 19.64926], [-16.454069, 19.649262], [-16.454064, 19.64872], [-16.453778, 19.648722], [-16.45378, 19.648993], [-16.453208, 19.648998], [-16.453211, 19.649269], [-16.452925, 19.649271], [-16.452927, 19.649542], [-16.453499, 19.649538], [-16.453504, 19.65008], [-16.45379, 19.650078], [-16.453793, 19.650349], [-16.454079, 19.650346], [-16.454081, 19.650617], [-16.454367, 19.650615]]]}, "properties": {"layer": "core", "exposure_min": 0.6, "area_ha": 1.8}}, {"type": "Feature", "geometry": {"type": "Polygon", "coordinates": [[[-16.380261, 19.649844], [-16.380256, 19.649302], [-16.380543, 19.6493], [-16.380536, 19.648486], [-16.380249, 19.648489], [-16.380252, 19.64876], [-16.379966, 19.648762], [-16.379975, 19.649846], [-16.380261, 19.649844]]]}, "properties": {"layer": "core", "exposure_min": 0.6, "area_ha": 0.63}}, {"type": "Feature", "geometry": {"type": "Polygon", "coordinates": [[[-16.384234, 19.646019], [-16.384227, 19.645206], [-16.384513, 19.645203], [-16.384506, 19.64439], [-16.38422, 19.644392], [-16.384224, 19.644934], [-16.383652, 19.644939], [-16.383657, 19.645481], [-16.383943, 19.645479], [-16.383945, 19.64575], [-16.383659, 19.645752], [-16.383662, 19.646023], [-16.384234, 19.646019]]]}, "properties": {"layer": "core", "exposure_min": 0.6, "area_ha": 0.9}}, {"type": "Feature", "geometry": {"type": "Polygon", "coordinates": [[[-16.455751, 19.645454], [-16.455734, 19.643557], [-16.455448, 19.643559], [-16.455445, 19.643288], [-16.455159, 19.64329], [-16.455162, 19.643561], [-16.454876, 19.643564], [-16.454878, 19.643835], [-16.455164, 19.643832], [-16.455174, 19.644917], [-16.45546, 19.644914], [-16.455465, 19.645456], [-16.455751, 19.645454]]]}, "properties": {"layer": "core", "exposure_min": 0.6, "area_ha": 1.26}}, {"type": "Feature", "geometry": {"type": "Polygon", "coordinates": [[[-16.488385, 19.647626], [-16.488382, 19.647355], [-16.48924, 19.647348], [-16.489235, 19.646806], [-16.489807, 19.646801], [-16.4898, 19.645988], [-16.490372, 19.645983], [-16.49037, 19.645712], [-16.490083, 19.645715], [-16.490078, 19.645173], [-16.490651, 19.645168], [-16.490646, 19.644626], [-16.49036, 19.644628], [-16.490362, 19.644899], [-16.48979, 19.644904], [-16.489787, 19.644633], [-16.489501, 19.644635], [-16.489499, 19.644364], [-16.489213, 19.644367], [-16.489208, 19.643825], [-16.488922, 19.643827], [-16.488924, 19.644098], [-16.488352, 19.644103], [-16.488347, 19.643561], [-16.487775, 19.643566], [-16.487773, 19.643295], [-16.487486, 19.643297], [-16.487484, 19.643026], [-16.487198, 19.643028], [-16.487195, 19.642757], [-16.486909, 19.64276], [-16.486907, 19.642489], [-16.486621, 19.642491], [-16.486618, 19.64222], [-16.486332, 19.642222], [-16.48633, 19.641951], [-16.486044, 19.641954], [-16.486041, 19.641683], [-16.485469, 19.641687], [-16.485472, 19.641958], [-16.485758, 19.641956], [-16.485765, 19.642769], [-16.486051, 19.642767], [-16.486056, 19.643309], [-16.485484, 19.643314], [-16.485482, 19.643042], [-16.485196, 19.643045], [-16.485193, 19.642774], [-16.484907, 19.642776], [-16.484902, 19.642234], [-16.484616, 19.642237], [-16.484613, 19.641965], [-16.484327, 19.641968], [-16.484332, 19.64251], [-16.484618, 19.642508], [-16.484621, 19.642779], [-16.484335, 19.642781], [-16.48434, 19.643323], [-16.484626, 19.643321], [-16.484628, 19.643592], [-16.484914, 19.643589], [-16.484912, 19.643318], [-16.485198, 19.643316], [-16.485203, 19.643858], [-16.485489, 19.643856], [-16.485492, 19.644127], [-16.485778, 19.644124], [-16.48578, 19.644395], [-16.486066, 19.644393], [-16.486069, 19.644664], [-16.486355, 19.644662], [-16.486357, 19.644933], [-16.486643, 19.64493], [-16.486646, 19.645201], [-16.486932, 19.645199], [-16.486934, 19.64547], [-16.486648, 19.645472], [-16.486658, 19.646556], [-16.486944, 19.646554], [-16.486952, 19.647367], [-16.487238, 19.647365], [-16.48724, 19.647636], [-16.488385, 19.647626]]]}, "properties": {"layer": "core", "exposure_min": 0.6, "area_ha": 18.18}}, {"type": "Feature", "geometry": {"type": "Polygon", "coordinates": [[[-16.490623, 19.642187], [-16.490621, 19.641916], [-16.490335, 19.641918], [-16.490332, 19.641647], [-16.489474, 19.641654], [-16.489471, 19.641383], [-16.489185, 19.641386], [-16.489183, 19.641115], [-16.488897, 19.641117], [-16.488894, 19.640846], [-16.488322, 19.640851], [-16.48832, 19.64058], [-16.488034, 19.640582], [-16.488039, 19.641124], [-16.488325, 19.641122], [-16.48833, 19.641664], [-16.488616, 19.641661], [-16.488618, 19.641932], [-16.488904, 19.64193], [-16.488907, 19.642201], [-16.490623, 19.642187]]]}, "properties": {"layer": "core", "exposure_min": 0.6, "area_ha": 2.07}}, {"type": "Feature", "geometry": {"type": "Polygon", "coordinates": [[[-16.485183, 19.64169], [-16.485181, 19.641419], [-16.484895, 19.641421], [-16.484892, 19.64115], [-16.484606, 19.641152], [-16.484601, 19.64061], [-16.484315, 19.640613], [-16.484312, 19.640342], [-16.484026, 19.640344], [-16.484024, 19.640073], [-16.483738, 19.640075], [-16.483733, 19.639533], [-16.483447, 19.639536], [-16.483452, 19.640078], [-16.48288, 19.640083], [-16.482882, 19.640354], [-16.48231, 19.640358], [-16.482313, 19.640629], [-16.483457, 19.64062], [-16.483462, 19.641162], [-16.483176, 19.641164], [-16.483181, 19.641706], [-16.485183, 19.64169]]]}, "properties": {"layer": "core", "exposure_min": 0.6, "area_ha": 3.06}}, {"type": "Feature", "geometry": {"type": "Polygon", "coordinates": [[[-16.48428, 19.636818], [-16.484278, 19.636547], [-16.483992, 19.63655], [-16.483987, 19.636008], [-16.483414, 19.636012], [-16.483419, 19.636555], [-16.483705, 19.636552], [-16.483708, 19.636823], [-16.48428, 19.636818]]]}, "properties": {"layer": "core", "exposure_min": 0.6, "area_ha": 0.54}}, {"type": "Feature", "geometry": {"type": "Polygon", "coordinates": [[[-16.40145, 19.651848], [-16.401443, 19.651035], [-16.401729, 19.651033], [-16.401727, 19.650762], [-16.402013, 19.65076], [-16.402003, 19.649676], [-16.402289, 19.649673], [-16.402292, 19.649944], [-16.402578, 19.649942], [-16.40258, 19.650213], [-16.402294, 19.650215], [-16.402301, 19.651029], [-16.402587, 19.651026], [-16.402585, 19.650755], [-16.402871, 19.650753], [-16.402866, 19.650211], [-16.403152, 19.650209], [-16.40314, 19.648854], [-16.403426, 19.648851], [-16.403424, 19.64858], [-16.40371, 19.648578], [-16.403708, 19.648307], [-16.403994, 19.648305], [-16.403989, 19.647763], [-16.404561, 19.647758], [-16.404559, 19.647487], [-16.404845, 19.647485], [-16.40484, 19.646943], [-16.405126, 19.646941], [-16.405122, 19.646399], [-16.405408, 19.646396], [-16.405405, 19.646125], [-16.405692, 19.646123], [-16.405687, 19.645581], [-16.405973, 19.645579], [-16.40597, 19.645308], [-16.406257, 19.645306], [-16.406252, 19.644764], [-16.406538, 19.644761], [-16.406533, 19.644219], [-16.406819, 19.644217], [-16.406815, 19.643675], [-16.407101, 19.643673], [-16.407098, 19.643402], [-16.407384, 19.6434], [-16.40738, 19.642857], [-16.407666, 19.642855], [-16.407661, 19.642313], [-16.407947, 19.642311], [-16.407945, 19.64204], [-16.408231, 19.642038], [-16.408228, 19.641767], [-16.407942, 19.641769], [-16.40794, 19.641498], [-16.408512, 19.641493], [-16.40851, 19.641222], [-16.408796, 19.64122], [-16.408791, 19.640678], [-16.409077, 19.640676], [-16.409072, 19.640134], [-16.409358, 19.640131], [-16.409356, 19.63986], [-16.409642, 19.639858], [-16.409637, 19.639316], [-16.409923, 19.639314], [-16.409921, 19.639043], [-16.410207, 19.639041], [-16.4102, 19.638228], [-16.409914, 19.63823], [-16.409912, 19.637959], [-16.410484, 19.637954], [-16.410481, 19.637683], [-16.410767, 19.637681], [-16.410765, 19.63741], [-16.411051, 19.637408], [-16.411046, 19.636866], [-16.411332, 19.636863], [-16.411328, 19.636321], [-16.411614, 19.636319], [-16.411611, 19.636048], [-16.411325, 19.63605], [-16.411323, 19.635779], [-16.411037, 19.635782], [-16.411044, 19.636595], [-16.410758, 19.636597], [-16.41076, 19.636868], [-16.410188, 19.636872], [-16.410195, 19.637685], [-16.409623, 19.63769], [-16.409626, 19.637961], [-16.409053, 19.637965], [-16.409049, 19.637423], [-16.408763, 19.637426], [-16.408751, 19.636071], [-16.407893, 19.636077], [-16.407895, 19.636348], [-16.407609, 19.636351], [-16.407623, 19.637977], [-16.407337, 19.637979], [-16.407342, 19.638521], [-16.407056, 19.638523], [-16.407058, 19.638794], [-16.406772, 19.638796], [-16.406774, 19.639068], [-16.40706, 19.639065], [-16.407063, 19.639336], [-16.406777, 19.639339], [-16.406779, 19.63961], [-16.407065, 19.639607], [-16.407068, 19.639878], [-16.406781, 19.639881], [-16.406784, 19.640152], [-16.406498, 19.640154], [-16.406502, 19.640696], [-16.406789, 19.640694], [-16.406798, 19.641778], [-16.406512, 19.64178], [-16.406514, 19.642051], [-16.406228, 19.642053], [-16.406231, 19.642324], [-16.405372, 19.642331], [-16.40537, 19.64206], [-16.404798, 19.642064], [-16.404796, 19.641793], [-16.404223, 19.641798], [-16.404228, 19.64234], [-16.403942, 19.642342], [-16.403947, 19.642884], [-16.404233, 19.642882], [-16.40423, 19.642611], [-16.404803, 19.642607], [-16.404805, 19.642878], [-16.405091, 19.642875], [-16.405089, 19.642604], [-16.405375, 19.642602], [-16.405377, 19.642873], [-16.405663, 19.642871], [-16.405666, 19.643142], [-16.405379, 19.643144], [-16.405384, 19.643686], [-16.405098, 19.643688], [-16.405103, 19.64423], [-16.404817, 19.644233], [-16.404819, 19.644504], [-16.404533, 19.644506], [-16.404535, 19.644777], [-16.404249, 19.644779], [-16.404252, 19.64505], [-16.40368, 19.645055], [-16.403677, 19.644784], [-16.403963, 19.644781], [-16.403961, 19.64451], [-16.403389, 19.644515], [-16.403391, 19.644786], [-16.403105, 19.644788], [-16.403107, 19.645059], [-16.402821, 19.645061], [-16.402826, 19.645603], [-16.40254, 19.645606], [-16.402542, 19.645877], [-16.40197, 19.645881], [-16.401968, 19.64561], [-16.402254, 19.645608], [-16.402247, 19.644795], [-16.402533, 19.644793], [-16.402531, 19.644522], [-16.402817, 19.644519], [-16.402814, 19.644248], [-16.4031, 19.644246], [-16.403098, 19.643975], [-16.403384, 19.643973], [-16.403382, 19.643702], [-16.403668, 19.6437], [-16.403663, 19.643158], [-16.403377, 19.64316], [-16.403379, 19.643431], [-16.403093, 19.643433], [-16.403096, 19.643704], [-16.40281, 19.643706], [-16.402812, 19.643977], [-16.402526, 19.64398], [-16.402528, 19.644251], [-16.402242, 19.644253], [-16.402245, 19.644524], [-16.401958, 19.644526], [-16.401963, 19.645068], [-16.401677, 19.64507], [-16.401682, 19.645612], [-16.401396, 19.645615], [-16.4014, 19.646157], [-16.401114, 19.646159], [-16.401119, 19.646701], [-16.400833, 19.646703], [-16.400842, 19.647787], [-16.400556, 19.64779], [-16.40057, 19.649416], [-16.400284, 19.649418], [-16.400296, 19.650773], [-16.40001, 19.650775], [-16.400017, 19.651588], [-16.400875, 19.651582], [-16.400878, 19.651853], [-16.40145, 19.651848]], [[-16.402575, 19.649671], [-16.402289, 19.649673], [-16.402287, 19.649402], [-16.402573, 19.6494], [-16.402575, 19.649671]], [[-16.404273, 19.64749], [-16.403987, 19.647492], [-16.403985, 19.647221], [-16.404271, 19.647219], [-16.404273, 19.64749]], [[-16.401691, 19.646697], [-16.401405, 19.646699], [-16.401403, 19.646428], [-16.401689, 19.646426], [-16.401691, 19.646697]], [[-16.404836, 19.646401], [-16.40455, 19.646403], [-16.404543, 19.64559], [-16.404829, 19.645588], [-16.404824, 19.645046], [-16.40511, 19.645044], [-16.405108, 19.644773], [-16.405394, 19.64477], [-16.405389, 19.644228], [-16.405675, 19.644226], [-16.40567, 19.643684], [-16.406242, 19.643679], [-16.40624, 19.643408], [-16.406526, 19.643406], [-16.406531, 19.643948], [-16.406245, 19.643951], [-16.406249, 19.644493], [-16.405677, 19.644497], [-16.405684, 19.64531], [-16.405398, 19.645312], [-16.405401, 19.645583], [-16.405115, 19.645586], [-16.405119, 19.646128], [-16.404833, 19.64613], [-16.404836, 19.646401]], [[-16.401973, 19.646152], [-16.401686, 19.646154], [-16.401684, 19.645883], [-16.40197, 19.645881], [-16.401973, 19.646152]], [[-16.403687, 19.645868], [-16.403401, 19.64587], [-16.403394, 19.645057], [-16.40368, 19.645055], [-16.403682, 19.645326], [-16.403968, 19.645324], [-16.40397, 19.645595], [-16.403684, 19.645597], [-16.403687, 19.645868]], [[-16.40738, 19.642857], [-16.407094, 19.64286], [-16.407091, 19.642589], [-16.407377, 19.642586], [-16.40738, 19.642857]], [[-16.407368, 19.641502], [-16.407082, 19.641505], [-16.407079, 19.641234], [-16.407365, 19.641231], [-16.407368, 19.641502]], [[-16.407075, 19.640691], [-16.406789, 19.640694], [-16.406786, 19.640423], [-16.407072, 19.64042], [-16.407075, 19.640691]], [[-16.408214, 19.64014], [-16.407928, 19.640143], [-16.407921, 19.63933], [-16.408207, 19.639327], [-16.408214, 19.64014]], [[-16.408198, 19.638243], [-16.407912, 19.638245], [-16.407909, 19.637974], [-16.408195, 19.637972], [-16.408198, 19.638243]], [[-16.408767, 19.637968], [-16.408195, 19.637972], [-16.408191, 19.63743], [-16.407904, 19.637432], [-16.407897, 19.636619], [-16.408183, 19.636617], [-16.408181, 19.636346], [-16.408467, 19.636344], [-16.408477, 19.637428], [-16.408763, 19.637426], [-16.408767, 19.637968]]]}, "properties": {"layer": "core", "exposure_min": 0.6, "area_ha": 44.37}}, {"type": "Feature", "geometry": {"type": "Polygon", "coordinates": [[[-16.350629, 19.698587], [-16.350627, 19.698316], [-16.350913, 19.698314], [-16.35091, 19.698043], [-16.351197, 19.698041], [-16.351194, 19.69777], [-16.35148, 19.697768], [-16.351476, 19.697226], [-16.352048, 19.697221], [-16.352046, 19.69695], [-16.352332, 19.696948], [-16.35233, 19.696677], [-16.352616, 19.696675], [-16.352614, 19.696404], [-16.353186, 19.696399], [-16.353184, 19.696128], [-16.35347, 19.696126], [-16.353465, 19.695584], [-16.353752, 19.695582], [-16.353745, 19.694769], [-16.353459, 19.694771], [-16.353456, 19.6945], [-16.354029, 19.694496], [-16.354026, 19.694225], [-16.354313, 19.694223], [-16.354315, 19.694494], [-16.354887, 19.694489], [-16.354885, 19.694218], [-16.355457, 19.694214], [-16.355459, 19.694485], [-16.355746, 19.694483], [-16.355743, 19.694212], [-16.35603, 19.69421], [-16.356027, 19.693939], [-16.357172, 19.69393], [-16.35717, 19.693659], [-16.357456, 19.693657], [-16.357453, 19.693386], [-16.359457, 19.693371], [-16.359452, 19.692828], [-16.359738, 19.692826], [-16.35974, 19.693097], [-16.362888, 19.693073], [-16.362886, 19.692802], [-16.363172, 19.6928], [-16.36317, 19.692529], [-16.363456, 19.692527], [-16.363454, 19.692256], [-16.364026, 19.692252], [-16.364019, 19.691439], [-16.364305, 19.691436], [-16.364303, 19.691165], [-16.364589, 19.691163], [-16.364587, 19.690892], [-16.364015, 19.690897], [-16.364017, 19.691168], [-16.363445, 19.691172], [-16.363442, 19.690901], [-16.362584, 19.690907], [-16.362581, 19.690636], [-16.361151, 19.690647], [-16.361155, 19.691189], [-16.360297, 19.691196], [-16.360294, 19.690925], [-16.360581, 19.690923], [-16.360578, 19.690652], [-16.360006, 19.690656], [-16.360004, 19.690385], [-16.359718, 19.690387], [-16.35972, 19.690658], [-16.359434, 19.69066], [-16.359436, 19.690931], [-16.358864, 19.690936], [-16.358861, 19.690665], [-16.357717, 19.690673], [-16.357719, 19.690944], [-16.357433, 19.690946], [-16.357437, 19.691488], [-16.359154, 19.691475], [-16.359152, 19.691204], [-16.360011, 19.691198], [-16.360013, 19.691469], [-16.359441, 19.691473], [-16.359443, 19.691744], [-16.358298, 19.691753], [-16.358301, 19.692024], [-16.358014, 19.692026], [-16.358017, 19.692297], [-16.357444, 19.692302], [-16.357442, 19.692031], [-16.357728, 19.692028], [-16.357726, 19.691757], [-16.357154, 19.691762], [-16.357151, 19.691491], [-16.356579, 19.691495], [-16.356581, 19.691766], [-16.356867, 19.691764], [-16.35687, 19.692035], [-16.356297, 19.692039], [-16.356304, 19.692852], [-16.355732, 19.692857], [-16.355734, 19.693128], [-16.354876, 19.693134], [-16.354878, 19.693405], [-16.354306, 19.693409], [-16.354308, 19.693681], [-16.354022, 19.693683], [-16.354024, 19.693954], [-16.353166, 19.69396], [-16.353156, 19.692876], [-16.353443, 19.692874], [-16.35344, 19.692603], [-16.353727, 19.692601], [-16.353722, 19.692059], [-16.354008, 19.692056], [-16.354004, 19.691514], [-16.35429, 19.691512], [-16.354283, 19.690699], [-16.355141, 19.690693], [-16.355139, 19.690422], [-16.355425, 19.690419], [-16.355423, 19.690148], [-16.355709, 19.690146], [-16.355705, 19.689604], [-16.355991, 19.689602], [-16.355988, 19.689331], [-16.356275, 19.689329], [-16.356279, 19.689871], [-16.355993, 19.689873], [-16.355995, 19.690144], [-16.356568, 19.69014], [-16.356572, 19.690682], [-16.356858, 19.69068], [-16.356856, 19.690409], [-16.357142, 19.690406], [-16.35714, 19.690135], [-16.357712, 19.690131], [-16.35771, 19.68986], [-16.358282, 19.689856], [-16.35828, 19.689585], [-16.357708, 19.689589], [-16.357703, 19.689047], [-16.357989, 19.689045], [-16.357987, 19.688774], [-16.358559, 19.688769], [-16.358562, 19.689041], [-16.359134, 19.689036], [-16.359132, 19.688765], [-16.359418, 19.688763], [-16.35942, 19.689034], [-16.359992, 19.68903], [-16.359995, 19.689301], [-16.360281, 19.689299], [-16.360283, 19.68957], [-16.360569, 19.689567], [-16.360565, 19.689025], [-16.361423, 19.689019], [-16.361428, 19.689561], [-16.361714, 19.689559], [-16.361712, 19.689288], [-16.361998, 19.689286], [-16.361995, 19.689014], [-16.362282, 19.689012], [-16.362284, 19.689283], [-16.363142, 19.689277], [-16.36314, 19.689006], [-16.364285, 19.688997], [-16.364287, 19.689268], [-16.365718, 19.689257], [-16.36572, 19.689528], [-16.366865, 19.68952], [-16.366862, 19.689249], [-16.366576, 19.689251], [-16.366574, 19.68898], [-16.366288, 19.688982], [-16.366285, 19.688711], [-16.367144, 19.688704], [-16.367142, 19.688433], [-16.367428, 19.688431], [-16.367425, 19.68816], [-16.367998, 19.688156], [-16.367995, 19.687885], [-16.368282, 19.687882], [-16.368279, 19.687611], [-16.369138, 19.687605], [-16.369131, 19.686792], [-16.369417, 19.68679], [-16.369415, 19.686519], [-16.369128, 19.686521], [-16.369122, 19.685708], [-16.369408, 19.685705], [-16.369405, 19.685434], [-16.369692, 19.685432], [-16.369689, 19.685161], [-16.369975, 19.685159], [-16.369966, 19.684075], [-16.370252, 19.684073], [-16.37025, 19.683802], [-16.370536, 19.6838], [-16.370532, 19.683257], [-16.370818, 19.683255], [-16.370815, 19.682984], [-16.371102, 19.682982], [-16.371104, 19.683253], [-16.37139, 19.683251], [-16.371378, 19.681896], [-16.371665, 19.681894], [-16.371662, 19.681623], [-16.371376, 19.681625], [-16.371371, 19.681083], [-16.371085, 19.681085], [-16.371083, 19.680814], [-16.371369, 19.680812], [-16.371362, 19.679999], [-16.371076, 19.680001], [-16.371078, 19.680272], [-16.370506, 19.680276], [-16.370508, 19.680547], [-16.36965, 19.680554], [-16.369652, 19.680825], [-16.369366, 19.680827], [-16.369369, 19.681098], [-16.369082, 19.6811], [-16.369085, 19.681371], [-16.368512, 19.681376], [-16.368517, 19.681918], [-16.367945, 19.681922], [-16.367949, 19.682464], [-16.367663, 19.682466], [-16.367666, 19.682737], [-16.367379, 19.682739], [-16.367382, 19.68301], [-16.367096, 19.683013], [-16.367098, 19.683284], [-16.366812, 19.683286], [-16.366809, 19.683015], [-16.366523, 19.683017], [-16.366526, 19.683288], [-16.365953, 19.683292], [-16.365951, 19.683021], [-16.365379, 19.683026], [-16.365376, 19.682755], [-16.364232, 19.682763], [-16.36423, 19.682492], [-16.363943, 19.682494], [-16.363946, 19.682766], [-16.363373, 19.68277], [-16.363371, 19.682499], [-16.363657, 19.682497], [-16.363655, 19.682226], [-16.363941, 19.682223], [-16.363939, 19.681952], [-16.364225, 19.68195], [-16.364223, 19.681679], [-16.364509, 19.681677], [-16.364506, 19.681406], [-16.364793, 19.681404], [-16.36479, 19.681133], [-16.365076, 19.681131], [-16.365074, 19.68086], [-16.36536, 19.680857], [-16.365356, 19.680315], [-16.365928, 19.680311], [-16.365923, 19.679769], [-16.36621, 19.679767], [-16.366198, 19.678412], [-16.366484, 19.678409], [-16.366482, 19.678138], [-16.366768, 19.678136], [-16.366761, 19.677323], [-16.367047, 19.677321], [-16.367045, 19.67705], [-16.367331, 19.677048], [-16.367326, 19.676506], [-16.367613, 19.676503], [-16.367608, 19.675961], [-16.367894, 19.675959], [-16.367892, 19.675688], [-16.368178, 19.675686], [-16.368176, 19.675415], [-16.36789, 19.675417], [-16.367887, 19.675146], [-16.367601, 19.675148], [-16.367606, 19.67569], [-16.36732, 19.675693], [-16.367322, 19.675964], [-16.367036, 19.675966], [-16.367029, 19.675153], [-16.367315, 19.67515], [-16.367313, 19.674879], [-16.367027, 19.674882], [-16.367024, 19.674611], [-16.36731, 19.674608], [-16.367306, 19.674066], [-16.367592, 19.674064], [-16.367587, 19.673522], [-16.367873, 19.67352], [-16.367871, 19.673249], [-16.368443, 19.673245], [-16.368446, 19.673516], [-16.368732, 19.673513], [-16.368734, 19.673784], [-16.36902, 19.673782], [-16.369027, 19.674595], [-16.369313, 19.674593], [-16.369316, 19.674864], [-16.368743, 19.674869], [-16.368748, 19.675411], [-16.369034, 19.675408], [-16.369036, 19.675679], [-16.36875, 19.675682], [-16.368755, 19.676224], [-16.369327, 19.676219], [-16.369329, 19.67649], [-16.369043, 19.676493], [-16.369048, 19.677035], [-16.368762, 19.677037], [-16.368766, 19.677579], [-16.36848, 19.677581], [-16.368482, 19.677852], [-16.369055, 19.677848], [-16.369052, 19.677577], [-16.369339, 19.677575], [-16.369336, 19.677303], [-16.369622, 19.677301], [-16.36962, 19.67703], [-16.370192, 19.677026], [-16.37019, 19.676755], [-16.370476, 19.676753], [-16.370474, 19.676482], [-16.37076, 19.676479], [-16.370758, 19.676208], [-16.371044, 19.676206], [-16.371039, 19.675664], [-16.371325, 19.675662], [-16.371323, 19.675391], [-16.371609, 19.675389], [-16.371605, 19.674847], [-16.372463, 19.67484], [-16.372461, 19.674569], [-16.372747, 19.674567], [-16.372744, 19.674296], [-16.373031, 19.674294], [-16.373024, 19.673481], [-16.37331, 19.673478], [-16.373305, 19.672936], [-16.373591, 19.672934], [-16.373589, 19.672663], [-16.373303, 19.672665], [-16.373301, 19.672394], [-16.373587, 19.672392], [-16.373573, 19.670766], [-16.373859, 19.670764], [-16.373852, 19.669951], [-16.374138, 19.669948], [-16.374136, 19.669677], [-16.37385, 19.66968], [-16.373847, 19.669409], [-16.373561, 19.669411], [-16.373559, 19.66914], [-16.373845, 19.669138], [-16.37384, 19.668595], [-16.374127, 19.668593], [-16.374122, 19.668051], [-16.373836, 19.668053], [-16.373831, 19.667511], [-16.373545, 19.667514], [-16.373538, 19.6667], [-16.373252, 19.666703], [-16.373254, 19.666974], [-16.372396, 19.66698], [-16.372391, 19.666438], [-16.372678, 19.666436], [-16.37268, 19.666707], [-16.372966, 19.666705], [-16.372961, 19.666163], [-16.373247, 19.666161], [-16.373245, 19.66589], [-16.372959, 19.665892], [-16.372957, 19.665621], [-16.372671, 19.665623], [-16.372668, 19.665352], [-16.373241, 19.665347], [-16.373231, 19.664263], [-16.373804, 19.664259], [-16.373801, 19.663988], [-16.374087, 19.663986], [-16.374085, 19.663715], [-16.373799, 19.663717], [-16.373797, 19.663446], [-16.374083, 19.663444], [-16.37408, 19.663173], [-16.374366, 19.66317], [-16.374357, 19.662086], [-16.373785, 19.662091], [-16.373783, 19.66182], [-16.373497, 19.661822], [-16.373494, 19.661551], [-16.373208, 19.661553], [-16.373206, 19.661282], [-16.373492, 19.66128], [-16.373485, 19.660467], [-16.373771, 19.660465], [-16.373769, 19.660193], [-16.374055, 19.660191], [-16.374053, 19.65992], [-16.374339, 19.659918], [-16.374336, 19.659647], [-16.37405, 19.659649], [-16.374043, 19.658836], [-16.37433, 19.658834], [-16.374334, 19.659376], [-16.37462, 19.659374], [-16.374618, 19.659103], [-16.374904, 19.659101], [-16.374899, 19.658559], [-16.375186, 19.658556], [-16.375183, 19.658285], [-16.375469, 19.658283], [-16.375465, 19.657741], [-16.375751, 19.657739], [-16.375748, 19.657468], [-16.376035, 19.657466], [-16.37603, 19.656924], [-16.376316, 19.656921], [-16.376311, 19.656379], [-16.376598, 19.656377], [-16.376593, 19.655835], [-16.376879, 19.655833], [-16.376872, 19.65502], [-16.377158, 19.655018], [-16.37716, 19.655289], [-16.377447, 19.655286], [-16.377442, 19.654744], [-16.377156, 19.654747], [-16.377154, 19.654476], [-16.37744, 19.654473], [-16.377437, 19.654202], [-16.377723, 19.6542], [-16.377721, 19.653929], [-16.378007, 19.653927], [-16.378003, 19.653385], [-16.378289, 19.653383], [-16.378293, 19.653925], [-16.378865, 19.65392], [-16.37887, 19.654462], [-16.378584, 19.654465], [-16.378589, 19.655007], [-16.378875, 19.655004], [-16.378872, 19.654733], [-16.379158, 19.654731], [-16.379154, 19.654189], [-16.37944, 19.654187], [-16.379442, 19.654458], [-16.379728, 19.654456], [-16.379724, 19.653914], [-16.38001, 19.653912], [-16.380007, 19.65364], [-16.380294, 19.653638], [-16.380291, 19.653367], [-16.380863, 19.653363], [-16.380859, 19.652821], [-16.381145, 19.652819], [-16.381147, 19.65309], [-16.381433, 19.653087], [-16.381436, 19.653358], [-16.382008, 19.653354], [-16.382005, 19.653083], [-16.382292, 19.653081], [-16.382289, 19.65281], [-16.381717, 19.652814], [-16.381715, 19.652543], [-16.381143, 19.652548], [-16.381138, 19.652006], [-16.380852, 19.652008], [-16.380854, 19.652279], [-16.380568, 19.652281], [-16.380566, 19.65201], [-16.38028, 19.652012], [-16.380282, 19.652283], [-16.379996, 19.652285], [-16.379989, 19.651472], [-16.380275, 19.65147], [-16.38027, 19.650928], [-16.380556, 19.650926], [-16.380554, 19.650655], [-16.381126, 19.65065], [-16.381129, 19.650921], [-16.381415, 19.650919], [-16.38141, 19.650377], [-16.381696, 19.650375], [-16.381701, 19.650917], [-16.381987, 19.650915], [-16.381989, 19.651186], [-16.381703, 19.651188], [-16.381705, 19.651459], [-16.382278, 19.651455], [-16.382275, 19.651184], [-16.382561, 19.651181], [-16.382557, 19.650639], [-16.382843, 19.650637], [-16.382838, 19.650095], [-16.383124, 19.650093], [-16.38312, 19.649551], [-16.382833, 19.649553], [-16.382831, 19.649282], [-16.383117, 19.64928], [-16.383115, 19.649009], [-16.383401, 19.649007], [-16.383399, 19.648736], [-16.382827, 19.64874], [-16.382824, 19.648469], [-16.38311, 19.648467], [-16.383106, 19.647925], [-16.383392, 19.647922], [-16.383385, 19.647109], [-16.383099, 19.647112], [-16.383101, 19.647383], [-16.382815, 19.647385], [-16.382822, 19.648198], [-16.381964, 19.648204], [-16.381966, 19.648476], [-16.38168, 19.648478], [-16.381682, 19.648749], [-16.381396, 19.648751], [-16.381394, 19.64848], [-16.380822, 19.648484], [-16.380829, 19.649297], [-16.380543, 19.6493], [-16.380547, 19.649842], [-16.380261, 19.649844], [-16.380263, 19.650115], [-16.379977, 19.650117], [-16.37998, 19.650388], [-16.379694, 19.65039], [-16.379689, 19.649848], [-16.379403, 19.64985], [-16.379398, 19.649308], [-16.379684, 19.649306], [-16.379677, 19.648493], [-16.379963, 19.648491], [-16.379959, 19.647949], [-16.380531, 19.647944], [-16.380526, 19.647402], [-16.380812, 19.6474], [-16.38081, 19.647129], [-16.381096, 19.647127], [-16.381094, 19.646856], [-16.381666, 19.646852], [-16.381664, 19.64658], [-16.382236, 19.646576], [-16.382233, 19.646305], [-16.381947, 19.646307], [-16.381945, 19.646036], [-16.382231, 19.646034], [-16.382227, 19.645492], [-16.382513, 19.64549], [-16.382517, 19.646032], [-16.382803, 19.64603], [-16.382796, 19.645217], [-16.383082, 19.645214], [-16.38308, 19.644943], [-16.383366, 19.644941], [-16.383362, 19.644399], [-16.383648, 19.644397], [-16.383645, 19.644126], [-16.383931, 19.644124], [-16.383927, 19.643582], [-16.384213, 19.643579], [-16.384215, 19.64385], [-16.384501, 19.643848], [-16.384497, 19.643306], [-16.384783, 19.643304], [-16.38478, 19.643033], [-16.385066, 19.643031], [-16.385064, 19.64276], [-16.38535, 19.642757], [-16.385348, 19.642486], [-16.385634, 19.642484], [-16.385631, 19.642213], [-16.385345, 19.642215], [-16.385343, 19.641944], [-16.385629, 19.641942], [-16.385622, 19.641129], [-16.385908, 19.641127], [-16.385899, 19.640043], [-16.386185, 19.64004], [-16.386183, 19.639769], [-16.386469, 19.639767], [-16.386466, 19.639496], [-16.387325, 19.63949], [-16.387322, 19.639219], [-16.387036, 19.639221], [-16.387034, 19.63895], [-16.386748, 19.638952], [-16.386743, 19.63841], [-16.387315, 19.638405], [-16.387313, 19.638134], [-16.387599, 19.638132], [-16.387592, 19.637319], [-16.387878, 19.637317], [-16.387873, 19.636775], [-16.388159, 19.636773], [-16.388157, 19.636502], [-16.388443, 19.636499], [-16.388439, 19.635957], [-16.388153, 19.63596], [-16.388155, 19.636231], [-16.387869, 19.636233], [-16.387871, 19.636504], [-16.387585, 19.636506], [-16.38758, 19.635964], [-16.387294, 19.635966], [-16.387297, 19.636237], [-16.387011, 19.636239], [-16.387013, 19.63651], [-16.386727, 19.636513], [-16.386729, 19.636784], [-16.386443, 19.636786], [-16.386445, 19.637057], [-16.386159, 19.637059], [-16.386162, 19.63733], [-16.385876, 19.637332], [-16.385878, 19.637603], [-16.385592, 19.637606], [-16.385594, 19.637877], [-16.385308, 19.637879], [-16.385313, 19.638421], [-16.385027, 19.638423], [-16.385029, 19.638694], [-16.384743, 19.638696], [-16.384748, 19.639238], [-16.384462, 19.639241], [-16.384464, 19.639512], [-16.384178, 19.639514], [-16.384183, 19.640056], [-16.383896, 19.640058], [-16.383901, 19.6406], [-16.383615, 19.640602], [-16.383617, 19.640873], [-16.383331, 19.640876], [-16.383334, 19.641147], [-16.383048, 19.641149], [-16.383052, 19.641691], [-16.38248, 19.641695], [-16.382485, 19.642237], [-16.382199, 19.64224], [-16.382206, 19.643053], [-16.38192, 19.643055], [-16.381924, 19.643597], [-16.381638, 19.643599], [-16.38164, 19.64387], [-16.381354, 19.643872], [-16.381347, 19.643059], [-16.381633, 19.643057], [-16.381624, 19.641973], [-16.38191, 19.641971], [-16.381908, 19.6417], [-16.382194, 19.641698], [-16.382189, 19.641155], [-16.382762, 19.641151], [-16.382757, 19.640609], [-16.383043, 19.640607], [-16.383038, 19.640065], [-16.383324, 19.640063], [-16.383322, 19.639791], [-16.383608, 19.639789], [-16.383606, 19.639518], [-16.383892, 19.639516], [-16.38389, 19.639245], [-16.384176, 19.639243], [-16.384171, 19.638701], [-16.384457, 19.638699], [-16.384455, 19.638428], [-16.383883, 19.638432], [-16.383885, 19.638703], [-16.383599, 19.638705], [-16.383596, 19.638434], [-16.38331, 19.638436], [-16.383313, 19.638707], [-16.383027, 19.63871], [-16.383029, 19.638981], [-16.382743, 19.638983], [-16.382745, 19.639254], [-16.382459, 19.639256], [-16.382464, 19.639798], [-16.382178, 19.6398], [-16.382182, 19.640342], [-16.382468, 19.64034], [-16.382471, 19.640611], [-16.382185, 19.640613], [-16.382187, 19.640884], [-16.381901, 19.640887], [-16.381906, 19.641429], [-16.381334, 19.641433], [-16.381336, 19.641704], [-16.38105, 19.641706], [-16.381052, 19.641977], [-16.380766, 19.64198], [-16.380768, 19.642251], [-16.380482, 19.642253], [-16.380485, 19.642524], [-16.380199, 19.642526], [-16.380201, 19.642797], [-16.379915, 19.642799], [-16.379917, 19.64307], [-16.379631, 19.643072], [-16.379633, 19.643343], [-16.379347, 19.643346], [-16.379352, 19.643888], [-16.379066, 19.64389], [-16.379077, 19.645245], [-16.378791, 19.645247], [-16.378796, 19.645789], [-16.37851, 19.645792], [-16.378514, 19.646334], [-16.378228, 19.646336], [-16.378233, 19.646878], [-16.377947, 19.64688], [-16.377952, 19.647422], [-16.377666, 19.647424], [-16.377672, 19.648237], [-16.377386, 19.64824], [-16.377389, 19.648511], [-16.377675, 19.648508], [-16.377677, 19.648779], [-16.377391, 19.648782], [-16.377396, 19.649324], [-16.37711, 19.649326], [-16.377119, 19.65041], [-16.376833, 19.650412], [-16.376842, 19.651496], [-16.376556, 19.651499], [-16.376561, 19.652041], [-16.376274, 19.652043], [-16.376281, 19.652856], [-16.375995, 19.652858], [-16.376005, 19.653942], [-16.375718, 19.653944], [-16.375723, 19.654486], [-16.375437, 19.654489], [-16.375442, 19.655031], [-16.375155, 19.655033], [-16.375162, 19.655846], [-16.374876, 19.655848], [-16.374879, 19.656119], [-16.374593, 19.656121], [-16.374597, 19.656663], [-16.374311, 19.656666], [-16.374313, 19.656937], [-16.374027, 19.656939], [-16.374032, 19.657481], [-16.373746, 19.657483], [-16.373748, 19.657754], [-16.373462, 19.657756], [-16.373464, 19.658027], [-16.373178, 19.65803], [-16.373183, 19.658572], [-16.372897, 19.658574], [-16.372899, 19.658845], [-16.372613, 19.658847], [-16.372615, 19.659118], [-16.372329, 19.65912], [-16.372334, 19.659662], [-16.372048, 19.659665], [-16.372052, 19.660207], [-16.371766, 19.660209], [-16.371768, 19.66048], [-16.371482, 19.660482], [-16.371485, 19.660753], [-16.371199, 19.660755], [-16.371203, 19.661297], [-16.370917, 19.661299], [-16.370922, 19.661842], [-16.370636, 19.661844], [-16.370638, 19.662115], [-16.370924, 19.662113], [-16.370931, 19.662926], [-16.370359, 19.66293], [-16.370356, 19.662659], [-16.369784, 19.662663], [-16.369789, 19.663205], [-16.369503, 19.663208], [-16.369505, 19.663479], [-16.369219, 19.663481], [-16.369221, 19.663752], [-16.368935, 19.663754], [-16.368937, 19.664025], [-16.36951, 19.664021], [-16.369507, 19.66375], [-16.370366, 19.663743], [-16.370368, 19.664014], [-16.370082, 19.664016], [-16.370089, 19.664829], [-16.369803, 19.664832], [-16.369805, 19.665103], [-16.369233, 19.665107], [-16.36923, 19.664836], [-16.368944, 19.664838], [-16.368949, 19.66538], [-16.368377, 19.665385], [-16.368384, 19.666198], [-16.36867, 19.666195], [-16.368667, 19.665924], [-16.36924, 19.66592], [-16.369258, 19.668088], [-16.368972, 19.668091], [-16.368974, 19.668362], [-16.368402, 19.668366], [-16.368404, 19.668637], [-16.368118, 19.668639], [-16.368123, 19.669181], [-16.367837, 19.669183], [-16.367839, 19.669454], [-16.367553, 19.669457], [-16.367555, 19.669728], [-16.368127, 19.669723], [-16.36813, 19.669994], [-16.368416, 19.669992], [-16.36842, 19.670534], [-16.368134, 19.670536], [-16.368137, 19.670807], [-16.36785, 19.67081], [-16.367853, 19.671081], [-16.367567, 19.671083], [-16.367571, 19.671625], [-16.367285, 19.671627], [-16.367283, 19.671356], [-16.366997, 19.671358], [-16.367001, 19.6719], [-16.366143, 19.671907], [-16.366147, 19.672449], [-16.365861, 19.672451], [-16.365866, 19.672993], [-16.36558, 19.672995], [-16.365589, 19.674079], [-16.365303, 19.674082], [-16.365307, 19.674624], [-16.364735, 19.674628], [-16.36474, 19.67517], [-16.365026, 19.675168], [-16.365028, 19.675439], [-16.364742, 19.675441], [-16.364744, 19.675712], [-16.364458, 19.675714], [-16.364461, 19.675985], [-16.363316, 19.675994], [-16.363314, 19.675723], [-16.363028, 19.675725], [-16.363032, 19.676267], [-16.362746, 19.676269], [-16.362751, 19.676811], [-16.361892, 19.676818], [-16.36189, 19.676547], [-16.362176, 19.676545], [-16.362172, 19.676003], [-16.362458, 19.676001], [-16.362446, 19.674645], [-16.36216, 19.674648], [-16.362158, 19.674377], [-16.361872, 19.674379], [-16.361865, 19.673566], [-16.362151, 19.673563], [-16.362149, 19.673292], [-16.361862, 19.673295], [-16.36186, 19.673024], [-16.361574, 19.673026], [-16.361581, 19.673839], [-16.361295, 19.673841], [-16.361309, 19.675467], [-16.361595, 19.675465], [-16.361588, 19.674652], [-16.361874, 19.67465], [-16.361885, 19.676005], [-16.360741, 19.676014], [-16.360743, 19.676285], [-16.359885, 19.676291], [-16.359887, 19.676562], [-16.359601, 19.676564], [-16.359605, 19.677106], [-16.359892, 19.677104], [-16.359894, 19.677375], [-16.36018, 19.677373], [-16.360182, 19.677644], [-16.360468, 19.677642], [-16.360462, 19.676829], [-16.360748, 19.676827], [-16.360745, 19.676556], [-16.361318, 19.676551], [-16.361322, 19.677093], [-16.361036, 19.677096], [-16.361041, 19.677638], [-16.360755, 19.67764], [-16.360757, 19.677911], [-16.360471, 19.677913], [-16.360473, 19.678184], [-16.360187, 19.678186], [-16.360189, 19.678457], [-16.359903, 19.678459], [-16.359905, 19.67873], [-16.359619, 19.678733], [-16.359624, 19.679275], [-16.359338, 19.679277], [-16.359342, 19.679819], [-16.359056, 19.679821], [-16.359061, 19.680363], [-16.358775, 19.680365], [-16.358779, 19.680907], [-16.358493, 19.680909], [-16.358495, 19.681181], [-16.358209, 19.681183], [-16.358214, 19.681725], [-16.3585, 19.681723], [-16.358504, 19.682265], [-16.358791, 19.682262], [-16.358795, 19.682805], [-16.358509, 19.682807], [-16.358514, 19.683349], [-16.358227, 19.683351], [-16.358232, 19.683893], [-16.357374, 19.6839], [-16.357376, 19.684171], [-16.357662, 19.684168], [-16.357664, 19.684439], [-16.357092, 19.684444], [-16.357094, 19.684715], [-16.356808, 19.684717], [-16.356813, 19.685259], [-16.356526, 19.685261], [-16.356529, 19.685532], [-16.355956, 19.685537], [-16.355961, 19.686079], [-16.355675, 19.686081], [-16.355679, 19.686623], [-16.355393, 19.686625], [-16.355396, 19.686896], [-16.355109, 19.686898], [-16.355114, 19.68744], [-16.354542, 19.687445], [-16.354549, 19.688258], [-16.354262, 19.68826], [-16.354267, 19.688802], [-16.353981, 19.688804], [-16.353985, 19.689346], [-16.353699, 19.689348], [-16.353701, 19.689619], [-16.353415, 19.689621], [-16.35342, 19.690164], [-16.353134, 19.690166], [-16.353138, 19.690708], [-16.352852, 19.69071], [-16.352857, 19.691252], [-16.352571, 19.691254], [-16.352577, 19.692067], [-16.352291, 19.692069], [-16.352298, 19.692883], [-16.352012, 19.692885], [-16.352016, 19.693427], [-16.35173, 19.693429], [-16.351735, 19.693971], [-16.351449, 19.693973], [-16.351453, 19.694515], [-16.351167, 19.694517], [-16.351169, 19.694788], [-16.350883, 19.694791], [-16.350888, 19.695333], [-16.350602, 19.695335], [-16.350606, 19.695877], [-16.351178, 19.695873], [-16.351181, 19.696144], [-16.350894, 19.696146], [-16.350897, 19.696417], [-16.351755, 19.69641], [-16.351758, 19.696681], [-16.351471, 19.696683], [-16.351474, 19.696954], [-16.351187, 19.696957], [-16.351192, 19.697499], [-16.350906, 19.697501], [-16.350908, 19.697772], [-16.350622, 19.697774], [-16.350624, 19.698045], [-16.350338, 19.698047], [-16.350343, 19.698589], [-16.350629, 19.698587]], [[-16.352898, 19.696131], [-16.352611, 19.696133], [-16.352609, 19.695862], [-16.352895, 19.69586], [-16.352898, 19.696131]], [[-16.353182, 19.695857], [-16.352895, 19.69586], [-16.352893, 19.695589], [-16.353179, 19.695586], [-16.353182, 19.695857]], [[-16.352609, 19.695862], [-16.352323, 19.695864], [-16.352321, 19.695593], [-16.352607, 19.695591], [-16.352609, 19.695862]], [[-16.351462, 19.695599], [-16.351176, 19.695601], [-16.351172, 19.695059], [-16.351458, 19.695057], [-16.351462, 19.695599]], [[-16.352884, 19.694504], [-16.352598, 19.694507], [-16.352596, 19.694236], [-16.352882, 19.694233], [-16.352884, 19.694504]], [[-16.356883, 19.693661], [-16.356597, 19.693663], [-16.356595, 19.693392], [-16.356881, 19.69339], [-16.356883, 19.693661]], [[-16.360308, 19.692551], [-16.35945, 19.692557], [-16.359443, 19.691744], [-16.359729, 19.691742], [-16.359731, 19.692013], [-16.360304, 19.692009], [-16.360308, 19.692551]], [[-16.363163, 19.691716], [-16.362877, 19.691718], [-16.362872, 19.691176], [-16.363445, 19.691172], [-16.363447, 19.691443], [-16.363161, 19.691445], [-16.363163, 19.691716]], [[-16.356854, 19.690138], [-16.356568, 19.69014], [-16.356563, 19.689598], [-16.356849, 19.689596], [-16.356847, 19.689325], [-16.357133, 19.689322], [-16.357131, 19.689051], [-16.357417, 19.689049], [-16.357424, 19.689862], [-16.356851, 19.689867], [-16.356854, 19.690138]], [[-16.354562, 19.689884], [-16.354276, 19.689886], [-16.354269, 19.689073], [-16.354842, 19.689069], [-16.354844, 19.68934], [-16.354558, 19.689342], [-16.354562, 19.689884]], [[-16.355418, 19.689606], [-16.355132, 19.689609], [-16.35513, 19.689337], [-16.355416, 19.689335], [-16.355418, 19.689606]], [[-16.366004, 19.689255], [-16.365718, 19.689257], [-16.365715, 19.688986], [-16.366002, 19.688984], [-16.366004, 19.689255]], [[-16.355702, 19.689333], [-16.355416, 19.689335], [-16.355414, 19.689064], [-16.3557, 19.689062], [-16.355702, 19.689333]], [[-16.362568, 19.68901], [-16.362282, 19.689012], [-16.362279, 19.688741], [-16.362565, 19.688739], [-16.362568, 19.68901]], [[-16.356272, 19.689058], [-16.3557, 19.689062], [-16.355698, 19.688791], [-16.355984, 19.688789], [-16.355982, 19.688518], [-16.356268, 19.688516], [-16.356265, 19.688245], [-16.356552, 19.688243], [-16.356554, 19.688514], [-16.357126, 19.688509], [-16.357124, 19.688238], [-16.357982, 19.688232], [-16.35798, 19.687961], [-16.358266, 19.687959], [-16.358271, 19.688501], [-16.357699, 19.688505], [-16.357701, 19.688776], [-16.35627, 19.688787], [-16.356272, 19.689058]], [[-16.355128, 19.689066], [-16.354842, 19.689069], [-16.354839, 19.688798], [-16.355125, 19.688795], [-16.355128, 19.689066]], [[-16.355695, 19.68852], [-16.355409, 19.688522], [-16.355407, 19.688251], [-16.355121, 19.688253], [-16.355116, 19.687711], [-16.355402, 19.687709], [-16.3554, 19.687438], [-16.355686, 19.687436], [-16.355682, 19.686894], [-16.355968, 19.686892], [-16.355963, 19.68635], [-16.356249, 19.686347], [-16.356252, 19.686619], [-16.356538, 19.686616], [-16.35654, 19.686887], [-16.356254, 19.68689], [-16.356259, 19.687432], [-16.355972, 19.687434], [-16.355975, 19.687705], [-16.355689, 19.687707], [-16.355695, 19.68852]], [[-16.357124, 19.688238], [-16.356838, 19.68824], [-16.356833, 19.687698], [-16.357405, 19.687694], [-16.357408, 19.687965], [-16.357122, 19.687967], [-16.357124, 19.688238]], [[-16.359125, 19.687952], [-16.358839, 19.687954], [-16.358836, 19.687683], [-16.359122, 19.687681], [-16.359125, 19.687952]], [[-16.359981, 19.687675], [-16.359695, 19.687677], [-16.35969, 19.687135], [-16.360262, 19.68713], [-16.360265, 19.687401], [-16.359979, 19.687403], [-16.359981, 19.687675]], [[-16.35855, 19.687685], [-16.358264, 19.687687], [-16.358262, 19.687416], [-16.358548, 19.687414], [-16.35855, 19.687685]], [[-16.360549, 19.687128], [-16.360262, 19.68713], [-16.36026, 19.686859], [-16.360546, 19.686857], [-16.360549, 19.687128]], [[-16.359118, 19.687139], [-16.358832, 19.687141], [-16.358829, 19.68687], [-16.359116, 19.686868], [-16.359118, 19.687139]], [[-16.357115, 19.687154], [-16.356829, 19.687156], [-16.356826, 19.686885], [-16.357112, 19.686883], [-16.357115, 19.687154]], [[-16.360832, 19.686855], [-16.360546, 19.686857], [-16.360544, 19.686586], [-16.36083, 19.686584], [-16.360832, 19.686855]], [[-16.359688, 19.686864], [-16.359116, 19.686868], [-16.359111, 19.686326], [-16.359397, 19.686324], [-16.359393, 19.685782], [-16.359679, 19.685779], [-16.359683, 19.686322], [-16.359969, 19.686319], [-16.359972, 19.68659], [-16.359686, 19.686593], [-16.359688, 19.686864]], [[-16.358543, 19.686872], [-16.358257, 19.686874], [-16.358255, 19.686603], [-16.358541, 19.686601], [-16.358543, 19.686872]], [[-16.361402, 19.68658], [-16.361116, 19.686582], [-16.361109, 19.685769], [-16.361396, 19.685766], [-16.361393, 19.685495], [-16.361679, 19.685493], [-16.361682, 19.685764], [-16.362254, 19.68576], [-16.362256, 19.686031], [-16.361684, 19.686035], [-16.361686, 19.686306], [-16.3614, 19.686308], [-16.361402, 19.68658]], [[-16.358827, 19.686599], [-16.358541, 19.686601], [-16.358539, 19.68633], [-16.358825, 19.686328], [-16.358827, 19.686599]], [[-16.357683, 19.686608], [-16.35711, 19.686612], [-16.357108, 19.686341], [-16.356822, 19.686343], [-16.356815, 19.68553], [-16.357387, 19.685526], [-16.35738, 19.684713], [-16.358239, 19.684706], [-16.358237, 19.684435], [-16.358809, 19.684431], [-16.358813, 19.684973], [-16.3591, 19.684971], [-16.359102, 19.685242], [-16.358816, 19.685244], [-16.358818, 19.685515], [-16.358532, 19.685517], [-16.358536, 19.686059], [-16.357964, 19.686063], [-16.357966, 19.686334], [-16.35768, 19.686337], [-16.357683, 19.686608]], [[-16.360542, 19.686315], [-16.360256, 19.686317], [-16.360253, 19.686046], [-16.360539, 19.686044], [-16.360542, 19.686315]], [[-16.356536, 19.686345], [-16.356249, 19.686347], [-16.356247, 19.686076], [-16.356533, 19.686074], [-16.356536, 19.686345]], [[-16.360537, 19.685773], [-16.360251, 19.685775], [-16.360249, 19.685504], [-16.359963, 19.685506], [-16.359965, 19.685777], [-16.359679, 19.685779], [-16.359672, 19.684966], [-16.360244, 19.684962], [-16.36024, 19.68442], [-16.360526, 19.684418], [-16.360523, 19.684147], [-16.36081, 19.684145], [-16.360807, 19.683874], [-16.361093, 19.683871], [-16.361096, 19.684142], [-16.361382, 19.68414], [-16.361384, 19.684411], [-16.361098, 19.684413], [-16.3611, 19.684684], [-16.360814, 19.684687], [-16.360816, 19.684958], [-16.361103, 19.684955], [-16.361105, 19.685227], [-16.360819, 19.685229], [-16.360821, 19.6855], [-16.360535, 19.685502], [-16.360537, 19.685773]], [[-16.361966, 19.685491], [-16.361679, 19.685493], [-16.361677, 19.685222], [-16.361391, 19.685224], [-16.361389, 19.684953], [-16.361675, 19.684951], [-16.361673, 19.68468], [-16.361959, 19.684678], [-16.361961, 19.684949], [-16.362819, 19.684942], [-16.362822, 19.685214], [-16.361963, 19.68522], [-16.361966, 19.685491]], [[-16.363394, 19.685209], [-16.363108, 19.685211], [-16.363106, 19.68494], [-16.363392, 19.684938], [-16.363394, 19.685209]], [[-16.365681, 19.684921], [-16.364822, 19.684927], [-16.36482, 19.684656], [-16.365106, 19.684654], [-16.365104, 19.684383], [-16.36539, 19.684381], [-16.365388, 19.68411], [-16.36596, 19.684105], [-16.365962, 19.684376], [-16.365676, 19.684379], [-16.365681, 19.684921]], [[-16.359386, 19.684969], [-16.3591, 19.684971], [-16.359095, 19.684429], [-16.359381, 19.684426], [-16.359377, 19.683884], [-16.359949, 19.68388], [-16.359951, 19.684151], [-16.359665, 19.684153], [-16.35967, 19.684695], [-16.359383, 19.684697], [-16.359386, 19.684969]], [[-16.368826, 19.684626], [-16.36854, 19.684628], [-16.368538, 19.684357], [-16.368824, 19.684355], [-16.368826, 19.684626]], [[-16.366535, 19.684372], [-16.366249, 19.684374], [-16.366246, 19.684103], [-16.366532, 19.684101], [-16.366535, 19.684372]], [[-16.368249, 19.684088], [-16.367963, 19.68409], [-16.367961, 19.683819], [-16.368247, 19.683817], [-16.368249, 19.684088]], [[-16.362526, 19.684132], [-16.361668, 19.684138], [-16.361666, 19.683867], [-16.362238, 19.683863], [-16.362236, 19.683592], [-16.362522, 19.683589], [-16.36252, 19.683318], [-16.363092, 19.683314], [-16.363094, 19.683585], [-16.362808, 19.683587], [-16.36281, 19.683858], [-16.362524, 19.683861], [-16.362526, 19.684132]], [[-16.367102, 19.683826], [-16.366816, 19.683828], [-16.366814, 19.683557], [-16.3671, 19.683555], [-16.367102, 19.683826]], [[-16.36653, 19.68383], [-16.366244, 19.683832], [-16.366242, 19.683561], [-16.366528, 19.683559], [-16.36653, 19.68383]], [[-16.36138, 19.683869], [-16.361093, 19.683871], [-16.361091, 19.6836], [-16.361377, 19.683598], [-16.36138, 19.683869]], [[-16.365381, 19.683297], [-16.365095, 19.683299], [-16.365093, 19.683028], [-16.365379, 19.683026], [-16.365381, 19.683297]], [[-16.363378, 19.683312], [-16.363092, 19.683314], [-16.363087, 19.682772], [-16.363373, 19.68277], [-16.363378, 19.683312]], [[-16.369957, 19.682991], [-16.369671, 19.682993], [-16.369668, 19.682722], [-16.369955, 19.68272], [-16.369957, 19.682991]], [[-16.360228, 19.683065], [-16.359942, 19.683067], [-16.35994, 19.682796], [-16.360226, 19.682794], [-16.360228, 19.683065]], [[-16.359084, 19.683073], [-16.358797, 19.683076], [-16.358795, 19.682805], [-16.359081, 19.682802], [-16.359084, 19.683073]], [[-16.360512, 19.682792], [-16.360226, 19.682794], [-16.360224, 19.682523], [-16.36051, 19.682521], [-16.360512, 19.682792]], [[-16.362227, 19.682508], [-16.36194, 19.68251], [-16.361938, 19.682239], [-16.362224, 19.682236], [-16.362227, 19.682508]], [[-16.359365, 19.682529], [-16.359079, 19.682531], [-16.359077, 19.68226], [-16.359363, 19.682258], [-16.359365, 19.682529]], [[-16.369378, 19.682182], [-16.369092, 19.682184], [-16.369087, 19.681642], [-16.369373, 19.68164], [-16.369378, 19.682182]], [[-16.36251, 19.682234], [-16.362224, 19.682236], [-16.362222, 19.681965], [-16.362508, 19.681963], [-16.36251, 19.682234]], [[-16.359077, 19.68226], [-16.358791, 19.682262], [-16.358788, 19.681991], [-16.359074, 19.681989], [-16.359077, 19.68226]], [[-16.37052, 19.681902], [-16.370234, 19.681904], [-16.370232, 19.681633], [-16.370518, 19.681631], [-16.37052, 19.681902]], [[-16.369945, 19.681636], [-16.369659, 19.681638], [-16.369657, 19.681367], [-16.369943, 19.681365], [-16.369945, 19.681636]], [[-16.360789, 19.681705], [-16.360503, 19.681707], [-16.360501, 19.681436], [-16.360787, 19.681434], [-16.360789, 19.681705]], [[-16.370229, 19.681362], [-16.369943, 19.681365], [-16.369941, 19.681094], [-16.370227, 19.681091], [-16.370229, 19.681362]], [[-16.36279, 19.681419], [-16.362503, 19.681421], [-16.362501, 19.68115], [-16.362787, 19.681148], [-16.36279, 19.681419]], [[-16.370513, 19.681089], [-16.370227, 19.681091], [-16.370225, 19.68082], [-16.370511, 19.680818], [-16.370513, 19.681089]], [[-16.363357, 19.680873], [-16.363071, 19.680875], [-16.363069, 19.680604], [-16.363355, 19.680602], [-16.363357, 19.680873]], [[-16.359351, 19.680903], [-16.359065, 19.680905], [-16.359061, 19.680363], [-16.359633, 19.680359], [-16.359635, 19.68063], [-16.359349, 19.680632], [-16.359351, 19.680903]], [[-16.363927, 19.680597], [-16.363355, 19.680602], [-16.363353, 19.680331], [-16.363925, 19.680326], [-16.363927, 19.680597]], [[-16.362204, 19.679797], [-16.361917, 19.679799], [-16.361915, 19.679528], [-16.362201, 19.679526], [-16.362204, 19.679797]], [[-16.363918, 19.679513], [-16.363632, 19.679515], [-16.36363, 19.679244], [-16.363916, 19.679242], [-16.363918, 19.679513]], [[-16.360482, 19.679268], [-16.360196, 19.67927], [-16.360194, 19.678999], [-16.36048, 19.678997], [-16.360482, 19.679268]], [[-16.365342, 19.678689], [-16.364484, 19.678696], [-16.364481, 19.678425], [-16.364767, 19.678422], [-16.364765, 19.678151], [-16.363334, 19.678162], [-16.363332, 19.677891], [-16.363904, 19.677887], [-16.363902, 19.677616], [-16.364188, 19.677614], [-16.36419, 19.677885], [-16.364477, 19.677883], [-16.364474, 19.677612], [-16.36476, 19.677609], [-16.364758, 19.677338], [-16.365044, 19.677336], [-16.365049, 19.677878], [-16.365335, 19.677876], [-16.365333, 19.677605], [-16.365905, 19.677601], [-16.365907, 19.677872], [-16.365621, 19.677874], [-16.365623, 19.678145], [-16.365337, 19.678147], [-16.365342, 19.678689]], [[-16.363911, 19.6787], [-16.363625, 19.678702], [-16.363623, 19.678431], [-16.363909, 19.678429], [-16.363911, 19.6787]], [[-16.363339, 19.678704], [-16.363053, 19.678707], [-16.363048, 19.678164], [-16.363334, 19.678162], [-16.363339, 19.678704]], [[-16.361048, 19.678451], [-16.360761, 19.678453], [-16.360759, 19.678182], [-16.361045, 19.67818], [-16.361048, 19.678451]], [[-16.364758, 19.677338], [-16.364186, 19.677343], [-16.364184, 19.677072], [-16.36447, 19.677069], [-16.364467, 19.676798], [-16.364754, 19.676796], [-16.364749, 19.676254], [-16.365321, 19.67625], [-16.365317, 19.675708], [-16.365603, 19.675706], [-16.365605, 19.675977], [-16.366177, 19.675972], [-16.36618, 19.676243], [-16.366466, 19.676241], [-16.366468, 19.676512], [-16.365324, 19.676521], [-16.365326, 19.676792], [-16.36504, 19.676794], [-16.365042, 19.677065], [-16.364756, 19.677067], [-16.364758, 19.677338]], [[-16.366473, 19.677054], [-16.366187, 19.677056], [-16.366184, 19.676785], [-16.36647, 19.676783], [-16.366473, 19.677054]], [[-16.363893, 19.676532], [-16.363607, 19.676534], [-16.363604, 19.676263], [-16.363891, 19.676261], [-16.363893, 19.676532]], [[-16.371605, 19.674847], [-16.371318, 19.674849], [-16.371316, 19.674578], [-16.371602, 19.674576], [-16.371605, 19.674847]], [[-16.365596, 19.674893], [-16.36531, 19.674895], [-16.365307, 19.674624], [-16.365594, 19.674621], [-16.365596, 19.674893]], [[-16.37103, 19.67458], [-16.370744, 19.674582], [-16.370742, 19.674311], [-16.371028, 19.674309], [-16.37103, 19.67458]], [[-16.371598, 19.674034], [-16.371312, 19.674036], [-16.371307, 19.673494], [-16.371593, 19.673492], [-16.371598, 19.674034]], [[-16.366447, 19.674073], [-16.366161, 19.674075], [-16.366159, 19.673804], [-16.366445, 19.673802], [-16.366447, 19.674073]], [[-16.370449, 19.6735], [-16.370162, 19.673502], [-16.370156, 19.672689], [-16.370442, 19.672687], [-16.370439, 19.672416], [-16.370725, 19.672414], [-16.370732, 19.673227], [-16.370446, 19.673229], [-16.370449, 19.6735]], [[-16.3713, 19.672681], [-16.371014, 19.672683], [-16.371009, 19.672141], [-16.370723, 19.672143], [-16.370721, 19.671872], [-16.371007, 19.67187], [-16.371005, 19.671599], [-16.370719, 19.671601], [-16.370716, 19.67133], [-16.371288, 19.671325], [-16.371286, 19.671054], [-16.371858, 19.67105], [-16.371865, 19.671863], [-16.371579, 19.671865], [-16.371584, 19.672407], [-16.371298, 19.67241], [-16.3713, 19.672681]], [[-16.36758, 19.672709], [-16.367294, 19.672711], [-16.367292, 19.67244], [-16.367578, 19.672438], [-16.36758, 19.672709]], [[-16.369295, 19.672425], [-16.369009, 19.672427], [-16.369006, 19.672156], [-16.369293, 19.672154], [-16.369295, 19.672425]], [[-16.36872, 19.672158], [-16.368434, 19.67216], [-16.368432, 19.671889], [-16.368718, 19.671887], [-16.36872, 19.672158]], [[-16.368148, 19.672163], [-16.367862, 19.672165], [-16.367857, 19.671623], [-16.36843, 19.671618], [-16.368432, 19.671889], [-16.368146, 19.671892], [-16.368148, 19.672163]], [[-16.369004, 19.671885], [-16.368718, 19.671887], [-16.368716, 19.671616], [-16.369002, 19.671614], [-16.369004, 19.671885]], [[-16.368713, 19.671345], [-16.368427, 19.671347], [-16.368423, 19.670805], [-16.368709, 19.670803], [-16.368713, 19.671345]], [[-16.370714, 19.671059], [-16.370428, 19.671061], [-16.370426, 19.67079], [-16.370712, 19.670788], [-16.370714, 19.671059]], [[-16.370139, 19.670792], [-16.369853, 19.670794], [-16.369851, 19.670523], [-16.370137, 19.670521], [-16.370139, 19.670792]], [[-16.368702, 19.66999], [-16.368416, 19.669992], [-16.368409, 19.669179], [-16.368981, 19.669175], [-16.368983, 19.669446], [-16.368697, 19.669448], [-16.368702, 19.66999]], [[-16.371556, 19.669155], [-16.37127, 19.669157], [-16.371265, 19.668615], [-16.371552, 19.668613], [-16.371556, 19.669155]], [[-16.370126, 19.669166], [-16.369839, 19.669168], [-16.369837, 19.668897], [-16.369551, 19.668899], [-16.369546, 19.668357], [-16.370119, 19.668353], [-16.370126, 19.669166]], [[-16.371265, 19.668615], [-16.370693, 19.66862], [-16.370691, 19.668348], [-16.371263, 19.668344], [-16.371265, 19.668615]], [[-16.372694, 19.668333], [-16.372408, 19.668335], [-16.372405, 19.668064], [-16.372691, 19.668062], [-16.372694, 19.668333]], [[-16.372977, 19.66806], [-16.372691, 19.668062], [-16.372689, 19.667791], [-16.372975, 19.667789], [-16.372977, 19.66806]], [[-16.372405, 19.668064], [-16.371833, 19.668069], [-16.371831, 19.667798], [-16.372117, 19.667796], [-16.372115, 19.667524], [-16.372401, 19.667522], [-16.372405, 19.668064]], [[-16.372687, 19.66752], [-16.372401, 19.667522], [-16.372398, 19.667251], [-16.372684, 19.667249], [-16.372687, 19.66752]], [[-16.372112, 19.667253], [-16.37154, 19.667258], [-16.371535, 19.666716], [-16.371249, 19.666718], [-16.371252, 19.666989], [-16.370965, 19.666991], [-16.370963, 19.66672], [-16.370677, 19.666722], [-16.370675, 19.666451], [-16.370389, 19.666453], [-16.370386, 19.666182], [-16.371531, 19.666174], [-16.371533, 19.666445], [-16.371819, 19.666443], [-16.371824, 19.666985], [-16.37211, 19.666982], [-16.372112, 19.667253]], [[-16.370107, 19.666998], [-16.369821, 19.667], [-16.369819, 19.666729], [-16.370105, 19.666727], [-16.370107, 19.666998]], [[-16.371242, 19.665905], [-16.370384, 19.665911], [-16.370382, 19.66564], [-16.370668, 19.665638], [-16.370666, 19.665367], [-16.371238, 19.665363], [-16.371242, 19.665905]], [[-16.370098, 19.665914], [-16.369526, 19.665918], [-16.369523, 19.665647], [-16.36981, 19.665645], [-16.369807, 19.665374], [-16.370093, 19.665371], [-16.370098, 19.665914]], [[-16.37181, 19.665358], [-16.371238, 19.665363], [-16.371235, 19.665092], [-16.370949, 19.665094], [-16.370947, 19.664823], [-16.370661, 19.664825], [-16.370659, 19.664554], [-16.371517, 19.664547], [-16.371515, 19.664276], [-16.371229, 19.664279], [-16.371224, 19.663737], [-16.37151, 19.663734], [-16.371512, 19.664005], [-16.371798, 19.664003], [-16.371792, 19.66319], [-16.372364, 19.663186], [-16.372361, 19.662915], [-16.372648, 19.662913], [-16.372645, 19.662642], [-16.372931, 19.662639], [-16.372941, 19.663723], [-16.372654, 19.663726], [-16.372652, 19.663455], [-16.372366, 19.663457], [-16.372373, 19.66427], [-16.371801, 19.664274], [-16.371803, 19.664545], [-16.372089, 19.664543], [-16.372094, 19.665085], [-16.371808, 19.665087], [-16.37181, 19.665358]], [[-16.370377, 19.665098], [-16.370091, 19.6651], [-16.370089, 19.664829], [-16.370375, 19.664827], [-16.370377, 19.665098]], [[-16.37094, 19.66401], [-16.370654, 19.664012], [-16.370652, 19.663741], [-16.370938, 19.663739], [-16.37094, 19.66401]], [[-16.373215, 19.662366], [-16.372929, 19.662368], [-16.372927, 19.662097], [-16.373213, 19.662095], [-16.373215, 19.662366]], [[-16.372922, 19.661555], [-16.372636, 19.661557], [-16.372634, 19.661286], [-16.37292, 19.661284], [-16.372922, 19.661555]], [[-16.373206, 19.661282], [-16.37292, 19.661284], [-16.372918, 19.661013], [-16.373204, 19.661011], [-16.373206, 19.661282]], [[-16.376872, 19.65502], [-16.376586, 19.655022], [-16.376584, 19.654751], [-16.37687, 19.654749], [-16.376872, 19.65502]], [[-16.376579, 19.654209], [-16.376293, 19.654211], [-16.376286, 19.653398], [-16.376572, 19.653396], [-16.376579, 19.654209]], [[-16.379721, 19.653643], [-16.379435, 19.653645], [-16.379431, 19.653103], [-16.380003, 19.653098], [-16.380005, 19.653369], [-16.379719, 19.653372], [-16.379721, 19.653643]], [[-16.376858, 19.653394], [-16.376572, 19.653396], [-16.376565, 19.652583], [-16.376851, 19.65258], [-16.376847, 19.652038], [-16.377133, 19.652036], [-16.377126, 19.651223], [-16.377412, 19.651221], [-16.377407, 19.650679], [-16.377693, 19.650677], [-16.377703, 19.651761], [-16.377416, 19.651763], [-16.377421, 19.652305], [-16.377135, 19.652307], [-16.377142, 19.65312], [-16.376856, 19.653123], [-16.376858, 19.653394]], [[-16.379145, 19.653105], [-16.378858, 19.653107], [-16.378856, 19.652836], [-16.37857, 19.652838], [-16.378568, 19.652567], [-16.378854, 19.652565], [-16.378852, 19.652294], [-16.379138, 19.652292], [-16.379145, 19.653105]], [[-16.379998, 19.652556], [-16.379712, 19.652559], [-16.37971, 19.652288], [-16.379996, 19.652285], [-16.379998, 19.652556]], [[-16.379421, 19.652019], [-16.379135, 19.652021], [-16.379133, 19.65175], [-16.379419, 19.651748], [-16.379421, 19.652019]], [[-16.378849, 19.652023], [-16.378563, 19.652025], [-16.378561, 19.651754], [-16.378275, 19.651756], [-16.378272, 19.651485], [-16.378845, 19.651481], [-16.378842, 19.65121], [-16.379128, 19.651208], [-16.379133, 19.65175], [-16.378847, 19.651752], [-16.378849, 19.652023]], [[-16.379414, 19.651206], [-16.379128, 19.651208], [-16.379124, 19.650666], [-16.37941, 19.650664], [-16.379407, 19.650392], [-16.379694, 19.65039], [-16.379698, 19.650932], [-16.379412, 19.650935], [-16.379414, 19.651206]], [[-16.377979, 19.650674], [-16.377693, 19.650677], [-16.377689, 19.650135], [-16.377975, 19.650132], [-16.377979, 19.650674]], [[-16.382268, 19.650371], [-16.381982, 19.650373], [-16.381975, 19.64956], [-16.381689, 19.649562], [-16.381687, 19.649291], [-16.382259, 19.649286], [-16.382261, 19.649557], [-16.382547, 19.649555], [-16.382552, 19.650097], [-16.382266, 19.650099], [-16.382268, 19.650371]], [[-16.38141, 19.650377], [-16.381124, 19.650379], [-16.381122, 19.650108], [-16.381408, 19.650106], [-16.38141, 19.650377]], [[-16.381691, 19.649833], [-16.381405, 19.649835], [-16.381403, 19.649564], [-16.381689, 19.649562], [-16.381691, 19.649833]], [[-16.378259, 19.649859], [-16.377686, 19.649864], [-16.377682, 19.649322], [-16.378254, 19.649317], [-16.378259, 19.649859]], [[-16.381398, 19.649022], [-16.381112, 19.649024], [-16.38111, 19.648753], [-16.381396, 19.648751], [-16.381398, 19.649022]], [[-16.378817, 19.648229], [-16.378245, 19.648233], [-16.378242, 19.647962], [-16.378528, 19.64796], [-16.378524, 19.647418], [-16.37881, 19.647416], [-16.378805, 19.646873], [-16.379091, 19.646871], [-16.379089, 19.6466], [-16.379375, 19.646598], [-16.37938, 19.64714], [-16.379094, 19.647142], [-16.379098, 19.647684], [-16.378812, 19.647687], [-16.378817, 19.648229]], [[-16.381378, 19.646583], [-16.381091, 19.646585], [-16.381087, 19.646043], [-16.381373, 19.646041], [-16.381378, 19.646583]], [[-16.379661, 19.646596], [-16.379375, 19.646598], [-16.379373, 19.646327], [-16.379659, 19.646325], [-16.379661, 19.646596]], [[-16.379656, 19.646054], [-16.37937, 19.646056], [-16.379357, 19.64443], [-16.379643, 19.644428], [-16.379656, 19.646054]], [[-16.381657, 19.645767], [-16.381371, 19.64577], [-16.381368, 19.645499], [-16.381654, 19.645496], [-16.381657, 19.645767]], [[-16.382227, 19.645492], [-16.38194, 19.645494], [-16.381936, 19.644952], [-16.382222, 19.64495], [-16.382227, 19.645492]], [[-16.381936, 19.644952], [-16.38165, 19.644954], [-16.381645, 19.644412], [-16.381931, 19.64441], [-16.381936, 19.644952]], [[-16.382506, 19.644677], [-16.38222, 19.644679], [-16.382217, 19.644408], [-16.382503, 19.644406], [-16.382506, 19.644677]], [[-16.381075, 19.644688], [-16.380503, 19.644692], [-16.380501, 19.644421], [-16.381073, 19.644417], [-16.381075, 19.644688]], [[-16.381645, 19.644412], [-16.381073, 19.644417], [-16.381071, 19.644146], [-16.381643, 19.644141], [-16.381645, 19.644412]], [[-16.379929, 19.644425], [-16.379643, 19.644428], [-16.37964, 19.644157], [-16.379926, 19.644154], [-16.379929, 19.644425]], [[-16.383073, 19.64413], [-16.382501, 19.644135], [-16.382496, 19.643593], [-16.382782, 19.64359], [-16.38278, 19.643319], [-16.383066, 19.643317], [-16.383073, 19.64413]], [[-16.38021, 19.643881], [-16.379924, 19.643883], [-16.379922, 19.643612], [-16.380208, 19.64361], [-16.38021, 19.643881]], [[-16.381066, 19.643604], [-16.38078, 19.643606], [-16.380778, 19.643335], [-16.381064, 19.643332], [-16.381066, 19.643604]], [[-16.383638, 19.643313], [-16.383352, 19.643315], [-16.38335, 19.643044], [-16.383636, 19.643042], [-16.383638, 19.643313]], [[-16.383922, 19.643039], [-16.383636, 19.643042], [-16.383634, 19.642771], [-16.38392, 19.642768], [-16.383922, 19.643039]], [[-16.383634, 19.642771], [-16.383348, 19.642773], [-16.383345, 19.642502], [-16.383631, 19.6425], [-16.383634, 19.642771]], [[-16.383062, 19.642775], [-16.382775, 19.642777], [-16.382773, 19.642506], [-16.383059, 19.642504], [-16.383062, 19.642775]], [[-16.384203, 19.642495], [-16.383917, 19.642497], [-16.383915, 19.642226], [-16.384201, 19.642224], [-16.384203, 19.642495]], [[-16.383627, 19.641958], [-16.383341, 19.64196], [-16.383336, 19.641418], [-16.383908, 19.641413], [-16.38391, 19.641684], [-16.383624, 19.641687], [-16.383627, 19.641958]], [[-16.385336, 19.641131], [-16.384764, 19.641136], [-16.384762, 19.640865], [-16.385048, 19.640862], [-16.385045, 19.640591], [-16.385331, 19.640589], [-16.385336, 19.641131]], [[-16.38332, 19.63952], [-16.383034, 19.639523], [-16.383031, 19.639252], [-16.383317, 19.639249], [-16.38332, 19.63952]], [[-16.383603, 19.639247], [-16.383317, 19.639249], [-16.383315, 19.638978], [-16.383601, 19.638976], [-16.383603, 19.639247]], [[-16.386736, 19.637597], [-16.38645, 19.637599], [-16.386448, 19.637328], [-16.386734, 19.637326], [-16.386736, 19.637597]]]}, "properties": {"layer": "core", "exposure_min": 0.6, "area_ha": 339.12}}, {"type": "Feature", "geometry": {"type": "Polygon", "coordinates": [[[-16.410472, 19.636599], [-16.410469, 19.636328], [-16.410756, 19.636326], [-16.410753, 19.636055], [-16.410467, 19.636057], [-16.410465, 19.635786], [-16.410179, 19.635788], [-16.410176, 19.635517], [-16.40989, 19.635519], [-16.409893, 19.635791], [-16.409321, 19.635795], [-16.409323, 19.636066], [-16.409895, 19.636062], [-16.409897, 19.636333], [-16.410183, 19.63633], [-16.410186, 19.636601], [-16.410472, 19.636599]]]}, "properties": {"layer": "core", "exposure_min": 0.6, "area_ha": 0.81}}, {"type": "Feature", "geometry": {"type": "Polygon", "coordinates": [[[-16.365291, 19.638845], [-16.365289, 19.638574], [-16.366147, 19.638567], [-16.366142, 19.638025], [-16.366428, 19.638023], [-16.366426, 19.637752], [-16.366712, 19.63775], [-16.36671, 19.637479], [-16.367282, 19.637475], [-16.367275, 19.636662], [-16.367561, 19.636659], [-16.367556, 19.636117], [-16.366984, 19.636122], [-16.366982, 19.635851], [-16.366696, 19.635853], [-16.366698, 19.636124], [-16.366412, 19.636126], [-16.366417, 19.636668], [-16.366131, 19.63667], [-16.366133, 19.636941], [-16.365847, 19.636943], [-16.365849, 19.637214], [-16.365563, 19.637217], [-16.365565, 19.637488], [-16.364993, 19.637492], [-16.365, 19.638305], [-16.364714, 19.638307], [-16.364719, 19.638849], [-16.365291, 19.638845]]]}, "properties": {"layer": "core", "exposure_min": 0.6, "area_ha": 4.14}}, {"type": "Feature", "geometry": {"type": "Polygon", "coordinates": [[[-16.412181, 19.635773], [-16.412179, 19.635502], [-16.411893, 19.635504], [-16.411888, 19.634962], [-16.411602, 19.634964], [-16.411604, 19.635235], [-16.411318, 19.635237], [-16.411323, 19.635779], [-16.412181, 19.635773]]]}, "properties": {"layer": "core", "exposure_min": 0.6, "area_ha": 0.54}}, {"type": "Feature", "geometry": {"type": "Polygon", "coordinates": [[[-16.350495, 19.648444], [-16.35049, 19.647901], [-16.350776, 19.647899], [-16.350772, 19.647357], [-16.351058, 19.647355], [-16.351056, 19.647084], [-16.351914, 19.647078], [-16.351916, 19.647349], [-16.352488, 19.647344], [-16.352484, 19.646802], [-16.35277, 19.6468], [-16.352763, 19.645987], [-16.352477, 19.645989], [-16.352475, 19.645718], [-16.352761, 19.645716], [-16.352756, 19.645174], [-16.353042, 19.645172], [-16.353038, 19.64463], [-16.353324, 19.644628], [-16.353322, 19.644357], [-16.353608, 19.644354], [-16.353601, 19.643541], [-16.353887, 19.643539], [-16.353882, 19.642997], [-16.354168, 19.642995], [-16.354166, 19.642724], [-16.354452, 19.642722], [-16.354448, 19.64218], [-16.354734, 19.642177], [-16.354725, 19.641093], [-16.355011, 19.641091], [-16.355004, 19.640278], [-16.35529, 19.640276], [-16.355288, 19.640005], [-16.35586, 19.640001], [-16.355853, 19.639187], [-16.356425, 19.639183], [-16.356423, 19.638912], [-16.355851, 19.638916], [-16.355842, 19.637832], [-16.355556, 19.637834], [-16.355553, 19.637563], [-16.355267, 19.637566], [-16.355276, 19.63865], [-16.35499, 19.638652], [-16.354992, 19.638923], [-16.355279, 19.638921], [-16.355281, 19.639192], [-16.354995, 19.639194], [-16.354997, 19.639465], [-16.354711, 19.639467], [-16.354716, 19.640009], [-16.354429, 19.640011], [-16.354436, 19.640824], [-16.35415, 19.640827], [-16.354152, 19.641098], [-16.353866, 19.6411], [-16.353873, 19.641913], [-16.353587, 19.641915], [-16.353592, 19.642457], [-16.353306, 19.642459], [-16.35331, 19.643001], [-16.353024, 19.643003], [-16.353029, 19.643546], [-16.352743, 19.643548], [-16.352745, 19.643819], [-16.352459, 19.643821], [-16.352441, 19.641653], [-16.352155, 19.641655], [-16.352145, 19.640571], [-16.351859, 19.640573], [-16.351853, 19.63976], [-16.351566, 19.639762], [-16.351557, 19.638678], [-16.351843, 19.638676], [-16.351839, 19.638133], [-16.352125, 19.638131], [-16.352118, 19.637318], [-16.352404, 19.637316], [-16.352402, 19.637045], [-16.352116, 19.637047], [-16.352114, 19.636776], [-16.3524, 19.636774], [-16.352393, 19.635961], [-16.352679, 19.635959], [-16.352674, 19.635417], [-16.352388, 19.635419], [-16.352391, 19.63569], [-16.352105, 19.635692], [-16.352107, 19.635963], [-16.351821, 19.635965], [-16.351825, 19.636507], [-16.351539, 19.636509], [-16.351544, 19.637051], [-16.351258, 19.637054], [-16.351265, 19.637867], [-16.351551, 19.637865], [-16.351555, 19.638407], [-16.351269, 19.638409], [-16.351276, 19.639222], [-16.35099, 19.639224], [-16.351001, 19.640579], [-16.351287, 19.640577], [-16.351294, 19.64139], [-16.35158, 19.641388], [-16.351585, 19.64193], [-16.351871, 19.641928], [-16.351889, 19.644096], [-16.351603, 19.644098], [-16.351607, 19.64464], [-16.351321, 19.644643], [-16.351328, 19.645456], [-16.351042, 19.645458], [-16.351047, 19.646], [-16.35076, 19.646002], [-16.350763, 19.646273], [-16.350477, 19.646275], [-16.350481, 19.646817], [-16.350195, 19.646819], [-16.350197, 19.647091], [-16.349625, 19.647095], [-16.34963, 19.647637], [-16.349344, 19.647639], [-16.349346, 19.64791], [-16.349632, 19.647908], [-16.349634, 19.648179], [-16.34992, 19.648177], [-16.349923, 19.648448], [-16.350495, 19.648444]]]}, "properties": {"layer": "core", "exposure_min": 0.6, "area_ha": 21.24}}, {"type": "Feature", "geometry": {"type": "Polygon", "coordinates": [[[-16.4588, 19.666299], [-16.458795, 19.665757], [-16.459368, 19.665753], [-16.459365, 19.665482], [-16.459937, 19.665477], [-16.459933, 19.664935], [-16.460219, 19.664933], [-16.460216, 19.664662], [-16.45993, 19.664664], [-16.459915, 19.663038], [-16.459629, 19.66304], [-16.459627, 19.662769], [-16.459913, 19.662767], [-16.45991, 19.662496], [-16.459338, 19.662501], [-16.459326, 19.661145], [-16.45904, 19.661148], [-16.459037, 19.660877], [-16.459324, 19.660874], [-16.459319, 19.660332], [-16.458746, 19.660337], [-16.458751, 19.660879], [-16.458465, 19.660881], [-16.458468, 19.661152], [-16.458754, 19.66115], [-16.458771, 19.663047], [-16.458485, 19.66305], [-16.45848, 19.662508], [-16.457908, 19.662512], [-16.457888, 19.660344], [-16.458174, 19.660342], [-16.458162, 19.658987], [-16.457876, 19.658989], [-16.457844, 19.655466], [-16.457558, 19.655468], [-16.457538, 19.6533], [-16.457252, 19.653302], [-16.457245, 19.652489], [-16.457531, 19.652487], [-16.457529, 19.652216], [-16.456956, 19.65222], [-16.456954, 19.651949], [-16.45724, 19.651947], [-16.457238, 19.651676], [-16.456952, 19.651678], [-16.456922, 19.648426], [-16.456636, 19.648428], [-16.456629, 19.647615], [-16.456343, 19.647617], [-16.456353, 19.648702], [-16.456066, 19.648704], [-16.456062, 19.648162], [-16.455775, 19.648164], [-16.455761, 19.646538], [-16.455475, 19.64654], [-16.455472, 19.646269], [-16.455186, 19.646272], [-16.455184, 19.646001], [-16.454898, 19.646003], [-16.454905, 19.646816], [-16.455191, 19.646814], [-16.455194, 19.647085], [-16.454335, 19.647092], [-16.45433, 19.64655], [-16.454044, 19.646552], [-16.454042, 19.646281], [-16.454614, 19.646276], [-16.454612, 19.646005], [-16.454326, 19.646008], [-16.454323, 19.645737], [-16.454037, 19.645739], [-16.454032, 19.645197], [-16.453746, 19.645199], [-16.453741, 19.644657], [-16.454027, 19.644655], [-16.45402, 19.643842], [-16.453734, 19.643844], [-16.453719, 19.642218], [-16.453433, 19.64222], [-16.453426, 19.641407], [-16.45314, 19.641409], [-16.453133, 19.640596], [-16.452846, 19.640599], [-16.452844, 19.640328], [-16.452558, 19.64033], [-16.452551, 19.639517], [-16.452265, 19.639519], [-16.452262, 19.639248], [-16.451976, 19.63925], [-16.451971, 19.638708], [-16.451685, 19.638711], [-16.451675, 19.637627], [-16.451389, 19.637629], [-16.451385, 19.637087], [-16.451098, 19.637089], [-16.451094, 19.636547], [-16.450808, 19.636549], [-16.450795, 19.635194], [-16.450509, 19.635197], [-16.450502, 19.634384], [-16.44993, 19.634388], [-16.449935, 19.63493], [-16.449649, 19.634933], [-16.449651, 19.635204], [-16.449937, 19.635201], [-16.449942, 19.635743], [-16.449656, 19.635746], [-16.449668, 19.637101], [-16.449954, 19.637098], [-16.449952, 19.636827], [-16.450238, 19.636825], [-16.450245, 19.637638], [-16.450531, 19.637636], [-16.450536, 19.638178], [-16.451108, 19.638173], [-16.451111, 19.638444], [-16.450825, 19.638447], [-16.450832, 19.63926], [-16.451118, 19.639257], [-16.451125, 19.64007], [-16.451411, 19.640068], [-16.451414, 19.640339], [-16.4517, 19.640337], [-16.451702, 19.640608], [-16.451416, 19.64061], [-16.451419, 19.640881], [-16.451705, 19.640879], [-16.451707, 19.64115], [-16.451993, 19.641148], [-16.451998, 19.64169], [-16.452284, 19.641687], [-16.452294, 19.642771], [-16.45258, 19.642769], [-16.45259, 19.643853], [-16.452304, 19.643856], [-16.452306, 19.644127], [-16.45202, 19.644129], [-16.452027, 19.644942], [-16.452313, 19.64494], [-16.452316, 19.645211], [-16.45203, 19.645213], [-16.452032, 19.645484], [-16.452318, 19.645482], [-16.452323, 19.646024], [-16.452609, 19.646021], [-16.452614, 19.646563], [-16.452328, 19.646566], [-16.452326, 19.646295], [-16.451753, 19.646299], [-16.451758, 19.646841], [-16.452044, 19.646839], [-16.452049, 19.647381], [-16.452335, 19.647379], [-16.452338, 19.64765], [-16.452052, 19.647652], [-16.452057, 19.648194], [-16.452343, 19.648192], [-16.452345, 19.648463], [-16.452631, 19.648461], [-16.452634, 19.648732], [-16.453206, 19.648727], [-16.453203, 19.648456], [-16.453489, 19.648454], [-16.453487, 19.648183], [-16.453773, 19.64818], [-16.453771, 19.647909], [-16.454343, 19.647905], [-16.454345, 19.648176], [-16.454631, 19.648173], [-16.454636, 19.648715], [-16.45435, 19.648718], [-16.454352, 19.648989], [-16.454639, 19.648986], [-16.454646, 19.6498], [-16.454932, 19.649797], [-16.454937, 19.650339], [-16.455509, 19.650335], [-16.455514, 19.650877], [-16.455228, 19.650879], [-16.45523, 19.65115], [-16.455802, 19.651145], [-16.455805, 19.651416], [-16.456091, 19.651414], [-16.456101, 19.652498], [-16.455815, 19.652501], [-16.455817, 19.652772], [-16.455245, 19.652776], [-16.455257, 19.654131], [-16.455829, 19.654127], [-16.455832, 19.654398], [-16.456404, 19.654393], [-16.456401, 19.654122], [-16.456688, 19.65412], [-16.45669, 19.654391], [-16.456976, 19.654388], [-16.456981, 19.65493], [-16.457267, 19.654928], [-16.457274, 19.655741], [-16.45756, 19.655739], [-16.457563, 19.65601], [-16.457277, 19.656012], [-16.457292, 19.657638], [-16.457005, 19.657641], [-16.457008, 19.657912], [-16.457294, 19.657909], [-16.457296, 19.65818], [-16.45701, 19.658183], [-16.457013, 19.658454], [-16.456727, 19.658456], [-16.456732, 19.658998], [-16.456445, 19.659], [-16.45645, 19.659542], [-16.456164, 19.659545], [-16.456169, 19.660087], [-16.456741, 19.660082], [-16.456739, 19.659811], [-16.457025, 19.659809], [-16.457027, 19.66008], [-16.4576, 19.660075], [-16.457612, 19.66143], [-16.45704, 19.661435], [-16.457037, 19.661164], [-16.456751, 19.661166], [-16.456761, 19.66225], [-16.456189, 19.662255], [-16.456186, 19.661984], [-16.4559, 19.661986], [-16.455895, 19.661444], [-16.455609, 19.661447], [-16.455607, 19.661176], [-16.455893, 19.661173], [-16.455886, 19.66036], [-16.455313, 19.660365], [-16.455316, 19.660636], [-16.45503, 19.660638], [-16.455035, 19.66118], [-16.455321, 19.661178], [-16.455323, 19.661449], [-16.455037, 19.661451], [-16.455039, 19.661722], [-16.455326, 19.66172], [-16.455333, 19.662533], [-16.455619, 19.662531], [-16.455621, 19.662802], [-16.455908, 19.662799], [-16.45591, 19.66307], [-16.456196, 19.663068], [-16.456206, 19.664152], [-16.456492, 19.66415], [-16.456499, 19.664963], [-16.456785, 19.664961], [-16.456793, 19.665774], [-16.457079, 19.665771], [-16.457084, 19.666313], [-16.457942, 19.666306], [-16.457935, 19.665493], [-16.458221, 19.665491], [-16.458228, 19.666304], [-16.4588, 19.666299]], [[-16.458507, 19.665489], [-16.458221, 19.665491], [-16.458218, 19.66522], [-16.458504, 19.665218], [-16.458507, 19.665489]], [[-16.458487, 19.663321], [-16.458201, 19.663323], [-16.458199, 19.663052], [-16.458485, 19.66305], [-16.458487, 19.663321]], [[-16.452895, 19.646019], [-16.452609, 19.646021], [-16.452607, 19.64575], [-16.452893, 19.645748], [-16.452895, 19.646019]], [[-16.450235, 19.636554], [-16.449949, 19.636556], [-16.449947, 19.636285], [-16.450233, 19.636283], [-16.450235, 19.636554]]]}, "properties": {"layer": "core", "exposure_min": 0.6, "area_ha": 63.27}}, {"type": "Feature", "geometry": {"type": "Polygon", "coordinates": [[[-16.356112, 19.635933], [-16.356109, 19.635662], [-16.356395, 19.63566], [-16.356382, 19.634033], [-16.356096, 19.634036], [-16.356103, 19.634849], [-16.355817, 19.634851], [-16.355826, 19.635935], [-16.356112, 19.635933]]]}, "properties": {"layer": "core", "exposure_min": 0.6, "area_ha": 0.9}}, {"type": "Feature", "geometry": {"type": "Polygon", "coordinates": [[[-16.411037, 19.635782], [-16.411032, 19.635239], [-16.411318, 19.635237], [-16.411313, 19.634695], [-16.411599, 19.634693], [-16.411595, 19.634151], [-16.411881, 19.634149], [-16.411876, 19.633607], [-16.41159, 19.633609], [-16.411592, 19.63388], [-16.411306, 19.633882], [-16.411311, 19.634424], [-16.411025, 19.634426], [-16.411027, 19.634697], [-16.410741, 19.6347], [-16.410746, 19.635242], [-16.41046, 19.635244], [-16.410465, 19.635786], [-16.411037, 19.635782]]]}, "properties": {"layer": "core", "exposure_min": 0.6, "area_ha": 1.26}}, {"type": "Feature", "geometry": {"type": "Polygon", "coordinates": [[[-16.493978, 19.633757], [-16.493973, 19.633215], [-16.494259, 19.633212], [-16.494257, 19.632941], [-16.494543, 19.632939], [-16.49454, 19.632668], [-16.494826, 19.632666], [-16.494819, 19.631852], [-16.494533, 19.631855], [-16.49453, 19.631584], [-16.494244, 19.631586], [-16.494241, 19.631315], [-16.493669, 19.63132], [-16.493667, 19.631049], [-16.493095, 19.631054], [-16.4931, 19.631596], [-16.493386, 19.631593], [-16.493388, 19.631864], [-16.49396, 19.63186], [-16.493968, 19.632673], [-16.493682, 19.632675], [-16.493679, 19.632404], [-16.493107, 19.632409], [-16.49311, 19.63268], [-16.492824, 19.632682], [-16.492826, 19.632953], [-16.493112, 19.632951], [-16.493117, 19.633493], [-16.493689, 19.633488], [-16.493692, 19.633759], [-16.493978, 19.633757]]]}, "properties": {"layer": "core", "exposure_min": 0.6, "area_ha": 3.15}}, {"type": "Feature", "geometry": {"type": "Polygon", "coordinates": [[[-16.492821, 19.632411], [-16.492816, 19.631869], [-16.49253, 19.631871], [-16.492525, 19.631329], [-16.492239, 19.631332], [-16.492234, 19.63079], [-16.491948, 19.630792], [-16.491958, 19.631876], [-16.492244, 19.631874], [-16.492249, 19.632416], [-16.492821, 19.632411]]]}, "properties": {"layer": "core", "exposure_min": 0.6, "area_ha": 0.9}}, {"type": "Feature", "geometry": {"type": "Polygon", "coordinates": [[[-16.45106, 19.632753], [-16.451047, 19.631398], [-16.451619, 19.631393], [-16.451612, 19.63058], [-16.451326, 19.630582], [-16.451329, 19.630853], [-16.451043, 19.630856], [-16.451045, 19.631127], [-16.450759, 19.631129], [-16.450773, 19.632755], [-16.45106, 19.632753]]]}, "properties": {"layer": "core", "exposure_min": 0.6, "area_ha": 0.99}}, {"type": "Feature", "geometry": {"type": "Polygon", "coordinates": [[[-16.353526, 19.634597], [-16.353524, 19.634326], [-16.35381, 19.634324], [-16.353807, 19.634053], [-16.354093, 19.634051], [-16.354082, 19.632696], [-16.354368, 19.632693], [-16.354364, 19.632151], [-16.354077, 19.632153], [-16.354068, 19.631069], [-16.353782, 19.631071], [-16.353798, 19.632969], [-16.353512, 19.632971], [-16.353514, 19.633242], [-16.353228, 19.633244], [-16.353233, 19.633786], [-16.353519, 19.633784], [-16.353521, 19.634055], [-16.353235, 19.634057], [-16.35324, 19.634599], [-16.353526, 19.634597]]]}, "properties": {"layer": "core", "exposure_min": 0.6, "area_ha": 1.98}}, {"type": "Feature", "geometry": {"type": "Polygon", "coordinates": [[[-16.412737, 19.633871], [-16.412729, 19.633058], [-16.413016, 19.633056], [-16.413011, 19.632513], [-16.413297, 19.632511], [-16.413294, 19.63224], [-16.413867, 19.632236], [-16.413859, 19.631423], [-16.413573, 19.631425], [-16.413571, 19.631154], [-16.414143, 19.631149], [-16.414138, 19.630607], [-16.413566, 19.630612], [-16.413562, 19.63007], [-16.413275, 19.630072], [-16.413273, 19.629801], [-16.412987, 19.629803], [-16.412992, 19.630345], [-16.412706, 19.630348], [-16.412708, 19.630619], [-16.41328, 19.630614], [-16.413292, 19.631969], [-16.413006, 19.631971], [-16.413008, 19.632242], [-16.412722, 19.632245], [-16.412727, 19.632787], [-16.412441, 19.632789], [-16.412443, 19.63306], [-16.412157, 19.633062], [-16.41216, 19.633333], [-16.411874, 19.633336], [-16.411876, 19.633607], [-16.412448, 19.633602], [-16.412451, 19.633873], [-16.412737, 19.633871]]]}, "properties": {"layer": "core", "exposure_min": 0.6, "area_ha": 2.79}}, {"type": "Feature", "geometry": {"type": "Polygon", "coordinates": [[[-16.488265, 19.634617], [-16.488262, 19.634346], [-16.488834, 19.634341], [-16.488832, 19.63407], [-16.489118, 19.634068], [-16.489113, 19.633526], [-16.488827, 19.633528], [-16.488824, 19.633257], [-16.488538, 19.63326], [-16.488531, 19.632447], [-16.488245, 19.632449], [-16.488242, 19.632178], [-16.487956, 19.63218], [-16.487959, 19.632451], [-16.487673, 19.632454], [-16.487668, 19.631912], [-16.487382, 19.631914], [-16.487379, 19.631643], [-16.487093, 19.631645], [-16.487091, 19.631374], [-16.486805, 19.631377], [-16.486802, 19.631106], [-16.486516, 19.631108], [-16.486511, 19.630566], [-16.487083, 19.630561], [-16.487081, 19.63029], [-16.487367, 19.630288], [-16.487364, 19.630017], [-16.488222, 19.63001], [-16.488225, 19.630281], [-16.490227, 19.630264], [-16.490222, 19.629722], [-16.490508, 19.62972], [-16.490503, 19.629178], [-16.490217, 19.62918], [-16.490212, 19.628638], [-16.489926, 19.628641], [-16.489923, 19.62837], [-16.489637, 19.628372], [-16.489635, 19.628101], [-16.489349, 19.628103], [-16.489346, 19.627832], [-16.48906, 19.627835], [-16.489065, 19.628377], [-16.489351, 19.628374], [-16.489354, 19.628645], [-16.48964, 19.628643], [-16.489642, 19.628914], [-16.489356, 19.628916], [-16.489359, 19.629187], [-16.489073, 19.62919], [-16.489075, 19.629461], [-16.488503, 19.629465], [-16.488506, 19.629737], [-16.487076, 19.629748], [-16.487078, 19.630019], [-16.486506, 19.630024], [-16.486504, 19.629753], [-16.486218, 19.629755], [-16.48622, 19.630026], [-16.48479, 19.630038], [-16.484785, 19.629496], [-16.484499, 19.629499], [-16.484494, 19.628957], [-16.484208, 19.628959], [-16.484205, 19.628688], [-16.483919, 19.62869], [-16.483929, 19.629774], [-16.483071, 19.629781], [-16.483076, 19.630323], [-16.483934, 19.630316], [-16.483937, 19.630587], [-16.484223, 19.630585], [-16.484225, 19.630856], [-16.483939, 19.630858], [-16.483942, 19.631129], [-16.484228, 19.631127], [-16.484238, 19.632211], [-16.48481, 19.632206], [-16.484805, 19.631664], [-16.485377, 19.63166], [-16.485382, 19.632202], [-16.485668, 19.632199], [-16.48567, 19.63247], [-16.485956, 19.632468], [-16.485971, 19.634094], [-16.486257, 19.634092], [-16.48626, 19.634363], [-16.486546, 19.63436], [-16.486548, 19.634631], [-16.488265, 19.634617]], [[-16.488546, 19.634073], [-16.487974, 19.634078], [-16.487971, 19.633807], [-16.488543, 19.633802], [-16.488546, 19.634073]], [[-16.487101, 19.632459], [-16.486529, 19.632463], [-16.486526, 19.632192], [-16.487098, 19.632188], [-16.487101, 19.632459]], [[-16.485367, 19.630576], [-16.485081, 19.630578], [-16.485078, 19.630307], [-16.485364, 19.630305], [-16.485367, 19.630576]]]}, "properties": {"layer": "core", "exposure_min": 0.6, "area_ha": 19.17}}, {"type": "Feature", "geometry": {"type": "Polygon", "coordinates": [[[-16.493662, 19.630507], [-16.493657, 19.629965], [-16.493371, 19.629967], [-16.493368, 19.629696], [-16.493654, 19.629694], [-16.493652, 19.629423], [-16.493938, 19.62942], [-16.493935, 19.629149], [-16.493363, 19.629154], [-16.493361, 19.628883], [-16.493075, 19.628886], [-16.493072, 19.628615], [-16.492786, 19.628617], [-16.492781, 19.628075], [-16.492495, 19.628077], [-16.492493, 19.627806], [-16.492207, 19.627809], [-16.492204, 19.627538], [-16.491918, 19.62754], [-16.491921, 19.627811], [-16.491635, 19.627813], [-16.491637, 19.628084], [-16.491923, 19.628082], [-16.491933, 19.629166], [-16.492219, 19.629164], [-16.492222, 19.629435], [-16.492508, 19.629432], [-16.49251, 19.629703], [-16.492796, 19.629701], [-16.492799, 19.629972], [-16.493085, 19.62997], [-16.493087, 19.630241], [-16.493373, 19.630238], [-16.493376, 19.630509], [-16.493662, 19.630507]], [[-16.492498, 19.628348], [-16.492212, 19.628351], [-16.492209, 19.62808], [-16.492495, 19.628077], [-16.492498, 19.628348]]]}, "properties": {"layer": "core", "exposure_min": 0.6, "area_ha": 2.97}}, {"type": "Feature", "geometry": {"type": "Polygon", "coordinates": [[[-16.413843, 19.629525], [-16.41384, 19.629254], [-16.414127, 19.629252], [-16.414122, 19.62871], [-16.414408, 19.628708], [-16.414403, 19.628166], [-16.414117, 19.628168], [-16.414119, 19.628439], [-16.413833, 19.628441], [-16.413836, 19.628712], [-16.41355, 19.628715], [-16.413557, 19.629528], [-16.413843, 19.629525]]]}, "properties": {"layer": "core", "exposure_min": 0.6, "area_ha": 0.72}}, {"type": "Feature", "geometry": {"type": "Polygon", "coordinates": [[[-16.491356, 19.628629], [-16.491354, 19.628358], [-16.49164, 19.628355], [-16.491637, 19.628084], [-16.491065, 19.628089], [-16.491063, 19.627818], [-16.490777, 19.62782], [-16.490774, 19.627549], [-16.490488, 19.627552], [-16.490486, 19.627281], [-16.490199, 19.627283], [-16.490207, 19.628096], [-16.490493, 19.628094], [-16.490496, 19.628365], [-16.490782, 19.628362], [-16.490784, 19.628633], [-16.491356, 19.628629]]]}, "properties": {"layer": "core", "exposure_min": 0.6, "area_ha": 1.08}}, {"type": "Feature", "geometry": {"type": "Polygon", "coordinates": [[[-16.416701, 19.629232], [-16.416696, 19.62869], [-16.41641, 19.628692], [-16.416403, 19.627879], [-16.416117, 19.627881], [-16.416115, 19.62761], [-16.415542, 19.627615], [-16.415545, 19.627886], [-16.415259, 19.627888], [-16.415261, 19.628159], [-16.414975, 19.628161], [-16.414978, 19.628432], [-16.415264, 19.62843], [-16.415266, 19.628701], [-16.416124, 19.628694], [-16.416126, 19.628965], [-16.416412, 19.628963], [-16.416415, 19.629234], [-16.416701, 19.629232]]]}, "properties": {"layer": "core", "exposure_min": 0.6, "area_ha": 1.62}}, {"type": "Feature", "geometry": {"type": "Polygon", "coordinates": [[[-16.356666, 19.63376], [-16.356663, 19.633489], [-16.356949, 19.633487], [-16.356947, 19.633216], [-16.357233, 19.633214], [-16.357231, 19.632943], [-16.358089, 19.632936], [-16.358087, 19.632665], [-16.358373, 19.632663], [-16.358371, 19.632392], [-16.358943, 19.632388], [-16.35894, 19.632117], [-16.359512, 19.632112], [-16.35951, 19.631841], [-16.359796, 19.631839], [-16.359794, 19.631568], [-16.36008, 19.631566], [-16.360078, 19.631295], [-16.36065, 19.631291], [-16.360648, 19.63102], [-16.361792, 19.631011], [-16.361785, 19.630198], [-16.362071, 19.630196], [-16.362069, 19.629925], [-16.362355, 19.629923], [-16.36235, 19.629381], [-16.362636, 19.629378], [-16.362629, 19.628565], [-16.362915, 19.628563], [-16.362906, 19.627479], [-16.36262, 19.627481], [-16.362625, 19.628023], [-16.362339, 19.628025], [-16.362343, 19.628567], [-16.362057, 19.62857], [-16.362062, 19.629112], [-16.360918, 19.62912], [-16.360924, 19.629933], [-16.360638, 19.629936], [-16.360641, 19.630207], [-16.360355, 19.630209], [-16.360357, 19.63048], [-16.360071, 19.630482], [-16.360073, 19.630753], [-16.359501, 19.630757], [-16.359503, 19.631028], [-16.359217, 19.631031], [-16.35922, 19.631302], [-16.358934, 19.631304], [-16.358936, 19.631575], [-16.35865, 19.631577], [-16.358654, 19.632119], [-16.358082, 19.632123], [-16.358084, 19.632394], [-16.357512, 19.632399], [-16.357515, 19.63267], [-16.356943, 19.632674], [-16.356945, 19.632945], [-16.356373, 19.632949], [-16.35638, 19.633762], [-16.356666, 19.63376]]]}, "properties": {"layer": "core", "exposure_min": 0.6, "area_ha": 7.38}}, {"type": "Feature", "geometry": {"type": "Polygon", "coordinates": [[[-16.448749, 19.630332], [-16.448742, 19.629519], [-16.450172, 19.629507], [-16.45017, 19.629236], [-16.451028, 19.629229], [-16.45103, 19.6295], [-16.451316, 19.629498], [-16.451314, 19.629227], [-16.4516, 19.629225], [-16.451593, 19.628412], [-16.451307, 19.628414], [-16.451299, 19.627601], [-16.451013, 19.627603], [-16.451011, 19.627332], [-16.450725, 19.627335], [-16.450718, 19.626522], [-16.449859, 19.626528], [-16.449867, 19.627342], [-16.449581, 19.627344], [-16.449578, 19.627073], [-16.449292, 19.627075], [-16.449287, 19.626533], [-16.449001, 19.626535], [-16.449006, 19.627077], [-16.44872, 19.62708], [-16.448727, 19.627893], [-16.448441, 19.627895], [-16.448446, 19.628437], [-16.44816, 19.628439], [-16.448165, 19.628981], [-16.447879, 19.628984], [-16.447884, 19.629526], [-16.44817, 19.629524], [-16.448172, 19.629795], [-16.448458, 19.629792], [-16.448463, 19.630334], [-16.448749, 19.630332]]]}, "properties": {"layer": "core", "exposure_min": 0.6, "area_ha": 9.09}}, {"type": "Feature", "geometry": {"type": "Polygon", "coordinates": [[[-16.365769, 19.627728], [-16.365767, 19.627457], [-16.366053, 19.627455], [-16.366046, 19.626642], [-16.366618, 19.626638], [-16.366613, 19.626096], [-16.366899, 19.626093], [-16.366897, 19.625822], [-16.366325, 19.625827], [-16.366327, 19.626098], [-16.366041, 19.6261], [-16.366044, 19.626371], [-16.365758, 19.626373], [-16.36576, 19.626644], [-16.365188, 19.626648], [-16.365185, 19.626377], [-16.364899, 19.62638], [-16.364902, 19.626651], [-16.36433, 19.626655], [-16.364332, 19.626926], [-16.365476, 19.626917], [-16.365483, 19.62773], [-16.365769, 19.627728]]]}, "properties": {"layer": "core", "exposure_min": 0.6, "area_ha": 1.71}}, {"type": "Feature", "geometry": {"type": "Polygon", "coordinates": [[[-16.450133, 19.625171], [-16.450131, 19.6249], [-16.450989, 19.624893], [-16.450987, 19.624622], [-16.450414, 19.624627], [-16.450412, 19.624356], [-16.450126, 19.624358], [-16.450128, 19.624629], [-16.449842, 19.624631], [-16.449845, 19.624902], [-16.449559, 19.624905], [-16.449561, 19.625176], [-16.450133, 19.625171]]]}, "properties": {"layer": "core", "exposure_min": 0.6, "area_ha": 0.63}}, {"type": "Feature", "geometry": {"type": "Polygon", "coordinates": [[[-16.394922, 19.624794], [-16.394917, 19.624252], [-16.394345, 19.624257], [-16.394343, 19.623986], [-16.393199, 19.623994], [-16.393206, 19.624807], [-16.393778, 19.624803], [-16.393775, 19.624532], [-16.394061, 19.62453], [-16.394064, 19.624801], [-16.39435, 19.624799], [-16.394347, 19.624528], [-16.394634, 19.624525], [-16.394636, 19.624796], [-16.394922, 19.624794]]]}, "properties": {"layer": "core", "exposure_min": 0.6, "area_ha": 1.26}}, {"type": "Feature", "geometry": {"type": "Polygon", "coordinates": [[[-16.367476, 19.626631], [-16.367469, 19.625818], [-16.367755, 19.625816], [-16.367753, 19.625545], [-16.368039, 19.625543], [-16.368037, 19.625272], [-16.368323, 19.625269], [-16.36832, 19.624998], [-16.368893, 19.624994], [-16.36889, 19.624723], [-16.369176, 19.624721], [-16.369174, 19.62445], [-16.36946, 19.624448], [-16.369455, 19.623906], [-16.369169, 19.623908], [-16.369172, 19.624179], [-16.368886, 19.624181], [-16.368888, 19.624452], [-16.368602, 19.624454], [-16.368604, 19.624725], [-16.368032, 19.62473], [-16.368034, 19.625001], [-16.367748, 19.625003], [-16.367751, 19.625274], [-16.367465, 19.625276], [-16.367467, 19.625547], [-16.367181, 19.625549], [-16.36719, 19.626633], [-16.367476, 19.626631]]]}, "properties": {"layer": "core", "exposure_min": 0.6, "area_ha": 1.53}}, {"type": "Feature", "geometry": {"type": "Polygon", "coordinates": [[[-16.451857, 19.62597], [-16.451854, 19.625699], [-16.45214, 19.625697], [-16.452136, 19.625155], [-16.452422, 19.625153], [-16.452404, 19.623255], [-16.452118, 19.623258], [-16.452116, 19.622987], [-16.45183, 19.622989], [-16.451828, 19.622718], [-16.451542, 19.62272], [-16.451546, 19.623262], [-16.451832, 19.62326], [-16.45184, 19.624073], [-16.452126, 19.624071], [-16.452128, 19.624342], [-16.451842, 19.624344], [-16.451849, 19.625157], [-16.451563, 19.625159], [-16.451561, 19.624888], [-16.450989, 19.624893], [-16.450994, 19.625435], [-16.45128, 19.625433], [-16.451282, 19.625704], [-16.451568, 19.625702], [-16.451571, 19.625973], [-16.451857, 19.62597]]]}, "properties": {"layer": "core", "exposure_min": 0.6, "area_ha": 2.34}}, {"type": "Feature", "geometry": {"type": "Polygon", "coordinates": [[[-16.392348, 19.624814], [-16.392343, 19.624272], [-16.392629, 19.62427], [-16.39262, 19.623186], [-16.392334, 19.623188], [-16.392336, 19.623459], [-16.39205, 19.623461], [-16.392055, 19.624003], [-16.391482, 19.624008], [-16.391485, 19.624279], [-16.392057, 19.624274], [-16.392062, 19.624816], [-16.392348, 19.624814]]]}, "properties": {"layer": "core", "exposure_min": 0.6, "area_ha": 0.99}}, {"type": "Feature", "geometry": {"type": "Polygon", "coordinates": [[[-16.394915, 19.623981], [-16.394906, 19.622897], [-16.394047, 19.622904], [-16.394052, 19.623446], [-16.394338, 19.623443], [-16.39434, 19.623715], [-16.394626, 19.623712], [-16.394629, 19.623983], [-16.394915, 19.623981]]]}, "properties": {"layer": "core", "exposure_min": 0.6, "area_ha": 0.81}}, {"type": "Feature", "geometry": {"type": "Polygon", "coordinates": [[[-16.385022, 19.637881], [-16.38502, 19.63761], [-16.385306, 19.637608], [-16.385304, 19.637337], [-16.38559, 19.637335], [-16.385587, 19.637064], [-16.385873, 19.637061], [-16.385871, 19.63679], [-16.386157, 19.636788], [-16.386155, 19.636517], [-16.386441, 19.636515], [-16.386438, 19.636244], [-16.386725, 19.636242], [-16.386722, 19.635971], [-16.387008, 19.635968], [-16.387006, 19.635697], [-16.387292, 19.635695], [-16.38729, 19.635424], [-16.387576, 19.635422], [-16.387573, 19.635151], [-16.387859, 19.635149], [-16.387864, 19.635691], [-16.388436, 19.635686], [-16.388434, 19.635415], [-16.38872, 19.635413], [-16.388718, 19.635142], [-16.38929, 19.635138], [-16.389287, 19.634867], [-16.389001, 19.634869], [-16.388999, 19.634598], [-16.389857, 19.634591], [-16.389862, 19.635133], [-16.390148, 19.635131], [-16.39015, 19.635402], [-16.391294, 19.635393], [-16.391292, 19.635122], [-16.391578, 19.63512], [-16.391576, 19.634849], [-16.391004, 19.634853], [-16.390999, 19.634311], [-16.391285, 19.634309], [-16.39128, 19.633767], [-16.391853, 19.633763], [-16.39185, 19.633492], [-16.392136, 19.633489], [-16.392134, 19.633218], [-16.39242, 19.633216], [-16.392418, 19.632945], [-16.392704, 19.632943], [-16.392701, 19.632672], [-16.392987, 19.63267], [-16.392985, 19.632399], [-16.393271, 19.632396], [-16.393269, 19.632125], [-16.393841, 19.632121], [-16.393839, 19.63185], [-16.393552, 19.631852], [-16.393548, 19.63131], [-16.393834, 19.631308], [-16.393836, 19.631579], [-16.394122, 19.631577], [-16.394115, 19.630764], [-16.394401, 19.630761], [-16.394399, 19.63049], [-16.394685, 19.630488], [-16.394683, 19.630217], [-16.394969, 19.630215], [-16.394964, 19.629673], [-16.39525, 19.629671], [-16.395248, 19.6294], [-16.395534, 19.629397], [-16.395529, 19.628855], [-16.395815, 19.628853], [-16.395808, 19.62804], [-16.395522, 19.628042], [-16.39552, 19.627771], [-16.395806, 19.627769], [-16.395796, 19.626685], [-16.396082, 19.626683], [-16.396071, 19.625327], [-16.396357, 19.625325], [-16.396343, 19.623699], [-16.396629, 19.623697], [-16.396612, 19.6218], [-16.39604, 19.621804], [-16.39605, 19.622888], [-16.395764, 19.62289], [-16.395768, 19.623432], [-16.396054, 19.62343], [-16.396068, 19.625056], [-16.395782, 19.625059], [-16.395785, 19.62533], [-16.395499, 19.625332], [-16.395508, 19.626416], [-16.39465, 19.626423], [-16.394648, 19.626152], [-16.39522, 19.626147], [-16.395217, 19.625876], [-16.394931, 19.625878], [-16.394929, 19.625607], [-16.394643, 19.62561], [-16.394645, 19.625881], [-16.394359, 19.625883], [-16.394357, 19.625612], [-16.394071, 19.625614], [-16.394068, 19.625343], [-16.393782, 19.625345], [-16.39378, 19.625074], [-16.393208, 19.625079], [-16.39321, 19.62535], [-16.392638, 19.625354], [-16.392641, 19.625625], [-16.392355, 19.625627], [-16.392357, 19.625898], [-16.392071, 19.6259], [-16.392062, 19.624816], [-16.391489, 19.624821], [-16.391499, 19.625905], [-16.391785, 19.625903], [-16.39179, 19.626445], [-16.391503, 19.626447], [-16.391506, 19.626718], [-16.391792, 19.626716], [-16.391794, 19.626987], [-16.391508, 19.626989], [-16.391513, 19.627531], [-16.391227, 19.627533], [-16.391231, 19.628075], [-16.390945, 19.628078], [-16.390948, 19.628349], [-16.390662, 19.628351], [-16.390666, 19.628893], [-16.39038, 19.628895], [-16.390383, 19.629166], [-16.390669, 19.629164], [-16.390671, 19.629435], [-16.390385, 19.629437], [-16.390387, 19.629708], [-16.390101, 19.62971], [-16.390106, 19.630252], [-16.38982, 19.630255], [-16.389825, 19.630797], [-16.389538, 19.630799], [-16.389541, 19.63107], [-16.389255, 19.631072], [-16.389257, 19.631343], [-16.388971, 19.631345], [-16.388976, 19.631887], [-16.38869, 19.63189], [-16.388694, 19.632432], [-16.388122, 19.632436], [-16.388125, 19.632707], [-16.387839, 19.632709], [-16.387841, 19.63298], [-16.387555, 19.632983], [-16.387559, 19.633525], [-16.386987, 19.633529], [-16.38699, 19.6338], [-16.386704, 19.633802], [-16.386706, 19.634073], [-16.38642, 19.634076], [-16.386425, 19.634618], [-16.385852, 19.634622], [-16.385857, 19.635164], [-16.385571, 19.635166], [-16.385576, 19.635708], [-16.38529, 19.635711], [-16.385299, 19.636795], [-16.385013, 19.636797], [-16.385015, 19.637068], [-16.384729, 19.63707], [-16.384736, 19.637883], [-16.385022, 19.637881]], [[-16.388999, 19.634598], [-16.388141, 19.634604], [-16.388139, 19.634333], [-16.388997, 19.634327], [-16.388999, 19.634598]], [[-16.389836, 19.632152], [-16.38955, 19.632154], [-16.389548, 19.631883], [-16.389834, 19.631881], [-16.389836, 19.632152]], [[-16.390401, 19.631334], [-16.390115, 19.631337], [-16.390111, 19.630795], [-16.390397, 19.630792], [-16.390401, 19.631334]], [[-16.393545, 19.631039], [-16.392973, 19.631043], [-16.392969, 19.630501], [-16.393255, 19.630499], [-16.393252, 19.630228], [-16.393825, 19.630224], [-16.393827, 19.630495], [-16.393541, 19.630497], [-16.393545, 19.631039]], [[-16.390683, 19.63079], [-16.390397, 19.630792], [-16.390394, 19.630521], [-16.39068, 19.630519], [-16.390683, 19.63079]], [[-16.392673, 19.629419], [-16.392101, 19.629424], [-16.392097, 19.628882], [-16.392383, 19.62888], [-16.392385, 19.629151], [-16.392671, 19.629148], [-16.392673, 19.629419]], [[-16.393529, 19.629142], [-16.393243, 19.629144], [-16.393238, 19.628602], [-16.393524, 19.6286], [-16.393529, 19.629142]], [[-16.392087, 19.627798], [-16.391801, 19.6278], [-16.391799, 19.627529], [-16.392085, 19.627527], [-16.392087, 19.627798]], [[-16.394659, 19.627507], [-16.394373, 19.627509], [-16.394371, 19.627238], [-16.394657, 19.627236], [-16.394659, 19.627507]], [[-16.392083, 19.627256], [-16.391797, 19.627258], [-16.391794, 19.626987], [-16.39208, 19.626985], [-16.392083, 19.627256]]]}, "properties": {"layer": "core", "exposure_min": 0.6, "area_ha": 56.97}}, {"type": "Feature", "geometry": {"type": "Polygon", "coordinates": [[[-16.391761, 19.623192], [-16.391759, 19.622921], [-16.392045, 19.622919], [-16.392043, 19.622648], [-16.392329, 19.622646], [-16.392327, 19.622375], [-16.392613, 19.622373], [-16.39261, 19.622102], [-16.392324, 19.622104], [-16.392322, 19.621833], [-16.392036, 19.621835], [-16.392041, 19.622377], [-16.391754, 19.622379], [-16.391757, 19.62265], [-16.391471, 19.622653], [-16.391475, 19.623195], [-16.391761, 19.623192]]]}, "properties": {"layer": "core", "exposure_min": 0.6, "area_ha": 0.72}}, {"type": "Feature", "geometry": {"type": "Polygon", "coordinates": [[[-16.414396, 19.627353], [-16.414391, 19.626811], [-16.414677, 19.626808], [-16.414675, 19.626537], [-16.415247, 19.626533], [-16.415242, 19.625991], [-16.415528, 19.625989], [-16.415523, 19.625447], [-16.41581, 19.625444], [-16.415805, 19.624902], [-16.415519, 19.624904], [-16.415514, 19.624362], [-16.4158, 19.62436], [-16.415802, 19.624631], [-16.416088, 19.624629], [-16.416096, 19.625442], [-16.416382, 19.62544], [-16.416379, 19.625169], [-16.416665, 19.625166], [-16.41666, 19.624624], [-16.416374, 19.624627], [-16.416367, 19.623814], [-16.416081, 19.623816], [-16.416077, 19.623274], [-16.415791, 19.623276], [-16.415781, 19.622192], [-16.416353, 19.622187], [-16.416348, 19.621645], [-16.416062, 19.621648], [-16.416058, 19.621106], [-16.415772, 19.621108], [-16.415774, 19.621379], [-16.415488, 19.621381], [-16.4155, 19.622736], [-16.415214, 19.622738], [-16.415211, 19.622467], [-16.414639, 19.622472], [-16.414644, 19.623014], [-16.414358, 19.623016], [-16.414365, 19.623829], [-16.414651, 19.623827], [-16.414654, 19.624098], [-16.414367, 19.6241], [-16.414372, 19.624642], [-16.414086, 19.624645], [-16.41411, 19.627355], [-16.414396, 19.627353]]]}, "properties": {"layer": "core", "exposure_min": 0.6, "area_ha": 8.73}}, {"type": "Feature", "geometry": {"type": "Polygon", "coordinates": [[[-16.394896, 19.621813], [-16.394894, 19.621542], [-16.39518, 19.62154], [-16.395178, 19.621269], [-16.394891, 19.621271], [-16.394889, 19.621], [-16.394317, 19.621004], [-16.394322, 19.621546], [-16.394608, 19.621544], [-16.39461, 19.621815], [-16.394896, 19.621813]]]}, "properties": {"layer": "core", "exposure_min": 0.6, "area_ha": 0.54}}, {"type": "Feature", "geometry": {"type": "Polygon", "coordinates": [[[-16.417516, 19.624347], [-16.417509, 19.623534], [-16.417795, 19.623531], [-16.41779, 19.622989], [-16.418076, 19.622987], [-16.418057, 19.620819], [-16.417771, 19.620821], [-16.417767, 19.620279], [-16.417481, 19.620281], [-16.417478, 19.62001], [-16.417192, 19.620012], [-16.417195, 19.620283], [-16.416908, 19.620286], [-16.416911, 19.620557], [-16.417197, 19.620554], [-16.417199, 19.620826], [-16.416913, 19.620828], [-16.416918, 19.62137], [-16.416632, 19.621372], [-16.416641, 19.622456], [-16.416927, 19.622454], [-16.41693, 19.622725], [-16.416644, 19.622727], [-16.416646, 19.622998], [-16.416932, 19.622996], [-16.416937, 19.623538], [-16.416651, 19.62354], [-16.416658, 19.624353], [-16.416944, 19.624351], [-16.416942, 19.62408], [-16.417228, 19.624078], [-16.41723, 19.624349], [-16.417516, 19.624347]], [[-16.417488, 19.621094], [-16.417202, 19.621097], [-16.417199, 19.620826], [-16.417485, 19.620823], [-16.417488, 19.621094]]]}, "properties": {"layer": "core", "exposure_min": 0.6, "area_ha": 5.04}}, {"type": "Feature", "geometry": {"type": "Polygon", "coordinates": [[[-16.393752, 19.621822], [-16.393747, 19.62128], [-16.394033, 19.621277], [-16.394031, 19.621006], [-16.393745, 19.621009], [-16.39374, 19.620467], [-16.393454, 19.620469], [-16.393452, 19.620198], [-16.393166, 19.6202], [-16.393171, 19.620742], [-16.392885, 19.620744], [-16.392887, 19.621015], [-16.392601, 19.621017], [-16.392606, 19.62156], [-16.392892, 19.621557], [-16.392894, 19.621828], [-16.393752, 19.621822]]]}, "properties": {"layer": "core", "exposure_min": 0.6, "area_ha": 1.62}}, {"type": "Feature", "geometry": {"type": "Polygon", "coordinates": [[[-16.448662, 19.620575], [-16.448659, 19.620304], [-16.448087, 19.620309], [-16.448085, 19.620038], [-16.447513, 19.620042], [-16.44751, 19.619771], [-16.446938, 19.619776], [-16.446936, 19.619505], [-16.446364, 19.619509], [-16.446366, 19.61978], [-16.445794, 19.619785], [-16.445797, 19.620056], [-16.446941, 19.620047], [-16.446943, 19.620318], [-16.447801, 19.620311], [-16.447804, 19.620582], [-16.448662, 19.620575]]]}, "properties": {"layer": "core", "exposure_min": 0.6, "area_ha": 1.35}}, {"type": "Feature", "geometry": {"type": "Polygon", "coordinates": [[[-16.441785, 19.619275], [-16.441783, 19.619004], [-16.441497, 19.619006], [-16.441494, 19.618735], [-16.441208, 19.618738], [-16.441206, 19.618467], [-16.440634, 19.618471], [-16.440632, 19.6182], [-16.440059, 19.618205], [-16.440062, 19.618476], [-16.440348, 19.618473], [-16.44035, 19.618744], [-16.440636, 19.618742], [-16.440639, 19.619013], [-16.441211, 19.619009], [-16.441213, 19.61928], [-16.441785, 19.619275]]]}, "properties": {"layer": "core", "exposure_min": 0.6, "area_ha": 0.9}}, {"type": "Feature", "geometry": {"type": "Polygon", "coordinates": [[[-16.372597, 19.62334], [-16.372586, 19.621984], [-16.372872, 19.621982], [-16.372874, 19.622253], [-16.37316, 19.622251], [-16.373158, 19.62198], [-16.374016, 19.621973], [-16.374014, 19.621702], [-16.373728, 19.621705], [-16.373725, 19.621434], [-16.374011, 19.621431], [-16.374009, 19.62116], [-16.374295, 19.621158], [-16.374297, 19.621429], [-16.374583, 19.621427], [-16.374581, 19.621156], [-16.374867, 19.621154], [-16.374869, 19.621425], [-16.375155, 19.621423], [-16.375153, 19.621152], [-16.375439, 19.621149], [-16.375434, 19.620607], [-16.376579, 19.620599], [-16.376576, 19.620328], [-16.376862, 19.620325], [-16.37686, 19.620054], [-16.377146, 19.620052], [-16.377139, 19.619239], [-16.377711, 19.619235], [-16.377707, 19.618693], [-16.377421, 19.618695], [-16.377423, 19.618966], [-16.376851, 19.61897], [-16.376848, 19.618699], [-16.376562, 19.618701], [-16.376569, 19.619514], [-16.376283, 19.619517], [-16.376281, 19.619246], [-16.375995, 19.619248], [-16.375997, 19.619519], [-16.375711, 19.619521], [-16.375714, 19.619792], [-16.375428, 19.619794], [-16.37543, 19.620065], [-16.374858, 19.62007], [-16.37486, 19.620341], [-16.374574, 19.620343], [-16.374576, 19.620614], [-16.374004, 19.620618], [-16.374007, 19.620889], [-16.373721, 19.620891], [-16.373723, 19.621163], [-16.373437, 19.621165], [-16.373439, 19.621436], [-16.372867, 19.62144], [-16.372869, 19.621711], [-16.372297, 19.621715], [-16.372304, 19.622529], [-16.372018, 19.622531], [-16.372016, 19.62226], [-16.371444, 19.622264], [-16.371446, 19.622535], [-16.37116, 19.622537], [-16.371162, 19.622808], [-16.370876, 19.622811], [-16.370881, 19.623353], [-16.371167, 19.62335], [-16.371165, 19.623079], [-16.371451, 19.623077], [-16.371448, 19.622806], [-16.372021, 19.622802], [-16.372025, 19.623344], [-16.372597, 19.62334]]]}, "properties": {"layer": "core", "exposure_min": 0.6, "area_ha": 6.75}}, {"type": "Feature", "geometry": {"type": "Polygon", "coordinates": [[[-16.370263, 19.617936], [-16.370258, 19.617394], [-16.369972, 19.617396], [-16.36997, 19.617125], [-16.369684, 19.617128], [-16.369682, 19.616856], [-16.369396, 19.616859], [-16.3694, 19.617401], [-16.369686, 19.617399], [-16.369689, 19.61767], [-16.369975, 19.617667], [-16.369977, 19.617938], [-16.370263, 19.617936]]]}, "properties": {"layer": "core", "exposure_min": 0.6, "area_ha": 0.54}}, {"type": "Feature", "geometry": {"type": "Polygon", "coordinates": [[[-16.439182, 19.616043], [-16.439168, 19.614417], [-16.43831, 19.614424], [-16.438319, 19.615508], [-16.438605, 19.615506], [-16.438608, 19.615777], [-16.438894, 19.615775], [-16.438896, 19.616046], [-16.439182, 19.616043]]]}, "properties": {"layer": "core", "exposure_min": 0.6, "area_ha": 1.35}}, {"type": "Feature", "geometry": {"type": "Polygon", "coordinates": [[[-16.397705, 19.615828], [-16.3977, 19.615286], [-16.397986, 19.615284], [-16.397982, 19.614742], [-16.397696, 19.614744], [-16.397698, 19.615015], [-16.397412, 19.615017], [-16.397414, 19.615288], [-16.397128, 19.61529], [-16.397133, 19.615832], [-16.397705, 19.615828]]]}, "properties": {"layer": "core", "exposure_min": 0.6, "area_ha": 0.63}}, {"type": "Feature", "geometry": {"type": "Polygon", "coordinates": [[[-16.379969, 19.615694], [-16.379967, 19.615423], [-16.380253, 19.61542], [-16.380251, 19.615149], [-16.380537, 19.615147], [-16.380534, 19.614876], [-16.37939, 19.614885], [-16.379395, 19.615427], [-16.379109, 19.615429], [-16.379111, 19.6157], [-16.379969, 19.615694]]]}, "properties": {"layer": "core", "exposure_min": 0.6, "area_ha": 0.9}}, {"type": "Feature", "geometry": {"type": "Polygon", "coordinates": [[[-16.390545, 19.614799], [-16.390543, 19.614528], [-16.391687, 19.614519], [-16.391682, 19.613977], [-16.390538, 19.613986], [-16.39054, 19.614257], [-16.390254, 19.614259], [-16.390259, 19.614801], [-16.390545, 19.614799]]]}, "properties": {"layer": "core", "exposure_min": 0.6, "area_ha": 0.9}}, {"type": "Feature", "geometry": {"type": "Polygon", "coordinates": [[[-16.418908, 19.619999], [-16.418904, 19.619457], [-16.418618, 19.619459], [-16.418613, 19.618917], [-16.418899, 19.618915], [-16.418901, 19.619186], [-16.419187, 19.619184], [-16.419192, 19.619726], [-16.419764, 19.619721], [-16.419762, 19.61945], [-16.420048, 19.619448], [-16.420045, 19.619177], [-16.419473, 19.619181], [-16.419471, 19.61891], [-16.419185, 19.618913], [-16.419182, 19.618642], [-16.418896, 19.618644], [-16.418894, 19.618373], [-16.41918, 19.61837], [-16.419178, 19.618099], [-16.41975, 19.618095], [-16.419752, 19.618366], [-16.420038, 19.618364], [-16.420036, 19.618093], [-16.420322, 19.61809], [-16.420312, 19.617006], [-16.420026, 19.617009], [-16.420024, 19.616738], [-16.420596, 19.616733], [-16.420593, 19.616462], [-16.420879, 19.61646], [-16.420875, 19.615918], [-16.421161, 19.615915], [-16.421163, 19.616186], [-16.421449, 19.616184], [-16.421444, 19.615642], [-16.421158, 19.615644], [-16.421156, 19.615373], [-16.421442, 19.615371], [-16.421437, 19.614829], [-16.421723, 19.614827], [-16.421721, 19.614556], [-16.422007, 19.614554], [-16.422002, 19.614011], [-16.42143, 19.614016], [-16.421425, 19.613474], [-16.421139, 19.613476], [-16.421144, 19.614018], [-16.420858, 19.614021], [-16.420863, 19.614563], [-16.420577, 19.614565], [-16.420579, 19.614836], [-16.420293, 19.614838], [-16.420296, 19.615109], [-16.42001, 19.615111], [-16.420014, 19.615653], [-16.419442, 19.615658], [-16.419445, 19.615929], [-16.418873, 19.615933], [-16.418875, 19.616205], [-16.418589, 19.616207], [-16.418596, 19.61702], [-16.418024, 19.617024], [-16.418038, 19.618651], [-16.417466, 19.618655], [-16.417471, 19.619197], [-16.417757, 19.619195], [-16.417762, 19.619737], [-16.418334, 19.619732], [-16.418336, 19.620003], [-16.418908, 19.619999]]]}, "properties": {"layer": "core", "exposure_min": 0.6, "area_ha": 11.52}}, {"type": "Feature", "geometry": {"type": "Polygon", "coordinates": [[[-16.422865, 19.614547], [-16.422863, 19.614276], [-16.423149, 19.614273], [-16.423146, 19.614002], [-16.423432, 19.614], [-16.42343, 19.613729], [-16.423144, 19.613731], [-16.423141, 19.61346], [-16.422855, 19.613463], [-16.422851, 19.612921], [-16.421993, 19.612927], [-16.421995, 19.613198], [-16.422281, 19.613196], [-16.422286, 19.613738], [-16.422572, 19.613736], [-16.422579, 19.614549], [-16.422865, 19.614547]]]}, "properties": {"layer": "core", "exposure_min": 0.6, "area_ha": 1.26}}, {"type": "Feature", "geometry": {"type": "Polygon", "coordinates": [[[-16.437745, 19.615242], [-16.437742, 19.614971], [-16.437456, 19.614973], [-16.437454, 19.614702], [-16.437168, 19.614704], [-16.437158, 19.61362], [-16.437444, 19.613618], [-16.437447, 19.613889], [-16.438019, 19.613884], [-16.438024, 19.614426], [-16.43831, 19.614424], [-16.438298, 19.613069], [-16.438012, 19.613071], [-16.438009, 19.6128], [-16.437437, 19.612805], [-16.437435, 19.612534], [-16.437149, 19.612536], [-16.437144, 19.611994], [-16.436572, 19.611999], [-16.436577, 19.612541], [-16.436291, 19.612543], [-16.436295, 19.613085], [-16.436009, 19.613087], [-16.436019, 19.614171], [-16.436305, 19.614169], [-16.43631, 19.614711], [-16.436596, 19.614709], [-16.436598, 19.61498], [-16.436884, 19.614978], [-16.436887, 19.615249], [-16.437745, 19.615242]]]}, "properties": {"layer": "core", "exposure_min": 0.6, "area_ha": 4.95}}, {"type": "Feature", "geometry": {"type": "Polygon", "coordinates": [[[-16.383176, 19.622716], [-16.383174, 19.622445], [-16.38346, 19.622443], [-16.383457, 19.622172], [-16.383743, 19.62217], [-16.383739, 19.621628], [-16.384311, 19.621624], [-16.384308, 19.621352], [-16.38488, 19.621348], [-16.384873, 19.620535], [-16.385446, 19.620531], [-16.385443, 19.62026], [-16.385729, 19.620257], [-16.385727, 19.619986], [-16.386299, 19.619982], [-16.386297, 19.619711], [-16.386869, 19.619706], [-16.386866, 19.619435], [-16.387152, 19.619433], [-16.38715, 19.619162], [-16.387722, 19.619158], [-16.38772, 19.618887], [-16.388292, 19.618882], [-16.38829, 19.618611], [-16.388576, 19.618609], [-16.388578, 19.61888], [-16.38915, 19.618876], [-16.389145, 19.618334], [-16.389431, 19.618331], [-16.389434, 19.618602], [-16.38972, 19.6186], [-16.389715, 19.618058], [-16.390001, 19.618056], [-16.389999, 19.617785], [-16.390571, 19.617781], [-16.390568, 19.61751], [-16.390854, 19.617507], [-16.390852, 19.617236], [-16.391424, 19.617232], [-16.391422, 19.616961], [-16.391994, 19.616956], [-16.391992, 19.616685], [-16.392278, 19.616683], [-16.392275, 19.616412], [-16.391703, 19.616417], [-16.391705, 19.616688], [-16.391133, 19.616692], [-16.391136, 19.616963], [-16.390564, 19.616967], [-16.390566, 19.617239], [-16.39028, 19.617241], [-16.390282, 19.617512], [-16.389138, 19.617521], [-16.389141, 19.617792], [-16.388283, 19.617798], [-16.388285, 19.618069], [-16.387999, 19.618071], [-16.388001, 19.618342], [-16.387429, 19.618347], [-16.387431, 19.618618], [-16.386859, 19.618622], [-16.386862, 19.618893], [-16.38629, 19.618898], [-16.386292, 19.619169], [-16.38572, 19.619173], [-16.385722, 19.619444], [-16.384578, 19.619453], [-16.384574, 19.618911], [-16.38486, 19.618909], [-16.384855, 19.618367], [-16.385141, 19.618365], [-16.385139, 19.618093], [-16.385425, 19.618091], [-16.385422, 19.61782], [-16.385708, 19.617818], [-16.385706, 19.617547], [-16.385992, 19.617545], [-16.385987, 19.617003], [-16.385415, 19.617007], [-16.385413, 19.616736], [-16.385699, 19.616734], [-16.385697, 19.616463], [-16.385983, 19.616461], [-16.38598, 19.61619], [-16.386266, 19.616187], [-16.386264, 19.615916], [-16.387408, 19.615908], [-16.387404, 19.615366], [-16.38769, 19.615363], [-16.387687, 19.615092], [-16.387973, 19.61509], [-16.387976, 19.615361], [-16.38912, 19.615352], [-16.389117, 19.615081], [-16.389689, 19.615077], [-16.389687, 19.614806], [-16.389401, 19.614808], [-16.389399, 19.614537], [-16.389113, 19.614539], [-16.389106, 19.613726], [-16.389392, 19.613724], [-16.389389, 19.613453], [-16.388245, 19.613462], [-16.388243, 19.613191], [-16.387671, 19.613195], [-16.387669, 19.612924], [-16.386811, 19.612931], [-16.386808, 19.61266], [-16.386522, 19.612662], [-16.386525, 19.612933], [-16.386239, 19.612935], [-16.386236, 19.612664], [-16.38595, 19.612666], [-16.385948, 19.612395], [-16.385662, 19.612397], [-16.38566, 19.612126], [-16.385374, 19.612129], [-16.385376, 19.6124], [-16.38509, 19.612402], [-16.385092, 19.612673], [-16.384806, 19.612675], [-16.384808, 19.612946], [-16.384522, 19.612948], [-16.384529, 19.613761], [-16.383671, 19.613768], [-16.383669, 19.613497], [-16.383097, 19.613501], [-16.383099, 19.613772], [-16.382527, 19.613777], [-16.38253, 19.614048], [-16.381958, 19.614052], [-16.38196, 19.614323], [-16.381388, 19.614328], [-16.38139, 19.614599], [-16.382248, 19.614592], [-16.382251, 19.614863], [-16.383109, 19.614856], [-16.383106, 19.614585], [-16.384822, 19.614572], [-16.38482, 19.614301], [-16.385678, 19.614295], [-16.38569, 19.61565], [-16.385404, 19.615652], [-16.385406, 19.615923], [-16.384834, 19.615927], [-16.384836, 19.616198], [-16.38455, 19.616201], [-16.38456, 19.617285], [-16.384274, 19.617287], [-16.384276, 19.617558], [-16.38399, 19.61756], [-16.383992, 19.617831], [-16.383706, 19.617833], [-16.383708, 19.618104], [-16.383422, 19.618107], [-16.383425, 19.618378], [-16.382853, 19.618382], [-16.382855, 19.618653], [-16.382283, 19.618658], [-16.382285, 19.618929], [-16.381999, 19.618931], [-16.382004, 19.619473], [-16.38229, 19.619471], [-16.382297, 19.620284], [-16.382583, 19.620282], [-16.382585, 19.620553], [-16.382871, 19.62055], [-16.382876, 19.621092], [-16.383162, 19.62109], [-16.383169, 19.621903], [-16.382883, 19.621906], [-16.382885, 19.622177], [-16.382599, 19.622179], [-16.382604, 19.622721], [-16.383176, 19.622716]], [[-16.387404, 19.615366], [-16.387118, 19.615368], [-16.387115, 19.615097], [-16.387401, 19.615095], [-16.387404, 19.615366]]]}, "properties": {"layer": "core", "exposure_min": 0.6, "area_ha": 35.55}}, {"type": "Feature", "geometry": {"type": "Polygon", "coordinates": [[[-16.389668, 19.612638], [-16.389661, 19.611824], [-16.389089, 19.611829], [-16.389096, 19.612642], [-16.389668, 19.612638]]]}, "properties": {"layer": "core", "exposure_min": 0.6, "area_ha": 0.54}}, {"type": "Feature", "geometry": {"type": "Polygon", "coordinates": [[[-16.425132, 19.612089], [-16.425129, 19.611818], [-16.425701, 19.611814], [-16.425699, 19.611543], [-16.425413, 19.611545], [-16.42541, 19.611274], [-16.425696, 19.611272], [-16.425694, 19.611001], [-16.425408, 19.611003], [-16.425406, 19.610732], [-16.42512, 19.610734], [-16.425122, 19.611005], [-16.424836, 19.611008], [-16.424838, 19.611279], [-16.424552, 19.611281], [-16.424557, 19.611823], [-16.424843, 19.611821], [-16.424846, 19.612092], [-16.425132, 19.612089]]]}, "properties": {"layer": "core", "exposure_min": 0.6, "area_ha": 1.08}}, {"type": "Feature", "geometry": {"type": "Polygon", "coordinates": [[[-16.399105, 19.612293], [-16.399095, 19.611209], [-16.399381, 19.611207], [-16.399376, 19.610665], [-16.399662, 19.610663], [-16.399658, 19.610121], [-16.399944, 19.610119], [-16.399941, 19.609848], [-16.399369, 19.609852], [-16.399374, 19.610394], [-16.399088, 19.610396], [-16.399093, 19.610938], [-16.398807, 19.610941], [-16.398819, 19.612296], [-16.399105, 19.612293]]]}, "properties": {"layer": "core", "exposure_min": 0.6, "area_ha": 1.08}}, {"type": "Feature", "geometry": {"type": "Polygon", "coordinates": [[[-16.42598, 19.610998], [-16.425975, 19.610456], [-16.426261, 19.610454], [-16.426254, 19.609641], [-16.42654, 19.609639], [-16.426538, 19.609368], [-16.426824, 19.609366], [-16.426819, 19.608823], [-16.427105, 19.608821], [-16.427103, 19.60855], [-16.426817, 19.608552], [-16.426814, 19.608281], [-16.426528, 19.608284], [-16.426533, 19.608826], [-16.426247, 19.608828], [-16.426252, 19.60937], [-16.425966, 19.609372], [-16.425968, 19.609643], [-16.425682, 19.609646], [-16.425687, 19.610188], [-16.425401, 19.61019], [-16.425406, 19.610732], [-16.425692, 19.61073], [-16.425694, 19.611001], [-16.42598, 19.610998]]]}, "properties": {"layer": "core", "exposure_min": 0.6, "area_ha": 1.71}}, {"type": "Feature", "geometry": {"type": "Polygon", "coordinates": [[[-16.421985, 19.612114], [-16.421983, 19.611843], [-16.422269, 19.611841], [-16.422262, 19.611028], [-16.422548, 19.611026], [-16.422546, 19.610755], [-16.422832, 19.610752], [-16.422829, 19.610481], [-16.423115, 19.610479], [-16.42311, 19.609937], [-16.423396, 19.609935], [-16.423394, 19.609664], [-16.42368, 19.609661], [-16.423678, 19.60939], [-16.423964, 19.609388], [-16.423959, 19.608846], [-16.424245, 19.608844], [-16.424242, 19.608573], [-16.424528, 19.608571], [-16.424526, 19.6083], [-16.423382, 19.608309], [-16.423384, 19.60858], [-16.423098, 19.608582], [-16.423101, 19.608853], [-16.422815, 19.608855], [-16.422817, 19.609126], [-16.422531, 19.609128], [-16.422534, 19.609399], [-16.422248, 19.609402], [-16.42225, 19.609673], [-16.421964, 19.609675], [-16.421969, 19.610217], [-16.421683, 19.610219], [-16.421692, 19.611303], [-16.421406, 19.611306], [-16.421409, 19.611577], [-16.421695, 19.611574], [-16.421697, 19.611846], [-16.421411, 19.611848], [-16.421413, 19.612119], [-16.421985, 19.612114]]]}, "properties": {"layer": "core", "exposure_min": 0.6, "area_ha": 4.68}}, {"type": "Feature", "geometry": {"type": "Polygon", "coordinates": [[[-16.399733, 19.618794], [-16.399731, 19.618523], [-16.400589, 19.618516], [-16.400586, 19.618245], [-16.401444, 19.618238], [-16.401442, 19.617967], [-16.402014, 19.617963], [-16.402012, 19.617692], [-16.402298, 19.61769], [-16.402295, 19.617419], [-16.402581, 19.617416], [-16.402579, 19.617145], [-16.402865, 19.617143], [-16.402863, 19.616872], [-16.403435, 19.616868], [-16.40343, 19.616326], [-16.403716, 19.616323], [-16.403714, 19.616052], [-16.404286, 19.616048], [-16.404283, 19.615777], [-16.404855, 19.615772], [-16.404853, 19.615501], [-16.405425, 19.615497], [-16.405418, 19.614684], [-16.405704, 19.614682], [-16.405702, 19.61441], [-16.406274, 19.614406], [-16.406269, 19.613864], [-16.406555, 19.613862], [-16.406553, 19.613591], [-16.406839, 19.613588], [-16.406836, 19.613317], [-16.407122, 19.613315], [-16.407118, 19.612773], [-16.407404, 19.612771], [-16.407399, 19.612229], [-16.407685, 19.612227], [-16.40768, 19.611685], [-16.407966, 19.611682], [-16.407964, 19.611411], [-16.40825, 19.611409], [-16.408245, 19.610867], [-16.408531, 19.610865], [-16.408526, 19.610323], [-16.40824, 19.610325], [-16.408236, 19.609783], [-16.408522, 19.609781], [-16.408519, 19.60951], [-16.408805, 19.609507], [-16.408796, 19.608423], [-16.409082, 19.608421], [-16.40908, 19.60815], [-16.408794, 19.608152], [-16.408791, 19.607881], [-16.408219, 19.607886], [-16.408217, 19.607615], [-16.407645, 19.607619], [-16.40765, 19.608161], [-16.407364, 19.608163], [-16.407368, 19.608705], [-16.407082, 19.608708], [-16.407087, 19.60925], [-16.406801, 19.609252], [-16.406803, 19.609523], [-16.406517, 19.609525], [-16.406524, 19.610338], [-16.406238, 19.610341], [-16.406241, 19.610612], [-16.405955, 19.610614], [-16.405957, 19.610885], [-16.405671, 19.610887], [-16.405673, 19.611158], [-16.405387, 19.61116], [-16.40539, 19.611431], [-16.405104, 19.611434], [-16.405106, 19.611705], [-16.40482, 19.611707], [-16.404822, 19.611978], [-16.40425, 19.611982], [-16.404253, 19.612253], [-16.403967, 19.612256], [-16.403962, 19.611714], [-16.403676, 19.611716], [-16.403678, 19.611987], [-16.402534, 19.611996], [-16.402532, 19.611725], [-16.40196, 19.611729], [-16.401962, 19.612], [-16.40139, 19.612005], [-16.401393, 19.612276], [-16.401107, 19.612278], [-16.401109, 19.612549], [-16.400823, 19.612551], [-16.400825, 19.612822], [-16.400539, 19.612824], [-16.400542, 19.613095], [-16.400256, 19.613098], [-16.400258, 19.613369], [-16.399972, 19.613371], [-16.399977, 19.613913], [-16.399691, 19.613915], [-16.3997, 19.614999], [-16.399414, 19.615002], [-16.399419, 19.615544], [-16.399133, 19.615546], [-16.399137, 19.616088], [-16.398851, 19.61609], [-16.398856, 19.616632], [-16.39857, 19.616634], [-16.398575, 19.617176], [-16.398289, 19.617179], [-16.398296, 19.617992], [-16.398582, 19.61799], [-16.398584, 19.618261], [-16.39887, 19.618258], [-16.398872, 19.618529], [-16.399158, 19.618527], [-16.399161, 19.618798], [-16.399733, 19.618794]], [[-16.405692, 19.613326], [-16.405406, 19.613329], [-16.405404, 19.613058], [-16.40569, 19.613055], [-16.405692, 19.613326]], [[-16.408229, 19.60897], [-16.407943, 19.608972], [-16.407938, 19.60843], [-16.408224, 19.608428], [-16.408229, 19.60897]]]}, "properties": {"layer": "core", "exposure_min": 0.6, "area_ha": 50.67}}, {"type": "Feature", "geometry": {"type": "Polygon", "coordinates": [[[-16.422522, 19.608044], [-16.422519, 19.607773], [-16.423091, 19.607769], [-16.423089, 19.607498], [-16.422803, 19.6075], [-16.422801, 19.607229], [-16.422515, 19.607231], [-16.422517, 19.607502], [-16.421659, 19.607509], [-16.421661, 19.60778], [-16.422233, 19.607776], [-16.422236, 19.608047], [-16.422522, 19.608044]]]}, "properties": {"layer": "core", "exposure_min": 0.6, "area_ha": 0.63}}, {"type": "Feature", "geometry": {"type": "Polygon", "coordinates": [[[-16.387952, 19.612651], [-16.38795, 19.61238], [-16.388236, 19.612378], [-16.388224, 19.611022], [-16.387938, 19.611025], [-16.387936, 19.610754], [-16.388222, 19.610751], [-16.388215, 19.609938], [-16.388501, 19.609936], [-16.388496, 19.609394], [-16.388782, 19.609392], [-16.38878, 19.609121], [-16.389066, 19.609119], [-16.389061, 19.608577], [-16.389347, 19.608574], [-16.389343, 19.608032], [-16.388771, 19.608037], [-16.388766, 19.607495], [-16.389052, 19.607492], [-16.38905, 19.607221], [-16.389622, 19.607217], [-16.38962, 19.606946], [-16.389906, 19.606944], [-16.389901, 19.606402], [-16.389615, 19.606404], [-16.389613, 19.606133], [-16.389327, 19.606135], [-16.389329, 19.606406], [-16.388757, 19.60641], [-16.388759, 19.606681], [-16.388473, 19.606684], [-16.388475, 19.606955], [-16.388189, 19.606957], [-16.388192, 19.607228], [-16.387906, 19.60723], [-16.38791, 19.607772], [-16.387624, 19.607774], [-16.387631, 19.608588], [-16.387345, 19.60859], [-16.38735, 19.609132], [-16.387064, 19.609134], [-16.387071, 19.609947], [-16.386785, 19.609949], [-16.38679, 19.610491], [-16.387076, 19.610489], [-16.387078, 19.61076], [-16.386792, 19.610762], [-16.386794, 19.611033], [-16.386508, 19.611036], [-16.386513, 19.611578], [-16.387085, 19.611573], [-16.387087, 19.611844], [-16.387373, 19.611842], [-16.387378, 19.612384], [-16.386806, 19.612389], [-16.386808, 19.61266], [-16.387952, 19.612651]]]}, "properties": {"layer": "core", "exposure_min": 0.6, "area_ha": 9.9}}, {"type": "Feature", "geometry": {"type": "Polygon", "coordinates": [[[-16.390789, 19.609918], [-16.390787, 19.609647], [-16.390501, 19.60965], [-16.390498, 19.609379], [-16.391643, 19.60937], [-16.39164, 19.609099], [-16.392212, 19.609094], [-16.39221, 19.608823], [-16.392496, 19.608821], [-16.392494, 19.60855], [-16.39278, 19.608548], [-16.392766, 19.606922], [-16.393052, 19.606919], [-16.393047, 19.606377], [-16.392475, 19.606382], [-16.392477, 19.606653], [-16.392191, 19.606655], [-16.392187, 19.606113], [-16.391901, 19.606115], [-16.391898, 19.605844], [-16.391612, 19.605846], [-16.39161, 19.605575], [-16.391324, 19.605577], [-16.391329, 19.60612], [-16.391043, 19.606122], [-16.391045, 19.606393], [-16.390759, 19.606395], [-16.390761, 19.606666], [-16.390475, 19.606668], [-16.390478, 19.606939], [-16.390192, 19.606941], [-16.390198, 19.607755], [-16.389912, 19.607757], [-16.389917, 19.608299], [-16.389631, 19.608301], [-16.389633, 19.608572], [-16.389919, 19.60857], [-16.389931, 19.609925], [-16.390789, 19.609918]], [[-16.392208, 19.608552], [-16.391922, 19.608554], [-16.391919, 19.608283], [-16.392205, 19.608281], [-16.392208, 19.608552]]]}, "properties": {"layer": "core", "exposure_min": 0.6, "area_ha": 9.72}}, {"type": "Feature", "geometry": {"type": "Polygon", "coordinates": [[[-16.428235, 19.607186], [-16.42823, 19.606644], [-16.428516, 19.606642], [-16.428509, 19.605829], [-16.428795, 19.605826], [-16.428792, 19.605555], [-16.429078, 19.605553], [-16.429076, 19.605282], [-16.42879, 19.605284], [-16.428787, 19.605013], [-16.429073, 19.605011], [-16.429071, 19.60474], [-16.428785, 19.604742], [-16.428783, 19.604471], [-16.429069, 19.604469], [-16.429061, 19.603656], [-16.429347, 19.603654], [-16.429345, 19.603383], [-16.429631, 19.60338], [-16.429629, 19.603109], [-16.429343, 19.603111], [-16.42934, 19.60284], [-16.429054, 19.602843], [-16.429059, 19.603385], [-16.428773, 19.603387], [-16.428778, 19.603929], [-16.428492, 19.603931], [-16.428501, 19.605015], [-16.428215, 19.605018], [-16.428223, 19.605831], [-16.427937, 19.605833], [-16.427941, 19.606375], [-16.427655, 19.606377], [-16.427658, 19.606648], [-16.427372, 19.606651], [-16.427374, 19.606922], [-16.427946, 19.606917], [-16.427949, 19.607188], [-16.428235, 19.607186]]]}, "properties": {"layer": "core", "exposure_min": 0.6, "area_ha": 2.79}}, {"type": "Feature", "geometry": {"type": "Polygon", "coordinates": [[[-16.430198, 19.602834], [-16.430196, 19.602563], [-16.430768, 19.602558], [-16.430765, 19.602287], [-16.431051, 19.602285], [-16.431049, 19.602014], [-16.430191, 19.602021], [-16.430186, 19.601479], [-16.4299, 19.601481], [-16.429905, 19.602023], [-16.429619, 19.602025], [-16.429624, 19.602567], [-16.42991, 19.602565], [-16.429912, 19.602836], [-16.430198, 19.602834]]]}, "properties": {"layer": "core", "exposure_min": 0.6, "area_ha": 1.08}}, {"type": "Feature", "geometry": {"type": "Polygon", "coordinates": [[[-16.436572, 19.611999], [-16.436569, 19.611727], [-16.436855, 19.611725], [-16.436851, 19.611183], [-16.437137, 19.611181], [-16.437134, 19.61091], [-16.43742, 19.610908], [-16.437418, 19.610637], [-16.437704, 19.610634], [-16.437699, 19.610092], [-16.438271, 19.610088], [-16.438261, 19.609004], [-16.437975, 19.609006], [-16.437973, 19.608735], [-16.438259, 19.608732], [-16.438257, 19.608461], [-16.437685, 19.608466], [-16.437677, 19.607653], [-16.438249, 19.607648], [-16.438245, 19.607106], [-16.438531, 19.607104], [-16.438528, 19.606833], [-16.438814, 19.606831], [-16.438802, 19.605476], [-16.438516, 19.605478], [-16.438514, 19.605207], [-16.437942, 19.605211], [-16.437937, 19.604669], [-16.437651, 19.604672], [-16.437644, 19.603859], [-16.437358, 19.603861], [-16.437353, 19.603319], [-16.437639, 19.603317], [-16.437634, 19.602774], [-16.437348, 19.602777], [-16.437346, 19.602506], [-16.43706, 19.602508], [-16.43705, 19.601424], [-16.436478, 19.601428], [-16.436473, 19.600886], [-16.436187, 19.600889], [-16.43619, 19.60116], [-16.435618, 19.601164], [-16.43562, 19.601435], [-16.435906, 19.601433], [-16.435918, 19.602788], [-16.436204, 19.602786], [-16.436211, 19.603599], [-16.436497, 19.603597], [-16.4365, 19.603868], [-16.437072, 19.603863], [-16.437074, 19.604134], [-16.43736, 19.604132], [-16.43737, 19.605216], [-16.437656, 19.605214], [-16.437658, 19.605485], [-16.43823, 19.60548], [-16.438232, 19.605751], [-16.438518, 19.605749], [-16.438523, 19.606291], [-16.437665, 19.606298], [-16.437668, 19.606569], [-16.437382, 19.606571], [-16.437384, 19.606842], [-16.437098, 19.606844], [-16.437115, 19.608742], [-16.437401, 19.608739], [-16.437403, 19.60901], [-16.437689, 19.609008], [-16.437692, 19.609279], [-16.43712, 19.609284], [-16.437122, 19.609555], [-16.43655, 19.609559], [-16.436555, 19.610101], [-16.436269, 19.610104], [-16.436276, 19.610917], [-16.435704, 19.610921], [-16.435707, 19.611192], [-16.435993, 19.61119], [-16.436, 19.612003], [-16.436572, 19.611999]]]}, "properties": {"layer": "core", "exposure_min": 0.6, "area_ha": 12.24}}, {"type": "Feature", "geometry": {"type": "Polygon", "coordinates": [[[-16.437331, 19.60088], [-16.437329, 19.600609], [-16.437043, 19.600611], [-16.437038, 19.600069], [-16.436752, 19.600071], [-16.436754, 19.600342], [-16.436468, 19.600344], [-16.436473, 19.600886], [-16.437331, 19.60088]]]}, "properties": {"layer": "core", "exposure_min": 0.6, "area_ha": 0.54}}, {"type": "Feature", "geometry": {"type": "Polygon", "coordinates": [[[-16.439328, 19.600322], [-16.439321, 19.599508], [-16.439035, 19.599511], [-16.439033, 19.59924], [-16.438747, 19.599242], [-16.438749, 19.599513], [-16.438463, 19.599515], [-16.438468, 19.600057], [-16.438754, 19.600055], [-16.438756, 19.600326], [-16.439328, 19.600322]]]}, "properties": {"layer": "core", "exposure_min": 0.6, "area_ha": 0.81}}, {"type": "Feature", "geometry": {"type": "Polygon", "coordinates": [[[-16.43475, 19.600087], [-16.434748, 19.599816], [-16.434462, 19.599818], [-16.434457, 19.599276], [-16.434171, 19.599278], [-16.434168, 19.599007], [-16.433882, 19.59901], [-16.43388, 19.598739], [-16.433308, 19.598743], [-16.433311, 19.599014], [-16.433597, 19.599012], [-16.433599, 19.599283], [-16.433885, 19.599281], [-16.433892, 19.600094], [-16.43475, 19.600087]]]}, "properties": {"layer": "core", "exposure_min": 0.6, "area_ha": 0.99}}, {"type": "Feature", "geometry": {"type": "Polygon", "coordinates": [[[-16.422226, 19.606962], [-16.422224, 19.606691], [-16.422796, 19.606687], [-16.422793, 19.606416], [-16.423651, 19.606409], [-16.423649, 19.606138], [-16.423935, 19.606136], [-16.423933, 19.605865], [-16.424219, 19.605863], [-16.424216, 19.605592], [-16.423358, 19.605598], [-16.423363, 19.60614], [-16.422505, 19.606147], [-16.422503, 19.605876], [-16.422217, 19.605878], [-16.422214, 19.605607], [-16.4225, 19.605605], [-16.422493, 19.604792], [-16.422207, 19.604794], [-16.422205, 19.604523], [-16.422491, 19.604521], [-16.422488, 19.60425], [-16.422202, 19.604252], [-16.422195, 19.603439], [-16.421909, 19.603441], [-16.421907, 19.60317], [-16.421335, 19.603175], [-16.421332, 19.602904], [-16.421046, 19.602906], [-16.421039, 19.602093], [-16.421325, 19.602091], [-16.421321, 19.601549], [-16.421893, 19.601544], [-16.421885, 19.600731], [-16.422171, 19.600729], [-16.422164, 19.599916], [-16.42245, 19.599913], [-16.422453, 19.600184], [-16.423025, 19.60018], [-16.423022, 19.599909], [-16.422736, 19.599911], [-16.422731, 19.599369], [-16.423017, 19.599367], [-16.423015, 19.599096], [-16.422157, 19.599103], [-16.422159, 19.599374], [-16.421873, 19.599376], [-16.421869, 19.598834], [-16.421583, 19.598836], [-16.421595, 19.600191], [-16.421309, 19.600194], [-16.421313, 19.600736], [-16.421027, 19.600738], [-16.421032, 19.60128], [-16.420746, 19.601282], [-16.420749, 19.601553], [-16.420463, 19.601555], [-16.420467, 19.602097], [-16.420181, 19.6021], [-16.420186, 19.602642], [-16.4199, 19.602644], [-16.419905, 19.603186], [-16.419333, 19.603191], [-16.419335, 19.603462], [-16.419049, 19.603464], [-16.419054, 19.604006], [-16.418768, 19.604008], [-16.418773, 19.60455], [-16.418487, 19.604553], [-16.418492, 19.605095], [-16.418206, 19.605097], [-16.418217, 19.606452], [-16.418503, 19.60645], [-16.418501, 19.606179], [-16.418787, 19.606176], [-16.418785, 19.605905], [-16.419643, 19.605899], [-16.419645, 19.60617], [-16.419931, 19.606167], [-16.419936, 19.606709], [-16.420222, 19.606707], [-16.420224, 19.606978], [-16.42051, 19.606976], [-16.420508, 19.606705], [-16.421652, 19.606696], [-16.421654, 19.606967], [-16.422226, 19.606962]], [[-16.420482, 19.603724], [-16.420196, 19.603726], [-16.420191, 19.603184], [-16.420477, 19.603182], [-16.420482, 19.603724]]]}, "properties": {"layer": "core", "exposure_min": 0.6, "area_ha": 20.07}}, {"type": "Feature", "geometry": {"type": "Polygon", "coordinates": [[[-16.438179, 19.599789], [-16.438177, 19.599518], [-16.438463, 19.599515], [-16.438461, 19.599244], [-16.438175, 19.599247], [-16.438172, 19.598976], [-16.438744, 19.598971], [-16.438742, 19.5987], [-16.438456, 19.598702], [-16.438453, 19.598431], [-16.438167, 19.598433], [-16.43817, 19.598705], [-16.437598, 19.598709], [-16.437595, 19.598438], [-16.437309, 19.59844], [-16.437312, 19.598711], [-16.437026, 19.598714], [-16.437031, 19.599256], [-16.437317, 19.599253], [-16.437319, 19.599524], [-16.437605, 19.599522], [-16.437608, 19.599793], [-16.438179, 19.599789]]]}, "properties": {"layer": "core", "exposure_min": 0.6, "area_ha": 1.62}}, {"type": "Feature", "geometry": {"type": "Polygon", "coordinates": [[[-16.44103, 19.598682], [-16.44102, 19.597598], [-16.440734, 19.5976], [-16.440736, 19.597871], [-16.44045, 19.597873], [-16.440453, 19.598144], [-16.440167, 19.598146], [-16.440172, 19.598689], [-16.44103, 19.598682]]]}, "properties": {"layer": "core", "exposure_min": 0.6, "area_ha": 0.81}}, {"type": "Feature", "geometry": {"type": "Polygon", "coordinates": [[[-16.393286, 19.600954], [-16.393284, 19.600683], [-16.393856, 19.600679], [-16.393854, 19.600408], [-16.39414, 19.600406], [-16.394137, 19.600135], [-16.394423, 19.600133], [-16.394419, 19.59959], [-16.394133, 19.599593], [-16.394126, 19.59878], [-16.394412, 19.598777], [-16.394402, 19.597693], [-16.39383, 19.597698], [-16.393835, 19.59824], [-16.393549, 19.598242], [-16.393551, 19.598513], [-16.393837, 19.598511], [-16.39384, 19.598782], [-16.393554, 19.598784], [-16.393561, 19.599597], [-16.393275, 19.599599], [-16.393282, 19.600412], [-16.392996, 19.600415], [-16.393, 19.600957], [-16.393286, 19.600954]]]}, "properties": {"layer": "core", "exposure_min": 0.6, "area_ha": 2.7}}, {"type": "Feature", "geometry": {"type": "Polygon", "coordinates": [[[-16.42301, 19.598554], [-16.423008, 19.598283], [-16.423294, 19.598281], [-16.423287, 19.597467], [-16.423001, 19.59747], [-16.423003, 19.597741], [-16.422717, 19.597743], [-16.422724, 19.598556], [-16.42301, 19.598554]]]}, "properties": {"layer": "core", "exposure_min": 0.6, "area_ha": 0.54}}, {"type": "Feature", "geometry": {"type": "Polygon", "coordinates": [[[-16.425077, 19.605856], [-16.425069, 19.605043], [-16.425355, 19.60504], [-16.425348, 19.604227], [-16.425634, 19.604225], [-16.425627, 19.603412], [-16.425913, 19.60341], [-16.425911, 19.603139], [-16.426197, 19.603136], [-16.426192, 19.602594], [-16.426478, 19.602592], [-16.426473, 19.60205], [-16.426759, 19.602048], [-16.426757, 19.601777], [-16.427043, 19.601774], [-16.427038, 19.601232], [-16.427324, 19.60123], [-16.427322, 19.600959], [-16.427608, 19.600957], [-16.427603, 19.600415], [-16.427889, 19.600413], [-16.427886, 19.600142], [-16.428172, 19.600139], [-16.42817, 19.599868], [-16.428456, 19.599866], [-16.428454, 19.599595], [-16.42874, 19.599593], [-16.428735, 19.599051], [-16.429021, 19.599048], [-16.429018, 19.598777], [-16.429304, 19.598775], [-16.429302, 19.598504], [-16.429588, 19.598502], [-16.429583, 19.59796], [-16.429869, 19.597957], [-16.42986, 19.596873], [-16.430146, 19.596871], [-16.430143, 19.5966], [-16.429571, 19.596605], [-16.429574, 19.596876], [-16.429288, 19.596878], [-16.42929, 19.597149], [-16.429004, 19.597151], [-16.429002, 19.59688], [-16.428144, 19.596887], [-16.428139, 19.596345], [-16.427567, 19.596349], [-16.427569, 19.59662], [-16.427283, 19.596623], [-16.427281, 19.596352], [-16.426709, 19.596356], [-16.426711, 19.596627], [-16.426997, 19.596625], [-16.427002, 19.597167], [-16.427288, 19.597165], [-16.427302, 19.598791], [-16.427016, 19.598793], [-16.427012, 19.598251], [-16.426726, 19.598253], [-16.426733, 19.599066], [-16.426161, 19.599071], [-16.426166, 19.599613], [-16.426452, 19.599611], [-16.426454, 19.599882], [-16.426168, 19.599884], [-16.42617, 19.600155], [-16.425884, 19.600157], [-16.425887, 19.600428], [-16.425601, 19.600431], [-16.425603, 19.600702], [-16.425317, 19.600704], [-16.42532, 19.600975], [-16.424748, 19.60098], [-16.424752, 19.601522], [-16.424466, 19.601524], [-16.424469, 19.601795], [-16.424183, 19.601797], [-16.424188, 19.602339], [-16.423902, 19.602341], [-16.423904, 19.602612], [-16.423332, 19.602617], [-16.423334, 19.602888], [-16.425622, 19.60287], [-16.425625, 19.603141], [-16.425339, 19.603143], [-16.425341, 19.603414], [-16.425055, 19.603416], [-16.425062, 19.60423], [-16.42449, 19.604234], [-16.424493, 19.604505], [-16.423921, 19.60451], [-16.423925, 19.605052], [-16.424211, 19.605049], [-16.424216, 19.605592], [-16.424502, 19.605589], [-16.424505, 19.60586], [-16.425077, 19.605856]], [[-16.428442, 19.59824], [-16.428156, 19.598242], [-16.428153, 19.597971], [-16.428439, 19.597969], [-16.428442, 19.59824]], [[-16.429009, 19.597693], [-16.428723, 19.597695], [-16.42872, 19.597424], [-16.429006, 19.597422], [-16.429009, 19.597693]]]}, "properties": {"layer": "core", "exposure_min": 0.6, "area_ha": 20.16}}, {"type": "Feature", "geometry": {"type": "Polygon", "coordinates": [[[-16.399259, 19.597113], [-16.399255, 19.596571], [-16.399541, 19.596569], [-16.399531, 19.595485], [-16.399817, 19.595483], [-16.399812, 19.594941], [-16.399527, 19.594943], [-16.399529, 19.595214], [-16.399243, 19.595216], [-16.399241, 19.594945], [-16.398955, 19.594947], [-16.398952, 19.594676], [-16.398666, 19.594679], [-16.398683, 19.596576], [-16.398397, 19.596578], [-16.398399, 19.596849], [-16.398971, 19.596845], [-16.398973, 19.597116], [-16.399259, 19.597113]]]}, "properties": {"layer": "core", "exposure_min": 0.6, "area_ha": 2.16}}, {"type": "Feature", "geometry": {"type": "Polygon", "coordinates": [[[-16.428415, 19.595258], [-16.428413, 19.594987], [-16.428699, 19.594985], [-16.428694, 19.594443], [-16.42898, 19.594441], [-16.428975, 19.593899], [-16.428689, 19.593901], [-16.428692, 19.594172], [-16.428406, 19.594174], [-16.428408, 19.594445], [-16.427836, 19.59445], [-16.427841, 19.594992], [-16.428127, 19.59499], [-16.428129, 19.595261], [-16.428415, 19.595258]]]}, "properties": {"layer": "core", "exposure_min": 0.6, "area_ha": 0.9}}, {"type": "Feature", "geometry": {"type": "Polygon", "coordinates": [[[-16.433289, 19.596575], [-16.433287, 19.596304], [-16.433573, 19.596302], [-16.433563, 19.595218], [-16.433849, 19.595215], [-16.433844, 19.594673], [-16.433558, 19.594676], [-16.433556, 19.594405], [-16.43327, 19.594407], [-16.433267, 19.594136], [-16.433553, 19.594133], [-16.433549, 19.593591], [-16.43412, 19.593587], [-16.434118, 19.593316], [-16.432688, 19.593327], [-16.432691, 19.593598], [-16.432405, 19.593601], [-16.432407, 19.593872], [-16.432121, 19.593874], [-16.432128, 19.594687], [-16.432414, 19.594685], [-16.432417, 19.594956], [-16.432703, 19.594953], [-16.432705, 19.595224], [-16.432991, 19.595222], [-16.432993, 19.595493], [-16.432421, 19.595498], [-16.432424, 19.595769], [-16.432138, 19.595771], [-16.432133, 19.595229], [-16.431561, 19.595234], [-16.431563, 19.595505], [-16.431849, 19.595502], [-16.431852, 19.595773], [-16.431566, 19.595776], [-16.431571, 19.596318], [-16.431857, 19.596315], [-16.431859, 19.596586], [-16.433289, 19.596575]], [[-16.433275, 19.594949], [-16.432989, 19.594951], [-16.432984, 19.594409], [-16.43327, 19.594407], [-16.433275, 19.594949]]]}, "properties": {"layer": "core", "exposure_min": 0.6, "area_ha": 5.22}}, {"type": "Feature", "geometry": {"type": "Polygon", "coordinates": [[[-16.38297, 19.598594], [-16.382967, 19.598323], [-16.383253, 19.598321], [-16.383251, 19.59805], [-16.383537, 19.598048], [-16.383535, 19.597777], [-16.383821, 19.597775], [-16.383818, 19.597504], [-16.384104, 19.597502], [-16.3841, 19.59696], [-16.384386, 19.596957], [-16.384381, 19.596415], [-16.384667, 19.596413], [-16.384672, 19.596955], [-16.384958, 19.596953], [-16.384965, 19.597766], [-16.385251, 19.597764], [-16.385248, 19.597493], [-16.385534, 19.597491], [-16.385532, 19.59722], [-16.385818, 19.597217], [-16.385813, 19.596675], [-16.385527, 19.596677], [-16.385523, 19.596135], [-16.385809, 19.596133], [-16.385806, 19.595862], [-16.386092, 19.59586], [-16.38609, 19.595589], [-16.386376, 19.595587], [-16.386374, 19.595316], [-16.386946, 19.595311], [-16.386948, 19.595582], [-16.387234, 19.59558], [-16.387232, 19.595309], [-16.387804, 19.595305], [-16.387794, 19.594221], [-16.387508, 19.594223], [-16.387511, 19.594494], [-16.387225, 19.594496], [-16.387215, 19.593412], [-16.386929, 19.593414], [-16.386927, 19.593143], [-16.386355, 19.593147], [-16.386357, 19.593418], [-16.386071, 19.593421], [-16.386076, 19.593963], [-16.385504, 19.593967], [-16.385502, 19.593696], [-16.385216, 19.593698], [-16.385223, 19.594511], [-16.384651, 19.594516], [-16.384646, 19.593974], [-16.38436, 19.593976], [-16.384358, 19.593705], [-16.384072, 19.593707], [-16.384076, 19.594249], [-16.38379, 19.594251], [-16.3838, 19.595336], [-16.383514, 19.595338], [-16.383516, 19.595609], [-16.38323, 19.595611], [-16.383232, 19.595882], [-16.382946, 19.595884], [-16.382949, 19.596155], [-16.382663, 19.596157], [-16.382665, 19.596428], [-16.382379, 19.596431], [-16.382381, 19.596702], [-16.382095, 19.596704], [-16.3821, 19.597246], [-16.381814, 19.597248], [-16.381823, 19.598332], [-16.381537, 19.598334], [-16.38154, 19.598605], [-16.38297, 19.598594]], [[-16.385511, 19.59478], [-16.385225, 19.594782], [-16.385223, 19.594511], [-16.385509, 19.594509], [-16.385511, 19.59478]]]}, "properties": {"layer": "core", "exposure_min": 0.6, "area_ha": 16.2}}, {"type": "Feature", "geometry": {"type": "Polygon", "coordinates": [[[-16.43612, 19.5933], [-16.436117, 19.593029], [-16.436403, 19.593027], [-16.436396, 19.592214], [-16.43611, 19.592216], [-16.436115, 19.592758], [-16.435829, 19.59276], [-16.435831, 19.593031], [-16.435546, 19.593033], [-16.435548, 19.593304], [-16.43612, 19.5933]]]}, "properties": {"layer": "core", "exposure_min": 0.6, "area_ha": 0.54}}, {"type": "Feature", "geometry": {"type": "Polygon", "coordinates": [[[-16.425258, 19.593928], [-16.42525, 19.593115], [-16.425536, 19.593113], [-16.425534, 19.592842], [-16.42582, 19.59284], [-16.425813, 19.592027], [-16.425241, 19.592031], [-16.425243, 19.592302], [-16.425529, 19.5923], [-16.425532, 19.592571], [-16.42496, 19.592575], [-16.424957, 19.592304], [-16.424671, 19.592307], [-16.424681, 19.593391], [-16.424967, 19.593388], [-16.424972, 19.593931], [-16.425258, 19.593928]], [[-16.42525, 19.593115], [-16.424964, 19.593117], [-16.424962, 19.592846], [-16.425248, 19.592844], [-16.42525, 19.593115]]]}, "properties": {"layer": "core", "exposure_min": 0.6, "area_ha": 1.26}}, {"type": "Feature", "geometry": {"type": "Polygon", "coordinates": [[[-16.425241, 19.592031], [-16.425238, 19.59176], [-16.425524, 19.591758], [-16.425522, 19.591487], [-16.42495, 19.591491], [-16.424948, 19.59122], [-16.42409, 19.591227], [-16.424095, 19.591769], [-16.423809, 19.591771], [-16.423811, 19.592042], [-16.424383, 19.592038], [-16.424381, 19.591767], [-16.424667, 19.591765], [-16.424669, 19.592036], [-16.425241, 19.592031]]]}, "properties": {"layer": "core", "exposure_min": 0.6, "area_ha": 1.08}}, {"type": "Feature", "geometry": {"type": "Polygon", "coordinates": [[[-16.42811, 19.593093], [-16.428108, 19.592821], [-16.428394, 19.592819], [-16.428391, 19.592548], [-16.428963, 19.592544], [-16.428961, 19.592273], [-16.429247, 19.59227], [-16.429245, 19.591999], [-16.429816, 19.591995], [-16.429812, 19.591453], [-16.430098, 19.59145], [-16.430093, 19.590908], [-16.430379, 19.590906], [-16.430374, 19.590364], [-16.429802, 19.590369], [-16.429807, 19.590911], [-16.429521, 19.590913], [-16.429526, 19.591455], [-16.42924, 19.591457], [-16.429242, 19.591728], [-16.42867, 19.591733], [-16.428673, 19.592004], [-16.428387, 19.592006], [-16.428389, 19.592277], [-16.428103, 19.592279], [-16.428105, 19.59255], [-16.427819, 19.592553], [-16.427824, 19.593095], [-16.42811, 19.593093]]]}, "properties": {"layer": "core", "exposure_min": 0.6, "area_ha": 2.07}}, {"type": "Feature", "geometry": {"type": "Polygon", "coordinates": [[[-16.427521, 19.5912], [-16.427519, 19.590929], [-16.427805, 19.590927], [-16.427803, 19.590656], [-16.428375, 19.590651], [-16.428372, 19.59038], [-16.428944, 19.590375], [-16.428942, 19.590104], [-16.428084, 19.590111], [-16.428086, 19.590382], [-16.427514, 19.590387], [-16.427517, 19.590658], [-16.427231, 19.59066], [-16.427233, 19.590931], [-16.426947, 19.590933], [-16.42695, 19.591204], [-16.427521, 19.5912]]]}, "properties": {"layer": "core", "exposure_min": 0.6, "area_ha": 0.9}}, {"type": "Feature", "geometry": {"type": "Polygon", "coordinates": [[[-16.388313, 19.587982], [-16.38831, 19.587711], [-16.388596, 19.587709], [-16.388589, 19.586896], [-16.388017, 19.5869], [-16.388027, 19.587985], [-16.388313, 19.587982]]]}, "properties": {"layer": "core", "exposure_min": 0.6, "area_ha": 0.63}}, {"type": "Feature", "geometry": {"type": "Polygon", "coordinates": [[[-16.385186, 19.590175], [-16.385183, 19.589904], [-16.386327, 19.589895], [-16.386323, 19.589353], [-16.386894, 19.589349], [-16.386892, 19.589078], [-16.387178, 19.589075], [-16.387176, 19.588804], [-16.387462, 19.588802], [-16.387455, 19.587989], [-16.387169, 19.587991], [-16.387157, 19.586636], [-16.386871, 19.586638], [-16.386876, 19.58718], [-16.38659, 19.587183], [-16.386595, 19.587725], [-16.386309, 19.587727], [-16.386313, 19.588269], [-16.386027, 19.588271], [-16.38603, 19.588542], [-16.385744, 19.588544], [-16.385746, 19.588815], [-16.385174, 19.58882], [-16.385176, 19.589091], [-16.38489, 19.589093], [-16.384893, 19.589364], [-16.384607, 19.589366], [-16.384614, 19.590179], [-16.385186, 19.590175]]]}, "properties": {"layer": "core", "exposure_min": 0.6, "area_ha": 4.68}}, {"type": "Feature", "geometry": {"type": "Polygon", "coordinates": [[[-16.408895, 19.58701], [-16.408891, 19.586468], [-16.408033, 19.586474], [-16.408038, 19.587016], [-16.408895, 19.58701]]]}, "properties": {"layer": "core", "exposure_min": 0.6, "area_ha": 0.54}}, {"type": "Feature", "geometry": {"type": "Polygon", "coordinates": [[[-16.410035, 19.586459], [-16.410028, 19.585646], [-16.409456, 19.58565], [-16.409463, 19.586463], [-16.410035, 19.586459]]]}, "properties": {"layer": "core", "exposure_min": 0.6, "area_ha": 0.54}}, {"type": "Feature", "geometry": {"type": "Polygon", "coordinates": [[[-16.387443, 19.586634], [-16.387441, 19.586363], [-16.387727, 19.586361], [-16.387722, 19.585819], [-16.38715, 19.585823], [-16.387153, 19.586094], [-16.386867, 19.586096], [-16.386869, 19.586367], [-16.387155, 19.586365], [-16.387157, 19.586636], [-16.387443, 19.586634]]]}, "properties": {"layer": "core", "exposure_min": 0.6, "area_ha": 0.54}}, {"type": "Feature", "geometry": {"type": "Polygon", "coordinates": [[[-16.410349, 19.589709], [-16.410347, 19.589438], [-16.410633, 19.589435], [-16.41063, 19.589164], [-16.410916, 19.589162], [-16.410911, 19.58862], [-16.411197, 19.588618], [-16.41119, 19.587805], [-16.411762, 19.5878], [-16.411755, 19.586987], [-16.412327, 19.586983], [-16.412315, 19.585628], [-16.412029, 19.58563], [-16.412032, 19.585901], [-16.411746, 19.585903], [-16.411743, 19.585632], [-16.411457, 19.585634], [-16.411455, 19.585363], [-16.410883, 19.585368], [-16.410885, 19.585639], [-16.410599, 19.585641], [-16.410602, 19.585912], [-16.410888, 19.58591], [-16.41089, 19.586181], [-16.410604, 19.586183], [-16.410611, 19.586996], [-16.410039, 19.587001], [-16.410042, 19.587272], [-16.409756, 19.587274], [-16.409758, 19.587545], [-16.409472, 19.587547], [-16.409477, 19.588089], [-16.408905, 19.588094], [-16.40891, 19.588636], [-16.408624, 19.588638], [-16.408626, 19.588909], [-16.409484, 19.588902], [-16.409482, 19.588631], [-16.409768, 19.588629], [-16.409765, 19.588358], [-16.410623, 19.588351], [-16.410628, 19.588893], [-16.410342, 19.588896], [-16.410344, 19.589167], [-16.410058, 19.589169], [-16.410063, 19.589711], [-16.410349, 19.589709]]]}, "properties": {"layer": "core", "exposure_min": 0.6, "area_ha": 7.11}}, {"type": "Feature", "geometry": {"type": "Polygon", "coordinates": [[[-16.410599, 19.585641], [-16.410597, 19.58537], [-16.410883, 19.585368], [-16.410878, 19.584826], [-16.410592, 19.584828], [-16.41059, 19.584557], [-16.410304, 19.584559], [-16.410306, 19.58483], [-16.41002, 19.584832], [-16.410025, 19.585374], [-16.410311, 19.585372], [-16.410314, 19.585643], [-16.410599, 19.585641]]]}, "properties": {"layer": "core", "exposure_min": 0.6, "area_ha": 0.72}}, {"type": "Feature", "geometry": {"type": "Polygon", "coordinates": [[[-16.41289, 19.585894], [-16.412887, 19.585623], [-16.413173, 19.585621], [-16.413171, 19.58535], [-16.413457, 19.585348], [-16.413454, 19.585077], [-16.41374, 19.585074], [-16.413738, 19.584803], [-16.414024, 19.584801], [-16.414022, 19.58453], [-16.414308, 19.584528], [-16.414305, 19.584257], [-16.414019, 19.584259], [-16.414017, 19.583988], [-16.413731, 19.58399], [-16.413729, 19.583719], [-16.414015, 19.583717], [-16.414012, 19.583446], [-16.413726, 19.583448], [-16.413724, 19.583177], [-16.413152, 19.583182], [-16.413161, 19.584266], [-16.412875, 19.584268], [-16.412882, 19.585081], [-16.412597, 19.585083], [-16.412604, 19.585896], [-16.41289, 19.585894]], [[-16.413736, 19.584532], [-16.41345, 19.584535], [-16.413447, 19.584263], [-16.413733, 19.584261], [-16.413736, 19.584532]]]}, "properties": {"layer": "core", "exposure_min": 0.6, "area_ha": 2.43}}, {"type": "Feature", "geometry": {"type": "Polygon", "coordinates": [[[-16.402213, 19.607933], [-16.402208, 19.60739], [-16.40278, 19.607386], [-16.402778, 19.607115], [-16.403064, 19.607113], [-16.403059, 19.606571], [-16.403345, 19.606568], [-16.403343, 19.606297], [-16.403629, 19.606295], [-16.40362, 19.605211], [-16.403906, 19.605209], [-16.403899, 19.604396], [-16.404185, 19.604394], [-16.40418, 19.603851], [-16.403894, 19.603854], [-16.403891, 19.603583], [-16.404177, 19.60358], [-16.404175, 19.603309], [-16.404747, 19.603305], [-16.404742, 19.602763], [-16.405314, 19.602758], [-16.405312, 19.602487], [-16.405598, 19.602485], [-16.405593, 19.601943], [-16.405879, 19.601941], [-16.405875, 19.601399], [-16.406161, 19.601397], [-16.406151, 19.600312], [-16.406437, 19.60031], [-16.406428, 19.599226], [-16.406142, 19.599228], [-16.406135, 19.598415], [-16.406421, 19.598413], [-16.406414, 19.5976], [-16.4067, 19.597598], [-16.40669, 19.596514], [-16.406976, 19.596511], [-16.406974, 19.59624], [-16.40726, 19.596238], [-16.407248, 19.594883], [-16.407534, 19.594881], [-16.407532, 19.59461], [-16.407818, 19.594607], [-16.407803, 19.592981], [-16.408089, 19.592979], [-16.408092, 19.59325], [-16.408378, 19.593248], [-16.40838, 19.593519], [-16.408666, 19.593517], [-16.408659, 19.592703], [-16.408087, 19.592708], [-16.408078, 19.591624], [-16.408364, 19.591622], [-16.408361, 19.591351], [-16.407789, 19.591355], [-16.407792, 19.591626], [-16.407506, 19.591628], [-16.407508, 19.591899], [-16.407222, 19.591902], [-16.407217, 19.59136], [-16.407503, 19.591357], [-16.407494, 19.590273], [-16.407208, 19.590275], [-16.407203, 19.589733], [-16.407489, 19.589731], [-16.407485, 19.589189], [-16.40777, 19.589187], [-16.407766, 19.588645], [-16.408052, 19.588642], [-16.408049, 19.588371], [-16.407763, 19.588374], [-16.407761, 19.588103], [-16.408333, 19.588098], [-16.408328, 19.587556], [-16.40747, 19.587563], [-16.407477, 19.588376], [-16.407191, 19.588378], [-16.407189, 19.588107], [-16.406903, 19.588109], [-16.406901, 19.587838], [-16.406615, 19.587841], [-16.406605, 19.586756], [-16.406891, 19.586754], [-16.406889, 19.586483], [-16.407461, 19.586479], [-16.407459, 19.586208], [-16.408031, 19.586203], [-16.408026, 19.585661], [-16.408312, 19.585659], [-16.408307, 19.585117], [-16.409165, 19.58511], [-16.409163, 19.584839], [-16.409449, 19.584837], [-16.409446, 19.584566], [-16.40916, 19.584568], [-16.409158, 19.584297], [-16.408872, 19.584299], [-16.40887, 19.584028], [-16.408298, 19.584033], [-16.408295, 19.583762], [-16.408581, 19.583759], [-16.408579, 19.583488], [-16.408293, 19.583491], [-16.408291, 19.58322], [-16.406861, 19.583231], [-16.406868, 19.584044], [-16.406582, 19.584046], [-16.40658, 19.583775], [-16.406294, 19.583777], [-16.406298, 19.584319], [-16.405726, 19.584324], [-16.405729, 19.584595], [-16.405157, 19.584599], [-16.405159, 19.58487], [-16.404301, 19.584877], [-16.404308, 19.58569], [-16.404022, 19.585692], [-16.404025, 19.585963], [-16.403453, 19.585968], [-16.40345, 19.585697], [-16.403164, 19.585699], [-16.403162, 19.585428], [-16.402876, 19.58543], [-16.402878, 19.585701], [-16.402592, 19.585704], [-16.402595, 19.585975], [-16.402309, 19.585977], [-16.402316, 19.58679], [-16.401458, 19.586797], [-16.401456, 19.586525], [-16.400598, 19.586532], [-16.400605, 19.587345], [-16.401177, 19.587341], [-16.401174, 19.58707], [-16.402318, 19.587061], [-16.402321, 19.587332], [-16.402607, 19.58733], [-16.402609, 19.587601], [-16.404325, 19.587587], [-16.404329, 19.588129], [-16.404615, 19.588127], [-16.40462, 19.588669], [-16.404906, 19.588667], [-16.404915, 19.589751], [-16.404629, 19.589753], [-16.404632, 19.590024], [-16.404918, 19.590022], [-16.40492, 19.590293], [-16.405492, 19.590289], [-16.405494, 19.59056], [-16.406352, 19.590553], [-16.406362, 19.591637], [-16.406934, 19.591633], [-16.406938, 19.592175], [-16.406652, 19.592177], [-16.406667, 19.593803], [-16.406381, 19.593805], [-16.406369, 19.59245], [-16.406083, 19.592453], [-16.40609, 19.593266], [-16.405518, 19.59327], [-16.405499, 19.591102], [-16.404927, 19.591106], [-16.404925, 19.590835], [-16.404639, 19.590838], [-16.404644, 19.59138], [-16.404072, 19.591384], [-16.404074, 19.591655], [-16.403788, 19.591657], [-16.40379, 19.591928], [-16.403218, 19.591933], [-16.403223, 19.592475], [-16.402937, 19.592477], [-16.402935, 19.592206], [-16.402649, 19.592208], [-16.402651, 19.592479], [-16.402365, 19.592482], [-16.402358, 19.591668], [-16.402644, 19.591666], [-16.402642, 19.591395], [-16.403214, 19.591391], [-16.403211, 19.59112], [-16.403497, 19.591117], [-16.403495, 19.590846], [-16.403781, 19.590844], [-16.403774, 19.590031], [-16.403488, 19.590033], [-16.403486, 19.589762], [-16.402628, 19.589769], [-16.402635, 19.590582], [-16.402349, 19.590584], [-16.402346, 19.590313], [-16.40206, 19.590315], [-16.402063, 19.590587], [-16.401777, 19.590589], [-16.401774, 19.590318], [-16.400631, 19.590327], [-16.400633, 19.590598], [-16.400347, 19.5906], [-16.400345, 19.590329], [-16.399773, 19.590333], [-16.399775, 19.590604], [-16.399489, 19.590607], [-16.399491, 19.590878], [-16.399205, 19.59088], [-16.399208, 19.591151], [-16.399494, 19.591149], [-16.399496, 19.59142], [-16.39921, 19.591422], [-16.399212, 19.591693], [-16.399498, 19.591691], [-16.399501, 19.591962], [-16.399787, 19.591959], [-16.399784, 19.591688], [-16.400928, 19.59168], [-16.400931, 19.591951], [-16.401217, 19.591948], [-16.401221, 19.59249], [-16.401507, 19.592488], [-16.40151, 19.592759], [-16.401796, 19.592757], [-16.401803, 19.59357], [-16.402089, 19.593568], [-16.402093, 19.59411], [-16.402379, 19.594108], [-16.402384, 19.59465], [-16.40267, 19.594648], [-16.402677, 19.595461], [-16.402963, 19.595458], [-16.402956, 19.594645], [-16.403528, 19.594641], [-16.40353, 19.594912], [-16.403816, 19.59491], [-16.403819, 19.595181], [-16.403533, 19.595183], [-16.403535, 19.595454], [-16.403249, 19.595456], [-16.403251, 19.595727], [-16.403537, 19.595725], [-16.403547, 19.596809], [-16.403833, 19.596807], [-16.403826, 19.595994], [-16.404112, 19.595992], [-16.404105, 19.595178], [-16.404677, 19.595174], [-16.404667, 19.59409], [-16.404953, 19.594088], [-16.404951, 19.593817], [-16.405237, 19.593814], [-16.405241, 19.594356], [-16.405527, 19.594354], [-16.405537, 19.595438], [-16.405251, 19.595441], [-16.40526, 19.596525], [-16.404974, 19.596527], [-16.404979, 19.597069], [-16.404693, 19.597071], [-16.4047, 19.597884], [-16.404414, 19.597887], [-16.404416, 19.598158], [-16.404702, 19.598155], [-16.404705, 19.598426], [-16.404133, 19.598431], [-16.40413, 19.59816], [-16.403844, 19.598162], [-16.403849, 19.598704], [-16.403563, 19.598706], [-16.403568, 19.599248], [-16.403282, 19.599251], [-16.403284, 19.599522], [-16.40357, 19.599519], [-16.403575, 19.600061], [-16.403289, 19.600064], [-16.403287, 19.599793], [-16.402715, 19.599797], [-16.402719, 19.600339], [-16.402433, 19.600341], [-16.402438, 19.600883], [-16.402724, 19.600881], [-16.402722, 19.60061], [-16.403008, 19.600608], [-16.403012, 19.60115], [-16.402726, 19.601152], [-16.402729, 19.601423], [-16.402443, 19.601426], [-16.402452, 19.60251], [-16.402166, 19.602512], [-16.402175, 19.603596], [-16.401889, 19.603598], [-16.401887, 19.603327], [-16.401601, 19.603329], [-16.401596, 19.602787], [-16.401024, 19.602792], [-16.401022, 19.602521], [-16.400736, 19.602523], [-16.400741, 19.603065], [-16.400455, 19.603067], [-16.400459, 19.603609], [-16.400173, 19.603612], [-16.400176, 19.603883], [-16.39989, 19.603885], [-16.399892, 19.604156], [-16.40075, 19.604149], [-16.400748, 19.603878], [-16.40132, 19.603874], [-16.401317, 19.603603], [-16.401603, 19.6036], [-16.401608, 19.604143], [-16.401036, 19.604147], [-16.401039, 19.604418], [-16.400753, 19.60442], [-16.400755, 19.604691], [-16.400469, 19.604693], [-16.400471, 19.604965], [-16.400185, 19.604967], [-16.400183, 19.604696], [-16.399897, 19.604698], [-16.399904, 19.605511], [-16.399618, 19.605513], [-16.399623, 19.606055], [-16.399337, 19.606058], [-16.399339, 19.606329], [-16.399625, 19.606326], [-16.399627, 19.606597], [-16.400199, 19.606593], [-16.400195, 19.606051], [-16.401053, 19.606044], [-16.401048, 19.605502], [-16.40162, 19.605498], [-16.401618, 19.605227], [-16.401904, 19.605224], [-16.401901, 19.604953], [-16.401615, 19.604956], [-16.401613, 19.604685], [-16.401899, 19.604682], [-16.401892, 19.603869], [-16.402178, 19.603867], [-16.40218, 19.604138], [-16.402466, 19.604136], [-16.402478, 19.605491], [-16.402192, 19.605493], [-16.402194, 19.605764], [-16.401622, 19.605769], [-16.401627, 19.606311], [-16.401913, 19.606309], [-16.401918, 19.606851], [-16.401632, 19.606853], [-16.401636, 19.607395], [-16.401922, 19.607393], [-16.401925, 19.607664], [-16.401639, 19.607666], [-16.401641, 19.607937], [-16.402213, 19.607933]], [[-16.402492, 19.607117], [-16.402206, 19.607119], [-16.402204, 19.606848], [-16.40249, 19.606846], [-16.402492, 19.607117]], [[-16.401315, 19.603332], [-16.401029, 19.603334], [-16.401027, 19.603063], [-16.401313, 19.603061], [-16.401315, 19.603332]], [[-16.405307, 19.601945], [-16.405021, 19.601948], [-16.405012, 19.600863], [-16.405298, 19.600861], [-16.405296, 19.60059], [-16.405582, 19.600588], [-16.405589, 19.601401], [-16.405303, 19.601403], [-16.405307, 19.601945]], [[-16.403294, 19.600606], [-16.403008, 19.600608], [-16.403005, 19.600337], [-16.403291, 19.600335], [-16.403294, 19.600606]], [[-16.406151, 19.600312], [-16.405865, 19.600315], [-16.405863, 19.600044], [-16.406149, 19.600041], [-16.406151, 19.600312]], [[-16.40586, 19.599773], [-16.405574, 19.599775], [-16.40557, 19.599233], [-16.405856, 19.599231], [-16.40586, 19.599773]], [[-16.405842, 19.597604], [-16.405556, 19.597607], [-16.405553, 19.597336], [-16.405839, 19.597333], [-16.405842, 19.597604]], [[-16.405809, 19.59381], [-16.405523, 19.593812], [-16.40552, 19.593541], [-16.405806, 19.593539], [-16.405809, 19.59381]], [[-16.40552, 19.593541], [-16.405234, 19.593543], [-16.405232, 19.593272], [-16.405518, 19.59327], [-16.40552, 19.593541]], [[-16.40466, 19.593277], [-16.404374, 19.593279], [-16.404372, 19.593008], [-16.404658, 19.593006], [-16.40466, 19.593277]], [[-16.404372, 19.593008], [-16.404086, 19.59301], [-16.404083, 19.592739], [-16.403797, 19.592741], [-16.403795, 19.59247], [-16.404367, 19.592466], [-16.404372, 19.593008]], [[-16.402642, 19.591395], [-16.40207, 19.5914], [-16.402067, 19.591129], [-16.402639, 19.591124], [-16.402642, 19.591395]], [[-16.406924, 19.590549], [-16.406638, 19.590551], [-16.406636, 19.59028], [-16.406922, 19.590278], [-16.406924, 19.590549]]]}, "properties": {"layer": "core", "exposure_min": 0.6, "area_ha": 95.85}}, {"type": "Feature", "geometry": {"type": "Polygon", "coordinates": [[[-16.410588, 19.584286], [-16.410585, 19.584015], [-16.410871, 19.584013], [-16.410862, 19.582928], [-16.410576, 19.582931], [-16.410574, 19.58266], [-16.410002, 19.582664], [-16.409999, 19.582393], [-16.409713, 19.582395], [-16.409718, 19.582937], [-16.409432, 19.58294], [-16.409437, 19.583482], [-16.409723, 19.58348], [-16.409725, 19.583751], [-16.409439, 19.583753], [-16.409444, 19.584295], [-16.40973, 19.584293], [-16.409727, 19.584022], [-16.410013, 19.584019], [-16.410016, 19.58429], [-16.410588, 19.584286]]]}, "properties": {"layer": "core", "exposure_min": 0.6, "area_ha": 2.34}}, {"type": "Feature", "geometry": {"type": "Polygon", "coordinates": [[[-16.388845, 19.58337], [-16.388843, 19.583099], [-16.389129, 19.583097], [-16.389117, 19.581742], [-16.389403, 19.58174], [-16.389399, 19.581198], [-16.389113, 19.5812], [-16.38911, 19.580929], [-16.388824, 19.580931], [-16.388829, 19.581473], [-16.388543, 19.581475], [-16.388559, 19.583373], [-16.388845, 19.58337]]]}, "properties": {"layer": "core", "exposure_min": 0.6, "area_ha": 1.53}}, {"type": "Feature", "geometry": {"type": "Polygon", "coordinates": [[[-16.415723, 19.58289], [-16.415721, 19.582619], [-16.416007, 19.582617], [-16.415988, 19.580449], [-16.415702, 19.580451], [-16.415707, 19.580993], [-16.415421, 19.580995], [-16.415437, 19.582893], [-16.415723, 19.58289]]]}, "properties": {"layer": "core", "exposure_min": 0.6, "area_ha": 1.35}}, {"type": "Feature", "geometry": {"type": "Polygon", "coordinates": [[[-16.442291, 19.579698], [-16.442288, 19.579427], [-16.44286, 19.579423], [-16.442855, 19.578881], [-16.443141, 19.578878], [-16.443136, 19.578336], [-16.442565, 19.578341], [-16.442567, 19.578612], [-16.442281, 19.578614], [-16.442283, 19.578885], [-16.441711, 19.57889], [-16.441714, 19.579161], [-16.442, 19.579159], [-16.442005, 19.579701], [-16.442291, 19.579698]]]}, "properties": {"layer": "core", "exposure_min": 0.6, "area_ha": 1.17}}, {"type": "Feature", "geometry": {"type": "Polygon", "coordinates": [[[-16.408858, 19.582673], [-16.408853, 19.582131], [-16.409139, 19.582129], [-16.409137, 19.581858], [-16.409995, 19.581851], [-16.409992, 19.58158], [-16.410564, 19.581576], [-16.410559, 19.581034], [-16.411131, 19.581029], [-16.411129, 19.580758], [-16.411987, 19.580751], [-16.411989, 19.581022], [-16.412275, 19.58102], [-16.412277, 19.581291], [-16.411992, 19.581293], [-16.412001, 19.582377], [-16.412573, 19.582373], [-16.412568, 19.581831], [-16.412854, 19.581829], [-16.412849, 19.581287], [-16.412563, 19.581289], [-16.412561, 19.581018], [-16.412847, 19.581016], [-16.412845, 19.580745], [-16.413131, 19.580742], [-16.413133, 19.581013], [-16.413705, 19.581009], [-16.4137, 19.580467], [-16.413986, 19.580465], [-16.413977, 19.57938], [-16.414263, 19.579378], [-16.414256, 19.578565], [-16.414541, 19.578563], [-16.414551, 19.579647], [-16.414265, 19.579649], [-16.414267, 19.57992], [-16.414553, 19.579918], [-16.414558, 19.58046], [-16.414844, 19.580458], [-16.414846, 19.580729], [-16.415418, 19.580724], [-16.415406, 19.579369], [-16.415692, 19.579367], [-16.415683, 19.578283], [-16.415969, 19.578281], [-16.415981, 19.579636], [-16.415695, 19.579638], [-16.415699, 19.58018], [-16.415985, 19.580178], [-16.415988, 19.580449], [-16.416274, 19.580447], [-16.416255, 19.578278], [-16.416541, 19.578276], [-16.416538, 19.578005], [-16.416252, 19.578007], [-16.41625, 19.577736], [-16.415964, 19.577739], [-16.415962, 19.577468], [-16.415104, 19.577474], [-16.415106, 19.577745], [-16.41482, 19.577748], [-16.414825, 19.57829], [-16.414539, 19.578292], [-16.414537, 19.578021], [-16.414251, 19.578023], [-16.414253, 19.578294], [-16.413967, 19.578296], [-16.413972, 19.578838], [-16.413686, 19.578841], [-16.413688, 19.579112], [-16.413402, 19.579114], [-16.413412, 19.580198], [-16.41284, 19.580203], [-16.412842, 19.580474], [-16.412556, 19.580476], [-16.412554, 19.580205], [-16.411982, 19.580209], [-16.41198, 19.579938], [-16.41055, 19.579949], [-16.410552, 19.58022], [-16.409694, 19.580227], [-16.409699, 19.580769], [-16.409413, 19.580771], [-16.409418, 19.581313], [-16.40856, 19.58132], [-16.408567, 19.582133], [-16.408281, 19.582136], [-16.408286, 19.582678], [-16.408858, 19.582673]]]}, "properties": {"layer": "core", "exposure_min": 0.6, "area_ha": 13.23}}, {"type": "Feature", "geometry": {"type": "Polygon", "coordinates": [[[-16.393397, 19.580625], [-16.393395, 19.580354], [-16.393681, 19.580352], [-16.393672, 19.579267], [-16.393958, 19.579265], [-16.393941, 19.577368], [-16.393655, 19.57737], [-16.393662, 19.578183], [-16.39309, 19.578188], [-16.393093, 19.578459], [-16.393379, 19.578457], [-16.393381, 19.578728], [-16.393095, 19.57873], [-16.393104, 19.579814], [-16.392818, 19.579816], [-16.392821, 19.580087], [-16.393107, 19.580085], [-16.393111, 19.580627], [-16.393397, 19.580625]]]}, "properties": {"layer": "core", "exposure_min": 0.6, "area_ha": 2.16}}, {"type": "Feature", "geometry": {"type": "Polygon", "coordinates": [[[-16.389396, 19.580927], [-16.389394, 19.580656], [-16.38968, 19.580654], [-16.389671, 19.579569], [-16.389385, 19.579572], [-16.389378, 19.578758], [-16.389664, 19.578756], [-16.389654, 19.577672], [-16.38994, 19.57767], [-16.389933, 19.576857], [-16.389647, 19.576859], [-16.38965, 19.57713], [-16.389364, 19.577132], [-16.389371, 19.577945], [-16.389085, 19.577948], [-16.389096, 19.579303], [-16.38881, 19.579305], [-16.388822, 19.58066], [-16.389108, 19.580658], [-16.38911, 19.580929], [-16.389396, 19.580927]], [[-16.389392, 19.580385], [-16.389106, 19.580387], [-16.389103, 19.580116], [-16.389389, 19.580114], [-16.389392, 19.580385]]]}, "properties": {"layer": "core", "exposure_min": 0.6, "area_ha": 2.52}}, {"type": "Feature", "geometry": {"type": "Polygon", "coordinates": [[[-16.259117, 19.597605], [-16.259113, 19.597063], [-16.259399, 19.597061], [-16.259397, 19.59679], [-16.259683, 19.596788], [-16.259685, 19.597059], [-16.260257, 19.597055], [-16.260253, 19.596513], [-16.260539, 19.596511], [-16.260537, 19.59624], [-16.260251, 19.596242], [-16.260249, 19.595971], [-16.259963, 19.595973], [-16.259961, 19.595702], [-16.260247, 19.5957], [-16.260242, 19.595158], [-16.260528, 19.595156], [-16.260526, 19.594885], [-16.260812, 19.594883], [-16.26081, 19.594611], [-16.261096, 19.594609], [-16.261098, 19.594881], [-16.261384, 19.594879], [-16.261388, 19.595421], [-16.261674, 19.595419], [-16.26167, 19.594877], [-16.261956, 19.594875], [-16.261954, 19.594603], [-16.261668, 19.594605], [-16.261666, 19.594334], [-16.261952, 19.594332], [-16.26195, 19.594061], [-16.262236, 19.594059], [-16.262238, 19.59433], [-16.26281, 19.594326], [-16.262806, 19.593784], [-16.26252, 19.593786], [-16.262513, 19.592973], [-16.262799, 19.592971], [-16.262791, 19.591887], [-16.262219, 19.591891], [-16.262213, 19.591078], [-16.262785, 19.591074], [-16.262783, 19.590803], [-16.263069, 19.590801], [-16.263066, 19.59053], [-16.263352, 19.590528], [-16.26335, 19.590257], [-16.263636, 19.590255], [-16.263634, 19.589984], [-16.264206, 19.58998], [-16.26421, 19.590522], [-16.264496, 19.59052], [-16.264494, 19.590249], [-16.265638, 19.590241], [-16.265636, 19.58997], [-16.26535, 19.589972], [-16.265346, 19.58943], [-16.265918, 19.589426], [-16.26592, 19.589697], [-16.266206, 19.589695], [-16.266204, 19.589424], [-16.26649, 19.589422], [-16.266488, 19.58915], [-16.266202, 19.589152], [-16.266197, 19.58861], [-16.266769, 19.588606], [-16.266772, 19.588877], [-16.267058, 19.588875], [-16.267051, 19.588062], [-16.267337, 19.58806], [-16.267331, 19.587247], [-16.266759, 19.587251], [-16.266748, 19.585896], [-16.266462, 19.585898], [-16.266464, 19.586169], [-16.266178, 19.586171], [-16.266185, 19.586984], [-16.265899, 19.586986], [-16.265903, 19.587528], [-16.266189, 19.587526], [-16.266195, 19.588339], [-16.265909, 19.588341], [-16.265905, 19.587799], [-16.265333, 19.587803], [-16.265329, 19.587261], [-16.265615, 19.587259], [-16.265613, 19.586988], [-16.265327, 19.58699], [-16.265325, 19.586719], [-16.265039, 19.586721], [-16.265037, 19.58645], [-16.264465, 19.586454], [-16.264467, 19.586725], [-16.264181, 19.586727], [-16.264179, 19.586456], [-16.263607, 19.58646], [-16.263609, 19.586731], [-16.263323, 19.586733], [-16.263325, 19.587004], [-16.263039, 19.587006], [-16.263043, 19.587548], [-16.262757, 19.58755], [-16.262755, 19.587279], [-16.262469, 19.587281], [-16.26245, 19.584842], [-16.262736, 19.58484], [-16.262734, 19.584569], [-16.26302, 19.584567], [-16.263018, 19.584296], [-16.264448, 19.584286], [-16.264443, 19.583744], [-16.264157, 19.583746], [-16.264155, 19.583475], [-16.263869, 19.583477], [-16.263865, 19.582934], [-16.264151, 19.582932], [-16.264149, 19.582661], [-16.264435, 19.582659], [-16.264433, 19.582388], [-16.264719, 19.582386], [-16.264708, 19.581031], [-16.264422, 19.581033], [-16.26442, 19.580762], [-16.264134, 19.580764], [-16.264122, 19.579138], [-16.264408, 19.579136], [-16.264395, 19.577509], [-16.264109, 19.577511], [-16.264113, 19.578054], [-16.263827, 19.578056], [-16.263831, 19.578598], [-16.263545, 19.5786], [-16.263547, 19.578871], [-16.263262, 19.578873], [-16.263266, 19.579415], [-16.26298, 19.579417], [-16.262984, 19.579959], [-16.262698, 19.579961], [-16.262704, 19.580774], [-16.262418, 19.580776], [-16.262421, 19.581047], [-16.262135, 19.581049], [-16.262137, 19.58132], [-16.261851, 19.581322], [-16.261853, 19.581593], [-16.261567, 19.581595], [-16.261569, 19.581866], [-16.261283, 19.581868], [-16.261287, 19.58241], [-16.261001, 19.582412], [-16.261005, 19.582954], [-16.260719, 19.582956], [-16.260724, 19.583499], [-16.260438, 19.583501], [-16.260442, 19.584043], [-16.260156, 19.584045], [-16.26016, 19.584587], [-16.259874, 19.584589], [-16.259878, 19.585131], [-16.259592, 19.585133], [-16.259597, 19.585675], [-16.259311, 19.585677], [-16.259313, 19.585948], [-16.259599, 19.585946], [-16.259603, 19.586488], [-16.260747, 19.58648], [-16.260749, 19.586751], [-16.261321, 19.586747], [-16.261325, 19.587289], [-16.261611, 19.587287], [-16.261615, 19.587829], [-16.261329, 19.587831], [-16.261334, 19.588373], [-16.260762, 19.588377], [-16.260764, 19.588648], [-16.260192, 19.588652], [-16.26019, 19.588381], [-16.259618, 19.588385], [-16.25962, 19.588656], [-16.259048, 19.58866], [-16.259046, 19.588389], [-16.25876, 19.588391], [-16.258751, 19.587307], [-16.258179, 19.587311], [-16.258181, 19.587582], [-16.257895, 19.587584], [-16.257898, 19.587855], [-16.257612, 19.587857], [-16.257641, 19.591652], [-16.257355, 19.591654], [-16.257357, 19.591925], [-16.257643, 19.591923], [-16.257645, 19.592194], [-16.258217, 19.59219], [-16.258213, 19.591648], [-16.258499, 19.591646], [-16.258493, 19.590833], [-16.258779, 19.590831], [-16.258777, 19.59056], [-16.259063, 19.590558], [-16.259067, 19.5911], [-16.259353, 19.591098], [-16.259357, 19.59164], [-16.259071, 19.591642], [-16.259079, 19.592726], [-16.258793, 19.592728], [-16.258798, 19.59327], [-16.259084, 19.593268], [-16.259086, 19.593539], [-16.2588, 19.593541], [-16.25881, 19.594897], [-16.259096, 19.594895], [-16.259098, 19.595166], [-16.25824, 19.595172], [-16.258243, 19.595443], [-16.258529, 19.595441], [-16.258539, 19.596796], [-16.258825, 19.596794], [-16.258831, 19.597607], [-16.259117, 19.597605]], [[-16.26449, 19.589707], [-16.264204, 19.589709], [-16.264202, 19.589438], [-16.263916, 19.58944], [-16.263912, 19.588897], [-16.264484, 19.588893], [-16.26449, 19.589707]], [[-16.265626, 19.588614], [-16.265054, 19.588618], [-16.265049, 19.588076], [-16.265621, 19.588072], [-16.265626, 19.588614]]]}, "properties": {"layer": "core", "exposure_min": 0.6, "area_ha": 78.75}}, {"type": "Feature", "geometry": {"type": "Polygon", "coordinates": [[[-16.271284, 19.580714], [-16.271275, 19.57963], [-16.271561, 19.579628], [-16.271555, 19.578814], [-16.271841, 19.578812], [-16.271834, 19.577999], [-16.27212, 19.577997], [-16.272118, 19.577726], [-16.27269, 19.577722], [-16.272686, 19.57718], [-16.272972, 19.577178], [-16.272965, 19.576365], [-16.272107, 19.576371], [-16.272105, 19.5761], [-16.271819, 19.576102], [-16.271815, 19.57556], [-16.271529, 19.575562], [-16.271527, 19.575291], [-16.271241, 19.575293], [-16.271245, 19.575835], [-16.271531, 19.575833], [-16.271538, 19.576646], [-16.272396, 19.57664], [-16.2724, 19.577182], [-16.271828, 19.577186], [-16.271832, 19.577728], [-16.271546, 19.57773], [-16.271552, 19.578543], [-16.271267, 19.578545], [-16.271269, 19.578816], [-16.270697, 19.578821], [-16.270705, 19.579905], [-16.270419, 19.579907], [-16.270421, 19.580178], [-16.270707, 19.580176], [-16.270709, 19.580447], [-16.270995, 19.580445], [-16.270998, 19.580716], [-16.271284, 19.580714]]]}, "properties": {"layer": "core", "exposure_min": 0.6, "area_ha": 3.96}}, {"type": "Feature", "geometry": {"type": "Polygon", "coordinates": [[[-16.395643, 19.575729], [-16.395641, 19.575458], [-16.395927, 19.575455], [-16.395922, 19.574913], [-16.395636, 19.574915], [-16.395631, 19.574373], [-16.395345, 19.574376], [-16.395343, 19.574105], [-16.394771, 19.574109], [-16.394778, 19.574922], [-16.394492, 19.574924], [-16.394494, 19.575195], [-16.394208, 19.575198], [-16.394211, 19.575469], [-16.394497, 19.575466], [-16.394499, 19.575737], [-16.394785, 19.575735], [-16.394783, 19.575464], [-16.395069, 19.575462], [-16.395071, 19.575733], [-16.395643, 19.575729]]]}, "properties": {"layer": "core", "exposure_min": 0.6, "area_ha": 1.98}}, {"type": "Feature", "geometry": {"type": "Polygon", "coordinates": [[[-16.39591, 19.573558], [-16.395908, 19.573287], [-16.396766, 19.57328], [-16.396763, 19.573009], [-16.397049, 19.573007], [-16.397045, 19.572465], [-16.397331, 19.572463], [-16.397326, 19.571921], [-16.39704, 19.571923], [-16.397042, 19.572194], [-16.396184, 19.572201], [-16.396187, 19.572472], [-16.395901, 19.572474], [-16.395903, 19.572745], [-16.395617, 19.572747], [-16.39562, 19.573018], [-16.395334, 19.57302], [-16.395338, 19.573563], [-16.39591, 19.573558]], [[-16.396761, 19.572738], [-16.396475, 19.572741], [-16.396473, 19.57247], [-16.396759, 19.572467], [-16.396761, 19.572738]]]}, "properties": {"layer": "core", "exposure_min": 0.6, "area_ha": 1.8}}, {"type": "Feature", "geometry": {"type": "Polygon", "coordinates": [[[-16.398486, 19.573809], [-16.398484, 19.573538], [-16.39877, 19.573536], [-16.398767, 19.573265], [-16.398481, 19.573267], [-16.398479, 19.572996], [-16.398193, 19.572998], [-16.398188, 19.572456], [-16.397902, 19.572458], [-16.397898, 19.571916], [-16.398184, 19.571914], [-16.398179, 19.571372], [-16.397607, 19.571377], [-16.397609, 19.571648], [-16.397324, 19.57165], [-16.397326, 19.571921], [-16.397612, 19.571919], [-16.397621, 19.573003], [-16.397907, 19.573001], [-16.397909, 19.573272], [-16.397338, 19.573276], [-16.397342, 19.573818], [-16.398486, 19.573809]]]}, "properties": {"layer": "core", "exposure_min": 0.6, "area_ha": 1.98}}, {"type": "Feature", "geometry": {"type": "Polygon", "coordinates": [[[-16.427593, 19.566805], [-16.42759, 19.566534], [-16.427876, 19.566532], [-16.427874, 19.566261], [-16.42816, 19.566258], [-16.428157, 19.565987], [-16.428729, 19.565983], [-16.428727, 19.565712], [-16.429299, 19.565707], [-16.429291, 19.564894], [-16.429005, 19.564896], [-16.429003, 19.564625], [-16.428717, 19.564628], [-16.428715, 19.564357], [-16.427857, 19.564363], [-16.427859, 19.564634], [-16.427288, 19.564639], [-16.42729, 19.56491], [-16.426718, 19.564915], [-16.42672, 19.565186], [-16.426435, 19.565188], [-16.426437, 19.565459], [-16.426151, 19.565461], [-16.426153, 19.565732], [-16.426439, 19.56573], [-16.426442, 19.566001], [-16.426728, 19.565999], [-16.426725, 19.565728], [-16.427011, 19.565725], [-16.427014, 19.565996], [-16.427299, 19.565994], [-16.427302, 19.566265], [-16.42673, 19.56627], [-16.426732, 19.566541], [-16.427304, 19.566536], [-16.427307, 19.566807], [-16.427593, 19.566805]], [[-16.42901, 19.565439], [-16.428724, 19.565441], [-16.428722, 19.56517], [-16.429008, 19.565168], [-16.42901, 19.565439]]]}, "properties": {"layer": "core", "exposure_min": 0.6, "area_ha": 4.77}}, {"type": "Feature", "geometry": {"type": "Polygon", "coordinates": [[[-16.270258, 19.559307], [-16.270256, 19.559036], [-16.270542, 19.559034], [-16.27054, 19.558763], [-16.270825, 19.558761], [-16.270823, 19.55849], [-16.270537, 19.558492], [-16.270535, 19.558221], [-16.271107, 19.558217], [-16.271103, 19.557675], [-16.271961, 19.557669], [-16.271959, 19.557398], [-16.272244, 19.557396], [-16.27224, 19.556854], [-16.271954, 19.556856], [-16.271952, 19.556585], [-16.271666, 19.556587], [-16.271668, 19.556858], [-16.271097, 19.556862], [-16.271094, 19.556591], [-16.270808, 19.556593], [-16.270806, 19.556322], [-16.27052, 19.556324], [-16.270523, 19.556595], [-16.270237, 19.556597], [-16.270241, 19.557139], [-16.269669, 19.557143], [-16.269671, 19.557414], [-16.269385, 19.557416], [-16.269387, 19.557687], [-16.269101, 19.557689], [-16.269108, 19.558502], [-16.268822, 19.558504], [-16.268824, 19.558775], [-16.26911, 19.558773], [-16.269112, 19.559044], [-16.269684, 19.55904], [-16.269686, 19.559311], [-16.270258, 19.559307]], [[-16.26997, 19.559038], [-16.269684, 19.55904], [-16.269677, 19.558227], [-16.269963, 19.558225], [-16.26997, 19.559038]]]}, "properties": {"layer": "core", "exposure_min": 0.6, "area_ha": 5.4}}, {"type": "Feature", "geometry": {"type": "Polygon", "coordinates": [[[-16.293113, 19.556705], [-16.293111, 19.556434], [-16.293397, 19.556432], [-16.293395, 19.556161], [-16.293681, 19.556159], [-16.293678, 19.555888], [-16.294536, 19.555882], [-16.294538, 19.556153], [-16.294824, 19.556151], [-16.294822, 19.55588], [-16.295108, 19.555878], [-16.295106, 19.555607], [-16.29482, 19.555609], [-16.294818, 19.555338], [-16.295104, 19.555336], [-16.295102, 19.555065], [-16.294244, 19.555071], [-16.294246, 19.555342], [-16.293674, 19.555346], [-16.293676, 19.555617], [-16.292818, 19.555623], [-16.292821, 19.555894], [-16.292535, 19.555896], [-16.292537, 19.556167], [-16.292823, 19.556165], [-16.292827, 19.556707], [-16.293113, 19.556705]]]}, "properties": {"layer": "core", "exposure_min": 0.6, "area_ha": 2.07}}, {"type": "Feature", "geometry": {"type": "Polygon", "coordinates": [[[-16.409409, 19.547432], [-16.409398, 19.546077], [-16.409112, 19.546079], [-16.409109, 19.545808], [-16.408823, 19.545811], [-16.408828, 19.546353], [-16.409114, 19.54635], [-16.409123, 19.547435], [-16.409409, 19.547432]]]}, "properties": {"layer": "core", "exposure_min": 0.6, "area_ha": 0.63}}, {"type": "Feature", "geometry": {"type": "Polygon", "coordinates": [[[-16.295907, 19.548554], [-16.295905, 19.548282], [-16.296191, 19.54828], [-16.296189, 19.548009], [-16.296475, 19.548007], [-16.296473, 19.547736], [-16.297045, 19.547732], [-16.297042, 19.547461], [-16.297614, 19.547457], [-16.297612, 19.547186], [-16.297898, 19.547184], [-16.297896, 19.546913], [-16.298753, 19.546907], [-16.298751, 19.546636], [-16.29675, 19.54665], [-16.296748, 19.546379], [-16.296176, 19.546383], [-16.296174, 19.546112], [-16.295888, 19.546114], [-16.29589, 19.546385], [-16.295604, 19.546387], [-16.295606, 19.546658], [-16.29532, 19.54666], [-16.295323, 19.546931], [-16.295608, 19.546929], [-16.295611, 19.5472], [-16.295325, 19.547202], [-16.295331, 19.548016], [-16.295045, 19.548018], [-16.29505, 19.54856], [-16.295907, 19.548554]]]}, "properties": {"layer": "core", "exposure_min": 0.6, "area_ha": 4.5}}, {"type": "Feature", "geometry": {"type": "Polygon", "coordinates": [[[-16.285918, 19.550793], [-16.285915, 19.550522], [-16.286487, 19.550518], [-16.286485, 19.550247], [-16.287057, 19.550243], [-16.287053, 19.549701], [-16.287339, 19.549699], [-16.287336, 19.549428], [-16.287622, 19.549426], [-16.287616, 19.548613], [-16.289331, 19.548601], [-16.289329, 19.54833], [-16.289615, 19.548327], [-16.289611, 19.547785], [-16.290183, 19.547781], [-16.290178, 19.547239], [-16.289892, 19.547241], [-16.28989, 19.54697], [-16.290462, 19.546966], [-16.29046, 19.546695], [-16.290746, 19.546693], [-16.290744, 19.546422], [-16.291601, 19.546416], [-16.291597, 19.545874], [-16.291311, 19.545876], [-16.291307, 19.545334], [-16.291021, 19.545336], [-16.291019, 19.545065], [-16.290447, 19.545069], [-16.290449, 19.54534], [-16.290163, 19.545342], [-16.290161, 19.545071], [-16.289589, 19.545075], [-16.289591, 19.545346], [-16.28902, 19.54535], [-16.289022, 19.545621], [-16.288164, 19.545627], [-16.288166, 19.545898], [-16.287594, 19.545902], [-16.287601, 19.546715], [-16.287315, 19.546718], [-16.287321, 19.547531], [-16.287035, 19.547533], [-16.287042, 19.548346], [-16.286756, 19.548348], [-16.286758, 19.548619], [-16.287044, 19.548617], [-16.287046, 19.548888], [-16.286474, 19.548892], [-16.286477, 19.549163], [-16.285905, 19.549167], [-16.285907, 19.549438], [-16.286193, 19.549436], [-16.286195, 19.549707], [-16.285909, 19.549709], [-16.285913, 19.550251], [-16.285627, 19.550253], [-16.285623, 19.549711], [-16.285337, 19.549713], [-16.285339, 19.549984], [-16.285053, 19.549986], [-16.285056, 19.550257], [-16.285341, 19.550255], [-16.285346, 19.550797], [-16.285918, 19.550793]]]}, "properties": {"layer": "core", "exposure_min": 0.6, "area_ha": 14.67}}, {"type": "Feature", "geometry": {"type": "Polygon", "coordinates": [[[-16.294746, 19.546393], [-16.294742, 19.545851], [-16.295314, 19.545847], [-16.295299, 19.54395], [-16.294441, 19.543956], [-16.294443, 19.544227], [-16.293871, 19.544231], [-16.293874, 19.544502], [-16.29273, 19.54451], [-16.292732, 19.544781], [-16.293018, 19.544779], [-16.29302, 19.54505], [-16.293306, 19.545048], [-16.293308, 19.545319], [-16.293594, 19.545317], [-16.293601, 19.546131], [-16.293315, 19.546133], [-16.293317, 19.546404], [-16.294746, 19.546393]], [[-16.295024, 19.545307], [-16.294738, 19.545309], [-16.294736, 19.545038], [-16.295022, 19.545036], [-16.295024, 19.545307]]]}, "properties": {"layer": "core", "exposure_min": 0.6, "area_ha": 4.68}}, {"type": "Feature", "geometry": {"type": "Polygon", "coordinates": [[[-16.290969, 19.538831], [-16.290963, 19.538018], [-16.290677, 19.53802], [-16.290675, 19.537749], [-16.290389, 19.537751], [-16.290385, 19.537209], [-16.290099, 19.537211], [-16.290105, 19.538024], [-16.290391, 19.538022], [-16.290395, 19.538564], [-16.290681, 19.538562], [-16.290683, 19.538833], [-16.290969, 19.538831]]]}, "properties": {"layer": "core", "exposure_min": 0.6, "area_ha": 0.81}}, {"type": "Feature", "geometry": {"type": "Polygon", "coordinates": [[[-16.424717, 19.532405], [-16.424712, 19.531862], [-16.424998, 19.53186], [-16.424996, 19.531589], [-16.424424, 19.531594], [-16.424426, 19.531865], [-16.42414, 19.531867], [-16.424145, 19.532409], [-16.424717, 19.532405]]]}, "properties": {"layer": "core", "exposure_min": 0.6, "area_ha": 0.54}}, {"type": "Feature", "geometry": {"type": "Polygon", "coordinates": [[[-16.289228, 19.53559], [-16.289224, 19.535048], [-16.288938, 19.53505], [-16.288929, 19.533966], [-16.288643, 19.533968], [-16.288639, 19.533426], [-16.288353, 19.533428], [-16.288336, 19.53126], [-16.288622, 19.531258], [-16.288611, 19.529903], [-16.288325, 19.529905], [-16.288334, 19.530989], [-16.287762, 19.530993], [-16.287764, 19.531264], [-16.28805, 19.531262], [-16.288052, 19.531533], [-16.287766, 19.531535], [-16.287777, 19.53289], [-16.288063, 19.532888], [-16.288072, 19.533972], [-16.288357, 19.53397], [-16.288362, 19.534512], [-16.288648, 19.53451], [-16.288654, 19.535323], [-16.28894, 19.535321], [-16.288942, 19.535592], [-16.289228, 19.53559]]]}, "properties": {"layer": "core", "exposure_min": 0.6, "area_ha": 2.97}}, {"type": "Feature", "geometry": {"type": "Polygon", "coordinates": [[[-16.290301, 19.526638], [-16.290292, 19.525554], [-16.290006, 19.525556], [-16.290004, 19.525285], [-16.289718, 19.525287], [-16.289722, 19.525829], [-16.289436, 19.525831], [-16.289439, 19.526102], [-16.289725, 19.5261], [-16.289727, 19.526371], [-16.290013, 19.526369], [-16.290015, 19.52664], [-16.290301, 19.526638]]]}, "properties": {"layer": "core", "exposure_min": 0.6, "area_ha": 0.81}}, {"type": "Feature", "geometry": {"type": "Polygon", "coordinates": [[[-16.423278, 19.531332], [-16.423269, 19.530248], [-16.423554, 19.530245], [-16.423552, 19.529974], [-16.423838, 19.529972], [-16.423843, 19.530514], [-16.424129, 19.530512], [-16.424133, 19.531054], [-16.424419, 19.531052], [-16.424417, 19.530781], [-16.42556, 19.530772], [-16.425553, 19.529958], [-16.426411, 19.529952], [-16.426406, 19.52941], [-16.426692, 19.529407], [-16.426687, 19.528865], [-16.426973, 19.528863], [-16.426968, 19.528321], [-16.42754, 19.528317], [-16.427538, 19.528045], [-16.427823, 19.528043], [-16.427821, 19.527772], [-16.428679, 19.527765], [-16.428676, 19.527494], [-16.428962, 19.527492], [-16.428957, 19.52695], [-16.429243, 19.526948], [-16.429229, 19.525322], [-16.429515, 19.525319], [-16.429512, 19.525048], [-16.429226, 19.525051], [-16.429224, 19.52478], [-16.428367, 19.524786], [-16.428359, 19.523973], [-16.428074, 19.523976], [-16.428071, 19.523704], [-16.427785, 19.523707], [-16.427783, 19.523436], [-16.428069, 19.523433], [-16.428064, 19.522891], [-16.427778, 19.522894], [-16.427776, 19.522623], [-16.42749, 19.522625], [-16.427492, 19.522896], [-16.427206, 19.522898], [-16.427204, 19.522627], [-16.426918, 19.522629], [-16.426911, 19.521816], [-16.426625, 19.521819], [-16.42662, 19.521276], [-16.426906, 19.521274], [-16.426904, 19.521003], [-16.426618, 19.521005], [-16.426609, 19.519921], [-16.426323, 19.519924], [-16.426318, 19.519382], [-16.426032, 19.519384], [-16.426039, 19.520197], [-16.425753, 19.520199], [-16.425758, 19.520741], [-16.425472, 19.520743], [-16.425465, 19.51993], [-16.425179, 19.519933], [-16.425184, 19.520475], [-16.424898, 19.520477], [-16.424908, 19.521561], [-16.424622, 19.521563], [-16.424603, 19.519395], [-16.424317, 19.519397], [-16.424346, 19.52265], [-16.424631, 19.522647], [-16.424641, 19.523732], [-16.424927, 19.523729], [-16.424929, 19.524], [-16.424643, 19.524003], [-16.424653, 19.525087], [-16.424367, 19.525089], [-16.424372, 19.525631], [-16.424086, 19.525633], [-16.424091, 19.526175], [-16.424376, 19.526173], [-16.424379, 19.526444], [-16.424093, 19.526446], [-16.424095, 19.526717], [-16.423809, 19.52672], [-16.423817, 19.527533], [-16.423531, 19.527535], [-16.423538, 19.528348], [-16.423252, 19.52835], [-16.423257, 19.528892], [-16.422971, 19.528895], [-16.422978, 19.529708], [-16.423264, 19.529705], [-16.423266, 19.529977], [-16.42298, 19.529979], [-16.422992, 19.531334], [-16.423278, 19.531332]], [[-16.424986, 19.530505], [-16.4247, 19.530507], [-16.424698, 19.530236], [-16.424412, 19.530239], [-16.424405, 19.529425], [-16.424977, 19.529421], [-16.424979, 19.529692], [-16.425265, 19.52969], [-16.425267, 19.529961], [-16.424981, 19.529963], [-16.424986, 19.530505]], [[-16.424117, 19.529157], [-16.423831, 19.529159], [-16.423826, 19.528617], [-16.424112, 19.528615], [-16.424117, 19.529157]], [[-16.424395, 19.528341], [-16.42411, 19.528344], [-16.424102, 19.52753], [-16.424388, 19.527528], [-16.424384, 19.526986], [-16.424669, 19.526984], [-16.424674, 19.527526], [-16.42496, 19.527524], [-16.424958, 19.527253], [-16.425244, 19.52725], [-16.425248, 19.527792], [-16.424962, 19.527795], [-16.424965, 19.528066], [-16.424393, 19.52807], [-16.424395, 19.528341]], [[-16.424955, 19.526982], [-16.424669, 19.526984], [-16.424667, 19.526713], [-16.424953, 19.526711], [-16.424955, 19.526982]], [[-16.425517, 19.525893], [-16.425232, 19.525895], [-16.425229, 19.525624], [-16.425515, 19.525622], [-16.425517, 19.525893]], [[-16.428081, 19.524789], [-16.427795, 19.524791], [-16.427792, 19.52452], [-16.428078, 19.524518], [-16.428081, 19.524789]], [[-16.425763, 19.521283], [-16.425477, 19.521286], [-16.425475, 19.521014], [-16.425761, 19.521012], [-16.425763, 19.521283]]]}, "properties": {"layer": "core", "exposure_min": 0.6, "area_ha": 42.21}}, {"type": "Feature", "geometry": {"type": "Polygon", "coordinates": [[[-16.316564, 19.486603], [-16.316558, 19.485789], [-16.316272, 19.485792], [-16.316267, 19.485249], [-16.315982, 19.485252], [-16.315977, 19.484709], [-16.315692, 19.484712], [-16.315689, 19.48444], [-16.315975, 19.484438], [-16.315971, 19.483896], [-16.316257, 19.483894], [-16.316252, 19.483352], [-16.315966, 19.483354], [-16.315969, 19.483625], [-16.315683, 19.483627], [-16.315687, 19.484169], [-16.315401, 19.484171], [-16.31541, 19.485256], [-16.315696, 19.485254], [-16.3157, 19.485796], [-16.315986, 19.485794], [-16.315988, 19.486065], [-16.316274, 19.486063], [-16.316278, 19.486605], [-16.316564, 19.486603]]]}, "properties": {"layer": "core", "exposure_min": 0.6, "area_ha": 1.71}}, {"type": "Feature", "geometry": {"type": "Polygon", "coordinates": [[[-16.376307, 19.487514], [-16.376305, 19.487243], [-16.376877, 19.487238], [-16.376874, 19.486967], [-16.377446, 19.486963], [-16.377444, 19.486692], [-16.378015, 19.486687], [-16.378013, 19.486416], [-16.378299, 19.486414], [-16.378296, 19.486143], [-16.378582, 19.486141], [-16.37858, 19.48587], [-16.378866, 19.485868], [-16.378863, 19.485597], [-16.379149, 19.485595], [-16.379147, 19.485324], [-16.379433, 19.485321], [-16.37943, 19.48505], [-16.379716, 19.485048], [-16.379714, 19.484777], [-16.38, 19.484775], [-16.379997, 19.484504], [-16.380283, 19.484502], [-16.380281, 19.484231], [-16.380567, 19.484229], [-16.380564, 19.483958], [-16.38085, 19.483955], [-16.380848, 19.483684], [-16.381134, 19.483682], [-16.381131, 19.483411], [-16.381417, 19.483409], [-16.381415, 19.483138], [-16.381701, 19.483136], [-16.381696, 19.482594], [-16.381125, 19.482598], [-16.381129, 19.48314], [-16.380843, 19.483142], [-16.380846, 19.483413], [-16.38056, 19.483415], [-16.380562, 19.483686], [-16.380276, 19.483689], [-16.380279, 19.48396], [-16.379993, 19.483962], [-16.379995, 19.484233], [-16.379709, 19.484235], [-16.379712, 19.484506], [-16.379426, 19.484508], [-16.379428, 19.484779], [-16.379142, 19.484782], [-16.379145, 19.485053], [-16.378573, 19.485057], [-16.378575, 19.485328], [-16.377718, 19.485334], [-16.37772, 19.485605], [-16.377435, 19.485608], [-16.377437, 19.485879], [-16.376579, 19.485885], [-16.376582, 19.486156], [-16.374581, 19.486171], [-16.374579, 19.4859], [-16.374293, 19.485903], [-16.374284, 19.484818], [-16.373712, 19.484823], [-16.373717, 19.485365], [-16.373431, 19.485367], [-16.373436, 19.485909], [-16.37315, 19.485911], [-16.373154, 19.486453], [-16.372869, 19.486456], [-16.372876, 19.487269], [-16.373161, 19.487266], [-16.373164, 19.487537], [-16.376307, 19.487514]], [[-16.374019, 19.48726], [-16.373447, 19.487264], [-16.373445, 19.486993], [-16.373159, 19.486995], [-16.373154, 19.486453], [-16.37344, 19.486451], [-16.373443, 19.486722], [-16.373728, 19.48672], [-16.373731, 19.486991], [-16.374016, 19.486989], [-16.374019, 19.48726]]]}, "properties": {"layer": "core", "exposure_min": 0.6, "area_ha": 11.25}}, {"type": "Feature", "geometry": {"type": "Polygon", "coordinates": [[[-16.382265, 19.482318], [-16.382263, 19.482047], [-16.382549, 19.482045], [-16.382544, 19.481503], [-16.38283, 19.481501], [-16.382825, 19.480959], [-16.383111, 19.480956], [-16.383107, 19.480414], [-16.383392, 19.480412], [-16.383388, 19.47987], [-16.383674, 19.479868], [-16.383667, 19.479055], [-16.383381, 19.479057], [-16.383383, 19.479328], [-16.383097, 19.47933], [-16.3831, 19.479601], [-16.382814, 19.479603], [-16.382816, 19.479875], [-16.383102, 19.479872], [-16.383104, 19.480143], [-16.382819, 19.480146], [-16.382823, 19.480688], [-16.382537, 19.48069], [-16.382542, 19.481232], [-16.382256, 19.481234], [-16.382258, 19.481505], [-16.381973, 19.481507], [-16.381977, 19.482049], [-16.381691, 19.482052], [-16.381694, 19.482323], [-16.382265, 19.482318]]]}, "properties": {"layer": "core", "exposure_min": 0.6, "area_ha": 1.89}}, {"type": "Feature", "geometry": {"type": "Polygon", "coordinates": [[[-16.316538, 19.48335], [-16.316534, 19.482808], [-16.316819, 19.482806], [-16.316817, 19.482535], [-16.317103, 19.482533], [-16.317101, 19.482262], [-16.317387, 19.48226], [-16.317384, 19.481989], [-16.31767, 19.481987], [-16.317668, 19.481715], [-16.317954, 19.481713], [-16.317952, 19.481442], [-16.317094, 19.481449], [-16.317085, 19.480364], [-16.317371, 19.480362], [-16.317369, 19.480091], [-16.317655, 19.480089], [-16.317653, 19.479818], [-16.317938, 19.479816], [-16.317936, 19.479545], [-16.318222, 19.479543], [-16.31822, 19.479272], [-16.318506, 19.47927], [-16.318503, 19.478999], [-16.319075, 19.478995], [-16.319073, 19.478724], [-16.319359, 19.478722], [-16.319356, 19.47845], [-16.319642, 19.478448], [-16.31964, 19.478177], [-16.319926, 19.478175], [-16.319924, 19.477904], [-16.319352, 19.477908], [-16.319354, 19.478179], [-16.319068, 19.478181], [-16.319071, 19.478453], [-16.318499, 19.478457], [-16.318501, 19.478728], [-16.31793, 19.478732], [-16.317932, 19.479003], [-16.317646, 19.479005], [-16.317648, 19.479276], [-16.317362, 19.479278], [-16.317365, 19.479549], [-16.317079, 19.479551], [-16.317081, 19.479822], [-16.316795, 19.479824], [-16.3168, 19.480366], [-16.316514, 19.480369], [-16.316523, 19.481453], [-16.316237, 19.481455], [-16.316252, 19.483352], [-16.316538, 19.48335]]]}, "properties": {"layer": "core", "exposure_min": 0.6, "area_ha": 4.95}}, {"type": "Feature", "geometry": {"type": "Polygon", "coordinates": [[[-16.299953, 19.482386], [-16.299951, 19.482115], [-16.300237, 19.482113], [-16.300235, 19.481841], [-16.300806, 19.481837], [-16.3008, 19.481024], [-16.301085, 19.481022], [-16.301079, 19.480209], [-16.301365, 19.480207], [-16.30136, 19.479665], [-16.301646, 19.479663], [-16.301644, 19.479392], [-16.30193, 19.47939], [-16.301926, 19.478848], [-16.302211, 19.478846], [-16.302207, 19.478303], [-16.302779, 19.478299], [-16.302776, 19.478028], [-16.302491, 19.47803], [-16.302488, 19.477759], [-16.302203, 19.477761], [-16.302192, 19.476406], [-16.301049, 19.476414], [-16.301042, 19.475601], [-16.300756, 19.475603], [-16.300759, 19.475874], [-16.299044, 19.475887], [-16.299046, 19.476158], [-16.298474, 19.476162], [-16.298477, 19.476433], [-16.298191, 19.476435], [-16.298195, 19.476977], [-16.298481, 19.476975], [-16.298485, 19.477517], [-16.298199, 19.477519], [-16.298204, 19.478061], [-16.298775, 19.478057], [-16.29878, 19.478599], [-16.298494, 19.478601], [-16.298492, 19.47833], [-16.29792, 19.478334], [-16.297924, 19.478876], [-16.297639, 19.478878], [-16.297641, 19.479149], [-16.298212, 19.479145], [-16.298215, 19.479416], [-16.297929, 19.479418], [-16.297933, 19.479961], [-16.298219, 19.479958], [-16.298232, 19.481585], [-16.298803, 19.481581], [-16.298806, 19.481852], [-16.299091, 19.48185], [-16.299094, 19.482121], [-16.299379, 19.482119], [-16.299382, 19.48239], [-16.299953, 19.482386]], [[-16.300202, 19.477776], [-16.299916, 19.477778], [-16.299912, 19.477236], [-16.300198, 19.477234], [-16.300202, 19.477776]]]}, "properties": {"layer": "core", "exposure_min": 0.6, "area_ha": 23.94}}, {"type": "Feature", "geometry": {"type": "Polygon", "coordinates": [[[-16.321904, 19.47545], [-16.321902, 19.475179], [-16.322759, 19.475173], [-16.322755, 19.474631], [-16.322469, 19.474633], [-16.322467, 19.474362], [-16.322181, 19.474364], [-16.322177, 19.473822], [-16.322463, 19.47382], [-16.322456, 19.473007], [-16.322742, 19.473005], [-16.322737, 19.472462], [-16.323023, 19.47246], [-16.323021, 19.472189], [-16.323307, 19.472187], [-16.323305, 19.471916], [-16.323876, 19.471912], [-16.323872, 19.47137], [-16.323586, 19.471372], [-16.323588, 19.471643], [-16.323017, 19.471647], [-16.323019, 19.471918], [-16.322733, 19.47192], [-16.322735, 19.472191], [-16.322449, 19.472194], [-16.322454, 19.472736], [-16.322168, 19.472738], [-16.322172, 19.47328], [-16.321887, 19.473282], [-16.321893, 19.474095], [-16.321608, 19.474097], [-16.321614, 19.47491], [-16.321328, 19.474912], [-16.321333, 19.475454], [-16.321904, 19.47545]]]}, "properties": {"layer": "core", "exposure_min": 0.6, "area_ha": 2.97}}, {"type": "Feature", "geometry": {"type": "Polygon", "coordinates": [[[-16.323584, 19.471101], [-16.323582, 19.47083], [-16.323867, 19.470828], [-16.323865, 19.470557], [-16.324151, 19.470555], [-16.324149, 19.470284], [-16.324434, 19.470282], [-16.324432, 19.470011], [-16.324718, 19.470008], [-16.324722, 19.470551], [-16.325008, 19.470548], [-16.325006, 19.470277], [-16.325292, 19.470275], [-16.325283, 19.469191], [-16.324997, 19.469193], [-16.324995, 19.468922], [-16.325281, 19.46892], [-16.325276, 19.468378], [-16.324991, 19.46838], [-16.324993, 19.468651], [-16.324135, 19.468657], [-16.324138, 19.468928], [-16.323852, 19.468931], [-16.323856, 19.469473], [-16.323571, 19.469475], [-16.323573, 19.469746], [-16.323287, 19.469748], [-16.323291, 19.47029], [-16.32272, 19.470294], [-16.322724, 19.470836], [-16.32301, 19.470834], [-16.323012, 19.471105], [-16.323584, 19.471101]], [[-16.323296, 19.470832], [-16.32301, 19.470834], [-16.323008, 19.470563], [-16.323294, 19.470561], [-16.323296, 19.470832]], [[-16.325004, 19.470006], [-16.324718, 19.470008], [-16.324716, 19.469737], [-16.325002, 19.469735], [-16.325004, 19.470006]]]}, "properties": {"layer": "core", "exposure_min": 0.6, "area_ha": 3.87}}, {"type": "Feature", "geometry": {"type": "Polygon", "coordinates": [[[-16.431425, 19.482478], [-16.431422, 19.482207], [-16.431994, 19.482203], [-16.431992, 19.481932], [-16.432277, 19.48193], [-16.432265, 19.480574], [-16.432837, 19.48057], [-16.43283, 19.479757], [-16.433116, 19.479755], [-16.433113, 19.479484], [-16.433685, 19.479479], [-16.433682, 19.479208], [-16.433968, 19.479206], [-16.433966, 19.478935], [-16.434823, 19.478928], [-16.43483, 19.479741], [-16.435116, 19.479739], [-16.435114, 19.479468], [-16.435399, 19.479465], [-16.435397, 19.479194], [-16.435683, 19.479192], [-16.43568, 19.478921], [-16.435966, 19.478919], [-16.435964, 19.478648], [-16.43625, 19.478646], [-16.436245, 19.478103], [-16.436531, 19.478101], [-16.436528, 19.47783], [-16.436814, 19.477828], [-16.436809, 19.477286], [-16.437095, 19.477284], [-16.437093, 19.477013], [-16.437378, 19.47701], [-16.437376, 19.476739], [-16.437662, 19.476737], [-16.437657, 19.476195], [-16.437943, 19.476193], [-16.437935, 19.47538], [-16.438221, 19.475377], [-16.438214, 19.474564], [-16.4385, 19.474562], [-16.438495, 19.47402], [-16.438781, 19.474018], [-16.438778, 19.473747], [-16.43935, 19.473742], [-16.439345, 19.4732], [-16.439917, 19.473195], [-16.439914, 19.472924], [-16.4402, 19.472922], [-16.440198, 19.472651], [-16.440483, 19.472649], [-16.440481, 19.472378], [-16.440767, 19.472376], [-16.440762, 19.471833], [-16.441048, 19.471831], [-16.441043, 19.471289], [-16.441329, 19.471287], [-16.441326, 19.471016], [-16.441612, 19.471014], [-16.44161, 19.470743], [-16.441895, 19.47074], [-16.441893, 19.470469], [-16.442179, 19.470467], [-16.442174, 19.469925], [-16.44246, 19.469923], [-16.442436, 19.467212], [-16.442722, 19.46721], [-16.442719, 19.466939], [-16.442433, 19.466941], [-16.442419, 19.465315], [-16.442133, 19.465317], [-16.442131, 19.465046], [-16.440702, 19.465058], [-16.4407, 19.464787], [-16.440128, 19.464791], [-16.440131, 19.465062], [-16.439273, 19.465069], [-16.439276, 19.46534], [-16.438704, 19.465345], [-16.438707, 19.465616], [-16.437849, 19.465622], [-16.437852, 19.465893], [-16.437566, 19.465896], [-16.437568, 19.466167], [-16.436711, 19.466174], [-16.436716, 19.466716], [-16.436144, 19.46672], [-16.436147, 19.466991], [-16.435861, 19.466993], [-16.435863, 19.467265], [-16.435292, 19.467269], [-16.435294, 19.46754], [-16.434437, 19.467547], [-16.434439, 19.467818], [-16.433868, 19.467822], [-16.43387, 19.468093], [-16.433013, 19.4681], [-16.433015, 19.468371], [-16.431872, 19.46838], [-16.431875, 19.468651], [-16.430446, 19.468663], [-16.430448, 19.468934], [-16.429877, 19.468938], [-16.429879, 19.469209], [-16.429308, 19.469214], [-16.42931, 19.469485], [-16.42731, 19.4695], [-16.427312, 19.469772], [-16.426741, 19.469776], [-16.426743, 19.470047], [-16.425886, 19.470054], [-16.425888, 19.470325], [-16.425317, 19.470329], [-16.425319, 19.4706], [-16.425033, 19.470603], [-16.425031, 19.470332], [-16.424459, 19.470336], [-16.424462, 19.470607], [-16.423033, 19.470618], [-16.423035, 19.470889], [-16.422464, 19.470894], [-16.422461, 19.470623], [-16.42189, 19.470627], [-16.421888, 19.470356], [-16.421316, 19.470361], [-16.421314, 19.47009], [-16.420742, 19.470094], [-16.42074, 19.469823], [-16.420454, 19.469825], [-16.420452, 19.469554], [-16.420166, 19.469557], [-16.420164, 19.469286], [-16.419878, 19.469288], [-16.419866, 19.467933], [-16.41958, 19.467935], [-16.419554, 19.464954], [-16.41984, 19.464951], [-16.419833, 19.464138], [-16.420119, 19.464136], [-16.420116, 19.463865], [-16.420402, 19.463863], [-16.4204, 19.463592], [-16.420685, 19.463589], [-16.420683, 19.463318], [-16.420969, 19.463316], [-16.420955, 19.46169], [-16.42124, 19.461688], [-16.421236, 19.461146], [-16.422664, 19.461134], [-16.422662, 19.460863], [-16.422948, 19.460861], [-16.422943, 19.460319], [-16.423229, 19.460317], [-16.423226, 19.460046], [-16.423798, 19.460041], [-16.423793, 19.459499], [-16.424079, 19.459497], [-16.424077, 19.459226], [-16.424362, 19.459224], [-16.42436, 19.458953], [-16.424074, 19.458955], [-16.424072, 19.458684], [-16.424358, 19.458682], [-16.42435, 19.457869], [-16.424065, 19.457871], [-16.424055, 19.456787], [-16.424341, 19.456784], [-16.424339, 19.456513], [-16.42491, 19.456509], [-16.424908, 19.456238], [-16.425479, 19.456233], [-16.425474, 19.455691], [-16.42576, 19.455689], [-16.425748, 19.454334], [-16.426034, 19.454332], [-16.426029, 19.45379], [-16.425744, 19.453792], [-16.425746, 19.454063], [-16.425175, 19.454067], [-16.425177, 19.454338], [-16.424891, 19.454341], [-16.424898, 19.455154], [-16.424613, 19.455156], [-16.424615, 19.455427], [-16.424043, 19.455432], [-16.424051, 19.456245], [-16.423479, 19.456249], [-16.423486, 19.457062], [-16.4232, 19.457064], [-16.423205, 19.457607], [-16.422919, 19.457609], [-16.422922, 19.45788], [-16.423208, 19.457878], [-16.42321, 19.458149], [-16.423496, 19.458146], [-16.423493, 19.457875], [-16.423779, 19.457873], [-16.423791, 19.459228], [-16.423505, 19.45923], [-16.423507, 19.459501], [-16.423222, 19.459504], [-16.423219, 19.459233], [-16.422934, 19.459235], [-16.422936, 19.459506], [-16.422364, 19.45951], [-16.422367, 19.459781], [-16.422081, 19.459784], [-16.422069, 19.458429], [-16.421784, 19.458431], [-16.421765, 19.456263], [-16.42205, 19.45626], [-16.422046, 19.455718], [-16.42176, 19.45572], [-16.421762, 19.455992], [-16.421477, 19.455994], [-16.421484, 19.456807], [-16.421198, 19.456809], [-16.421203, 19.457351], [-16.420917, 19.457353], [-16.420922, 19.457895], [-16.420636, 19.457898], [-16.420641, 19.45844], [-16.420355, 19.458442], [-16.420357, 19.458713], [-16.420071, 19.458715], [-16.420076, 19.459257], [-16.41979, 19.45926], [-16.419786, 19.458718], [-16.4195, 19.45872], [-16.419505, 19.459262], [-16.419219, 19.459264], [-16.419221, 19.459535], [-16.419507, 19.459533], [-16.419517, 19.460617], [-16.419231, 19.460619], [-16.419235, 19.461161], [-16.41895, 19.461164], [-16.418952, 19.461435], [-16.419238, 19.461432], [-16.41925, 19.462787], [-16.418964, 19.46279], [-16.418969, 19.463332], [-16.418683, 19.463334], [-16.418685, 19.463605], [-16.418399, 19.463607], [-16.418402, 19.463878], [-16.418116, 19.463881], [-16.418118, 19.464152], [-16.417833, 19.464154], [-16.417835, 19.464425], [-16.417549, 19.464427], [-16.417552, 19.464698], [-16.417266, 19.4647], [-16.417264, 19.464429], [-16.416978, 19.464432], [-16.416973, 19.46389], [-16.41583, 19.463898], [-16.415835, 19.464441], [-16.415549, 19.464443], [-16.415551, 19.464714], [-16.415266, 19.464716], [-16.415268, 19.464987], [-16.414982, 19.464989], [-16.414989, 19.465802], [-16.414704, 19.465805], [-16.414708, 19.466347], [-16.414422, 19.466349], [-16.41442, 19.466078], [-16.413849, 19.466082], [-16.41386, 19.467438], [-16.413575, 19.46744], [-16.413572, 19.467169], [-16.413287, 19.467171], [-16.413284, 19.4669], [-16.412998, 19.466902], [-16.413003, 19.467444], [-16.412717, 19.467446], [-16.41272, 19.467717], [-16.412434, 19.46772], [-16.412436, 19.467991], [-16.412151, 19.467993], [-16.412153, 19.468264], [-16.411867, 19.468266], [-16.411872, 19.468808], [-16.411586, 19.46881], [-16.411591, 19.469353], [-16.411019, 19.469357], [-16.411017, 19.469086], [-16.410731, 19.469088], [-16.410733, 19.469359], [-16.410162, 19.469364], [-16.410169, 19.470177], [-16.410455, 19.470175], [-16.410462, 19.470988], [-16.410176, 19.47099], [-16.410178, 19.471261], [-16.41075, 19.471256], [-16.410743, 19.470443], [-16.411029, 19.470441], [-16.411031, 19.470712], [-16.411317, 19.47071], [-16.411319, 19.470981], [-16.411605, 19.470979], [-16.411607, 19.47125], [-16.411893, 19.471248], [-16.411895, 19.471519], [-16.41161, 19.471521], [-16.411614, 19.472063], [-16.4119, 19.472061], [-16.411902, 19.472332], [-16.412188, 19.472329], [-16.41219, 19.472601], [-16.412476, 19.472598], [-16.412479, 19.472869], [-16.412193, 19.472872], [-16.412198, 19.473414], [-16.411912, 19.473416], [-16.411914, 19.473687], [-16.411628, 19.473689], [-16.411631, 19.47396], [-16.411345, 19.473962], [-16.41135, 19.474504], [-16.411064, 19.474507], [-16.411066, 19.474778], [-16.41078, 19.47478], [-16.410783, 19.475051], [-16.410497, 19.475053], [-16.410509, 19.476408], [-16.410223, 19.476411], [-16.410228, 19.476953], [-16.410513, 19.47695], [-16.410516, 19.477221], [-16.410802, 19.477219], [-16.410806, 19.477761], [-16.411664, 19.477755], [-16.411661, 19.477484], [-16.411947, 19.477481], [-16.411949, 19.477752], [-16.412521, 19.477748], [-16.412526, 19.47829], [-16.413097, 19.478286], [-16.413099, 19.478557], [-16.415386, 19.478539], [-16.415393, 19.479352], [-16.419394, 19.479321], [-16.419396, 19.479592], [-16.421682, 19.479574], [-16.42168, 19.479303], [-16.422823, 19.479294], [-16.422821, 19.479023], [-16.423106, 19.47902], [-16.423109, 19.479291], [-16.423394, 19.479289], [-16.423399, 19.479831], [-16.423971, 19.479827], [-16.423973, 19.480098], [-16.424259, 19.480095], [-16.424257, 19.479824], [-16.424542, 19.479822], [-16.42454, 19.479551], [-16.425111, 19.479547], [-16.425107, 19.479005], [-16.425393, 19.479002], [-16.425395, 19.479273], [-16.425681, 19.479271], [-16.425683, 19.479542], [-16.425969, 19.47954], [-16.425971, 19.479811], [-16.426257, 19.479809], [-16.426262, 19.480351], [-16.426547, 19.480349], [-16.426552, 19.480891], [-16.42741, 19.480884], [-16.427407, 19.480613], [-16.427979, 19.480608], [-16.427981, 19.480879], [-16.428553, 19.480875], [-16.428555, 19.481146], [-16.428841, 19.481144], [-16.428843, 19.481415], [-16.429415, 19.48141], [-16.429412, 19.481139], [-16.429984, 19.481135], [-16.429986, 19.481406], [-16.430272, 19.481403], [-16.430282, 19.482487], [-16.431425, 19.482478]], [[-16.428838, 19.480873], [-16.428553, 19.480875], [-16.42855, 19.480604], [-16.428836, 19.480602], [-16.428838, 19.480873]], [[-16.428538, 19.479249], [-16.427967, 19.479253], [-16.427964, 19.478982], [-16.428536, 19.478978], [-16.428538, 19.479249]], [[-16.431391, 19.478684], [-16.43082, 19.478689], [-16.430817, 19.478417], [-16.430532, 19.47842], [-16.430517, 19.476794], [-16.430232, 19.476796], [-16.430229, 19.476525], [-16.429944, 19.476527], [-16.429941, 19.476256], [-16.431084, 19.476247], [-16.431087, 19.476518], [-16.430801, 19.47652], [-16.430803, 19.476791], [-16.432232, 19.47678], [-16.432239, 19.477593], [-16.431953, 19.477595], [-16.431958, 19.478137], [-16.431387, 19.478142], [-16.431391, 19.478684]], [[-16.422806, 19.477396], [-16.422521, 19.477399], [-16.422518, 19.477128], [-16.422804, 19.477125], [-16.422806, 19.477396]], [[-16.421949, 19.477403], [-16.421663, 19.477405], [-16.421661, 19.477134], [-16.421375, 19.477137], [-16.421377, 19.477408], [-16.421092, 19.47741], [-16.421087, 19.476868], [-16.421373, 19.476866], [-16.42137, 19.476594], [-16.421656, 19.476592], [-16.421659, 19.476863], [-16.422516, 19.476857], [-16.422518, 19.477128], [-16.421947, 19.477132], [-16.421949, 19.477403]], [[-16.437093, 19.477013], [-16.436521, 19.477017], [-16.436519, 19.476746], [-16.436233, 19.476748], [-16.436228, 19.476206], [-16.435942, 19.476209], [-16.435918, 19.473498], [-16.436204, 19.473496], [-16.436202, 19.473225], [-16.436488, 19.473223], [-16.436485, 19.472952], [-16.437057, 19.472947], [-16.437054, 19.472676], [-16.43734, 19.472674], [-16.437335, 19.472132], [-16.437621, 19.472129], [-16.437619, 19.471858], [-16.437904, 19.471856], [-16.437902, 19.471585], [-16.438188, 19.471583], [-16.438185, 19.471312], [-16.438471, 19.47131], [-16.438469, 19.471039], [-16.438755, 19.471036], [-16.438762, 19.471849], [-16.439047, 19.471847], [-16.43905, 19.472118], [-16.438764, 19.47212], [-16.438766, 19.472391], [-16.438481, 19.472394], [-16.438485, 19.472936], [-16.4382, 19.472938], [-16.438202, 19.473209], [-16.437916, 19.473211], [-16.437931, 19.474838], [-16.437073, 19.474844], [-16.437076, 19.475115], [-16.436504, 19.47512], [-16.436507, 19.475391], [-16.436792, 19.475389], [-16.436797, 19.475931], [-16.437083, 19.475928], [-16.437081, 19.475657], [-16.437366, 19.475655], [-16.437374, 19.476468], [-16.437088, 19.47647], [-16.437093, 19.477013]], [[-16.429948, 19.477069], [-16.429377, 19.477074], [-16.429374, 19.476803], [-16.429946, 19.476798], [-16.429948, 19.477069]], [[-16.432518, 19.476778], [-16.432232, 19.47678], [-16.43223, 19.476509], [-16.432515, 19.476507], [-16.432518, 19.476778]], [[-16.425374, 19.476834], [-16.424516, 19.476841], [-16.424514, 19.47657], [-16.424228, 19.476572], [-16.424223, 19.47603], [-16.424509, 19.476028], [-16.424512, 19.476299], [-16.424797, 19.476297], [-16.424795, 19.476025], [-16.425366, 19.476021], [-16.425374, 19.476834]], [[-16.43423, 19.476493], [-16.433659, 19.476498], [-16.433656, 19.476227], [-16.43337, 19.476229], [-16.433366, 19.475687], [-16.433651, 19.475685], [-16.433647, 19.475143], [-16.433361, 19.475145], [-16.433347, 19.473519], [-16.433061, 19.473521], [-16.433056, 19.472979], [-16.433342, 19.472977], [-16.433337, 19.472434], [-16.433623, 19.472432], [-16.43362, 19.472161], [-16.433906, 19.472159], [-16.433911, 19.472701], [-16.434197, 19.472699], [-16.434192, 19.472157], [-16.434478, 19.472154], [-16.434473, 19.471612], [-16.434759, 19.47161], [-16.434756, 19.471339], [-16.435042, 19.471337], [-16.435037, 19.470795], [-16.435323, 19.470792], [-16.435321, 19.470521], [-16.435606, 19.470519], [-16.435604, 19.470248], [-16.43589, 19.470246], [-16.435875, 19.46862], [-16.436447, 19.468615], [-16.436445, 19.468344], [-16.437016, 19.46834], [-16.437014, 19.468069], [-16.437299, 19.468066], [-16.437295, 19.467524], [-16.43758, 19.467522], [-16.437578, 19.467251], [-16.437864, 19.467249], [-16.437861, 19.466978], [-16.438147, 19.466975], [-16.438145, 19.466704], [-16.43843, 19.466702], [-16.438428, 19.466431], [-16.439, 19.466426], [-16.438997, 19.466155], [-16.439569, 19.466151], [-16.439566, 19.46588], [-16.440424, 19.465873], [-16.440426, 19.466144], [-16.440712, 19.466142], [-16.440714, 19.466413], [-16.440143, 19.466417], [-16.440145, 19.466688], [-16.439573, 19.466693], [-16.439576, 19.466964], [-16.43929, 19.466966], [-16.439295, 19.467508], [-16.439009, 19.467511], [-16.439014, 19.468053], [-16.438728, 19.468055], [-16.438733, 19.468597], [-16.438447, 19.468599], [-16.438452, 19.469141], [-16.438166, 19.469144], [-16.438173, 19.469957], [-16.437888, 19.469959], [-16.43789, 19.47023], [-16.437604, 19.470232], [-16.437607, 19.470503], [-16.437035, 19.470508], [-16.437038, 19.470779], [-16.436752, 19.470781], [-16.436754, 19.471052], [-16.436183, 19.471057], [-16.436185, 19.471328], [-16.435899, 19.47133], [-16.435904, 19.471872], [-16.435618, 19.471874], [-16.435623, 19.472416], [-16.435337, 19.472419], [-16.43534, 19.47269], [-16.435054, 19.472692], [-16.435059, 19.473234], [-16.434773, 19.473236], [-16.43478, 19.474049], [-16.434494, 19.474052], [-16.434502, 19.474865], [-16.434787, 19.474862], [-16.434797, 19.475947], [-16.434511, 19.475949], [-16.434513, 19.47622], [-16.434228, 19.476222], [-16.43423, 19.476493]], [[-16.429941, 19.476256], [-16.429655, 19.476258], [-16.429653, 19.475987], [-16.429939, 19.475985], [-16.429941, 19.476256]], [[-16.420223, 19.476061], [-16.419651, 19.476066], [-16.419649, 19.475795], [-16.42022, 19.47579], [-16.420223, 19.476061]], [[-16.431937, 19.475698], [-16.431651, 19.4757], [-16.431649, 19.475429], [-16.431363, 19.475432], [-16.431358, 19.47489], [-16.431072, 19.474892], [-16.431075, 19.475163], [-16.430789, 19.475165], [-16.430784, 19.474623], [-16.430213, 19.474628], [-16.43021, 19.474357], [-16.429924, 19.474359], [-16.429922, 19.474088], [-16.430779, 19.474081], [-16.430772, 19.473268], [-16.431058, 19.473266], [-16.43106, 19.473537], [-16.431632, 19.473532], [-16.431634, 19.473803], [-16.43192, 19.473801], [-16.431922, 19.474072], [-16.432494, 19.474067], [-16.432504, 19.475152], [-16.432218, 19.475154], [-16.43222, 19.475425], [-16.431934, 19.475427], [-16.431937, 19.475698]], [[-16.4285, 19.474912], [-16.428215, 19.474914], [-16.42821, 19.474372], [-16.427924, 19.474375], [-16.427922, 19.474104], [-16.427636, 19.474106], [-16.427634, 19.473835], [-16.427348, 19.473837], [-16.427345, 19.473566], [-16.427631, 19.473564], [-16.427629, 19.473293], [-16.427057, 19.473297], [-16.42706, 19.473568], [-16.425917, 19.473577], [-16.425914, 19.473306], [-16.4262, 19.473304], [-16.426198, 19.473033], [-16.425626, 19.473037], [-16.425617, 19.471953], [-16.425331, 19.471956], [-16.425329, 19.471684], [-16.4259, 19.47168], [-16.425898, 19.471409], [-16.426183, 19.471407], [-16.426186, 19.471678], [-16.426757, 19.471673], [-16.426755, 19.471402], [-16.427041, 19.4714], [-16.427043, 19.471671], [-16.427329, 19.471669], [-16.427326, 19.471398], [-16.42847, 19.471389], [-16.428472, 19.47166], [-16.428186, 19.471662], [-16.428189, 19.471933], [-16.429046, 19.471926], [-16.429051, 19.472468], [-16.429336, 19.472466], [-16.429339, 19.472737], [-16.429624, 19.472735], [-16.429632, 19.473548], [-16.429917, 19.473546], [-16.42992, 19.473817], [-16.429348, 19.473821], [-16.429353, 19.474363], [-16.429067, 19.474366], [-16.42907, 19.474637], [-16.428498, 19.474641], [-16.4285, 19.474912]], [[-16.423928, 19.474948], [-16.423642, 19.47495], [-16.42364, 19.474679], [-16.423354, 19.474682], [-16.423347, 19.473868], [-16.423061, 19.473871], [-16.423057, 19.473329], [-16.423342, 19.473326], [-16.423345, 19.473597], [-16.423916, 19.473593], [-16.423921, 19.474135], [-16.423635, 19.474137], [-16.423638, 19.474408], [-16.423923, 19.474406], [-16.423928, 19.474948]], [[-16.425355, 19.474666], [-16.425069, 19.474668], [-16.425066, 19.474397], [-16.425352, 19.474395], [-16.425355, 19.474666]], [[-16.422487, 19.473604], [-16.422202, 19.473606], [-16.422199, 19.473335], [-16.422485, 19.473333], [-16.422487, 19.473604]], [[-16.434468, 19.47107], [-16.434182, 19.471073], [-16.434178, 19.47053], [-16.434463, 19.470528], [-16.434468, 19.47107]], [[-16.434749, 19.470526], [-16.434463, 19.470528], [-16.434461, 19.470257], [-16.434747, 19.470255], [-16.434749, 19.470526]], [[-16.411314, 19.470439], [-16.411029, 19.470441], [-16.411026, 19.47017], [-16.411312, 19.470168], [-16.411314, 19.470439]], [[-16.417599, 19.470119], [-16.417313, 19.470121], [-16.417311, 19.46985], [-16.416739, 19.469854], [-16.416742, 19.470126], [-16.416456, 19.470128], [-16.416453, 19.469857], [-16.416168, 19.469859], [-16.416165, 19.469588], [-16.41588, 19.46959], [-16.41587, 19.468506], [-16.415584, 19.468508], [-16.415582, 19.468237], [-16.417011, 19.468226], [-16.417008, 19.467955], [-16.417866, 19.467948], [-16.417868, 19.468219], [-16.418154, 19.468217], [-16.418156, 19.468488], [-16.418442, 19.468486], [-16.418447, 19.469028], [-16.418161, 19.46903], [-16.418166, 19.469572], [-16.41788, 19.469575], [-16.417882, 19.469846], [-16.417596, 19.469848], [-16.417599, 19.470119]], [[-16.433027, 19.469726], [-16.432742, 19.469729], [-16.432734, 19.468916], [-16.43302, 19.468913], [-16.433027, 19.469726]], [[-16.410738, 19.469901], [-16.410452, 19.469904], [-16.41045, 19.469632], [-16.410736, 19.46963], [-16.410738, 19.469901]], [[-16.415301, 19.468782], [-16.414729, 19.468786], [-16.414727, 19.468515], [-16.415299, 19.46851], [-16.415301, 19.468782]], [[-16.414158, 19.46879], [-16.413872, 19.468793], [-16.41387, 19.468522], [-16.414156, 19.468519], [-16.414158, 19.46879]], [[-16.415582, 19.468237], [-16.414725, 19.468244], [-16.414722, 19.467973], [-16.41558, 19.467966], [-16.415582, 19.468237]], [[-16.413296, 19.468255], [-16.41301, 19.468257], [-16.413008, 19.467986], [-16.413294, 19.467984], [-16.413296, 19.468255]], [[-16.419009, 19.467939], [-16.418723, 19.467942], [-16.418716, 19.467129], [-16.41843, 19.467131], [-16.418428, 19.46686], [-16.418142, 19.466862], [-16.418133, 19.465778], [-16.417847, 19.46578], [-16.417844, 19.465509], [-16.41813, 19.465507], [-16.418128, 19.465236], [-16.418414, 19.465234], [-16.418411, 19.464962], [-16.418697, 19.46496], [-16.418699, 19.465231], [-16.418985, 19.465229], [-16.418987, 19.4655], [-16.419273, 19.465498], [-16.419292, 19.467666], [-16.419006, 19.467668], [-16.419009, 19.467939]], [[-16.413865, 19.46798], [-16.413294, 19.467984], [-16.413291, 19.467713], [-16.413863, 19.467709], [-16.413865, 19.46798]], [[-16.44214, 19.46613], [-16.441855, 19.466133], [-16.44185, 19.465591], [-16.442136, 19.465588], [-16.44214, 19.46613]], [[-16.420681, 19.463047], [-16.420395, 19.46305], [-16.420362, 19.459255], [-16.420933, 19.459251], [-16.420945, 19.460606], [-16.420659, 19.460608], [-16.420681, 19.463047]]]}, "properties": {"layer": "core", "exposure_min": 0.6, "area_ha": 364.68}}, {"type": "Feature", "geometry": {"type": "Polygon", "coordinates": [[[-16.421469, 19.455181], [-16.421465, 19.454639], [-16.42175, 19.454636], [-16.421746, 19.454094], [-16.42146, 19.454097], [-16.421451, 19.453012], [-16.421165, 19.453015], [-16.421167, 19.453286], [-16.420881, 19.453288], [-16.420891, 19.454372], [-16.421177, 19.45437], [-16.421184, 19.455183], [-16.421469, 19.455181]]]}, "properties": {"layer": "core", "exposure_min": 0.6, "area_ha": 1.26}}, {"type": "Feature", "geometry": {"type": "Polygon", "coordinates": [[[-16.421701, 19.448945], [-16.421699, 19.448674], [-16.421984, 19.448671], [-16.42198, 19.448129], [-16.421694, 19.448132], [-16.421696, 19.448403], [-16.420553, 19.448412], [-16.420556, 19.448683], [-16.421127, 19.448678], [-16.421129, 19.448949], [-16.421701, 19.448945]]]}, "properties": {"layer": "core", "exposure_min": 0.6, "area_ha": 0.72}}, {"type": "Feature", "geometry": {"type": "Polygon", "coordinates": [[[-16.423403, 19.447576], [-16.423401, 19.447305], [-16.423115, 19.447307], [-16.423113, 19.447036], [-16.422827, 19.447038], [-16.422825, 19.446767], [-16.422539, 19.44677], [-16.422546, 19.447583], [-16.423403, 19.447576]]]}, "properties": {"layer": "core", "exposure_min": 0.6, "area_ha": 0.54}}, {"type": "Feature", "geometry": {"type": "Polygon", "coordinates": [[[-16.42001, 19.451668], [-16.420008, 19.451397], [-16.420294, 19.451395], [-16.420291, 19.451124], [-16.420577, 19.451122], [-16.420575, 19.450851], [-16.420289, 19.450853], [-16.420282, 19.45004], [-16.421139, 19.450033], [-16.421141, 19.450304], [-16.42057, 19.450309], [-16.420572, 19.45058], [-16.420858, 19.450578], [-16.42086, 19.450849], [-16.421432, 19.450844], [-16.421434, 19.451115], [-16.42172, 19.451113], [-16.421722, 19.451384], [-16.422008, 19.451382], [-16.421998, 19.450298], [-16.421713, 19.4503], [-16.42171, 19.450029], [-16.421425, 19.450031], [-16.42142, 19.449489], [-16.419991, 19.4495], [-16.419987, 19.448958], [-16.420272, 19.448956], [-16.420268, 19.448414], [-16.420553, 19.448412], [-16.420551, 19.448141], [-16.421122, 19.448136], [-16.42112, 19.447865], [-16.421406, 19.447863], [-16.421399, 19.44705], [-16.421684, 19.447047], [-16.421682, 19.446776], [-16.421111, 19.446781], [-16.421113, 19.447052], [-16.420541, 19.447056], [-16.420546, 19.447598], [-16.42026, 19.447601], [-16.420263, 19.447872], [-16.419977, 19.447874], [-16.419975, 19.447603], [-16.419689, 19.447605], [-16.419698, 19.448689], [-16.419127, 19.448694], [-16.419129, 19.448965], [-16.418844, 19.448967], [-16.418848, 19.449509], [-16.418277, 19.449514], [-16.418279, 19.449785], [-16.417994, 19.449787], [-16.418008, 19.451413], [-16.418293, 19.451411], [-16.418296, 19.451682], [-16.419439, 19.451673], [-16.419436, 19.451402], [-16.419722, 19.4514], [-16.419724, 19.451671], [-16.42001, 19.451668]], [[-16.419151, 19.451404], [-16.418865, 19.451406], [-16.41886, 19.450864], [-16.419146, 19.450862], [-16.419141, 19.45032], [-16.419427, 19.450318], [-16.419425, 19.450047], [-16.41971, 19.450044], [-16.419715, 19.450587], [-16.419429, 19.450589], [-16.419434, 19.451131], [-16.419148, 19.451133], [-16.419151, 19.451404]], [[-16.419996, 19.450042], [-16.41971, 19.450044], [-16.419708, 19.449773], [-16.419994, 19.449771], [-16.419996, 19.450042]], [[-16.420834, 19.447867], [-16.420549, 19.447869], [-16.420546, 19.447598], [-16.420832, 19.447596], [-16.420834, 19.447867]]]}, "properties": {"layer": "core", "exposure_min": 0.6, "area_ha": 9.81}}, {"type": "Feature", "geometry": {"type": "Polygon", "coordinates": [[[-16.428834, 19.447804], [-16.428827, 19.446991], [-16.429113, 19.446989], [-16.429111, 19.446718], [-16.429396, 19.446716], [-16.429394, 19.446445], [-16.42968, 19.446442], [-16.429677, 19.446171], [-16.429106, 19.446176], [-16.429104, 19.445905], [-16.428246, 19.445912], [-16.428251, 19.446454], [-16.428537, 19.446451], [-16.428539, 19.446723], [-16.428254, 19.446725], [-16.428256, 19.446996], [-16.428542, 19.446994], [-16.428549, 19.447807], [-16.428834, 19.447804]]]}, "properties": {"layer": "core", "exposure_min": 0.6, "area_ha": 1.53}}, {"type": "Feature", "geometry": {"type": "Polygon", "coordinates": [[[-16.417413, 19.448707], [-16.41741, 19.448436], [-16.417696, 19.448434], [-16.417691, 19.447892], [-16.417977, 19.44789], [-16.417968, 19.446805], [-16.418253, 19.446803], [-16.418249, 19.446261], [-16.418534, 19.446259], [-16.418532, 19.445988], [-16.418818, 19.445986], [-16.418813, 19.445444], [-16.419099, 19.445441], [-16.419101, 19.445712], [-16.419387, 19.44571], [-16.419384, 19.445439], [-16.419956, 19.445435], [-16.419954, 19.445164], [-16.420239, 19.445161], [-16.420237, 19.44489], [-16.420523, 19.444888], [-16.42052, 19.444617], [-16.420806, 19.444615], [-16.420804, 19.444344], [-16.421089, 19.444342], [-16.421087, 19.444071], [-16.421373, 19.444068], [-16.421368, 19.443526], [-16.421654, 19.443524], [-16.421651, 19.443253], [-16.421937, 19.443251], [-16.421935, 19.44298], [-16.42222, 19.442977], [-16.422218, 19.442706], [-16.422504, 19.442704], [-16.422501, 19.442433], [-16.422787, 19.442431], [-16.422785, 19.44216], [-16.423356, 19.442155], [-16.423354, 19.441884], [-16.423639, 19.441882], [-16.423637, 19.441611], [-16.423923, 19.441609], [-16.42392, 19.441338], [-16.424206, 19.441336], [-16.424204, 19.441065], [-16.42449, 19.441062], [-16.424482, 19.440249], [-16.423625, 19.440256], [-16.423623, 19.439985], [-16.423909, 19.439983], [-16.423904, 19.439441], [-16.423333, 19.439445], [-16.423337, 19.439987], [-16.423052, 19.439989], [-16.423054, 19.44026], [-16.422768, 19.440263], [-16.422771, 19.440534], [-16.422199, 19.440538], [-16.422194, 19.439996], [-16.421337, 19.440003], [-16.421335, 19.439732], [-16.421621, 19.43973], [-16.421618, 19.439458], [-16.420761, 19.439465], [-16.420764, 19.439736], [-16.419906, 19.439743], [-16.419909, 19.440014], [-16.420194, 19.440012], [-16.420197, 19.440283], [-16.419911, 19.440285], [-16.419913, 19.440556], [-16.419628, 19.440558], [-16.41963, 19.440829], [-16.419344, 19.440832], [-16.419349, 19.441374], [-16.419063, 19.441376], [-16.41907, 19.442189], [-16.418785, 19.442191], [-16.418787, 19.442462], [-16.418216, 19.442467], [-16.418218, 19.442738], [-16.417932, 19.44274], [-16.417935, 19.443011], [-16.417649, 19.443013], [-16.417651, 19.443284], [-16.417366, 19.443286], [-16.417373, 19.4441], [-16.417658, 19.444097], [-16.417668, 19.445181], [-16.417382, 19.445184], [-16.417384, 19.445455], [-16.417099, 19.445457], [-16.417101, 19.445728], [-16.416815, 19.44573], [-16.416818, 19.446001], [-16.416532, 19.446004], [-16.416534, 19.446275], [-16.417106, 19.44627], [-16.417103, 19.445999], [-16.417675, 19.445995], [-16.417682, 19.446808], [-16.417396, 19.44681], [-16.417399, 19.447081], [-16.417113, 19.447083], [-16.417115, 19.447354], [-16.416829, 19.447356], [-16.416841, 19.448712], [-16.417413, 19.448707]], [[-16.417687, 19.44735], [-16.417401, 19.447352], [-16.417399, 19.447081], [-16.417684, 19.447079], [-16.417687, 19.44735]], [[-16.419946, 19.444351], [-16.419661, 19.444353], [-16.419656, 19.443811], [-16.419942, 19.443808], [-16.419939, 19.443537], [-16.420225, 19.443535], [-16.420227, 19.443806], [-16.420513, 19.443804], [-16.420516, 19.444075], [-16.419944, 19.444079], [-16.419946, 19.444351]], [[-16.418801, 19.444088], [-16.418516, 19.444091], [-16.418511, 19.443549], [-16.418797, 19.443546], [-16.418801, 19.444088]], [[-16.420511, 19.443533], [-16.420225, 19.443535], [-16.42022, 19.442993], [-16.420506, 19.442991], [-16.420511, 19.443533]], [[-16.421366, 19.443255], [-16.420794, 19.44326], [-16.420792, 19.442989], [-16.420506, 19.442991], [-16.420504, 19.44272], [-16.420789, 19.442718], [-16.420787, 19.442447], [-16.421073, 19.442444], [-16.421068, 19.441902], [-16.421354, 19.4419], [-16.421351, 19.441629], [-16.421637, 19.441627], [-16.421644, 19.44244], [-16.422216, 19.442435], [-16.422218, 19.442706], [-16.421647, 19.442711], [-16.421649, 19.442982], [-16.421363, 19.442984], [-16.421366, 19.443255]], [[-16.419361, 19.442729], [-16.419075, 19.442731], [-16.41907, 19.442189], [-16.419356, 19.442187], [-16.419361, 19.442729]], [[-16.420211, 19.441909], [-16.419925, 19.441911], [-16.419923, 19.44164], [-16.420209, 19.441638], [-16.420211, 19.441909]], [[-16.422775, 19.441076], [-16.422204, 19.44108], [-16.422201, 19.440809], [-16.422773, 19.440805], [-16.422775, 19.441076]], [[-16.422201, 19.440809], [-16.421916, 19.440811], [-16.421913, 19.44054], [-16.422199, 19.440538], [-16.422201, 19.440809]], [[-16.420773, 19.44082], [-16.420487, 19.440823], [-16.420483, 19.440281], [-16.420768, 19.440278], [-16.420766, 19.440007], [-16.421337, 19.440003], [-16.421342, 19.440545], [-16.420771, 19.440549], [-16.420773, 19.44082]]]}, "properties": {"layer": "core", "exposure_min": 0.6, "area_ha": 26.46}}, {"type": "Feature", "geometry": {"type": "Polygon", "coordinates": [[[-16.433037, 19.438284], [-16.433035, 19.438013], [-16.43332, 19.438011], [-16.433316, 19.437469], [-16.433601, 19.437467], [-16.433599, 19.437196], [-16.433885, 19.437194], [-16.43388, 19.436651], [-16.433594, 19.436654], [-16.433596, 19.436925], [-16.433025, 19.436929], [-16.433027, 19.4372], [-16.432742, 19.437203], [-16.432744, 19.437474], [-16.432458, 19.437476], [-16.432461, 19.437747], [-16.432175, 19.437749], [-16.432177, 19.43802], [-16.432463, 19.438018], [-16.432466, 19.438289], [-16.433037, 19.438284]]]}, "properties": {"layer": "core", "exposure_min": 0.6, "area_ha": 1.44}}, {"type": "Feature", "geometry": {"type": "Polygon", "coordinates": [[[-16.435596, 19.436909], [-16.435584, 19.435554], [-16.436727, 19.435545], [-16.436713, 19.433919], [-16.436427, 19.433921], [-16.436434, 19.434734], [-16.436149, 19.434736], [-16.436151, 19.435007], [-16.435294, 19.435014], [-16.435304, 19.436098], [-16.434446, 19.436105], [-16.434449, 19.436376], [-16.434163, 19.436378], [-16.434166, 19.436649], [-16.435023, 19.436642], [-16.435025, 19.436913], [-16.435596, 19.436909]]]}, "properties": {"layer": "core", "exposure_min": 0.6, "area_ha": 2.52}}, {"type": "Feature", "geometry": {"type": "Polygon", "coordinates": [[[-16.425623, 19.439969], [-16.425621, 19.439698], [-16.425906, 19.439696], [-16.425904, 19.439425], [-16.42619, 19.439423], [-16.426187, 19.439152], [-16.426473, 19.439149], [-16.426471, 19.438878], [-16.426756, 19.438876], [-16.426754, 19.438605], [-16.42704, 19.438603], [-16.427037, 19.438332], [-16.427323, 19.438329], [-16.427321, 19.438058], [-16.427606, 19.438056], [-16.427604, 19.437785], [-16.42789, 19.437783], [-16.427885, 19.437241], [-16.428171, 19.437239], [-16.428168, 19.436968], [-16.428454, 19.436965], [-16.428449, 19.436423], [-16.428735, 19.436421], [-16.428728, 19.435608], [-16.429013, 19.435606], [-16.429004, 19.434522], [-16.428718, 19.434524], [-16.428716, 19.434253], [-16.429002, 19.43425], [-16.42899, 19.432895], [-16.428704, 19.432898], [-16.428713, 19.433982], [-16.428428, 19.433984], [-16.428433, 19.434526], [-16.428147, 19.434528], [-16.42814, 19.433715], [-16.427854, 19.433717], [-16.427847, 19.432904], [-16.427276, 19.432909], [-16.427283, 19.433722], [-16.427568, 19.43372], [-16.427585, 19.435617], [-16.427299, 19.435619], [-16.427297, 19.435348], [-16.427011, 19.43535], [-16.427016, 19.435892], [-16.427587, 19.435888], [-16.427602, 19.437514], [-16.427316, 19.437516], [-16.427318, 19.437787], [-16.427032, 19.43779], [-16.427035, 19.438061], [-16.426749, 19.438063], [-16.426744, 19.437521], [-16.426459, 19.437523], [-16.426456, 19.437252], [-16.426171, 19.437254], [-16.426178, 19.438067], [-16.425892, 19.43807], [-16.425894, 19.438341], [-16.425609, 19.438343], [-16.425606, 19.438072], [-16.425321, 19.438074], [-16.425328, 19.438887], [-16.425899, 19.438883], [-16.425901, 19.439154], [-16.425616, 19.439156], [-16.425618, 19.439427], [-16.425332, 19.439429], [-16.425335, 19.4397], [-16.425049, 19.439703], [-16.425051, 19.439974], [-16.425623, 19.439969]], [[-16.426185, 19.438881], [-16.425899, 19.438883], [-16.425897, 19.438612], [-16.426182, 19.43861], [-16.426185, 19.438881]]]}, "properties": {"layer": "core", "exposure_min": 0.6, "area_ha": 8.64}}, {"type": "Feature", "geometry": {"type": "Polygon", "coordinates": [[[-16.468425, 19.433665], [-16.468422, 19.433394], [-16.468708, 19.433391], [-16.468703, 19.432849], [-16.468989, 19.432847], [-16.468986, 19.432576], [-16.469272, 19.432574], [-16.46927, 19.432303], [-16.468984, 19.432305], [-16.468982, 19.432034], [-16.469553, 19.432029], [-16.469548, 19.431487], [-16.468977, 19.431492], [-16.468974, 19.431221], [-16.468689, 19.431223], [-16.468691, 19.431494], [-16.468405, 19.431497], [-16.46841, 19.432039], [-16.468124, 19.432041], [-16.468127, 19.432312], [-16.467841, 19.432314], [-16.467844, 19.432585], [-16.467558, 19.432588], [-16.46756, 19.432859], [-16.468132, 19.432854], [-16.468137, 19.433396], [-16.467851, 19.433398], [-16.467853, 19.433669], [-16.468425, 19.433665]]]}, "properties": {"layer": "core", "exposure_min": 0.6, "area_ha": 2.52}}, {"type": "Feature", "geometry": {"type": "Polygon", "coordinates": [[[-16.431082, 19.44345], [-16.43108, 19.443179], [-16.431366, 19.443177], [-16.431363, 19.442906], [-16.432792, 19.442894], [-16.432789, 19.442623], [-16.433075, 19.442621], [-16.433068, 19.441808], [-16.433639, 19.441803], [-16.433649, 19.442887], [-16.433935, 19.442885], [-16.433937, 19.443156], [-16.434223, 19.443154], [-16.43422, 19.442883], [-16.434506, 19.442881], [-16.434504, 19.44261], [-16.434789, 19.442607], [-16.434787, 19.442336], [-16.435073, 19.442334], [-16.43507, 19.442063], [-16.435642, 19.442059], [-16.435639, 19.441788], [-16.435925, 19.441785], [-16.435923, 19.441514], [-16.436494, 19.44151], [-16.436489, 19.440968], [-16.435918, 19.440972], [-16.435913, 19.44043], [-16.435627, 19.440432], [-16.435625, 19.440161], [-16.435339, 19.440164], [-16.435337, 19.439893], [-16.435908, 19.439888], [-16.435904, 19.439346], [-16.436189, 19.439344], [-16.436184, 19.438802], [-16.43647, 19.438799], [-16.436468, 19.438528], [-16.436753, 19.438526], [-16.436749, 19.437984], [-16.43732, 19.43798], [-16.437327, 19.438793], [-16.436756, 19.438797], [-16.436765, 19.439881], [-16.437051, 19.439879], [-16.437049, 19.439608], [-16.43762, 19.439603], [-16.437618, 19.439332], [-16.437903, 19.43933], [-16.437908, 19.439872], [-16.437623, 19.439874], [-16.437627, 19.440417], [-16.437342, 19.440419], [-16.437346, 19.440961], [-16.437061, 19.440963], [-16.437065, 19.441505], [-16.437351, 19.441503], [-16.437349, 19.441232], [-16.437634, 19.44123], [-16.43763, 19.440688], [-16.437915, 19.440685], [-16.437911, 19.440143], [-16.438196, 19.440141], [-16.438189, 19.439328], [-16.438475, 19.439326], [-16.43847, 19.438784], [-16.438756, 19.438781], [-16.438751, 19.438239], [-16.439037, 19.438237], [-16.43903, 19.437424], [-16.439315, 19.437422], [-16.439308, 19.436609], [-16.439594, 19.436606], [-16.439589, 19.436064], [-16.439875, 19.436062], [-16.43987, 19.43552], [-16.440156, 19.435518], [-16.440151, 19.434976], [-16.440437, 19.434973], [-16.440434, 19.434702], [-16.44072, 19.4347], [-16.440708, 19.433345], [-16.440994, 19.433343], [-16.440972, 19.430903], [-16.440686, 19.430906], [-16.440684, 19.430634], [-16.440398, 19.430637], [-16.440394, 19.430095], [-16.440679, 19.430092], [-16.440677, 19.429821], [-16.43982, 19.429828], [-16.439822, 19.430099], [-16.440108, 19.430097], [-16.44011, 19.430368], [-16.439825, 19.43037], [-16.439834, 19.431454], [-16.44012, 19.431452], [-16.440127, 19.432265], [-16.439841, 19.432267], [-16.439836, 19.431725], [-16.439551, 19.431728], [-16.439548, 19.431457], [-16.439263, 19.431459], [-16.43926, 19.431188], [-16.438689, 19.431192], [-16.438691, 19.431463], [-16.438977, 19.431461], [-16.438987, 19.432545], [-16.438701, 19.432548], [-16.438698, 19.432277], [-16.438413, 19.432279], [-16.438418, 19.432821], [-16.438132, 19.432823], [-16.438134, 19.433094], [-16.437849, 19.433096], [-16.437853, 19.433638], [-16.438139, 19.433636], [-16.438137, 19.433365], [-16.438422, 19.433363], [-16.43842, 19.433092], [-16.439277, 19.433085], [-16.439272, 19.432543], [-16.439558, 19.432541], [-16.439568, 19.433625], [-16.439282, 19.433627], [-16.439291, 19.434711], [-16.439863, 19.434707], [-16.439868, 19.435249], [-16.439296, 19.435253], [-16.439299, 19.435524], [-16.439013, 19.435527], [-16.439015, 19.435798], [-16.43873, 19.4358], [-16.438739, 19.436884], [-16.438453, 19.436886], [-16.438456, 19.437157], [-16.43817, 19.43716], [-16.438172, 19.437431], [-16.437887, 19.437433], [-16.437896, 19.438517], [-16.437611, 19.438519], [-16.437603, 19.437706], [-16.437318, 19.437708], [-16.437315, 19.437437], [-16.436173, 19.437446], [-16.436175, 19.437718], [-16.435889, 19.43772], [-16.435892, 19.437991], [-16.43532, 19.437995], [-16.435323, 19.438266], [-16.435037, 19.438269], [-16.435039, 19.43854], [-16.434754, 19.438542], [-16.434756, 19.438813], [-16.435042, 19.438811], [-16.435046, 19.439353], [-16.433904, 19.439362], [-16.433906, 19.439633], [-16.433335, 19.439637], [-16.433339, 19.440179], [-16.432768, 19.440184], [-16.432773, 19.440726], [-16.431916, 19.440733], [-16.431925, 19.441817], [-16.431639, 19.441819], [-16.431642, 19.44209], [-16.431927, 19.442088], [-16.43193, 19.442359], [-16.431644, 19.442361], [-16.431646, 19.442632], [-16.430789, 19.442639], [-16.430792, 19.44291], [-16.430506, 19.442912], [-16.430508, 19.443183], [-16.430794, 19.443181], [-16.430796, 19.443452], [-16.431082, 19.44345]], [[-16.434204, 19.440986], [-16.433918, 19.440988], [-16.433911, 19.440175], [-16.434196, 19.440173], [-16.434192, 19.439631], [-16.434477, 19.439628], [-16.434487, 19.440712], [-16.434201, 19.440715], [-16.434204, 19.440986]], [[-16.438187, 19.439057], [-16.437901, 19.439059], [-16.437896, 19.438517], [-16.438182, 19.438515], [-16.438187, 19.439057]], [[-16.439306, 19.436337], [-16.43902, 19.43634], [-16.439018, 19.436069], [-16.439303, 19.436066], [-16.439306, 19.436337]], [[-16.440137, 19.433349], [-16.439851, 19.433352], [-16.439846, 19.43281], [-16.440132, 19.432807], [-16.440137, 19.433349]], [[-16.440417, 19.432805], [-16.440132, 19.432807], [-16.440129, 19.432536], [-16.440415, 19.432534], [-16.440417, 19.432805]]]}, "properties": {"layer": "core", "exposure_min": 0.6, "area_ha": 30.69}}, {"type": "Feature", "geometry": {"type": "Polygon", "coordinates": [[[-16.357549, 19.431546], [-16.357547, 19.431275], [-16.357833, 19.431273], [-16.35783, 19.431002], [-16.357545, 19.431004], [-16.357543, 19.430733], [-16.357828, 19.430731], [-16.357826, 19.43046], [-16.358112, 19.430458], [-16.358114, 19.430729], [-16.3584, 19.430727], [-16.358393, 19.429914], [-16.358679, 19.429912], [-16.358681, 19.430183], [-16.358967, 19.43018], [-16.358964, 19.429909], [-16.35925, 19.429907], [-16.359248, 19.429636], [-16.359533, 19.429634], [-16.359531, 19.429363], [-16.360103, 19.429359], [-16.3601, 19.429088], [-16.359815, 19.42909], [-16.35981, 19.428548], [-16.359524, 19.42855], [-16.359527, 19.428821], [-16.359241, 19.428823], [-16.359243, 19.429094], [-16.358957, 19.429096], [-16.358953, 19.428554], [-16.358667, 19.428556], [-16.35867, 19.428827], [-16.358384, 19.42883], [-16.358386, 19.429101], [-16.3581, 19.429103], [-16.358103, 19.429374], [-16.357531, 19.429378], [-16.357536, 19.42992], [-16.35725, 19.429922], [-16.357252, 19.430193], [-16.356967, 19.430195], [-16.356969, 19.430466], [-16.356683, 19.430469], [-16.356692, 19.431553], [-16.357549, 19.431546]]]}, "properties": {"layer": "core", "exposure_min": 0.6, "area_ha": 4.59}}, {"type": "Feature", "geometry": {"type": "Polygon", "coordinates": [[[-16.360384, 19.428815], [-16.360381, 19.428544], [-16.360667, 19.428541], [-16.360663, 19.427999], [-16.360948, 19.427997], [-16.360946, 19.427726], [-16.36066, 19.427728], [-16.360658, 19.427457], [-16.360372, 19.427459], [-16.360377, 19.428001], [-16.35952, 19.428008], [-16.359522, 19.428279], [-16.360094, 19.428275], [-16.360098, 19.428817], [-16.360384, 19.428815]]]}, "properties": {"layer": "core", "exposure_min": 0.6, "area_ha": 0.9}}, {"type": "Feature", "geometry": {"type": "Polygon", "coordinates": [[[-16.469524, 19.428777], [-16.469516, 19.427964], [-16.469802, 19.427962], [-16.4698, 19.427691], [-16.470371, 19.427686], [-16.470369, 19.427415], [-16.470654, 19.427413], [-16.470649, 19.426871], [-16.470935, 19.426868], [-16.47093, 19.426326], [-16.470073, 19.426333], [-16.470071, 19.426062], [-16.469785, 19.426064], [-16.46979, 19.426606], [-16.469504, 19.426609], [-16.469511, 19.427422], [-16.469226, 19.427424], [-16.469238, 19.428779], [-16.469524, 19.428777]]]}, "properties": {"layer": "core", "exposure_min": 0.6, "area_ha": 2.43}}, {"type": "Feature", "geometry": {"type": "Polygon", "coordinates": [[[-16.424638, 19.42534], [-16.424636, 19.425069], [-16.425207, 19.425065], [-16.425205, 19.424794], [-16.424633, 19.424798], [-16.424631, 19.424527], [-16.42406, 19.424531], [-16.424062, 19.424802], [-16.424348, 19.4248], [-16.424352, 19.425342], [-16.424638, 19.42534]]]}, "properties": {"layer": "core", "exposure_min": 0.6, "area_ha": 0.54}}, {"type": "Feature", "geometry": {"type": "Polygon", "coordinates": [[[-16.437477, 19.423342], [-16.437468, 19.422257], [-16.438039, 19.422253], [-16.438036, 19.421982], [-16.437179, 19.421989], [-16.437177, 19.421718], [-16.436606, 19.421722], [-16.436615, 19.422806], [-16.436901, 19.422804], [-16.436899, 19.422533], [-16.437184, 19.422531], [-16.437191, 19.423344], [-16.437477, 19.423342]]]}, "properties": {"layer": "core", "exposure_min": 0.6, "area_ha": 1.26}}, {"type": "Feature", "geometry": {"type": "Polygon", "coordinates": [[[-16.444002, 19.41814], [-16.443995, 19.417327], [-16.443709, 19.417329], [-16.443707, 19.417058], [-16.441993, 19.417072], [-16.44199, 19.416801], [-16.442276, 19.416798], [-16.442271, 19.416256], [-16.441986, 19.416258], [-16.441983, 19.415987], [-16.441698, 19.41599], [-16.441695, 19.415719], [-16.440838, 19.415725], [-16.440841, 19.415996], [-16.440555, 19.415999], [-16.440557, 19.41627], [-16.439986, 19.416274], [-16.439991, 19.416816], [-16.439705, 19.416819], [-16.43971, 19.417361], [-16.439996, 19.417358], [-16.44, 19.417901], [-16.441429, 19.417889], [-16.441426, 19.417618], [-16.441998, 19.417614], [-16.442, 19.417885], [-16.442571, 19.41788], [-16.442569, 19.417609], [-16.44314, 19.417605], [-16.443143, 19.417876], [-16.443428, 19.417873], [-16.443431, 19.418144], [-16.444002, 19.41814]], [[-16.441138, 19.417349], [-16.439996, 19.417358], [-16.439993, 19.417087], [-16.440279, 19.417085], [-16.440276, 19.416814], [-16.440562, 19.416812], [-16.440565, 19.417083], [-16.441136, 19.417078], [-16.441138, 19.417349]], [[-16.441422, 19.417076], [-16.441136, 19.417078], [-16.441133, 19.416807], [-16.441419, 19.416805], [-16.441422, 19.417076]], [[-16.440848, 19.41681], [-16.440562, 19.416812], [-16.44056, 19.416541], [-16.440845, 19.416539], [-16.440848, 19.41681]]]}, "properties": {"layer": "core", "exposure_min": 0.6, "area_ha": 5.85}}, {"type": "Feature", "geometry": {"type": "Polygon", "coordinates": [[[-16.459948, 19.41232], [-16.459946, 19.412049], [-16.460232, 19.412047], [-16.460229, 19.411776], [-16.459944, 19.411778], [-16.459941, 19.411507], [-16.45937, 19.411512], [-16.459368, 19.411241], [-16.459082, 19.411243], [-16.459079, 19.410972], [-16.458794, 19.410974], [-16.458789, 19.410432], [-16.458503, 19.410435], [-16.458501, 19.410163], [-16.458215, 19.410166], [-16.45821, 19.409624], [-16.457925, 19.409626], [-16.45792, 19.409084], [-16.456777, 19.409093], [-16.45678, 19.409364], [-16.457065, 19.409362], [-16.457068, 19.409633], [-16.456497, 19.409637], [-16.456499, 19.409908], [-16.456785, 19.409906], [-16.456787, 19.410177], [-16.457073, 19.410175], [-16.457075, 19.410446], [-16.457646, 19.410441], [-16.457644, 19.41017], [-16.45793, 19.410168], [-16.457937, 19.410981], [-16.458508, 19.410977], [-16.458511, 19.411248], [-16.458796, 19.411245], [-16.458801, 19.411787], [-16.459658, 19.41178], [-16.459663, 19.412323], [-16.459948, 19.41232]], [[-16.457644, 19.41017], [-16.457358, 19.410173], [-16.457356, 19.409902], [-16.457642, 19.409899], [-16.457644, 19.41017]]]}, "properties": {"layer": "core", "exposure_min": 0.6, "area_ha": 3.42}}, {"type": "Feature", "geometry": {"type": "Polygon", "coordinates": [[[-16.440769, 19.407866], [-16.440764, 19.407323], [-16.441336, 19.407319], [-16.441333, 19.407048], [-16.440762, 19.407052], [-16.440759, 19.406781], [-16.440474, 19.406784], [-16.440471, 19.406513], [-16.440186, 19.406515], [-16.440191, 19.407057], [-16.440476, 19.407055], [-16.440479, 19.407326], [-16.440193, 19.407328], [-16.440195, 19.407599], [-16.440481, 19.407597], [-16.440483, 19.407868], [-16.440769, 19.407866]]]}, "properties": {"layer": "core", "exposure_min": 0.6, "area_ha": 0.81}}, {"type": "Feature", "geometry": {"type": "Polygon", "coordinates": [[[-16.455335, 19.407478], [-16.455327, 19.406665], [-16.455042, 19.406668], [-16.455039, 19.406397], [-16.454754, 19.406399], [-16.454751, 19.406128], [-16.454466, 19.40613], [-16.454463, 19.405859], [-16.453892, 19.405864], [-16.45389, 19.405593], [-16.453604, 19.405595], [-16.453601, 19.405324], [-16.45303, 19.405328], [-16.453028, 19.405057], [-16.452742, 19.40506], [-16.45274, 19.404789], [-16.451883, 19.404795], [-16.45188, 19.404524], [-16.451309, 19.404529], [-16.451312, 19.4048], [-16.451597, 19.404798], [-16.4516, 19.405069], [-16.451885, 19.405067], [-16.45189, 19.405609], [-16.452176, 19.405606], [-16.452178, 19.405877], [-16.452464, 19.405875], [-16.452466, 19.406146], [-16.452752, 19.406144], [-16.452754, 19.406415], [-16.453611, 19.406408], [-16.453616, 19.40695], [-16.454187, 19.406945], [-16.45419, 19.407216], [-16.454475, 19.407214], [-16.454478, 19.407485], [-16.455335, 19.407478]]]}, "properties": {"layer": "core", "exposure_min": 0.6, "area_ha": 4.86}}, {"type": "Feature", "geometry": {"type": "Polygon", "coordinates": [[[-16.441607, 19.40569], [-16.441604, 19.405419], [-16.44189, 19.405417], [-16.441883, 19.404604], [-16.441597, 19.404606], [-16.441602, 19.405148], [-16.441316, 19.405151], [-16.441319, 19.405422], [-16.441033, 19.405424], [-16.441036, 19.405695], [-16.441607, 19.40569]]]}, "properties": {"layer": "core", "exposure_min": 0.6, "area_ha": 0.54}}, {"type": "Feature", "geometry": {"type": "Polygon", "coordinates": [[[-16.493994, 19.386565], [-16.493992, 19.386294], [-16.494277, 19.386292], [-16.494275, 19.386021], [-16.493989, 19.386023], [-16.493984, 19.385481], [-16.493699, 19.385483], [-16.493696, 19.385212], [-16.49341, 19.385215], [-16.493408, 19.384944], [-16.492837, 19.384948], [-16.492834, 19.384677], [-16.492549, 19.38468], [-16.492544, 19.384138], [-16.492258, 19.38414], [-16.492256, 19.383869], [-16.49197, 19.383871], [-16.491968, 19.3836], [-16.491682, 19.383603], [-16.49168, 19.383331], [-16.490823, 19.383339], [-16.490828, 19.383881], [-16.491113, 19.383878], [-16.491116, 19.384149], [-16.491401, 19.384147], [-16.491399, 19.383876], [-16.491685, 19.383874], [-16.491687, 19.384145], [-16.491973, 19.384142], [-16.491975, 19.384413], [-16.492261, 19.384411], [-16.492266, 19.384953], [-16.492551, 19.384951], [-16.492554, 19.385222], [-16.492268, 19.385224], [-16.492271, 19.385495], [-16.493127, 19.385488], [-16.49313, 19.385759], [-16.493415, 19.385757], [-16.493423, 19.38657], [-16.493994, 19.386565]]]}, "properties": {"layer": "core", "exposure_min": 0.6, "area_ha": 2.97}}, {"type": "Feature", "geometry": {"type": "Polygon", "coordinates": [[[-16.495407, 19.384927], [-16.495405, 19.384656], [-16.496262, 19.384649], [-16.496259, 19.384378], [-16.495973, 19.38438], [-16.495971, 19.384109], [-16.495685, 19.384112], [-16.49568, 19.38357], [-16.495109, 19.383574], [-16.495107, 19.383303], [-16.492822, 19.383322], [-16.492824, 19.383593], [-16.49311, 19.383591], [-16.493115, 19.384133], [-16.493972, 19.384126], [-16.493969, 19.383855], [-16.494255, 19.383852], [-16.494257, 19.384123], [-16.494543, 19.384121], [-16.494545, 19.384392], [-16.495117, 19.384387], [-16.495122, 19.38493], [-16.495407, 19.384927]]]}, "properties": {"layer": "core", "exposure_min": 0.6, "area_ha": 3.15}}]}