{"type": "FeatureCollection", "features": [{"type": "Feature", "geometry": {"type": "Polygon", "coordinates": [[[-16.243434, 20.082091], [-16.243423, 20.080736], [-16.244284, 20.08073], [-16.244282, 20.080459], [-16.244569, 20.080457], [-16.244567, 20.080186], [-16.24514, 20.080182], [-16.245138, 20.079911], [-16.244851, 20.079913], [-16.244845, 20.0791], [-16.245132, 20.079098], [-16.24513, 20.078827], [-16.245417, 20.078824], [-16.245414, 20.078553], [-16.245128, 20.078555], [-16.245125, 20.078284], [-16.244839, 20.078286], [-16.244841, 20.078558], [-16.244267, 20.078562], [-16.244261, 20.077748], [-16.244547, 20.077746], [-16.244545, 20.077475], [-16.244258, 20.077477], [-16.244254, 20.076935], [-16.243107, 20.076943], [-16.243115, 20.078028], [-16.243402, 20.078026], [-16.243404, 20.078297], [-16.243117, 20.078299], [-16.243119, 20.07857], [-16.242833, 20.078572], [-16.24283, 20.078301], [-16.242544, 20.078303], [-16.242539, 20.077761], [-16.242252, 20.077763], [-16.242255, 20.078034], [-16.241968, 20.078036], [-16.24197, 20.078307], [-16.241683, 20.078309], [-16.241685, 20.07858], [-16.241398, 20.078582], [-16.241394, 20.07804], [-16.241107, 20.078042], [-16.241103, 20.0775], [-16.24139, 20.077498], [-16.241385, 20.076956], [-16.241099, 20.076958], [-16.241096, 20.076687], [-16.240523, 20.076691], [-16.240527, 20.077233], [-16.24024, 20.077235], [-16.240247, 20.078048], [-16.239673, 20.078052], [-16.239671, 20.077781], [-16.239097, 20.077785], [-16.239105, 20.078869], [-16.239392, 20.078867], [-16.23939, 20.078596], [-16.240251, 20.07859], [-16.240249, 20.078319], [-16.240536, 20.078317], [-16.240538, 20.078588], [-16.240825, 20.078586], [-16.240829, 20.079128], [-16.241116, 20.079126], [-16.241114, 20.078855], [-16.2414, 20.078853], [-16.241403, 20.079124], [-16.242263, 20.079118], [-16.242265, 20.079389], [-16.243126, 20.079383], [-16.243124, 20.079112], [-16.243411, 20.07911], [-16.243417, 20.079923], [-16.243704, 20.079921], [-16.243697, 20.079108], [-16.244271, 20.079104], [-16.244278, 20.079917], [-16.243991, 20.079919], [-16.243993, 20.08019], [-16.243419, 20.080194], [-16.243421, 20.080465], [-16.243134, 20.080467], [-16.243139, 20.081009], [-16.242852, 20.081011], [-16.24286, 20.082095], [-16.243434, 20.082091]]]}, "properties": {"layer": "meadow", "year": 2024, "sat": "S2B", "date": "2024-06-25", "area_ha": 11.52}}, {"type": "Feature", "geometry": {"type": "Polygon", "coordinates": [[[-16.247174, 20.08342], [-16.247172, 20.083149], [-16.246885, 20.083151], [-16.246883, 20.08288], [-16.247457, 20.082876], [-16.247459, 20.083147], [-16.24832, 20.083141], [-16.248317, 20.08287], [-16.248891, 20.082866], [-16.248887, 20.082324], [-16.249174, 20.082322], [-16.249172, 20.082051], [-16.248885, 20.082053], [-16.248878, 20.081239], [-16.248591, 20.081242], [-16.248589, 20.08097], [-16.248876, 20.080968], [-16.248868, 20.079884], [-16.248581, 20.079886], [-16.248561, 20.077447], [-16.248274, 20.077449], [-16.248255, 20.07501], [-16.247968, 20.075012], [-16.247966, 20.074741], [-16.247679, 20.074743], [-16.247684, 20.075285], [-16.247397, 20.075287], [-16.247395, 20.075016], [-16.247108, 20.075018], [-16.247103, 20.074476], [-16.246817, 20.074478], [-16.246821, 20.07502], [-16.246534, 20.075022], [-16.246536, 20.075293], [-16.24711, 20.075289], [-16.247114, 20.075831], [-16.246827, 20.075833], [-16.246832, 20.076375], [-16.247118, 20.076373], [-16.247121, 20.076644], [-16.246834, 20.076646], [-16.246842, 20.07773], [-16.247703, 20.077724], [-16.247707, 20.078266], [-16.24742, 20.078268], [-16.247422, 20.078539], [-16.247136, 20.078541], [-16.247138, 20.078812], [-16.246851, 20.078814], [-16.246853, 20.079085], [-16.246566, 20.079087], [-16.246575, 20.080172], [-16.246288, 20.080174], [-16.246294, 20.080987], [-16.246007, 20.080989], [-16.24601, 20.08126], [-16.244862, 20.081268], [-16.244866, 20.08181], [-16.245153, 20.081808], [-16.245155, 20.082079], [-16.245729, 20.082075], [-16.245733, 20.082617], [-16.246307, 20.082613], [-16.246314, 20.083426], [-16.247174, 20.08342]], [[-16.247435, 20.080165], [-16.247148, 20.080168], [-16.247144, 20.079625], [-16.247431, 20.079623], [-16.247435, 20.080165]]]}, "properties": {"layer": "meadow", "year": 2024, "sat": "S2B", "date": "2024-06-25", "area_ha": 19.44}}, {"type": "Feature", "geometry": {"type": "Polygon", "coordinates": [[[-16.248232, 20.072028], [-16.248229, 20.071757], [-16.248516, 20.071755], [-16.248514, 20.071484], [-16.248227, 20.071486], [-16.248225, 20.071215], [-16.247938, 20.071217], [-16.24794, 20.071488], [-16.247654, 20.07149], [-16.247658, 20.072032], [-16.248232, 20.072028]]]}, "properties": {"layer": "meadow", "year": 2024, "sat": "S2B", "date": "2024-06-25", "area_ha": 0.54}}, {"type": "Feature", "geometry": {"type": "Polygon", "coordinates": [[[-16.249081, 20.070667], [-16.249075, 20.069854], [-16.248788, 20.069856], [-16.248786, 20.069585], [-16.248212, 20.069589], [-16.248217, 20.070131], [-16.248503, 20.070129], [-16.248508, 20.070671], [-16.249081, 20.070667]]]}, "properties": {"layer": "meadow", "year": 2024, "sat": "S2B", "date": "2024-06-25", "area_ha": 0.81}}, {"type": "Feature", "geometry": {"type": "Polygon", "coordinates": [[[-16.250464, 20.064152], [-16.250458, 20.063339], [-16.250744, 20.063337], [-16.250738, 20.062524], [-16.249878, 20.06253], [-16.249886, 20.063614], [-16.249599, 20.063616], [-16.249601, 20.063887], [-16.248454, 20.063895], [-16.248456, 20.064166], [-16.250464, 20.064152]]]}, "properties": {"layer": "meadow", "year": 2024, "sat": "S2B", "date": "2024-06-25", "area_ha": 1.89}}, {"type": "Feature", "geometry": {"type": "Polygon", "coordinates": [[[-16.245063, 20.070424], [-16.245059, 20.069882], [-16.244772, 20.069884], [-16.24477, 20.069613], [-16.244483, 20.069615], [-16.244479, 20.069073], [-16.244192, 20.069075], [-16.244186, 20.068262], [-16.244759, 20.068258], [-16.244761, 20.068529], [-16.245909, 20.068521], [-16.245911, 20.068792], [-16.246772, 20.068786], [-16.246769, 20.068515], [-16.247056, 20.068513], [-16.247052, 20.067971], [-16.246765, 20.067973], [-16.246763, 20.067702], [-16.24705, 20.0677], [-16.247046, 20.067158], [-16.246472, 20.067162], [-16.24647, 20.066891], [-16.246183, 20.066893], [-16.246181, 20.066622], [-16.245607, 20.066626], [-16.245605, 20.066355], [-16.245318, 20.066357], [-16.245314, 20.065815], [-16.245887, 20.065811], [-16.245885, 20.06554], [-16.246172, 20.065538], [-16.24617, 20.065267], [-16.247317, 20.065259], [-16.247315, 20.064988], [-16.247028, 20.06499], [-16.247018, 20.063634], [-16.247305, 20.063632], [-16.247292, 20.062006], [-16.247005, 20.062008], [-16.247003, 20.061737], [-16.246429, 20.061741], [-16.246425, 20.061199], [-16.246998, 20.061195], [-16.246996, 20.060924], [-16.247283, 20.060922], [-16.247277, 20.060109], [-16.24699, 20.060111], [-16.246988, 20.05984], [-16.246414, 20.059844], [-16.246412, 20.059573], [-16.246125, 20.059575], [-16.246123, 20.059304], [-16.24641, 20.059302], [-16.246408, 20.059031], [-16.245834, 20.059035], [-16.245838, 20.059577], [-16.245551, 20.059579], [-16.245549, 20.059308], [-16.244689, 20.059314], [-16.244691, 20.059585], [-16.244404, 20.059587], [-16.244406, 20.059858], [-16.243833, 20.059862], [-16.243835, 20.060133], [-16.244408, 20.060129], [-16.244413, 20.060671], [-16.244126, 20.060673], [-16.244128, 20.060944], [-16.243554, 20.060948], [-16.243559, 20.06149], [-16.244132, 20.061486], [-16.244134, 20.061757], [-16.243848, 20.061759], [-16.24385, 20.06203], [-16.243276, 20.062035], [-16.24328, 20.062577], [-16.245288, 20.062562], [-16.24529, 20.062833], [-16.245003, 20.062836], [-16.245006, 20.063107], [-16.244719, 20.063109], [-16.244721, 20.06338], [-16.244434, 20.063382], [-16.244436, 20.063653], [-16.244149, 20.063655], [-16.244151, 20.063926], [-16.243865, 20.063928], [-16.243867, 20.064199], [-16.24358, 20.064201], [-16.243582, 20.064472], [-16.243008, 20.064476], [-16.243011, 20.064747], [-16.24215, 20.064753], [-16.242148, 20.064482], [-16.241861, 20.064484], [-16.241863, 20.064755], [-16.241576, 20.064757], [-16.241578, 20.065028], [-16.242439, 20.065022], [-16.242441, 20.065293], [-16.242728, 20.065291], [-16.242726, 20.06502], [-16.243013, 20.065018], [-16.243015, 20.065289], [-16.243302, 20.065287], [-16.243304, 20.065558], [-16.243017, 20.06556], [-16.243019, 20.065831], [-16.241585, 20.065841], [-16.241587, 20.066112], [-16.2413, 20.066114], [-16.241311, 20.067469], [-16.241024, 20.067471], [-16.241028, 20.068013], [-16.240741, 20.068015], [-16.240743, 20.068286], [-16.24103, 20.068284], [-16.241037, 20.069098], [-16.241897, 20.069092], [-16.241899, 20.069363], [-16.242186, 20.069361], [-16.242184, 20.069089], [-16.242758, 20.069085], [-16.242756, 20.068814], [-16.243043, 20.068812], [-16.24304, 20.068541], [-16.243327, 20.068539], [-16.243334, 20.069352], [-16.243907, 20.069348], [-16.243914, 20.070162], [-16.244201, 20.070159], [-16.244203, 20.070431], [-16.245063, 20.070424]]]}, "properties": {"layer": "meadow", "year": 2024, "sat": "S2B", "date": "2024-06-25", "area_ha": 43.11}}, {"type": "Feature", "geometry": {"type": "Polygon", "coordinates": [[[-16.248084, 20.053327], [-16.248077, 20.052514], [-16.248364, 20.052512], [-16.248362, 20.052241], [-16.248936, 20.052237], [-16.248938, 20.052508], [-16.249224, 20.052506], [-16.249227, 20.052777], [-16.2498, 20.052773], [-16.249794, 20.05196], [-16.249507, 20.051962], [-16.249503, 20.05142], [-16.248929, 20.051424], [-16.248931, 20.051695], [-16.248644, 20.051697], [-16.248647, 20.051968], [-16.24836, 20.05197], [-16.248358, 20.051699], [-16.247497, 20.051705], [-16.247499, 20.051976], [-16.246926, 20.05198], [-16.246919, 20.051167], [-16.247206, 20.051165], [-16.247202, 20.050623], [-16.247489, 20.050621], [-16.247486, 20.05035], [-16.2472, 20.050352], [-16.247197, 20.050081], [-16.246911, 20.050083], [-16.246913, 20.050354], [-16.246626, 20.050356], [-16.246628, 20.050627], [-16.246341, 20.050629], [-16.246346, 20.051171], [-16.246059, 20.051173], [-16.246061, 20.051444], [-16.245774, 20.051446], [-16.245776, 20.051717], [-16.246063, 20.051715], [-16.246067, 20.052257], [-16.246354, 20.052255], [-16.246356, 20.052526], [-16.24693, 20.052522], [-16.246934, 20.053064], [-16.247508, 20.05306], [-16.24751, 20.053331], [-16.248084, 20.053327]]]}, "properties": {"layer": "meadow", "year": 2024, "sat": "S2B", "date": "2024-06-25", "area_ha": 5.67}}, {"type": "Feature", "geometry": {"type": "Polygon", "coordinates": [[[-16.246335, 20.049816], [-16.246333, 20.049545], [-16.24662, 20.049543], [-16.246617, 20.049272], [-16.246331, 20.049274], [-16.246328, 20.049003], [-16.245755, 20.049007], [-16.245759, 20.049549], [-16.246046, 20.049547], [-16.246048, 20.049818], [-16.246335, 20.049816]]]}, "properties": {"layer": "meadow", "year": 2024, "sat": "S2B", "date": "2024-06-25", "area_ha": 0.54}}, {"type": "Feature", "geometry": {"type": "Polygon", "coordinates": [[[-16.255545, 20.053816], [-16.255543, 20.053545], [-16.25583, 20.053543], [-16.255828, 20.053272], [-16.256115, 20.05327], [-16.256112, 20.052999], [-16.256399, 20.052997], [-16.256397, 20.052726], [-16.256684, 20.052724], [-16.256682, 20.052453], [-16.257255, 20.052449], [-16.257253, 20.052178], [-16.25754, 20.052176], [-16.257538, 20.051905], [-16.257825, 20.051903], [-16.257823, 20.051632], [-16.258109, 20.05163], [-16.258107, 20.051359], [-16.258394, 20.051357], [-16.258392, 20.051086], [-16.259252, 20.051079], [-16.259237, 20.049182], [-16.25895, 20.049184], [-16.258944, 20.048371], [-16.258657, 20.048373], [-16.258655, 20.048102], [-16.258081, 20.048106], [-16.258086, 20.048648], [-16.258372, 20.048646], [-16.258375, 20.048917], [-16.258088, 20.048919], [-16.25809, 20.04919], [-16.258377, 20.049188], [-16.258379, 20.049459], [-16.257232, 20.049468], [-16.257234, 20.049739], [-16.256947, 20.049741], [-16.256951, 20.050283], [-16.256665, 20.050285], [-16.256667, 20.050556], [-16.256093, 20.05056], [-16.256095, 20.050831], [-16.256382, 20.050829], [-16.256384, 20.0511], [-16.256097, 20.051102], [-16.2561, 20.051373], [-16.255813, 20.051375], [-16.255815, 20.051646], [-16.255528, 20.051648], [-16.255532, 20.05219], [-16.255246, 20.052192], [-16.25525, 20.052734], [-16.254963, 20.052736], [-16.254967, 20.053278], [-16.254394, 20.053282], [-16.254396, 20.053553], [-16.254683, 20.053551], [-16.254685, 20.053822], [-16.254972, 20.05382], [-16.254969, 20.053549], [-16.255256, 20.053547], [-16.255258, 20.053818], [-16.255545, 20.053816]]]}, "properties": {"layer": "meadow", "year": 2024, "sat": "S2B", "date": "2024-06-25", "area_ha": 11.25}}, {"type": "Feature", "geometry": {"type": "Polygon", "coordinates": [[[-16.248293, 20.043568], [-16.248291, 20.043297], [-16.248865, 20.043293], [-16.248861, 20.042751], [-16.248287, 20.042755], [-16.248289, 20.043026], [-16.248002, 20.043028], [-16.248007, 20.04357], [-16.248293, 20.043568]]]}, "properties": {"layer": "meadow", "year": 2024, "sat": "S2B", "date": "2024-06-25", "area_ha": 0.54}}, {"type": "Feature", "geometry": {"type": "Polygon", "coordinates": [[[-16.256904, 20.04432], [-16.256902, 20.044049], [-16.257189, 20.044047], [-16.257186, 20.043776], [-16.257473, 20.043774], [-16.257469, 20.043232], [-16.257182, 20.043234], [-16.25718, 20.042963], [-16.257467, 20.042961], [-16.257465, 20.04269], [-16.257178, 20.042692], [-16.257173, 20.04215], [-16.256887, 20.042152], [-16.256895, 20.043236], [-16.256608, 20.043238], [-16.256617, 20.044322], [-16.256904, 20.04432]]]}, "properties": {"layer": "meadow", "year": 2024, "sat": "S2B", "date": "2024-06-25", "area_ha": 1.26}}, {"type": "Feature", "geometry": {"type": "Polygon", "coordinates": [[[-16.256887, 20.042152], [-16.256884, 20.041881], [-16.256598, 20.041883], [-16.256596, 20.041612], [-16.256882, 20.04161], [-16.25688, 20.041339], [-16.257167, 20.041337], [-16.257165, 20.041066], [-16.256878, 20.041068], [-16.256876, 20.040797], [-16.256589, 20.040799], [-16.256587, 20.040528], [-16.2563, 20.04053], [-16.256304, 20.041072], [-16.256591, 20.04107], [-16.256593, 20.041341], [-16.25602, 20.041345], [-16.256018, 20.041074], [-16.255731, 20.041076], [-16.255735, 20.041618], [-16.256022, 20.041616], [-16.256024, 20.041887], [-16.256311, 20.041885], [-16.256313, 20.042156], [-16.256887, 20.042152]]]}, "properties": {"layer": "meadow", "year": 2024, "sat": "S2B", "date": "2024-06-25", "area_ha": 1.26}}, {"type": "Feature", "geometry": {"type": "Polygon", "coordinates": [[[-16.254569, 20.039187], [-16.254566, 20.038916], [-16.254853, 20.038914], [-16.254851, 20.038642], [-16.254564, 20.038645], [-16.25456, 20.038102], [-16.2537, 20.038109], [-16.253704, 20.038651], [-16.253991, 20.038649], [-16.253995, 20.039191], [-16.254569, 20.039187]]]}, "properties": {"layer": "meadow", "year": 2024, "sat": "S2B", "date": "2024-06-25", "area_ha": 0.99}}, {"type": "Feature", "geometry": {"type": "Polygon", "coordinates": [[[-16.249104, 20.037328], [-16.2491, 20.036786], [-16.248813, 20.036788], [-16.248809, 20.036246], [-16.248522, 20.036248], [-16.24852, 20.035977], [-16.247947, 20.035981], [-16.247949, 20.036252], [-16.248236, 20.03625], [-16.24824, 20.036792], [-16.248527, 20.03679], [-16.248529, 20.037061], [-16.248816, 20.037059], [-16.248818, 20.03733], [-16.249104, 20.037328]]]}, "properties": {"layer": "meadow", "year": 2024, "sat": "S2B", "date": "2024-06-25", "area_ha": 0.81}}, {"type": "Feature", "geometry": {"type": "Polygon", "coordinates": [[[-16.252848, 20.039199], [-16.252833, 20.037302], [-16.25312, 20.0373], [-16.253117, 20.037028], [-16.253691, 20.037024], [-16.253695, 20.037566], [-16.253408, 20.037569], [-16.253411, 20.03784], [-16.254271, 20.037833], [-16.254265, 20.03702], [-16.254551, 20.037018], [-16.254549, 20.036747], [-16.254836, 20.036745], [-16.254834, 20.036474], [-16.255121, 20.036472], [-16.255118, 20.036201], [-16.255405, 20.036199], [-16.255403, 20.035928], [-16.25483, 20.035932], [-16.254832, 20.036203], [-16.253971, 20.036209], [-16.253973, 20.03648], [-16.253687, 20.036482], [-16.253689, 20.036753], [-16.253402, 20.036755], [-16.2534, 20.036484], [-16.252826, 20.036488], [-16.252824, 20.036217], [-16.252537, 20.036219], [-16.252535, 20.035948], [-16.251675, 20.035954], [-16.251677, 20.036226], [-16.25139, 20.036228], [-16.251392, 20.036499], [-16.250819, 20.036503], [-16.250817, 20.036232], [-16.250243, 20.036236], [-16.250245, 20.036507], [-16.250532, 20.036505], [-16.250534, 20.036776], [-16.251108, 20.036772], [-16.251112, 20.037314], [-16.251399, 20.037312], [-16.251403, 20.037854], [-16.25169, 20.037852], [-16.251692, 20.038123], [-16.251979, 20.038121], [-16.251977, 20.03785], [-16.252263, 20.037848], [-16.252272, 20.038932], [-16.252559, 20.03893], [-16.252561, 20.039201], [-16.252848, 20.039199]], [[-16.252833, 20.037302], [-16.252259, 20.037306], [-16.252257, 20.037035], [-16.252544, 20.037033], [-16.252542, 20.036762], [-16.252828, 20.036759], [-16.252833, 20.037302]]]}, "properties": {"layer": "meadow", "year": 2024, "sat": "S2B", "date": "2024-06-25", "area_ha": 6.57}}, {"type": "Feature", "geometry": {"type": "Polygon", "coordinates": [[[-16.245948, 20.037079], [-16.245945, 20.036808], [-16.246519, 20.036804], [-16.246517, 20.036533], [-16.246804, 20.036531], [-16.246793, 20.035176], [-16.246506, 20.035178], [-16.246502, 20.034636], [-16.245928, 20.03464], [-16.245933, 20.035182], [-16.246219, 20.03518], [-16.246224, 20.035722], [-16.245363, 20.035728], [-16.245365, 20.035999], [-16.245079, 20.036001], [-16.245085, 20.036814], [-16.245659, 20.03681], [-16.245661, 20.037081], [-16.245948, 20.037079]]]}, "properties": {"layer": "meadow", "year": 2024, "sat": "S2B", "date": "2024-06-25", "area_ha": 2.79}}, {"type": "Feature", "geometry": {"type": "Polygon", "coordinates": [[[-16.254252, 20.035394], [-16.254249, 20.035123], [-16.254823, 20.035119], [-16.254819, 20.034577], [-16.254532, 20.034579], [-16.25453, 20.034308], [-16.254817, 20.034306], [-16.254806, 20.032951], [-16.254519, 20.032953], [-16.254521, 20.033224], [-16.254234, 20.033226], [-16.254237, 20.033497], [-16.25395, 20.033499], [-16.253952, 20.03377], [-16.254239, 20.033768], [-16.254241, 20.034039], [-16.253954, 20.034041], [-16.253963, 20.035125], [-16.253676, 20.035127], [-16.253678, 20.035398], [-16.254252, 20.035394]]]}, "properties": {"layer": "meadow", "year": 2024, "sat": "S2B", "date": "2024-06-25", "area_ha": 1.89}}, {"type": "Feature", "geometry": {"type": "Polygon", "coordinates": [[[-16.240796, 20.038471], [-16.24079, 20.037657], [-16.241363, 20.037653], [-16.241361, 20.037382], [-16.243082, 20.03737], [-16.243078, 20.036828], [-16.242791, 20.03683], [-16.242789, 20.036559], [-16.243075, 20.036557], [-16.243067, 20.035473], [-16.24278, 20.035475], [-16.242778, 20.035204], [-16.242491, 20.035206], [-16.242485, 20.034393], [-16.242772, 20.034391], [-16.242769, 20.03412], [-16.242483, 20.034122], [-16.242468, 20.032225], [-16.241894, 20.032229], [-16.241892, 20.031958], [-16.241605, 20.03196], [-16.24161, 20.032502], [-16.240749, 20.032508], [-16.240751, 20.032779], [-16.240465, 20.032781], [-16.240469, 20.033323], [-16.240182, 20.033325], [-16.240184, 20.033596], [-16.239611, 20.0336], [-16.239608, 20.033329], [-16.239035, 20.033333], [-16.239039, 20.033875], [-16.239613, 20.033871], [-16.239615, 20.034142], [-16.239041, 20.034146], [-16.239043, 20.034417], [-16.23847, 20.034421], [-16.238472, 20.034692], [-16.239619, 20.034684], [-16.239617, 20.034413], [-16.24019, 20.034409], [-16.240193, 20.03468], [-16.240479, 20.034678], [-16.240482, 20.034949], [-16.240768, 20.034947], [-16.240773, 20.035489], [-16.241346, 20.035485], [-16.241353, 20.036298], [-16.240492, 20.036304], [-16.24049, 20.036033], [-16.240203, 20.036035], [-16.240205, 20.036306], [-16.239919, 20.036308], [-16.239916, 20.036037], [-16.23963, 20.036039], [-16.239628, 20.035768], [-16.239914, 20.035766], [-16.239912, 20.035495], [-16.239339, 20.035499], [-16.239343, 20.036041], [-16.239056, 20.036043], [-16.239054, 20.035772], [-16.238767, 20.035774], [-16.238765, 20.035503], [-16.238191, 20.035507], [-16.238198, 20.03632], [-16.238485, 20.036318], [-16.238487, 20.036589], [-16.237913, 20.036593], [-16.237911, 20.036322], [-16.237337, 20.036326], [-16.237331, 20.035513], [-16.237044, 20.035515], [-16.237051, 20.036328], [-16.236764, 20.03633], [-16.236766, 20.036601], [-16.236479, 20.036603], [-16.236481, 20.036874], [-16.237629, 20.036866], [-16.237631, 20.037138], [-16.237917, 20.037135], [-16.23792, 20.037407], [-16.238206, 20.037405], [-16.238208, 20.037676], [-16.238495, 20.037674], [-16.238493, 20.037403], [-16.239067, 20.037399], [-16.239069, 20.03767], [-16.239356, 20.037668], [-16.239358, 20.037939], [-16.239645, 20.037937], [-16.239642, 20.037666], [-16.239929, 20.037664], [-16.239931, 20.037935], [-16.240218, 20.037933], [-16.240222, 20.038475], [-16.240796, 20.038471]], [[-16.241053, 20.034674], [-16.240766, 20.034676], [-16.240764, 20.034405], [-16.241051, 20.034403], [-16.241053, 20.034674]]]}, "properties": {"layer": "meadow", "year": 2024, "sat": "S2B", "date": "2024-06-25", "area_ha": 20.88}}, {"type": "Feature", "geometry": {"type": "Polygon", "coordinates": [[[-16.254797, 20.031867], [-16.254793, 20.031325], [-16.254506, 20.031327], [-16.254504, 20.031056], [-16.254217, 20.031058], [-16.254215, 20.030787], [-16.253928, 20.030789], [-16.253933, 20.031331], [-16.254219, 20.031329], [-16.254224, 20.031871], [-16.254797, 20.031867]]]}, "properties": {"layer": "meadow", "year": 2024, "sat": "S2B", "date": "2024-06-25", "area_ha": 0.63}}, {"type": "Feature", "geometry": {"type": "Polygon", "coordinates": [[[-16.241321, 20.032233], [-16.241316, 20.031691], [-16.241603, 20.031689], [-16.241599, 20.031147], [-16.241312, 20.031149], [-16.241308, 20.030607], [-16.242168, 20.0306], [-16.242164, 20.030058], [-16.242737, 20.030054], [-16.242735, 20.029783], [-16.243022, 20.029781], [-16.24302, 20.02951], [-16.241586, 20.02952], [-16.241582, 20.028978], [-16.241008, 20.028982], [-16.24101, 20.029253], [-16.240724, 20.029255], [-16.240734, 20.030611], [-16.240447, 20.030613], [-16.240443, 20.03007], [-16.240156, 20.030072], [-16.240163, 20.030886], [-16.24045, 20.030884], [-16.240452, 20.031155], [-16.240165, 20.031157], [-16.240169, 20.031699], [-16.240456, 20.031697], [-16.240454, 20.031426], [-16.240741, 20.031424], [-16.240747, 20.032237], [-16.241321, 20.032233]]]}, "properties": {"layer": "meadow", "year": 2024, "sat": "S2B", "date": "2024-06-25", "area_ha": 4.68}}, {"type": "Feature", "geometry": {"type": "Polygon", "coordinates": [[[-16.235555, 20.028478], [-16.235553, 20.028207], [-16.2367, 20.028199], [-16.236698, 20.027928], [-16.236411, 20.02793], [-16.236409, 20.027659], [-16.236122, 20.027661], [-16.236125, 20.027932], [-16.235264, 20.027938], [-16.235266, 20.028209], [-16.23498, 20.028211], [-16.234982, 20.028482], [-16.235555, 20.028478]]]}, "properties": {"layer": "meadow", "year": 2024, "sat": "S2B", "date": "2024-06-25", "area_ha": 0.72}}, {"type": "Feature", "geometry": {"type": "Polygon", "coordinates": [[[-16.236979, 20.027113], [-16.236976, 20.026842], [-16.237837, 20.026836], [-16.237833, 20.026294], [-16.238693, 20.026288], [-16.238691, 20.026017], [-16.238404, 20.026019], [-16.238402, 20.025748], [-16.238689, 20.025746], [-16.238686, 20.025475], [-16.238113, 20.025479], [-16.238115, 20.02575], [-16.237541, 20.025754], [-16.237544, 20.026025], [-16.237257, 20.026027], [-16.237259, 20.026298], [-16.236685, 20.026302], [-16.236688, 20.026573], [-16.236401, 20.026575], [-16.236403, 20.026846], [-16.236116, 20.026848], [-16.236118, 20.027119], [-16.236979, 20.027113]]]}, "properties": {"layer": "meadow", "year": 2024, "sat": "S2B", "date": "2024-06-25", "area_ha": 1.98}}, {"type": "Feature", "geometry": {"type": "Polygon", "coordinates": [[[-16.239266, 20.026284], [-16.239262, 20.025742], [-16.239836, 20.025738], [-16.239829, 20.024925], [-16.240403, 20.024921], [-16.240399, 20.024379], [-16.240112, 20.024381], [-16.240114, 20.024652], [-16.239827, 20.024654], [-16.239825, 20.024383], [-16.238965, 20.024389], [-16.238967, 20.02466], [-16.23868, 20.024662], [-16.238686, 20.025475], [-16.238973, 20.025473], [-16.23898, 20.026286], [-16.239266, 20.026284]]]}, "properties": {"layer": "meadow", "year": 2024, "sat": "S2B", "date": "2024-06-25", "area_ha": 2.07}}, {"type": "Feature", "geometry": {"type": "Polygon", "coordinates": [[[-16.239235, 20.022218], [-16.239232, 20.021947], [-16.239806, 20.021943], [-16.2398, 20.02113], [-16.239513, 20.021132], [-16.239511, 20.020861], [-16.239224, 20.020863], [-16.239226, 20.021134], [-16.238652, 20.021138], [-16.238655, 20.021409], [-16.238081, 20.021413], [-16.238083, 20.021684], [-16.237796, 20.021686], [-16.237801, 20.022229], [-16.239235, 20.022218]]]}, "properties": {"layer": "meadow", "year": 2024, "sat": "S2B", "date": "2024-06-25", "area_ha": 2.07}}, {"type": "Feature", "geometry": {"type": "Polygon", "coordinates": [[[-16.239502, 20.019777], [-16.2395, 20.019506], [-16.24036, 20.0195], [-16.240348, 20.017874], [-16.240061, 20.017876], [-16.240059, 20.017605], [-16.239772, 20.017607], [-16.23977, 20.017336], [-16.239196, 20.01734], [-16.239194, 20.017069], [-16.239481, 20.017067], [-16.239475, 20.016254], [-16.239188, 20.016256], [-16.239184, 20.015714], [-16.238897, 20.015716], [-16.238895, 20.015445], [-16.238321, 20.015449], [-16.238334, 20.017075], [-16.237474, 20.017081], [-16.237472, 20.01681], [-16.237185, 20.016812], [-16.237178, 20.015999], [-16.236892, 20.016001], [-16.23689, 20.01573], [-16.236603, 20.015732], [-16.236609, 20.016545], [-16.236322, 20.016547], [-16.23632, 20.016276], [-16.235747, 20.01628], [-16.235745, 20.016009], [-16.234598, 20.016017], [-16.2346, 20.016288], [-16.234313, 20.01629], [-16.234315, 20.016561], [-16.234889, 20.016557], [-16.234891, 20.016828], [-16.235177, 20.016826], [-16.235175, 20.016555], [-16.235749, 20.016551], [-16.235751, 20.016822], [-16.236324, 20.016818], [-16.236327, 20.017089], [-16.23604, 20.017091], [-16.236046, 20.017904], [-16.236333, 20.017902], [-16.236335, 20.018173], [-16.236048, 20.018175], [-16.236053, 20.018717], [-16.236339, 20.018715], [-16.236341, 20.018986], [-16.236628, 20.018984], [-16.23663, 20.019255], [-16.236344, 20.019257], [-16.236348, 20.019799], [-16.237208, 20.019793], [-16.237206, 20.019522], [-16.237779, 20.019518], [-16.237782, 20.019789], [-16.238355, 20.019785], [-16.238353, 20.019514], [-16.23864, 20.019512], [-16.238642, 20.019783], [-16.239502, 20.019777]], [[-16.239203, 20.018153], [-16.238916, 20.018155], [-16.23891, 20.017342], [-16.239196, 20.01734], [-16.239203, 20.018153]], [[-16.238342, 20.018159], [-16.238056, 20.018161], [-16.238054, 20.01789], [-16.23834, 20.017888], [-16.238342, 20.018159]], [[-16.237767, 20.017892], [-16.23748, 20.017894], [-16.237478, 20.017623], [-16.237765, 20.017621], [-16.237767, 20.017892]]]}, "properties": {"layer": "meadow", "year": 2024, "sat": "S2B", "date": "2024-06-25", "area_ha": 15.48}}, {"type": "Feature", "geometry": {"type": "Polygon", "coordinates": [[[-16.239453, 20.013543], [-16.239451, 20.013272], [-16.239738, 20.01327], [-16.239729, 20.012186], [-16.240016, 20.012184], [-16.240012, 20.011642], [-16.239725, 20.011644], [-16.239721, 20.011102], [-16.239434, 20.011104], [-16.239421, 20.009478], [-16.239135, 20.00948], [-16.239133, 20.009209], [-16.239419, 20.009207], [-16.239417, 20.008936], [-16.23913, 20.008938], [-16.239122, 20.007854], [-16.238262, 20.00786], [-16.238266, 20.008402], [-16.237693, 20.008406], [-16.237695, 20.008677], [-16.237408, 20.008679], [-16.23741, 20.00895], [-16.237984, 20.008946], [-16.237986, 20.009217], [-16.238272, 20.009215], [-16.238274, 20.009486], [-16.237414, 20.009492], [-16.237412, 20.009221], [-16.236839, 20.009225], [-16.236841, 20.009496], [-16.236267, 20.0095], [-16.236257, 20.008145], [-16.237404, 20.008137], [-16.237402, 20.007866], [-16.237688, 20.007864], [-16.237686, 20.007593], [-16.238833, 20.007585], [-16.23882, 20.005958], [-16.238534, 20.00596], [-16.238529, 20.005418], [-16.238243, 20.00542], [-16.238245, 20.005691], [-16.237958, 20.005693], [-16.237964, 20.006506], [-16.237391, 20.00651], [-16.237389, 20.006239], [-16.236529, 20.006245], [-16.236524, 20.005703], [-16.237671, 20.005695], [-16.237669, 20.005424], [-16.237956, 20.005422], [-16.237954, 20.005151], [-16.238527, 20.005147], [-16.238525, 20.004876], [-16.238238, 20.004878], [-16.238236, 20.004607], [-16.238523, 20.004605], [-16.238515, 20.003521], [-16.238228, 20.003523], [-16.238226, 20.003252], [-16.237939, 20.003254], [-16.237937, 20.002983], [-16.238224, 20.002981], [-16.238219, 20.002439], [-16.237072, 20.002447], [-16.237075, 20.002718], [-16.236788, 20.00272], [-16.236792, 20.003262], [-16.237079, 20.00326], [-16.237081, 20.003531], [-16.236794, 20.003533], [-16.236805, 20.004888], [-16.236231, 20.004892], [-16.236233, 20.005163], [-16.23566, 20.005167], [-16.235662, 20.005438], [-16.235375, 20.00544], [-16.235377, 20.005711], [-16.235664, 20.005709], [-16.235666, 20.00598], [-16.235953, 20.005978], [-16.235955, 20.006249], [-16.235668, 20.006251], [-16.235671, 20.006522], [-16.23481, 20.006528], [-16.234815, 20.00707], [-16.233954, 20.007076], [-16.233952, 20.006805], [-16.233665, 20.006807], [-16.233661, 20.006265], [-16.233088, 20.006269], [-16.23309, 20.00654], [-16.233377, 20.006538], [-16.233381, 20.00708], [-16.233094, 20.007082], [-16.233096, 20.007353], [-16.233383, 20.007351], [-16.233389, 20.008165], [-16.23425, 20.008159], [-16.234252, 20.00843], [-16.233965, 20.008432], [-16.233984, 20.010871], [-16.234271, 20.010869], [-16.234275, 20.011411], [-16.234562, 20.011409], [-16.234557, 20.010867], [-16.234844, 20.010865], [-16.234842, 20.010594], [-16.234555, 20.010596], [-16.234547, 20.009512], [-16.234834, 20.00951], [-16.234829, 20.008968], [-16.235116, 20.008966], [-16.235118, 20.009237], [-16.235405, 20.009235], [-16.235401, 20.008693], [-16.235687, 20.008691], [-16.235694, 20.009504], [-16.235981, 20.009502], [-16.235983, 20.009773], [-16.235409, 20.009777], [-16.235411, 20.010048], [-16.235985, 20.010044], [-16.235993, 20.011128], [-16.23628, 20.011126], [-16.236291, 20.012481], [-16.236577, 20.012479], [-16.236579, 20.01275], [-16.236866, 20.012748], [-16.236868, 20.013019], [-16.237442, 20.013015], [-16.23744, 20.012744], [-16.2383, 20.012738], [-16.238306, 20.013551], [-16.239453, 20.013543]], [[-16.237427, 20.011118], [-16.23714, 20.01112], [-16.237136, 20.010578], [-16.237996, 20.010572], [-16.237998, 20.010843], [-16.237425, 20.010847], [-16.237427, 20.011118]], [[-16.238283, 20.01057], [-16.237996, 20.010572], [-16.237994, 20.010301], [-16.237707, 20.010303], [-16.237705, 20.010032], [-16.238565, 20.010026], [-16.238568, 20.010297], [-16.238281, 20.010299], [-16.238283, 20.01057]], [[-16.238557, 20.008942], [-16.237984, 20.008946], [-16.237981, 20.008675], [-16.238555, 20.008671], [-16.238557, 20.008942]], [[-16.23597, 20.008147], [-16.235683, 20.008149], [-16.235681, 20.007878], [-16.235394, 20.00788], [-16.235392, 20.007609], [-16.235679, 20.007607], [-16.235677, 20.007336], [-16.23625, 20.007332], [-16.236255, 20.007874], [-16.235968, 20.007876], [-16.23597, 20.008147]], [[-16.234536, 20.008157], [-16.23425, 20.008159], [-16.234247, 20.007888], [-16.233961, 20.00789], [-16.233959, 20.007619], [-16.234532, 20.007615], [-16.234536, 20.008157]], [[-16.235677, 20.007336], [-16.23539, 20.007338], [-16.235386, 20.006795], [-16.235673, 20.006793], [-16.235677, 20.007336]]]}, "properties": {"layer": "meadow", "year": 2024, "sat": "S2B", "date": "2024-06-25", "area_ha": 36.54}}, {"type": "Feature", "geometry": {"type": "Polygon", "coordinates": [[[-16.233925, 20.003282], [-16.233923, 20.003011], [-16.234209, 20.003009], [-16.234205, 20.002467], [-16.234492, 20.002465], [-16.23449, 20.002194], [-16.234776, 20.002192], [-16.234774, 20.001921], [-16.235061, 20.001919], [-16.235059, 20.001648], [-16.235346, 20.001646], [-16.235341, 20.001104], [-16.235628, 20.001102], [-16.235626, 20.000831], [-16.235053, 20.000835], [-16.235055, 20.001106], [-16.234768, 20.001108], [-16.23477, 20.001379], [-16.234483, 20.001381], [-16.234486, 20.001652], [-16.233912, 20.001656], [-16.233914, 20.001927], [-16.232767, 20.001935], [-16.232769, 20.002206], [-16.233343, 20.002202], [-16.233345, 20.002473], [-16.233058, 20.002475], [-16.23306, 20.002746], [-16.232774, 20.002748], [-16.232778, 20.00329], [-16.233925, 20.003282]]]}, "properties": {"layer": "meadow", "year": 2024, "sat": "S2B", "date": "2024-06-25", "area_ha": 3.15}}, {"type": "Feature", "geometry": {"type": "Polygon", "coordinates": [[[-16.232476, 20.001395], [-16.232474, 20.001124], [-16.232761, 20.001122], [-16.232759, 20.000851], [-16.233046, 20.000849], [-16.233043, 20.000578], [-16.233904, 20.000572], [-16.233902, 20.000301], [-16.233041, 20.000307], [-16.233039, 20.000035], [-16.232753, 20.000037], [-16.23275, 19.999766], [-16.233037, 19.999764], [-16.233033, 19.999222], [-16.23332, 19.99922], [-16.233318, 19.998949], [-16.233891, 19.998945], [-16.233889, 19.998674], [-16.233602, 19.998676], [-16.2336, 19.998405], [-16.233313, 19.998407], [-16.233315, 19.998678], [-16.233029, 19.99868], [-16.233031, 19.998951], [-16.232457, 19.998955], [-16.232459, 19.999226], [-16.232173, 19.999228], [-16.23219, 20.001397], [-16.232476, 20.001395]]]}, "properties": {"layer": "meadow", "year": 2024, "sat": "S2B", "date": "2024-06-25", "area_ha": 2.7}}, {"type": "Feature", "geometry": {"type": "Polygon", "coordinates": [[[-16.235027, 19.997582], [-16.235023, 19.99704], [-16.23531, 19.997038], [-16.235308, 19.996767], [-16.235021, 19.996769], [-16.235015, 19.995956], [-16.234728, 19.995958], [-16.234724, 19.995416], [-16.234437, 19.995418], [-16.234433, 19.994876], [-16.234146, 19.994878], [-16.234142, 19.994336], [-16.233568, 19.99434], [-16.233566, 19.994069], [-16.23328, 19.994071], [-16.233284, 19.994613], [-16.23357, 19.994611], [-16.233573, 19.994882], [-16.233286, 19.994884], [-16.233288, 19.995155], [-16.233001, 19.995157], [-16.232999, 19.994886], [-16.232712, 19.994888], [-16.232715, 19.995159], [-16.232428, 19.995161], [-16.232436, 19.996245], [-16.23215, 19.996247], [-16.232158, 19.997331], [-16.233878, 19.997319], [-16.23388, 19.99759], [-16.235027, 19.997582]], [[-16.233294, 19.995968], [-16.232721, 19.995972], [-16.232719, 19.995701], [-16.233005, 19.995699], [-16.233003, 19.995428], [-16.233577, 19.995424], [-16.233579, 19.995695], [-16.233292, 19.995697], [-16.233294, 19.995968]]]}, "properties": {"layer": "meadow", "year": 2024, "sat": "S2B", "date": "2024-06-25", "area_ha": 7.56}}, {"type": "Feature", "geometry": {"type": "Polygon", "coordinates": [[[-16.230703, 19.994631], [-16.230699, 19.994089], [-16.230986, 19.994087], [-16.230982, 19.993545], [-16.230408, 19.993549], [-16.23041, 19.99382], [-16.230124, 19.993822], [-16.230126, 19.994093], [-16.229839, 19.994095], [-16.229841, 19.994366], [-16.230128, 19.994364], [-16.23013, 19.994635], [-16.230703, 19.994631]]]}, "properties": {"layer": "meadow", "year": 2024, "sat": "S2B", "date": "2024-06-25", "area_ha": 0.9}}, {"type": "Feature", "geometry": {"type": "Polygon", "coordinates": [[[-16.23154, 19.991643], [-16.231538, 19.991372], [-16.231825, 19.99137], [-16.231819, 19.990557], [-16.232105, 19.990555], [-16.232101, 19.990013], [-16.232674, 19.990009], [-16.232672, 19.989738], [-16.232959, 19.989736], [-16.232957, 19.989465], [-16.233244, 19.989463], [-16.233242, 19.989192], [-16.233528, 19.98919], [-16.23353, 19.989461], [-16.233817, 19.989459], [-16.233809, 19.988375], [-16.234095, 19.988373], [-16.234091, 19.987831], [-16.233804, 19.987833], [-16.233807, 19.988104], [-16.23352, 19.988106], [-16.233522, 19.988377], [-16.233235, 19.988379], [-16.233237, 19.98865], [-16.231804, 19.98866], [-16.231797, 19.987847], [-16.232084, 19.987845], [-16.232082, 19.987574], [-16.232369, 19.987572], [-16.232371, 19.987843], [-16.232658, 19.987841], [-16.23266, 19.988112], [-16.232946, 19.98811], [-16.232944, 19.987839], [-16.233518, 19.987835], [-16.233516, 19.987564], [-16.233802, 19.987562], [-16.2338, 19.987291], [-16.233513, 19.987293], [-16.233511, 19.987022], [-16.233225, 19.987024], [-16.233223, 19.986753], [-16.232936, 19.986755], [-16.232932, 19.986213], [-16.233218, 19.986211], [-16.233216, 19.98594], [-16.23293, 19.985942], [-16.232923, 19.985128], [-16.23321, 19.985126], [-16.233206, 19.984584], [-16.232919, 19.984586], [-16.232915, 19.984044], [-16.232628, 19.984046], [-16.232624, 19.983504], [-16.232337, 19.983506], [-16.232335, 19.983235], [-16.232048, 19.983237], [-16.232044, 19.982695], [-16.231757, 19.982697], [-16.231755, 19.982426], [-16.231469, 19.982428], [-16.231464, 19.981886], [-16.231178, 19.981888], [-16.231176, 19.981617], [-16.230889, 19.981619], [-16.230893, 19.982161], [-16.230606, 19.982163], [-16.230602, 19.981621], [-16.230029, 19.981625], [-16.230031, 19.981896], [-16.229744, 19.981898], [-16.229755, 19.983253], [-16.229468, 19.983255], [-16.22947, 19.983526], [-16.229757, 19.983524], [-16.229759, 19.983795], [-16.231192, 19.983785], [-16.231195, 19.984056], [-16.230908, 19.984058], [-16.23091, 19.984329], [-16.229763, 19.984337], [-16.229767, 19.984879], [-16.229481, 19.984881], [-16.229485, 19.985423], [-16.229198, 19.985425], [-16.2292, 19.985696], [-16.229487, 19.985694], [-16.229489, 19.985965], [-16.229776, 19.985963], [-16.229782, 19.986777], [-16.230069, 19.986775], [-16.230071, 19.987046], [-16.230358, 19.987044], [-16.23036, 19.987315], [-16.229786, 19.987319], [-16.229793, 19.988132], [-16.229506, 19.988134], [-16.22951, 19.988676], [-16.230084, 19.988672], [-16.230086, 19.988943], [-16.229512, 19.988947], [-16.229514, 19.989218], [-16.228368, 19.989226], [-16.228372, 19.989768], [-16.228658, 19.989766], [-16.228661, 19.990037], [-16.229234, 19.990033], [-16.229238, 19.990575], [-16.229525, 19.990573], [-16.229527, 19.990844], [-16.2301, 19.99084], [-16.230098, 19.990569], [-16.230672, 19.990565], [-16.230676, 19.991107], [-16.230963, 19.991105], [-16.230965, 19.991376], [-16.231251, 19.991374], [-16.231254, 19.991645], [-16.23154, 19.991643]], [[-16.232101, 19.990013], [-16.231814, 19.990015], [-16.231812, 19.989744], [-16.232099, 19.989742], [-16.232101, 19.990013]], [[-16.232672, 19.989738], [-16.232386, 19.98974], [-16.232384, 19.989469], [-16.23267, 19.989467], [-16.232672, 19.989738]], [[-16.230937, 19.987853], [-16.230364, 19.987857], [-16.23036, 19.987315], [-16.230933, 19.987311], [-16.230937, 19.987853]], [[-16.232055, 19.98405], [-16.231768, 19.984052], [-16.231766, 19.983781], [-16.232053, 19.983779], [-16.232055, 19.98405]], [[-16.231188, 19.983243], [-16.230902, 19.983245], [-16.230895, 19.982432], [-16.231182, 19.98243], [-16.231188, 19.983243]]]}, "properties": {"layer": "meadow", "year": 2024, "sat": "S2B", "date": "2024-06-25", "area_ha": 31.77}}, {"type": "Feature", "geometry": {"type": "Polygon", "coordinates": [[[-16.230887, 19.981348], [-16.230883, 19.980806], [-16.230596, 19.980808], [-16.230594, 19.980537], [-16.23002, 19.980541], [-16.230023, 19.980812], [-16.230309, 19.98081], [-16.230313, 19.981352], [-16.230887, 19.981348]]]}, "properties": {"layer": "meadow", "year": 2024, "sat": "S2B", "date": "2024-06-25", "area_ha": 0.54}}, {"type": "Feature", "geometry": {"type": "Polygon", "coordinates": [[[-16.504521, 19.934246], [-16.504513, 19.933433], [-16.504227, 19.933436], [-16.504219, 19.932623], [-16.503933, 19.932625], [-16.503935, 19.932896], [-16.503649, 19.932899], [-16.503651, 19.93317], [-16.503938, 19.933167], [-16.50394, 19.933438], [-16.503367, 19.933443], [-16.50337, 19.933714], [-16.504229, 19.933707], [-16.504235, 19.934249], [-16.504521, 19.934246]]]}, "properties": {"layer": "meadow", "year": 2024, "sat": "S2B", "date": "2024-06-25", "area_ha": 0.9}}, {"type": "Feature", "geometry": {"type": "Polygon", "coordinates": [[[-16.504787, 19.932076], [-16.504785, 19.931805], [-16.505071, 19.931802], [-16.505066, 19.93126], [-16.504779, 19.931263], [-16.504777, 19.930992], [-16.50449, 19.930994], [-16.504488, 19.930723], [-16.504774, 19.930721], [-16.504764, 19.929637], [-16.504477, 19.929639], [-16.504475, 19.929368], [-16.504188, 19.929371], [-16.504183, 19.928829], [-16.503897, 19.928831], [-16.503894, 19.92856], [-16.503608, 19.928562], [-16.503613, 19.929104], [-16.503326, 19.929107], [-16.503329, 19.929378], [-16.503615, 19.929375], [-16.503618, 19.929647], [-16.503331, 19.929649], [-16.503339, 19.930462], [-16.503625, 19.93046], [-16.503628, 19.930731], [-16.503915, 19.930728], [-16.50392, 19.93127], [-16.504206, 19.931268], [-16.504209, 19.931539], [-16.504495, 19.931536], [-16.504501, 19.932078], [-16.504787, 19.932076]]]}, "properties": {"layer": "meadow", "year": 2024, "sat": "S2B", "date": "2024-06-25", "area_ha": 3.51}}, {"type": "Feature", "geometry": {"type": "Polygon", "coordinates": [[[-16.500412, 19.923982], [-16.500407, 19.92344], [-16.500693, 19.923438], [-16.500686, 19.922624], [-16.500112, 19.922629], [-16.500115, 19.9229], [-16.499828, 19.922903], [-16.499839, 19.923987], [-16.500412, 19.923982]]]}, "properties": {"layer": "meadow", "year": 2024, "sat": "S2B", "date": "2024-06-25", "area_ha": 1.08}}, {"type": "Feature", "geometry": {"type": "Polygon", "coordinates": [[[-16.501829, 19.922344], [-16.501824, 19.921802], [-16.502111, 19.921799], [-16.502106, 19.921257], [-16.501532, 19.921262], [-16.501535, 19.921533], [-16.501248, 19.921536], [-16.501254, 19.922078], [-16.500967, 19.92208], [-16.50097, 19.922351], [-16.501829, 19.922344]]]}, "properties": {"layer": "meadow", "year": 2024, "sat": "S2B", "date": "2024-06-25", "area_ha": 0.9}}, {"type": "Feature", "geometry": {"type": "Polygon", "coordinates": [[[-16.478269, 19.915765], [-16.478266, 19.915494], [-16.478553, 19.915492], [-16.478548, 19.91495], [-16.478834, 19.914948], [-16.478832, 19.914677], [-16.479118, 19.914674], [-16.479116, 19.914403], [-16.478256, 19.91441], [-16.478261, 19.914952], [-16.477975, 19.914955], [-16.477982, 19.915768], [-16.478269, 19.915765]]]}, "properties": {"layer": "meadow", "year": 2024, "sat": "S2B", "date": "2024-06-25", "area_ha": 0.9}}, {"type": "Feature", "geometry": {"type": "Polygon", "coordinates": [[[-16.487139, 19.914336], [-16.487136, 19.914065], [-16.48685, 19.914068], [-16.486847, 19.913797], [-16.486561, 19.913799], [-16.486558, 19.913528], [-16.486272, 19.91353], [-16.486274, 19.913801], [-16.485988, 19.913804], [-16.485993, 19.914346], [-16.486279, 19.914344], [-16.486277, 19.914073], [-16.486563, 19.91407], [-16.486566, 19.914341], [-16.487139, 19.914336]]]}, "properties": {"layer": "meadow", "year": 2024, "sat": "S2B", "date": "2024-06-25", "area_ha": 0.63}}, {"type": "Feature", "geometry": {"type": "Polygon", "coordinates": [[[-16.483409, 19.913825], [-16.483404, 19.913283], [-16.48369, 19.913281], [-16.483688, 19.91301], [-16.483401, 19.913012], [-16.483399, 19.912741], [-16.483112, 19.912744], [-16.483107, 19.912202], [-16.482821, 19.912204], [-16.482823, 19.912475], [-16.48225, 19.91248], [-16.482248, 19.912209], [-16.481961, 19.912211], [-16.481964, 19.912482], [-16.481677, 19.912485], [-16.481682, 19.913027], [-16.482255, 19.913022], [-16.482258, 19.913293], [-16.482831, 19.913288], [-16.482836, 19.91383], [-16.483409, 19.913825]]]}, "properties": {"layer": "meadow", "year": 2024, "sat": "S2B", "date": "2024-06-25", "area_ha": 1.98}}, {"type": "Feature", "geometry": {"type": "Polygon", "coordinates": [[[-16.489152, 19.915133], [-16.489147, 19.914591], [-16.488861, 19.914593], [-16.488848, 19.913238], [-16.489708, 19.913231], [-16.489705, 19.91296], [-16.489419, 19.912962], [-16.489416, 19.912691], [-16.489129, 19.912693], [-16.489127, 19.912422], [-16.489413, 19.91242], [-16.489411, 19.912149], [-16.489697, 19.912147], [-16.489695, 19.911876], [-16.488835, 19.911883], [-16.488838, 19.912154], [-16.487978, 19.912161], [-16.487981, 19.912432], [-16.487694, 19.912434], [-16.487697, 19.912705], [-16.48741, 19.912708], [-16.487413, 19.912979], [-16.487699, 19.912976], [-16.487707, 19.91379], [-16.487993, 19.913787], [-16.488004, 19.914871], [-16.488863, 19.914864], [-16.488866, 19.915135], [-16.489152, 19.915133]], [[-16.489132, 19.912964], [-16.488845, 19.912967], [-16.488843, 19.912696], [-16.489129, 19.912693], [-16.489132, 19.912964]]]}, "properties": {"layer": "meadow", "year": 2024, "sat": "S2B", "date": "2024-06-25", "area_ha": 4.32}}, {"type": "Feature", "geometry": {"type": "Polygon", "coordinates": [[[-16.479113, 19.914132], [-16.479111, 19.913861], [-16.47997, 19.913854], [-16.479963, 19.913041], [-16.479676, 19.913043], [-16.479679, 19.913314], [-16.479392, 19.913317], [-16.479382, 19.912233], [-16.479096, 19.912235], [-16.479091, 19.911693], [-16.478804, 19.911696], [-16.478802, 19.911424], [-16.480234, 19.911413], [-16.480227, 19.9106], [-16.47994, 19.910602], [-16.479943, 19.910873], [-16.479656, 19.910875], [-16.479659, 19.911146], [-16.478512, 19.911156], [-16.478518, 19.911698], [-16.478231, 19.9117], [-16.478233, 19.911971], [-16.47766, 19.911976], [-16.477663, 19.912247], [-16.477949, 19.912245], [-16.477952, 19.912516], [-16.477665, 19.912518], [-16.477673, 19.913331], [-16.478246, 19.913326], [-16.478249, 19.913597], [-16.477676, 19.913602], [-16.477678, 19.913873], [-16.478251, 19.913868], [-16.478254, 19.914139], [-16.479113, 19.914132]]]}, "properties": {"layer": "meadow", "year": 2024, "sat": "S2B", "date": "2024-06-25", "area_ha": 5.31}}, {"type": "Feature", "geometry": {"type": "Polygon", "coordinates": [[[-16.487976, 19.91189], [-16.487973, 19.911619], [-16.48826, 19.911617], [-16.488257, 19.911346], [-16.487971, 19.911348], [-16.487966, 19.910806], [-16.488252, 19.910804], [-16.48825, 19.910533], [-16.48739, 19.91054], [-16.487393, 19.910811], [-16.486533, 19.910818], [-16.48653, 19.910547], [-16.486817, 19.910545], [-16.486814, 19.910274], [-16.486528, 19.910276], [-16.486523, 19.909734], [-16.485663, 19.909741], [-16.485661, 19.90947], [-16.485374, 19.909472], [-16.485377, 19.909743], [-16.484804, 19.909748], [-16.484801, 19.909477], [-16.483082, 19.909492], [-16.483084, 19.909763], [-16.483371, 19.90976], [-16.483373, 19.910031], [-16.48452, 19.910022], [-16.484525, 19.910564], [-16.484238, 19.910566], [-16.484241, 19.910837], [-16.484527, 19.910835], [-16.48453, 19.911106], [-16.485103, 19.911101], [-16.485105, 19.911372], [-16.485392, 19.91137], [-16.485397, 19.911912], [-16.485683, 19.911909], [-16.485681, 19.911638], [-16.485967, 19.911636], [-16.48597, 19.911907], [-16.486543, 19.911902], [-16.486541, 19.911631], [-16.487114, 19.911626], [-16.487116, 19.911897], [-16.487976, 19.91189]], [[-16.487398, 19.911353], [-16.487111, 19.911355], [-16.487109, 19.911084], [-16.487395, 19.911082], [-16.487398, 19.911353]]]}, "properties": {"layer": "meadow", "year": 2024, "sat": "S2B", "date": "2024-06-25", "area_ha": 7.29}}, {"type": "Feature", "geometry": {"type": "Polygon", "coordinates": [[[-16.406034, 19.913641], [-16.406032, 19.91337], [-16.406892, 19.913363], [-16.406889, 19.913092], [-16.406603, 19.913094], [-16.4066, 19.912823], [-16.40746, 19.912817], [-16.407455, 19.912275], [-16.407168, 19.912277], [-16.407171, 19.912548], [-16.406884, 19.91255], [-16.40688, 19.912008], [-16.406593, 19.91201], [-16.406591, 19.911739], [-16.406304, 19.911742], [-16.406302, 19.911471], [-16.406015, 19.911473], [-16.406013, 19.911202], [-16.406299, 19.911199], [-16.406292, 19.910386], [-16.406006, 19.910389], [-16.406003, 19.910118], [-16.405717, 19.91012], [-16.405714, 19.909849], [-16.405428, 19.909851], [-16.405425, 19.90958], [-16.405139, 19.909582], [-16.405141, 19.909853], [-16.404568, 19.909858], [-16.404563, 19.909316], [-16.40485, 19.909314], [-16.404845, 19.908772], [-16.404558, 19.908774], [-16.404561, 19.909045], [-16.404274, 19.909047], [-16.404272, 19.908776], [-16.403985, 19.908778], [-16.403983, 19.908507], [-16.403696, 19.90851], [-16.403704, 19.909323], [-16.40399, 19.90932], [-16.403997, 19.910134], [-16.40457, 19.910129], [-16.404575, 19.910671], [-16.404862, 19.910669], [-16.404867, 19.911211], [-16.40458, 19.911213], [-16.404587, 19.912026], [-16.404301, 19.912028], [-16.404305, 19.91257], [-16.404592, 19.912568], [-16.404594, 19.912839], [-16.404881, 19.912837], [-16.404883, 19.913108], [-16.405456, 19.913103], [-16.405459, 19.913374], [-16.405745, 19.913372], [-16.405748, 19.913643], [-16.406034, 19.913641]], [[-16.405435, 19.910664], [-16.405148, 19.910667], [-16.405144, 19.910124], [-16.40543, 19.910122], [-16.405435, 19.910664]]]}, "properties": {"layer": "meadow", "year": 2024, "sat": "S2B", "date": "2024-06-25", "area_ha": 8.73}}, {"type": "Feature", "geometry": {"type": "Polygon", "coordinates": [[[-16.472742, 19.906867], [-16.472739, 19.906596], [-16.473312, 19.906591], [-16.47331, 19.90632], [-16.474169, 19.906313], [-16.474167, 19.906042], [-16.473021, 19.906052], [-16.473018, 19.905781], [-16.472445, 19.905786], [-16.472455, 19.90687], [-16.472742, 19.906867]]]}, "properties": {"layer": "meadow", "year": 2024, "sat": "S2B", "date": "2024-06-25", "area_ha": 1.08}}, {"type": "Feature", "geometry": {"type": "Polygon", "coordinates": [[[-16.416292, 19.907055], [-16.416287, 19.906513], [-16.416574, 19.90651], [-16.416569, 19.905968], [-16.416282, 19.905971], [-16.416285, 19.906242], [-16.415998, 19.906244], [-16.416001, 19.906515], [-16.415714, 19.906517], [-16.415717, 19.906788], [-16.416003, 19.906786], [-16.416006, 19.907057], [-16.416292, 19.907055]]]}, "properties": {"layer": "meadow", "year": 2024, "sat": "S2B", "date": "2024-06-25", "area_ha": 0.54}}, {"type": "Feature", "geometry": {"type": "Polygon", "coordinates": [[[-16.433501, 19.908814], [-16.433499, 19.908543], [-16.433785, 19.908541], [-16.433783, 19.90827], [-16.43407, 19.908267], [-16.434062, 19.907454], [-16.434349, 19.907452], [-16.434344, 19.90691], [-16.434057, 19.906912], [-16.434055, 19.906641], [-16.434341, 19.906639], [-16.434339, 19.906368], [-16.434626, 19.906366], [-16.434635, 19.90745], [-16.434922, 19.907447], [-16.434917, 19.906905], [-16.43549, 19.906901], [-16.435488, 19.90663], [-16.436061, 19.906625], [-16.436058, 19.906354], [-16.435772, 19.906356], [-16.435769, 19.906085], [-16.435483, 19.906088], [-16.43548, 19.905817], [-16.435194, 19.905819], [-16.435191, 19.905548], [-16.434618, 19.905553], [-16.434613, 19.905011], [-16.434327, 19.905013], [-16.434324, 19.904742], [-16.433465, 19.904749], [-16.433467, 19.90502], [-16.433181, 19.905022], [-16.433186, 19.905564], [-16.432899, 19.905566], [-16.432904, 19.906108], [-16.432617, 19.906111], [-16.43262, 19.906382], [-16.432333, 19.906384], [-16.432336, 19.906655], [-16.432049, 19.906657], [-16.432059, 19.907741], [-16.432632, 19.907737], [-16.432637, 19.908279], [-16.432923, 19.908277], [-16.432928, 19.908819], [-16.433501, 19.908814]]]}, "properties": {"layer": "meadow", "year": 2024, "sat": "S2B", "date": "2024-06-25", "area_ha": 9.27}}, {"type": "Feature", "geometry": {"type": "Polygon", "coordinates": [[[-16.420304, 19.907023], [-16.420301, 19.906752], [-16.420588, 19.906749], [-16.420581, 19.905936], [-16.420867, 19.905934], [-16.420862, 19.905392], [-16.421149, 19.90539], [-16.421146, 19.905119], [-16.42086, 19.905121], [-16.420853, 19.904308], [-16.41942, 19.904319], [-16.419422, 19.90459], [-16.419136, 19.904593], [-16.419133, 19.904322], [-16.418847, 19.904324], [-16.418852, 19.904866], [-16.418279, 19.90487], [-16.418281, 19.905141], [-16.417421, 19.905148], [-16.417424, 19.905419], [-16.416851, 19.905424], [-16.416853, 19.905695], [-16.416567, 19.905697], [-16.416569, 19.905968], [-16.417142, 19.905964], [-16.41714, 19.905693], [-16.417426, 19.90569], [-16.417429, 19.905961], [-16.417715, 19.905959], [-16.417718, 19.90623], [-16.418004, 19.906228], [-16.418007, 19.906499], [-16.418866, 19.906492], [-16.418869, 19.906763], [-16.419442, 19.906758], [-16.419444, 19.907029], [-16.420304, 19.907023]]]}, "properties": {"layer": "meadow", "year": 2024, "sat": "S2B", "date": "2024-06-25", "area_ha": 8.19}}, {"type": "Feature", "geometry": {"type": "Polygon", "coordinates": [[[-16.472729, 19.905512], [-16.472722, 19.904699], [-16.472148, 19.904704], [-16.472141, 19.903891], [-16.471854, 19.903893], [-16.471849, 19.903351], [-16.471563, 19.903354], [-16.471565, 19.903625], [-16.471279, 19.903627], [-16.471284, 19.904169], [-16.47157, 19.904167], [-16.471573, 19.904438], [-16.471286, 19.90444], [-16.471291, 19.904982], [-16.471578, 19.90498], [-16.471575, 19.904709], [-16.471862, 19.904706], [-16.471869, 19.905519], [-16.472729, 19.905512]]]}, "properties": {"layer": "meadow", "year": 2024, "sat": "S2B", "date": "2024-06-25", "area_ha": 1.89}}, {"type": "Feature", "geometry": {"type": "Polygon", "coordinates": [[[-16.489921, 19.905369], [-16.489918, 19.905098], [-16.490778, 19.905091], [-16.490775, 19.90482], [-16.490489, 19.904822], [-16.490486, 19.904551], [-16.490773, 19.904549], [-16.490767, 19.904007], [-16.489908, 19.904014], [-16.489905, 19.903743], [-16.489332, 19.903748], [-16.48933, 19.903477], [-16.488757, 19.903481], [-16.488754, 19.90321], [-16.488468, 19.903213], [-16.48847, 19.903484], [-16.487611, 19.903491], [-16.487613, 19.903762], [-16.488473, 19.903755], [-16.488478, 19.904297], [-16.489051, 19.904292], [-16.489053, 19.904563], [-16.48934, 19.904561], [-16.489342, 19.904832], [-16.488769, 19.904837], [-16.488772, 19.905108], [-16.489345, 19.905103], [-16.489348, 19.905374], [-16.489921, 19.905369]]]}, "properties": {"layer": "meadow", "year": 2024, "sat": "S2B", "date": "2024-06-25", "area_ha": 3.51}}, {"type": "Feature", "geometry": {"type": "Polygon", "coordinates": [[[-16.495661, 19.906405], [-16.495656, 19.905863], [-16.495083, 19.905868], [-16.495081, 19.905597], [-16.494794, 19.905599], [-16.494791, 19.905328], [-16.495078, 19.905326], [-16.495073, 19.904784], [-16.495359, 19.904781], [-16.495365, 19.905323], [-16.495651, 19.905321], [-16.495654, 19.905592], [-16.496513, 19.905585], [-16.496511, 19.905314], [-16.496224, 19.905316], [-16.496222, 19.905045], [-16.495935, 19.905047], [-16.495927, 19.904234], [-16.495641, 19.904237], [-16.495633, 19.903424], [-16.495347, 19.903426], [-16.495349, 19.903697], [-16.494776, 19.903702], [-16.494781, 19.904244], [-16.494495, 19.904246], [-16.494477, 19.902349], [-16.493904, 19.902354], [-16.493909, 19.902896], [-16.493049, 19.902903], [-16.493047, 19.902632], [-16.49276, 19.902635], [-16.492763, 19.902906], [-16.492476, 19.902908], [-16.492479, 19.903179], [-16.492192, 19.903182], [-16.492195, 19.903453], [-16.491335, 19.90346], [-16.491338, 19.903731], [-16.492198, 19.903724], [-16.4922, 19.903995], [-16.49306, 19.903987], [-16.493062, 19.904258], [-16.493635, 19.904254], [-16.49364, 19.904796], [-16.493927, 19.904793], [-16.493929, 19.905064], [-16.493356, 19.905069], [-16.493354, 19.904798], [-16.492781, 19.904803], [-16.492783, 19.905074], [-16.492497, 19.905076], [-16.492494, 19.904805], [-16.492208, 19.904808], [-16.49221, 19.905079], [-16.491924, 19.905081], [-16.491926, 19.905352], [-16.493072, 19.905343], [-16.493077, 19.905885], [-16.493364, 19.905882], [-16.493367, 19.906153], [-16.493653, 19.906151], [-16.49365, 19.90588], [-16.493937, 19.905877], [-16.49394, 19.906148], [-16.494513, 19.906144], [-16.49451, 19.905873], [-16.494797, 19.90587], [-16.494802, 19.906412], [-16.495661, 19.906405]], [[-16.49451, 19.905873], [-16.494224, 19.905875], [-16.494221, 19.905604], [-16.494508, 19.905602], [-16.49451, 19.905873]], [[-16.494218, 19.905333], [-16.493932, 19.905335], [-16.493929, 19.905064], [-16.494216, 19.905062], [-16.494218, 19.905333]]]}, "properties": {"layer": "meadow", "year": 2024, "sat": "S2B", "date": "2024-06-25", "area_ha": 10.17}}, {"type": "Feature", "geometry": {"type": "Polygon", "coordinates": [[[-16.437785, 19.907153], [-16.437782, 19.906882], [-16.438069, 19.90688], [-16.438066, 19.906609], [-16.438353, 19.906607], [-16.43835, 19.906336], [-16.438637, 19.906333], [-16.438635, 19.906062], [-16.438921, 19.90606], [-16.438919, 19.905789], [-16.439205, 19.905787], [-16.4392, 19.905245], [-16.439487, 19.905242], [-16.439489, 19.905513], [-16.440062, 19.905509], [-16.440057, 19.904967], [-16.440344, 19.904964], [-16.440346, 19.905235], [-16.440633, 19.905233], [-16.440628, 19.904691], [-16.440915, 19.904689], [-16.440912, 19.904418], [-16.441199, 19.904415], [-16.441196, 19.904144], [-16.44091, 19.904147], [-16.440907, 19.903875], [-16.441767, 19.903869], [-16.441757, 19.902784], [-16.44147, 19.902787], [-16.441475, 19.903329], [-16.441189, 19.903331], [-16.441191, 19.903602], [-16.440618, 19.903607], [-16.440626, 19.90442], [-16.440339, 19.904422], [-16.440337, 19.904151], [-16.44005, 19.904153], [-16.440048, 19.903882], [-16.439761, 19.903885], [-16.439756, 19.903343], [-16.43947, 19.903345], [-16.439475, 19.903887], [-16.438615, 19.903894], [-16.438612, 19.903623], [-16.438899, 19.903621], [-16.438894, 19.903079], [-16.438321, 19.903083], [-16.438331, 19.904167], [-16.438044, 19.90417], [-16.438042, 19.903899], [-16.437755, 19.903901], [-16.43776, 19.904443], [-16.438047, 19.904441], [-16.438052, 19.904983], [-16.437765, 19.904985], [-16.437768, 19.905256], [-16.437195, 19.905261], [-16.437197, 19.905532], [-16.437484, 19.905529], [-16.437486, 19.9058], [-16.437199, 19.905803], [-16.437202, 19.906074], [-16.436915, 19.906076], [-16.43691, 19.905534], [-16.436624, 19.905536], [-16.436631, 19.906349], [-16.436345, 19.906352], [-16.436347, 19.906623], [-16.436061, 19.906625], [-16.436063, 19.906896], [-16.43635, 19.906894], [-16.436352, 19.907165], [-16.436925, 19.90716], [-16.436923, 19.906889], [-16.437209, 19.906887], [-16.437212, 19.907158], [-16.437785, 19.907153]], [[-16.437496, 19.906885], [-16.437209, 19.906887], [-16.437207, 19.906616], [-16.437493, 19.906613], [-16.437496, 19.906885]], [[-16.438064, 19.906338], [-16.437777, 19.90634], [-16.437775, 19.906069], [-16.438061, 19.906067], [-16.438064, 19.906338]], [[-16.438348, 19.906065], [-16.438061, 19.906067], [-16.438057, 19.905525], [-16.438343, 19.905522], [-16.438348, 19.906065]], [[-16.437775, 19.906069], [-16.437488, 19.906071], [-16.437486, 19.9058], [-16.437772, 19.905798], [-16.437775, 19.906069]], [[-16.43863, 19.90552], [-16.438343, 19.905522], [-16.438341, 19.905251], [-16.438627, 19.905249], [-16.43863, 19.90552]], [[-16.440052, 19.904424], [-16.439766, 19.904427], [-16.439763, 19.904156], [-16.44005, 19.904153], [-16.440052, 19.904424]], [[-16.43862, 19.904436], [-16.438333, 19.904438], [-16.438331, 19.904167], [-16.438617, 19.904165], [-16.43862, 19.904436]]]}, "properties": {"layer": "meadow", "year": 2024, "sat": "S2B", "date": "2024-06-25", "area_ha": 9.18}}, {"type": "Feature", "geometry": {"type": "Polygon", "coordinates": [[[-16.481639, 19.90842], [-16.481632, 19.907606], [-16.481345, 19.907609], [-16.481342, 19.907338], [-16.481629, 19.907335], [-16.481627, 19.907064], [-16.482486, 19.907057], [-16.482484, 19.906786], [-16.482197, 19.906789], [-16.482195, 19.906518], [-16.481908, 19.90652], [-16.481905, 19.906249], [-16.482765, 19.906242], [-16.482763, 19.905971], [-16.483336, 19.905966], [-16.483341, 19.906508], [-16.483627, 19.906506], [-16.48363, 19.906777], [-16.484203, 19.906772], [-16.484205, 19.907043], [-16.484492, 19.907041], [-16.484497, 19.907583], [-16.48507, 19.907578], [-16.485072, 19.907849], [-16.485645, 19.907844], [-16.485643, 19.907573], [-16.485356, 19.907575], [-16.485354, 19.907304], [-16.485067, 19.907307], [-16.485065, 19.907036], [-16.484778, 19.907038], [-16.484776, 19.906767], [-16.484489, 19.90677], [-16.484487, 19.906499], [-16.484773, 19.906496], [-16.484771, 19.906225], [-16.484484, 19.906228], [-16.484482, 19.905957], [-16.485055, 19.905952], [-16.48505, 19.90541], [-16.485336, 19.905407], [-16.485339, 19.905678], [-16.485912, 19.905674], [-16.485914, 19.905945], [-16.486774, 19.905937], [-16.486769, 19.905395], [-16.487055, 19.905393], [-16.487058, 19.905664], [-16.487631, 19.905659], [-16.487626, 19.905117], [-16.488199, 19.905112], [-16.488196, 19.904841], [-16.48791, 19.904844], [-16.487907, 19.904573], [-16.487048, 19.90458], [-16.487045, 19.904309], [-16.487618, 19.904304], [-16.487613, 19.903762], [-16.487327, 19.903764], [-16.487324, 19.903493], [-16.487611, 19.903491], [-16.487608, 19.90322], [-16.486462, 19.90323], [-16.48646, 19.902959], [-16.485886, 19.902963], [-16.485884, 19.902692], [-16.48617, 19.90269], [-16.486168, 19.902419], [-16.485595, 19.902424], [-16.485597, 19.902695], [-16.485024, 19.9027], [-16.485027, 19.902971], [-16.485313, 19.902968], [-16.485318, 19.90351], [-16.484745, 19.903515], [-16.48475, 19.904057], [-16.484464, 19.904059], [-16.484472, 19.904872], [-16.484185, 19.904875], [-16.484188, 19.905146], [-16.483615, 19.905151], [-16.483612, 19.90488], [-16.482466, 19.904889], [-16.482468, 19.90516], [-16.482755, 19.905158], [-16.48276, 19.9057], [-16.481614, 19.905709], [-16.481616, 19.90598], [-16.48047, 19.90599], [-16.480473, 19.906261], [-16.480186, 19.906263], [-16.480191, 19.906805], [-16.480764, 19.906801], [-16.480767, 19.907072], [-16.48048, 19.907074], [-16.480485, 19.907616], [-16.480772, 19.907614], [-16.48078, 19.908427], [-16.481639, 19.90842]], [[-16.486485, 19.905669], [-16.486198, 19.905671], [-16.486196, 19.9054], [-16.486482, 19.905398], [-16.486485, 19.905669]], [[-16.483617, 19.905422], [-16.483331, 19.905424], [-16.483328, 19.905153], [-16.483615, 19.905151], [-16.483617, 19.905422]], [[-16.487626, 19.905117], [-16.487339, 19.90512], [-16.487337, 19.904849], [-16.487623, 19.904846], [-16.487626, 19.905117]], [[-16.486766, 19.905124], [-16.48648, 19.905127], [-16.486477, 19.904856], [-16.486764, 19.904853], [-16.486766, 19.905124]]]}, "properties": {"layer": "meadow", "year": 2024, "sat": "S2B", "date": "2024-06-25", "area_ha": 17.37}}, {"type": "Feature", "geometry": {"type": "Polygon", "coordinates": [[[-16.413111, 19.903827], [-16.413107, 19.903285], [-16.41282, 19.903288], [-16.412815, 19.902746], [-16.412529, 19.902748], [-16.412526, 19.902477], [-16.411953, 19.902481], [-16.411956, 19.902752], [-16.411383, 19.902757], [-16.411385, 19.903028], [-16.411958, 19.903023], [-16.41196, 19.903294], [-16.412247, 19.903292], [-16.412249, 19.903563], [-16.412536, 19.903561], [-16.412538, 19.903832], [-16.413111, 19.903827]]]}, "properties": {"layer": "meadow", "year": 2024, "sat": "S2B", "date": "2024-06-25", "area_ha": 1.35}}, {"type": "Feature", "geometry": {"type": "Polygon", "coordinates": [[[-16.44147, 19.902787], [-16.441461, 19.901703], [-16.441174, 19.901705], [-16.441177, 19.901976], [-16.44089, 19.901978], [-16.440895, 19.90252], [-16.441181, 19.902518], [-16.441184, 19.902789], [-16.44147, 19.902787]]]}, "properties": {"layer": "meadow", "year": 2024, "sat": "S2B", "date": "2024-06-25", "area_ha": 0.54}}, {"type": "Feature", "geometry": {"type": "Polygon", "coordinates": [[[-16.501394, 19.906628], [-16.501392, 19.906357], [-16.501678, 19.906354], [-16.501676, 19.906083], [-16.502249, 19.906078], [-16.502246, 19.905807], [-16.502819, 19.905803], [-16.502817, 19.905532], [-16.503103, 19.905529], [-16.503101, 19.905258], [-16.503387, 19.905256], [-16.503385, 19.904985], [-16.503958, 19.90498], [-16.503953, 19.904438], [-16.503379, 19.904443], [-16.503374, 19.903901], [-16.503088, 19.903903], [-16.503083, 19.903361], [-16.502796, 19.903363], [-16.502794, 19.903092], [-16.502507, 19.903095], [-16.502505, 19.902824], [-16.502218, 19.902826], [-16.502216, 19.902555], [-16.501929, 19.902558], [-16.501926, 19.902287], [-16.50164, 19.902289], [-16.501635, 19.901747], [-16.501062, 19.901752], [-16.501057, 19.90121], [-16.500197, 19.901217], [-16.5002, 19.901488], [-16.499913, 19.901491], [-16.499916, 19.901762], [-16.499343, 19.901766], [-16.49934, 19.901495], [-16.499627, 19.901493], [-16.499614, 19.900138], [-16.499327, 19.90014], [-16.499325, 19.899869], [-16.498752, 19.899874], [-16.498754, 19.900145], [-16.497608, 19.900155], [-16.497611, 19.900426], [-16.497897, 19.900423], [-16.4979, 19.900694], [-16.497613, 19.900697], [-16.497616, 19.900968], [-16.497902, 19.900965], [-16.497905, 19.901236], [-16.498478, 19.901232], [-16.498483, 19.901774], [-16.498197, 19.901776], [-16.498199, 19.902047], [-16.497913, 19.902049], [-16.49791, 19.901778], [-16.497337, 19.901783], [-16.497345, 19.902596], [-16.497058, 19.902599], [-16.497063, 19.903141], [-16.49735, 19.903138], [-16.497347, 19.902867], [-16.498207, 19.90286], [-16.498209, 19.903131], [-16.498496, 19.903129], [-16.498498, 19.9034], [-16.498785, 19.903397], [-16.498788, 19.903668], [-16.499074, 19.903666], [-16.499077, 19.903937], [-16.499363, 19.903934], [-16.499373, 19.905019], [-16.49966, 19.905016], [-16.499662, 19.905287], [-16.499949, 19.905285], [-16.499951, 19.905556], [-16.500238, 19.905553], [-16.500243, 19.906095], [-16.500816, 19.90609], [-16.500821, 19.906632], [-16.501394, 19.906628]]]}, "properties": {"layer": "meadow", "year": 2024, "sat": "S2B", "date": "2024-06-25", "area_ha": 24.3}}, {"type": "Feature", "geometry": {"type": "Polygon", "coordinates": [[[-16.414821, 19.90273], [-16.414818, 19.902459], [-16.415678, 19.902452], [-16.415676, 19.902181], [-16.415962, 19.902179], [-16.415957, 19.901636], [-16.416244, 19.901634], [-16.416234, 19.90055], [-16.415948, 19.900552], [-16.415953, 19.901094], [-16.415666, 19.901097], [-16.415668, 19.901368], [-16.415095, 19.901372], [-16.415098, 19.901643], [-16.414811, 19.901646], [-16.414814, 19.901917], [-16.414527, 19.901919], [-16.414534, 19.902732], [-16.414821, 19.90273]]]}, "properties": {"layer": "meadow", "year": 2024, "sat": "S2B", "date": "2024-06-25", "area_ha": 1.98}}, {"type": "Feature", "geometry": {"type": "Polygon", "coordinates": [[[-16.399124, 19.909901], [-16.399121, 19.90963], [-16.399694, 19.909625], [-16.399687, 19.908812], [-16.399974, 19.90881], [-16.399971, 19.908539], [-16.400258, 19.908537], [-16.400251, 19.907724], [-16.399964, 19.907726], [-16.399955, 19.906642], [-16.399668, 19.906644], [-16.399663, 19.906102], [-16.39995, 19.9061], [-16.39994, 19.905016], [-16.399654, 19.905018], [-16.399651, 19.904747], [-16.399365, 19.904749], [-16.399367, 19.90502], [-16.398794, 19.905025], [-16.398797, 19.905296], [-16.39851, 19.905298], [-16.398508, 19.905027], [-16.398221, 19.905029], [-16.398216, 19.904487], [-16.39793, 19.904489], [-16.397928, 19.904218], [-16.398214, 19.904216], [-16.398209, 19.903674], [-16.397923, 19.903676], [-16.397918, 19.903134], [-16.397631, 19.903137], [-16.397629, 19.902866], [-16.397916, 19.902863], [-16.397911, 19.902321], [-16.397624, 19.902324], [-16.397622, 19.902053], [-16.397335, 19.902055], [-16.397324, 19.9007], [-16.397037, 19.900702], [-16.397035, 19.900431], [-16.396748, 19.900433], [-16.39675, 19.900704], [-16.396464, 19.900706], [-16.396462, 19.900435], [-16.395889, 19.90044], [-16.395891, 19.900711], [-16.395318, 19.900715], [-16.39532, 19.900986], [-16.395034, 19.900989], [-16.395036, 19.90126], [-16.39475, 19.901262], [-16.394754, 19.901804], [-16.393035, 19.901817], [-16.393033, 19.901546], [-16.392173, 19.901553], [-16.392187, 19.903179], [-16.392474, 19.903177], [-16.392476, 19.903448], [-16.393049, 19.903444], [-16.393052, 19.903715], [-16.392479, 19.903719], [-16.392481, 19.90399], [-16.392768, 19.903988], [-16.392772, 19.90453], [-16.393059, 19.904528], [-16.393061, 19.904799], [-16.393348, 19.904796], [-16.39335, 19.905067], [-16.393637, 19.905065], [-16.393639, 19.905336], [-16.393926, 19.905334], [-16.393928, 19.905605], [-16.394214, 19.905603], [-16.394222, 19.906416], [-16.395654, 19.906405], [-16.395652, 19.906134], [-16.396225, 19.906129], [-16.396232, 19.906942], [-16.395946, 19.906944], [-16.395948, 19.907215], [-16.396234, 19.907213], [-16.396237, 19.907484], [-16.396523, 19.907482], [-16.396526, 19.907753], [-16.397099, 19.907748], [-16.397096, 19.907477], [-16.397383, 19.907475], [-16.397385, 19.907746], [-16.397672, 19.907744], [-16.397674, 19.908015], [-16.397101, 19.90802], [-16.397104, 19.908291], [-16.397677, 19.908286], [-16.397679, 19.908557], [-16.397966, 19.908555], [-16.397963, 19.908284], [-16.39825, 19.908282], [-16.398255, 19.908824], [-16.398541, 19.908821], [-16.398543, 19.909092], [-16.39883, 19.90909], [-16.398837, 19.909903], [-16.399124, 19.909901]], [[-16.399405, 19.909357], [-16.399119, 19.909359], [-16.399117, 19.909088], [-16.399403, 19.909086], [-16.399405, 19.909357]], [[-16.398247, 19.90801], [-16.397961, 19.908013], [-16.397958, 19.907742], [-16.398245, 19.907739], [-16.398247, 19.90801]], [[-16.39767, 19.907473], [-16.397383, 19.907475], [-16.397381, 19.907204], [-16.397667, 19.907202], [-16.39767, 19.907473]], [[-16.393343, 19.904254], [-16.393056, 19.904257], [-16.393054, 19.903986], [-16.393341, 19.903983], [-16.393343, 19.904254]]]}, "properties": {"layer": "meadow", "year": 2024, "sat": "S2B", "date": "2024-06-25", "area_ha": 42.03}}, {"type": "Feature", "geometry": {"type": "Polygon", "coordinates": [[[-16.419962, 19.900791], [-16.419959, 19.90052], [-16.420246, 19.900518], [-16.420241, 19.899976], [-16.419668, 19.899981], [-16.419665, 19.89971], [-16.419379, 19.899712], [-16.419384, 19.900254], [-16.419097, 19.900256], [-16.419102, 19.900798], [-16.419962, 19.900791]]]}, "properties": {"layer": "meadow", "year": 2024, "sat": "S2B", "date": "2024-06-25", "area_ha": 0.99}}, {"type": "Feature", "geometry": {"type": "Polygon", "coordinates": [[[-16.469238, 19.899849], [-16.469233, 19.899307], [-16.469806, 19.899303], [-16.469801, 19.89876], [-16.470088, 19.898758], [-16.47008, 19.897945], [-16.469507, 19.89795], [-16.46951, 19.898221], [-16.469223, 19.898223], [-16.469226, 19.898494], [-16.468939, 19.898497], [-16.468944, 19.899039], [-16.468658, 19.899041], [-16.468663, 19.899583], [-16.468949, 19.899581], [-16.468952, 19.899852], [-16.469238, 19.899849]]]}, "properties": {"layer": "meadow", "year": 2024, "sat": "S2B", "date": "2024-06-25", "area_ha": 1.71}}, {"type": "Feature", "geometry": {"type": "Polygon", "coordinates": [[[-16.469839, 19.902826], [-16.469836, 19.902555], [-16.470696, 19.902548], [-16.470683, 19.901193], [-16.47097, 19.90119], [-16.470967, 19.900919], [-16.472113, 19.90091], [-16.472118, 19.901452], [-16.471832, 19.901454], [-16.471837, 19.901996], [-16.472123, 19.901994], [-16.472126, 19.902265], [-16.472412, 19.902262], [-16.472415, 19.902533], [-16.472701, 19.902531], [-16.472699, 19.90226], [-16.472985, 19.902258], [-16.47298, 19.901716], [-16.472694, 19.901718], [-16.472691, 19.901447], [-16.472978, 19.901445], [-16.472973, 19.900903], [-16.472686, 19.900905], [-16.472684, 19.900634], [-16.47297, 19.900632], [-16.472953, 19.898734], [-16.472666, 19.898737], [-16.472656, 19.897653], [-16.472083, 19.897657], [-16.472091, 19.898471], [-16.471804, 19.898473], [-16.471802, 19.898202], [-16.471515, 19.898204], [-16.471503, 19.896849], [-16.471216, 19.896852], [-16.471219, 19.897123], [-16.470646, 19.897127], [-16.470648, 19.897398], [-16.470935, 19.897396], [-16.47094, 19.897938], [-16.470653, 19.89794], [-16.470663, 19.899024], [-16.470377, 19.899027], [-16.470379, 19.899298], [-16.469806, 19.899303], [-16.469809, 19.899574], [-16.469522, 19.899576], [-16.469525, 19.899847], [-16.469238, 19.899849], [-16.469241, 19.90012], [-16.468954, 19.900123], [-16.468952, 19.899852], [-16.468665, 19.899854], [-16.468663, 19.899583], [-16.468376, 19.899585], [-16.468379, 19.899856], [-16.468092, 19.899859], [-16.468095, 19.90013], [-16.468668, 19.900125], [-16.468673, 19.900667], [-16.468386, 19.900669], [-16.468399, 19.902024], [-16.468685, 19.902022], [-16.468688, 19.902293], [-16.468974, 19.902291], [-16.468972, 19.90202], [-16.469545, 19.902015], [-16.469552, 19.902828], [-16.469839, 19.902826]], [[-16.470407, 19.902279], [-16.47012, 19.902281], [-16.470118, 19.90201], [-16.470404, 19.902008], [-16.470407, 19.902279]], [[-16.469829, 19.901742], [-16.469542, 19.901744], [-16.46954, 19.901473], [-16.469826, 19.901471], [-16.469829, 19.901742]], [[-16.469256, 19.901746], [-16.468969, 19.901749], [-16.468967, 19.901478], [-16.469253, 19.901475], [-16.469256, 19.901746]], [[-16.472691, 19.901447], [-16.472405, 19.901449], [-16.472402, 19.901178], [-16.472689, 19.901176], [-16.472691, 19.901447]], [[-16.469824, 19.9012], [-16.469537, 19.901202], [-16.46953, 19.900389], [-16.469816, 19.900387], [-16.469809, 19.899574], [-16.470668, 19.899566], [-16.470671, 19.899837], [-16.470384, 19.89984], [-16.470389, 19.900382], [-16.470103, 19.900384], [-16.470108, 19.900926], [-16.469821, 19.900929], [-16.469824, 19.9012]], [[-16.468964, 19.901207], [-16.468678, 19.901209], [-16.468675, 19.900938], [-16.468962, 19.900936], [-16.468964, 19.901207]], [[-16.472385, 19.899281], [-16.472098, 19.899284], [-16.472091, 19.898471], [-16.472377, 19.898468], [-16.472385, 19.899281]]]}, "properties": {"layer": "meadow", "year": 2024, "sat": "S2B", "date": "2024-06-25", "area_ha": 15.3}}, {"type": "Feature", "geometry": {"type": "Polygon", "coordinates": [[[-16.279254, 19.899419], [-16.279249, 19.898877], [-16.279536, 19.898875], [-16.279525, 19.89752], [-16.279238, 19.897522], [-16.279236, 19.897251], [-16.27895, 19.897253], [-16.278954, 19.897795], [-16.278094, 19.897801], [-16.278099, 19.898343], [-16.278672, 19.898339], [-16.278674, 19.89861], [-16.27896, 19.898608], [-16.278967, 19.899421], [-16.279254, 19.899419]]]}, "properties": {"layer": "meadow", "year": 2024, "sat": "S2B", "date": "2024-06-25", "area_ha": 1.8}}, {"type": "Feature", "geometry": {"type": "Polygon", "coordinates": [[[-16.283265, 19.89939], [-16.283263, 19.899119], [-16.283549, 19.899117], [-16.283547, 19.898846], [-16.283834, 19.898844], [-16.283829, 19.898302], [-16.283543, 19.898304], [-16.283545, 19.898575], [-16.283259, 19.898577], [-16.283254, 19.898035], [-16.283541, 19.898033], [-16.283538, 19.897762], [-16.284112, 19.897758], [-16.284107, 19.897216], [-16.283821, 19.897218], [-16.283818, 19.896947], [-16.283532, 19.896949], [-16.283534, 19.89722], [-16.282675, 19.897226], [-16.282672, 19.896955], [-16.282386, 19.896957], [-16.282395, 19.898041], [-16.282681, 19.898039], [-16.282685, 19.898581], [-16.282399, 19.898584], [-16.282403, 19.899126], [-16.282117, 19.899128], [-16.282115, 19.898857], [-16.281828, 19.898859], [-16.281832, 19.899401], [-16.283265, 19.89939]]]}, "properties": {"layer": "meadow", "year": 2024, "sat": "S2B", "date": "2024-06-25", "area_ha": 3.42}}, {"type": "Feature", "geometry": {"type": "Polygon", "coordinates": [[[-16.505101, 19.904699], [-16.505099, 19.904428], [-16.505672, 19.904423], [-16.505669, 19.904152], [-16.506242, 19.904147], [-16.50624, 19.903876], [-16.507099, 19.903869], [-16.507097, 19.903598], [-16.507956, 19.903591], [-16.507954, 19.90332], [-16.50824, 19.903317], [-16.508238, 19.903046], [-16.508811, 19.903041], [-16.508808, 19.90277], [-16.509094, 19.902768], [-16.509092, 19.902497], [-16.509665, 19.902492], [-16.509668, 19.902763], [-16.511387, 19.902749], [-16.511384, 19.902478], [-16.511671, 19.902475], [-16.511668, 19.902204], [-16.511955, 19.902202], [-16.511952, 19.901931], [-16.512811, 19.901923], [-16.512809, 19.901652], [-16.513095, 19.90165], [-16.513088, 19.900837], [-16.512801, 19.900839], [-16.512799, 19.900568], [-16.513085, 19.900566], [-16.513083, 19.900295], [-16.513369, 19.900292], [-16.513372, 19.900563], [-16.513658, 19.900561], [-16.513648, 19.899477], [-16.513361, 19.899479], [-16.513359, 19.899208], [-16.513645, 19.899206], [-16.513643, 19.898935], [-16.513929, 19.898933], [-16.513927, 19.898662], [-16.514213, 19.898659], [-16.514218, 19.899201], [-16.513932, 19.899204], [-16.513934, 19.899475], [-16.514794, 19.899467], [-16.514791, 19.899196], [-16.514505, 19.899199], [-16.514494, 19.898115], [-16.514781, 19.898112], [-16.514778, 19.897841], [-16.515065, 19.897839], [-16.515067, 19.89811], [-16.515354, 19.898107], [-16.515351, 19.897836], [-16.515638, 19.897834], [-16.515635, 19.897563], [-16.515922, 19.89756], [-16.515924, 19.897831], [-16.516211, 19.897829], [-16.516208, 19.897558], [-16.516495, 19.897556], [-16.516497, 19.897827], [-16.516784, 19.897824], [-16.516787, 19.898095], [-16.516214, 19.8981], [-16.516216, 19.898371], [-16.516789, 19.898366], [-16.516792, 19.898637], [-16.517078, 19.898635], [-16.517068, 19.897551], [-16.517354, 19.897548], [-16.517357, 19.897819], [-16.51793, 19.897814], [-16.517917, 19.896459], [-16.517631, 19.896462], [-16.517633, 19.896733], [-16.517347, 19.896735], [-16.517341, 19.896193], [-16.517055, 19.896196], [-16.517052, 19.895925], [-16.516479, 19.895929], [-16.516482, 19.896201], [-16.515909, 19.896205], [-16.515906, 19.895934], [-16.515333, 19.895939], [-16.515336, 19.89621], [-16.515049, 19.896213], [-16.515047, 19.895942], [-16.51476, 19.895944], [-16.514763, 19.896215], [-16.51419, 19.89622], [-16.514185, 19.895678], [-16.514471, 19.895676], [-16.514458, 19.894321], [-16.513885, 19.894325], [-16.513878, 19.893512], [-16.513591, 19.893515], [-16.513583, 19.892702], [-16.513297, 19.892704], [-16.513294, 19.892433], [-16.512435, 19.892441], [-16.512437, 19.892712], [-16.512151, 19.892714], [-16.512153, 19.892985], [-16.511867, 19.892987], [-16.511872, 19.893529], [-16.511586, 19.893532], [-16.511591, 19.894074], [-16.511304, 19.894076], [-16.511302, 19.893805], [-16.511015, 19.893808], [-16.511013, 19.893537], [-16.510726, 19.893539], [-16.510724, 19.893268], [-16.510437, 19.893271], [-16.510435, 19.893], [-16.509862, 19.893004], [-16.509867, 19.893546], [-16.50958, 19.893549], [-16.509578, 19.893278], [-16.509291, 19.89328], [-16.509294, 19.893551], [-16.508434, 19.893559], [-16.508442, 19.894372], [-16.508155, 19.894374], [-16.508158, 19.894645], [-16.507871, 19.894647], [-16.507877, 19.89519], [-16.50759, 19.895192], [-16.507593, 19.895463], [-16.50702, 19.895468], [-16.507022, 19.895739], [-16.506163, 19.895746], [-16.506168, 19.896288], [-16.506454, 19.896286], [-16.506462, 19.897099], [-16.506748, 19.897096], [-16.506754, 19.897638], [-16.506467, 19.897641], [-16.506472, 19.898183], [-16.506759, 19.89818], [-16.506761, 19.898451], [-16.507048, 19.898449], [-16.50705, 19.89872], [-16.506477, 19.898725], [-16.50648, 19.898996], [-16.50562, 19.899003], [-16.505641, 19.901171], [-16.505927, 19.901169], [-16.505933, 19.901711], [-16.506792, 19.901703], [-16.50679, 19.901432], [-16.507076, 19.90143], [-16.507081, 19.901972], [-16.506795, 19.901974], [-16.5068, 19.902516], [-16.506227, 19.902521], [-16.506229, 19.902792], [-16.505656, 19.902797], [-16.505646, 19.901713], [-16.50536, 19.901716], [-16.505362, 19.901987], [-16.504503, 19.901994], [-16.504505, 19.902265], [-16.504792, 19.902262], [-16.504794, 19.902533], [-16.504221, 19.902538], [-16.504229, 19.903351], [-16.504515, 19.903349], [-16.504523, 19.904162], [-16.50481, 19.90416], [-16.504815, 19.904702], [-16.505101, 19.904699]], [[-16.510803, 19.901669], [-16.510517, 19.901672], [-16.510514, 19.901401], [-16.510801, 19.901398], [-16.510803, 19.901669]], [[-16.511082, 19.900854], [-16.510223, 19.900861], [-16.51022, 19.90059], [-16.510506, 19.900588], [-16.510504, 19.900317], [-16.51079, 19.900314], [-16.510788, 19.900043], [-16.511361, 19.900039], [-16.511358, 19.899767], [-16.511645, 19.899765], [-16.51165, 19.900307], [-16.511363, 19.90031], [-16.511366, 19.900581], [-16.51108, 19.900583], [-16.511082, 19.900854]], [[-16.513083, 19.900295], [-16.512796, 19.900297], [-16.512793, 19.900026], [-16.51308, 19.900024], [-16.513083, 19.900295]], [[-16.507639, 19.900341], [-16.507352, 19.900344], [-16.50735, 19.900073], [-16.507636, 19.90007], [-16.507639, 19.900341]], [[-16.507066, 19.900346], [-16.506493, 19.900351], [-16.50649, 19.90008], [-16.506204, 19.900082], [-16.506199, 19.89954], [-16.507058, 19.899533], [-16.507053, 19.898991], [-16.507626, 19.898986], [-16.507623, 19.898715], [-16.50791, 19.898713], [-16.507907, 19.898442], [-16.508194, 19.898439], [-16.508191, 19.898168], [-16.508478, 19.898166], [-16.508475, 19.897895], [-16.508762, 19.897892], [-16.508759, 19.897621], [-16.509046, 19.897619], [-16.509041, 19.897077], [-16.509327, 19.897074], [-16.509324, 19.896803], [-16.509611, 19.896801], [-16.509608, 19.89653], [-16.509895, 19.896528], [-16.5099, 19.89707], [-16.509614, 19.897072], [-16.509621, 19.897885], [-16.509335, 19.897887], [-16.509337, 19.898158], [-16.509624, 19.898156], [-16.509626, 19.898427], [-16.511059, 19.898415], [-16.511062, 19.898686], [-16.510488, 19.898691], [-16.510491, 19.898962], [-16.509632, 19.898969], [-16.509634, 19.89924], [-16.509061, 19.899245], [-16.509064, 19.899516], [-16.508777, 19.899518], [-16.508775, 19.899247], [-16.508488, 19.89925], [-16.508491, 19.899521], [-16.507918, 19.899526], [-16.507915, 19.899255], [-16.507629, 19.899257], [-16.507631, 19.899528], [-16.507345, 19.899531], [-16.507347, 19.899802], [-16.507061, 19.899804], [-16.507066, 19.900346]], [[-16.51222, 19.900031], [-16.511934, 19.900034], [-16.511931, 19.899763], [-16.512218, 19.89976], [-16.51222, 19.900031]], [[-16.508782, 19.90006], [-16.508496, 19.900063], [-16.508493, 19.899792], [-16.50878, 19.899789], [-16.508782, 19.90006]], [[-16.507923, 19.900068], [-16.507636, 19.90007], [-16.507634, 19.899799], [-16.50792, 19.899797], [-16.507923, 19.900068]], [[-16.513359, 19.899208], [-16.513072, 19.899211], [-16.513067, 19.898669], [-16.513354, 19.898666], [-16.513359, 19.899208]], [[-16.512497, 19.898945], [-16.511924, 19.89895], [-16.511921, 19.898679], [-16.512494, 19.898674], [-16.512497, 19.898945]], [[-16.512481, 19.897319], [-16.512195, 19.897321], [-16.512192, 19.89705], [-16.512479, 19.897048], [-16.512481, 19.897319]], [[-16.507321, 19.897091], [-16.507035, 19.897094], [-16.50703, 19.896552], [-16.507603, 19.896547], [-16.507605, 19.896818], [-16.507319, 19.89682], [-16.507321, 19.897091]], [[-16.510181, 19.896525], [-16.509895, 19.896528], [-16.50989, 19.895986], [-16.510176, 19.895983], [-16.510174, 19.895712], [-16.51046, 19.89571], [-16.510465, 19.896252], [-16.510179, 19.896254], [-16.510181, 19.896525]], [[-16.512752, 19.89569], [-16.512466, 19.895693], [-16.512461, 19.895151], [-16.512747, 19.895148], [-16.512745, 19.894877], [-16.513031, 19.894875], [-16.513036, 19.895417], [-16.51275, 19.895419], [-16.512752, 19.89569]], [[-16.512458, 19.89488], [-16.512172, 19.894882], [-16.512169, 19.894611], [-16.512455, 19.894609], [-16.512458, 19.89488]], [[-16.511599, 19.894887], [-16.511312, 19.894889], [-16.511307, 19.894347], [-16.511593, 19.894345], [-16.511599, 19.894887]]]}, "properties": {"layer": "meadow", "year": 2024, "sat": "S2B", "date": "2024-06-25", "area_ha": 83.16}}, {"type": "Feature", "geometry": {"type": "Polygon", "coordinates": [[[-16.491812, 19.893157], [-16.491809, 19.892886], [-16.491523, 19.892888], [-16.491518, 19.892346], [-16.491231, 19.892348], [-16.491234, 19.892619], [-16.490661, 19.892624], [-16.490666, 19.893166], [-16.491812, 19.893157]]]}, "properties": {"layer": "meadow", "year": 2024, "sat": "S2B", "date": "2024-06-25", "area_ha": 0.72}}, {"type": "Feature", "geometry": {"type": "Polygon", "coordinates": [[[-16.279803, 19.896434], [-16.2798, 19.896163], [-16.280087, 19.896161], [-16.280085, 19.89589], [-16.280371, 19.895888], [-16.280367, 19.895346], [-16.28008, 19.895348], [-16.280074, 19.894535], [-16.279501, 19.894539], [-16.279496, 19.893997], [-16.27921, 19.893999], [-16.279208, 19.893728], [-16.278921, 19.89373], [-16.278928, 19.894543], [-16.279214, 19.894541], [-16.279219, 19.895083], [-16.278073, 19.895091], [-16.278075, 19.895362], [-16.277788, 19.895364], [-16.277793, 19.895906], [-16.277506, 19.895908], [-16.277502, 19.895366], [-16.276929, 19.89537], [-16.276931, 19.895641], [-16.276644, 19.895643], [-16.276646, 19.895914], [-16.276073, 19.895919], [-16.276076, 19.89619], [-16.276362, 19.896187], [-16.276364, 19.896459], [-16.277224, 19.896452], [-16.277222, 19.896181], [-16.278081, 19.896175], [-16.278079, 19.895904], [-16.278366, 19.895902], [-16.278368, 19.896173], [-16.279227, 19.896167], [-16.27923, 19.896438], [-16.279803, 19.896434]], [[-16.278939, 19.895898], [-16.278652, 19.8959], [-16.278648, 19.895358], [-16.278934, 19.895356], [-16.278939, 19.895898]]]}, "properties": {"layer": "meadow", "year": 2024, "sat": "S2B", "date": "2024-06-25", "area_ha": 5.13}}, {"type": "Feature", "geometry": {"type": "Polygon", "coordinates": [[[-16.492961, 19.893418], [-16.492955, 19.892876], [-16.492382, 19.892881], [-16.492372, 19.891797], [-16.491799, 19.891802], [-16.491802, 19.892073], [-16.491515, 19.892075], [-16.491518, 19.892346], [-16.492091, 19.892341], [-16.492093, 19.892612], [-16.491807, 19.892615], [-16.491809, 19.892886], [-16.492096, 19.892883], [-16.492101, 19.893425], [-16.492961, 19.893418]]]}, "properties": {"layer": "meadow", "year": 2024, "sat": "S2B", "date": "2024-06-25", "area_ha": 1.26}}, {"type": "Feature", "geometry": {"type": "Polygon", "coordinates": [[[-16.485217, 19.89267], [-16.485215, 19.892399], [-16.486934, 19.892384], [-16.486929, 19.891842], [-16.486642, 19.891845], [-16.486645, 19.892116], [-16.486358, 19.892118], [-16.486356, 19.891847], [-16.48521, 19.891857], [-16.485212, 19.892128], [-16.484926, 19.89213], [-16.484923, 19.891859], [-16.48435, 19.891864], [-16.484353, 19.892135], [-16.484639, 19.892132], [-16.484642, 19.892404], [-16.484928, 19.892401], [-16.484931, 19.892672], [-16.485217, 19.89267]]]}, "properties": {"layer": "meadow", "year": 2024, "sat": "S2B", "date": "2024-06-25", "area_ha": 1.44}}, {"type": "Feature", "geometry": {"type": "Polygon", "coordinates": [[[-16.484071, 19.892679], [-16.484069, 19.892408], [-16.484355, 19.892406], [-16.484353, 19.892135], [-16.484066, 19.892137], [-16.484064, 19.891866], [-16.48435, 19.891864], [-16.484348, 19.891593], [-16.483488, 19.8916], [-16.483491, 19.891871], [-16.483777, 19.891869], [-16.483785, 19.892682], [-16.484071, 19.892679]]]}, "properties": {"layer": "meadow", "year": 2024, "sat": "S2B", "date": "2024-06-25", "area_ha": 0.63}}, {"type": "Feature", "geometry": {"type": "Polygon", "coordinates": [[[-16.313629, 19.898085], [-16.313625, 19.897543], [-16.313338, 19.897545], [-16.313334, 19.897003], [-16.31362, 19.897001], [-16.313618, 19.89673], [-16.313904, 19.896727], [-16.313898, 19.895914], [-16.313611, 19.895916], [-16.313604, 19.895103], [-16.313891, 19.895101], [-16.313893, 19.895372], [-16.31418, 19.89537], [-16.314182, 19.895641], [-16.314468, 19.895639], [-16.314471, 19.89591], [-16.314757, 19.895908], [-16.314751, 19.895095], [-16.315037, 19.895093], [-16.315026, 19.893738], [-16.315312, 19.893735], [-16.31531, 19.893464], [-16.315024, 19.893467], [-16.315017, 19.892653], [-16.314157, 19.89266], [-16.31416, 19.892931], [-16.313587, 19.892935], [-16.313589, 19.893206], [-16.313302, 19.893208], [-16.313304, 19.893479], [-16.312731, 19.893483], [-16.312727, 19.892941], [-16.31244, 19.892944], [-16.312443, 19.893215], [-16.31187, 19.893219], [-16.311876, 19.894032], [-16.312163, 19.89403], [-16.312165, 19.894301], [-16.312452, 19.894299], [-16.312454, 19.89457], [-16.312167, 19.894572], [-16.31217, 19.894843], [-16.311596, 19.894847], [-16.311599, 19.895118], [-16.311026, 19.895122], [-16.311028, 19.895393], [-16.311314, 19.895391], [-16.311319, 19.895933], [-16.311032, 19.895935], [-16.311035, 19.896206], [-16.311608, 19.896202], [-16.311603, 19.89566], [-16.31189, 19.895658], [-16.311885, 19.895116], [-16.312172, 19.895114], [-16.312178, 19.895927], [-16.312465, 19.895925], [-16.312467, 19.896196], [-16.312754, 19.896194], [-16.312756, 19.896465], [-16.312469, 19.896467], [-16.312481, 19.897822], [-16.31334, 19.897816], [-16.313342, 19.898087], [-16.313629, 19.898085]], [[-16.313045, 19.896734], [-16.312758, 19.896736], [-16.312756, 19.896465], [-16.313043, 19.896463], [-16.313045, 19.896734]], [[-16.312738, 19.894297], [-16.312452, 19.894299], [-16.312449, 19.894028], [-16.312736, 19.894026], [-16.312738, 19.894297]]]}, "properties": {"layer": "meadow", "year": 2024, "sat": "S2B", "date": "2024-06-25", "area_ha": 12.42}}, {"type": "Feature", "geometry": {"type": "Polygon", "coordinates": [[[-16.494956, 19.892317], [-16.494953, 19.892046], [-16.49524, 19.892044], [-16.495235, 19.891502], [-16.494948, 19.891504], [-16.494946, 19.891233], [-16.49294, 19.89125], [-16.492948, 19.892063], [-16.493521, 19.892058], [-16.493523, 19.892329], [-16.494956, 19.892317]], [[-16.494953, 19.892046], [-16.494667, 19.892049], [-16.494664, 19.891778], [-16.494951, 19.891775], [-16.494953, 19.892046]]]}, "properties": {"layer": "meadow", "year": 2024, "sat": "S2B", "date": "2024-06-25", "area_ha": 2.43}}, {"type": "Feature", "geometry": {"type": "Polygon", "coordinates": [[[-16.490088, 19.892629], [-16.490085, 19.892358], [-16.490372, 19.892356], [-16.490369, 19.892085], [-16.490083, 19.892087], [-16.49008, 19.891816], [-16.490367, 19.891814], [-16.490364, 19.891543], [-16.490651, 19.89154], [-16.490648, 19.891269], [-16.491221, 19.891264], [-16.491219, 19.890993], [-16.490932, 19.890996], [-16.49093, 19.890725], [-16.49007, 19.890732], [-16.490073, 19.891003], [-16.489786, 19.891005], [-16.489796, 19.892089], [-16.48951, 19.892092], [-16.489505, 19.89155], [-16.489218, 19.891552], [-16.489221, 19.891823], [-16.488934, 19.891826], [-16.488939, 19.892368], [-16.489799, 19.89236], [-16.489801, 19.892631], [-16.490088, 19.892629]]]}, "properties": {"layer": "meadow", "year": 2024, "sat": "S2B", "date": "2024-06-25", "area_ha": 2.07}}, {"type": "Feature", "geometry": {"type": "Polygon", "coordinates": [[[-16.487497, 19.891296], [-16.487489, 19.890482], [-16.486916, 19.890487], [-16.486919, 19.890758], [-16.486632, 19.890761], [-16.48663, 19.89049], [-16.486343, 19.890492], [-16.486348, 19.891034], [-16.487208, 19.891027], [-16.48721, 19.891298], [-16.487497, 19.891296]]]}, "properties": {"layer": "meadow", "year": 2024, "sat": "S2B", "date": "2024-06-25", "area_ha": 0.72}}, {"type": "Feature", "geometry": {"type": "Polygon", "coordinates": [[[-16.264297, 19.892479], [-16.264295, 19.892208], [-16.264009, 19.89221], [-16.264007, 19.891939], [-16.263147, 19.891945], [-16.263149, 19.892216], [-16.263436, 19.892214], [-16.263438, 19.892485], [-16.264297, 19.892479]]]}, "properties": {"layer": "meadow", "year": 2024, "sat": "S2B", "date": "2024-06-25", "area_ha": 0.54}}, {"type": "Feature", "geometry": {"type": "Polygon", "coordinates": [[[-16.380632, 19.892428], [-16.38063, 19.892157], [-16.380916, 19.892154], [-16.380914, 19.891883], [-16.3812, 19.891881], [-16.381196, 19.891339], [-16.380909, 19.891341], [-16.380907, 19.89107], [-16.380334, 19.891075], [-16.380331, 19.890804], [-16.380045, 19.890806], [-16.380047, 19.891077], [-16.379761, 19.891079], [-16.379758, 19.890808], [-16.379472, 19.89081], [-16.379479, 19.891623], [-16.379765, 19.891621], [-16.379768, 19.891892], [-16.380054, 19.89189], [-16.380057, 19.892161], [-16.380343, 19.892159], [-16.380345, 19.89243], [-16.380632, 19.892428]]]}, "properties": {"layer": "meadow", "year": 2024, "sat": "S2B", "date": "2024-06-25", "area_ha": 1.98}}, {"type": "Feature", "geometry": {"type": "Polygon", "coordinates": [[[-16.277769, 19.892925], [-16.277766, 19.892654], [-16.278053, 19.892652], [-16.278046, 19.891839], [-16.27776, 19.891841], [-16.277758, 19.89157], [-16.277185, 19.891574], [-16.27718, 19.891032], [-16.276894, 19.891034], [-16.276896, 19.891305], [-16.276323, 19.891309], [-16.276327, 19.891851], [-16.2769, 19.891847], [-16.276903, 19.892118], [-16.276329, 19.892122], [-16.276332, 19.892393], [-16.276618, 19.892391], [-16.276623, 19.892933], [-16.277769, 19.892925]]]}, "properties": {"layer": "meadow", "year": 2024, "sat": "S2B", "date": "2024-06-25", "area_ha": 2.52}}, {"type": "Feature", "geometry": {"type": "Polygon", "coordinates": [[[-16.315015, 19.892382], [-16.31501, 19.89184], [-16.315297, 19.891838], [-16.315281, 19.889941], [-16.314995, 19.889943], [-16.31499, 19.889401], [-16.314704, 19.889403], [-16.314701, 19.889132], [-16.314415, 19.889134], [-16.314421, 19.889947], [-16.313848, 19.889952], [-16.313851, 19.890223], [-16.313564, 19.890225], [-16.313566, 19.890496], [-16.31328, 19.890498], [-16.313284, 19.89104], [-16.312998, 19.891042], [-16.313, 19.891313], [-16.312141, 19.891319], [-16.312143, 19.89159], [-16.313575, 19.89158], [-16.313578, 19.891851], [-16.314151, 19.891847], [-16.314148, 19.891576], [-16.314721, 19.891571], [-16.314726, 19.892114], [-16.314439, 19.892116], [-16.314442, 19.892387], [-16.315015, 19.892382]], [[-16.314712, 19.890487], [-16.314426, 19.890489], [-16.314424, 19.890218], [-16.31471, 19.890216], [-16.314712, 19.890487]]]}, "properties": {"layer": "meadow", "year": 2024, "sat": "S2B", "date": "2024-06-25", "area_ha": 4.95}}, {"type": "Feature", "geometry": {"type": "Polygon", "coordinates": [[[-16.444309, 19.899782], [-16.444306, 19.899511], [-16.444593, 19.899509], [-16.44459, 19.899238], [-16.444877, 19.899236], [-16.444872, 19.898694], [-16.445158, 19.898691], [-16.445156, 19.89842], [-16.445442, 19.898418], [-16.44544, 19.898147], [-16.445726, 19.898145], [-16.445724, 19.897874], [-16.44601, 19.897871], [-16.446006, 19.897329], [-16.446579, 19.897325], [-16.446576, 19.897054], [-16.446863, 19.897051], [-16.446858, 19.896509], [-16.446571, 19.896512], [-16.446564, 19.895698], [-16.44685, 19.895696], [-16.446848, 19.895425], [-16.446561, 19.895427], [-16.446559, 19.895156], [-16.446845, 19.895154], [-16.446843, 19.894883], [-16.447129, 19.894881], [-16.447125, 19.894339], [-16.447411, 19.894336], [-16.447406, 19.893794], [-16.44712, 19.893797], [-16.447117, 19.893526], [-16.44769, 19.893521], [-16.447693, 19.893792], [-16.447979, 19.89379], [-16.447977, 19.893519], [-16.448263, 19.893516], [-16.448261, 19.893245], [-16.447974, 19.893248], [-16.447972, 19.892977], [-16.448258, 19.892974], [-16.448256, 19.892703], [-16.448542, 19.892701], [-16.44855, 19.893514], [-16.448836, 19.893512], [-16.448829, 19.892699], [-16.449115, 19.892696], [-16.449108, 19.891883], [-16.449394, 19.891881], [-16.449392, 19.89161], [-16.449105, 19.891612], [-16.449103, 19.891341], [-16.449389, 19.891339], [-16.449385, 19.890797], [-16.449671, 19.890795], [-16.449681, 19.891879], [-16.449967, 19.891876], [-16.44997, 19.892147], [-16.450543, 19.892143], [-16.45054, 19.891872], [-16.450254, 19.891874], [-16.450249, 19.891332], [-16.450535, 19.89133], [-16.450533, 19.891059], [-16.450247, 19.891061], [-16.450244, 19.89079], [-16.449958, 19.890792], [-16.449955, 19.890521], [-16.449669, 19.890524], [-16.449661, 19.88971], [-16.449948, 19.889708], [-16.44995, 19.889979], [-16.450237, 19.889977], [-16.450234, 19.889706], [-16.450521, 19.889703], [-16.450518, 19.889432], [-16.450805, 19.88943], [-16.450802, 19.889159], [-16.451089, 19.889157], [-16.451086, 19.888886], [-16.4508, 19.888888], [-16.450795, 19.888346], [-16.450222, 19.888351], [-16.450219, 19.88808], [-16.449933, 19.888082], [-16.449935, 19.888353], [-16.449362, 19.888358], [-16.449365, 19.888629], [-16.449651, 19.888626], [-16.449654, 19.888897], [-16.448794, 19.888904], [-16.448804, 19.889988], [-16.448518, 19.889991], [-16.44852, 19.890262], [-16.447947, 19.890266], [-16.44795, 19.890538], [-16.447663, 19.89054], [-16.447661, 19.890269], [-16.447374, 19.890271], [-16.447377, 19.890542], [-16.446517, 19.890549], [-16.44652, 19.89082], [-16.446233, 19.890823], [-16.446231, 19.890551], [-16.445944, 19.890554], [-16.445946, 19.890825], [-16.44566, 19.890827], [-16.445672, 19.892182], [-16.445386, 19.892185], [-16.445383, 19.891914], [-16.445097, 19.891916], [-16.445085, 19.890561], [-16.444512, 19.890565], [-16.444509, 19.890294], [-16.444796, 19.890292], [-16.444793, 19.890021], [-16.444507, 19.890023], [-16.444504, 19.889752], [-16.444218, 19.889755], [-16.444215, 19.889484], [-16.443929, 19.889486], [-16.443926, 19.889215], [-16.44364, 19.889217], [-16.44363, 19.888133], [-16.443343, 19.888136], [-16.443346, 19.888407], [-16.442486, 19.888414], [-16.442484, 19.888143], [-16.442197, 19.888145], [-16.442195, 19.887874], [-16.441335, 19.887881], [-16.441338, 19.888152], [-16.441051, 19.888154], [-16.441049, 19.887883], [-16.440762, 19.887885], [-16.440765, 19.888156], [-16.440478, 19.888159], [-16.440481, 19.88843], [-16.440194, 19.888432], [-16.440207, 19.889787], [-16.44078, 19.889783], [-16.440777, 19.889512], [-16.441064, 19.889509], [-16.441066, 19.88978], [-16.441353, 19.889778], [-16.441355, 19.890049], [-16.441069, 19.890051], [-16.441071, 19.890322], [-16.440785, 19.890325], [-16.440792, 19.891138], [-16.441078, 19.891135], [-16.441086, 19.891948], [-16.441372, 19.891946], [-16.44138, 19.892759], [-16.441666, 19.892757], [-16.441676, 19.893841], [-16.441962, 19.893839], [-16.441965, 19.89411], [-16.441678, 19.894112], [-16.441696, 19.896009], [-16.442269, 19.896004], [-16.442271, 19.896275], [-16.441985, 19.896278], [-16.441987, 19.896549], [-16.442273, 19.896546], [-16.442278, 19.897088], [-16.442851, 19.897084], [-16.442854, 19.897355], [-16.443427, 19.89735], [-16.443432, 19.897892], [-16.444005, 19.897888], [-16.444012, 19.898701], [-16.444299, 19.898698], [-16.444304, 19.89924], [-16.443731, 19.899245], [-16.443736, 19.899787], [-16.444309, 19.899782]], [[-16.443417, 19.896266], [-16.442844, 19.896271], [-16.442842, 19.896], [-16.442555, 19.896002], [-16.442553, 19.895731], [-16.442266, 19.895733], [-16.442251, 19.894107], [-16.442824, 19.894103], [-16.442837, 19.895458], [-16.443123, 19.895455], [-16.443126, 19.895726], [-16.443412, 19.895724], [-16.443417, 19.896266]], [[-16.442523, 19.892479], [-16.442237, 19.892481], [-16.442234, 19.89221], [-16.441948, 19.892212], [-16.441931, 19.890315], [-16.442504, 19.890311], [-16.442506, 19.890582], [-16.442219, 19.890584], [-16.442227, 19.891397], [-16.442513, 19.891395], [-16.442516, 19.891666], [-16.442802, 19.891663], [-16.442807, 19.892205], [-16.442521, 19.892208], [-16.442523, 19.892479]]]}, "properties": {"layer": "meadow", "year": 2024, "sat": "S2B", "date": "2024-06-25", "area_ha": 63.72}}, {"type": "Feature", "geometry": {"type": "Polygon", "coordinates": [[[-16.381179, 19.889442], [-16.381174, 19.8889], [-16.380888, 19.888902], [-16.380883, 19.88836], [-16.380597, 19.888362], [-16.380601, 19.888904], [-16.380315, 19.888907], [-16.380317, 19.889178], [-16.380604, 19.889175], [-16.380606, 19.889446], [-16.381179, 19.889442]]]}, "properties": {"layer": "meadow", "year": 2024, "sat": "S2B", "date": "2024-06-25", "area_ha": 0.63}}, {"type": "Feature", "geometry": {"type": "Polygon", "coordinates": [[[-16.386358, 19.891841], [-16.386353, 19.891299], [-16.386639, 19.891297], [-16.386637, 19.891026], [-16.38635, 19.891028], [-16.386348, 19.890757], [-16.386635, 19.890755], [-16.386632, 19.890484], [-16.386919, 19.890481], [-16.386914, 19.889939], [-16.387201, 19.889937], [-16.387194, 19.889124], [-16.386907, 19.889126], [-16.386905, 19.888855], [-16.386618, 19.888858], [-16.386613, 19.888315], [-16.385181, 19.888327], [-16.385183, 19.888598], [-16.384897, 19.8886], [-16.384901, 19.889142], [-16.384615, 19.889144], [-16.38462, 19.889686], [-16.384906, 19.889684], [-16.384909, 19.889955], [-16.385195, 19.889953], [-16.385197, 19.890224], [-16.385484, 19.890222], [-16.385493, 19.891306], [-16.38578, 19.891303], [-16.385785, 19.891845], [-16.386358, 19.891841]], [[-16.385482, 19.889951], [-16.385195, 19.889953], [-16.385193, 19.889682], [-16.385479, 19.88968], [-16.385482, 19.889951]], [[-16.38662, 19.889129], [-16.385761, 19.889135], [-16.385756, 19.888593], [-16.386043, 19.888591], [-16.386045, 19.888862], [-16.386618, 19.888858], [-16.38662, 19.889129]]]}, "properties": {"layer": "meadow", "year": 2024, "sat": "S2B", "date": "2024-06-25", "area_ha": 5.85}}, {"type": "Feature", "geometry": {"type": "Polygon", "coordinates": [[[-16.379756, 19.890537], [-16.379749, 19.889724], [-16.379462, 19.889726], [-16.379455, 19.888913], [-16.379169, 19.888915], [-16.379167, 19.888644], [-16.378594, 19.888649], [-16.378591, 19.888378], [-16.378305, 19.88838], [-16.378302, 19.888109], [-16.377443, 19.888116], [-16.377445, 19.888387], [-16.377732, 19.888384], [-16.377734, 19.888655], [-16.378021, 19.888653], [-16.378023, 19.888924], [-16.378309, 19.888922], [-16.378314, 19.889464], [-16.378601, 19.889462], [-16.378603, 19.889733], [-16.378889, 19.889731], [-16.378892, 19.890002], [-16.379465, 19.889997], [-16.37947, 19.890539], [-16.379756, 19.890537]], [[-16.379174, 19.889457], [-16.378887, 19.88946], [-16.378885, 19.889189], [-16.379171, 19.889186], [-16.379174, 19.889457]]]}, "properties": {"layer": "meadow", "year": 2024, "sat": "S2B", "date": "2024-06-25", "area_ha": 2.25}}, {"type": "Feature", "geometry": {"type": "Polygon", "coordinates": [[[-16.452237, 19.889418], [-16.452235, 19.889147], [-16.452521, 19.889145], [-16.452519, 19.888874], [-16.452805, 19.888872], [-16.452803, 19.888601], [-16.453089, 19.888598], [-16.453087, 19.888327], [-16.453373, 19.888325], [-16.453371, 19.888054], [-16.453657, 19.888052], [-16.453652, 19.88751], [-16.453366, 19.887512], [-16.453363, 19.887241], [-16.45279, 19.887246], [-16.452788, 19.886975], [-16.452501, 19.886977], [-16.452504, 19.887248], [-16.452217, 19.88725], [-16.452222, 19.887792], [-16.452509, 19.88779], [-16.452511, 19.888061], [-16.452225, 19.888063], [-16.452227, 19.888334], [-16.452514, 19.888332], [-16.452516, 19.888603], [-16.45223, 19.888605], [-16.452232, 19.888876], [-16.451659, 19.888881], [-16.451662, 19.889152], [-16.451948, 19.88915], [-16.451951, 19.889421], [-16.452237, 19.889418]]]}, "properties": {"layer": "meadow", "year": 2024, "sat": "S2B", "date": "2024-06-25", "area_ha": 2.34}}, {"type": "Feature", "geometry": {"type": "Polygon", "coordinates": [[[-16.274291, 19.888071], [-16.274289, 19.8878], [-16.274576, 19.887798], [-16.274573, 19.887527], [-16.275146, 19.887523], [-16.275144, 19.887252], [-16.272566, 19.88727], [-16.272568, 19.887541], [-16.272854, 19.887539], [-16.272856, 19.88781], [-16.273716, 19.887804], [-16.273718, 19.888075], [-16.274291, 19.888071]]]}, "properties": {"layer": "meadow", "year": 2024, "sat": "S2B", "date": "2024-06-25", "area_ha": 1.53}}, {"type": "Feature", "geometry": {"type": "Polygon", "coordinates": [[[-16.400695, 19.893084], [-16.400683, 19.891729], [-16.401256, 19.891724], [-16.401254, 19.891453], [-16.401827, 19.891449], [-16.401824, 19.891178], [-16.402111, 19.891176], [-16.402109, 19.890905], [-16.401822, 19.890907], [-16.40182, 19.890636], [-16.402106, 19.890633], [-16.402104, 19.890362], [-16.40239, 19.89036], [-16.402386, 19.889818], [-16.402672, 19.889816], [-16.40267, 19.889545], [-16.402956, 19.889543], [-16.402954, 19.889272], [-16.40324, 19.889269], [-16.403236, 19.888727], [-16.403522, 19.888725], [-16.40352, 19.888454], [-16.403806, 19.888452], [-16.403801, 19.88791], [-16.403515, 19.887912], [-16.403512, 19.887641], [-16.403799, 19.887639], [-16.403792, 19.886826], [-16.403219, 19.88683], [-16.403214, 19.886288], [-16.403501, 19.886286], [-16.403498, 19.886015], [-16.402925, 19.886019], [-16.402928, 19.88629], [-16.402641, 19.886293], [-16.402639, 19.886022], [-16.402352, 19.886024], [-16.402355, 19.886295], [-16.402068, 19.886297], [-16.402066, 19.886026], [-16.401779, 19.886028], [-16.401782, 19.886299], [-16.401209, 19.886304], [-16.401206, 19.886033], [-16.400347, 19.88604], [-16.400349, 19.886311], [-16.399203, 19.88632], [-16.39921, 19.887133], [-16.398637, 19.887137], [-16.398649, 19.888492], [-16.398363, 19.888495], [-16.398365, 19.888766], [-16.398651, 19.888763], [-16.398654, 19.889034], [-16.399227, 19.88903], [-16.399234, 19.889843], [-16.39952, 19.889841], [-16.399523, 19.890112], [-16.399809, 19.890109], [-16.399812, 19.890381], [-16.400098, 19.890378], [-16.400103, 19.89092], [-16.39953, 19.890925], [-16.399532, 19.891196], [-16.399819, 19.891194], [-16.399821, 19.891465], [-16.399535, 19.891467], [-16.399537, 19.891738], [-16.399251, 19.89174], [-16.399258, 19.892553], [-16.398971, 19.892555], [-16.398974, 19.892826], [-16.399547, 19.892822], [-16.399549, 19.893093], [-16.399836, 19.893091], [-16.399833, 19.89282], [-16.40012, 19.892817], [-16.400122, 19.893088], [-16.400695, 19.893084]], [[-16.400113, 19.892004], [-16.399826, 19.892007], [-16.399824, 19.891736], [-16.40011, 19.891733], [-16.400113, 19.892004]]]}, "properties": {"layer": "meadow", "year": 2024, "sat": "S2B", "date": "2024-06-25", "area_ha": 26.1}}, {"type": "Feature", "geometry": {"type": "Polygon", "coordinates": [[[-16.439041, 19.887628], [-16.439031, 19.886544], [-16.438745, 19.886547], [-16.43874, 19.886005], [-16.438453, 19.886007], [-16.438451, 19.885736], [-16.438737, 19.885734], [-16.438735, 19.885463], [-16.438448, 19.885465], [-16.438446, 19.885194], [-16.438159, 19.885196], [-16.438157, 19.884925], [-16.437298, 19.884932], [-16.4373, 19.885203], [-16.437587, 19.885201], [-16.437589, 19.885472], [-16.437302, 19.885474], [-16.437305, 19.885745], [-16.437591, 19.885743], [-16.437594, 19.886014], [-16.43788, 19.886011], [-16.437888, 19.886825], [-16.438174, 19.886822], [-16.438177, 19.887093], [-16.43789, 19.887096], [-16.437893, 19.887367], [-16.438179, 19.887364], [-16.438182, 19.887635], [-16.438468, 19.887633], [-16.438466, 19.887362], [-16.438752, 19.88736], [-16.438755, 19.887631], [-16.439041, 19.887628]]]}, "properties": {"layer": "meadow", "year": 2024, "sat": "S2B", "date": "2024-06-25", "area_ha": 2.97}}, {"type": "Feature", "geometry": {"type": "Polygon", "coordinates": [[[-16.283792, 19.893695], [-16.28379, 19.893424], [-16.284363, 19.893419], [-16.284361, 19.893148], [-16.284647, 19.893146], [-16.284643, 19.892604], [-16.285216, 19.8926], [-16.285212, 19.892058], [-16.284925, 19.89206], [-16.284927, 19.892331], [-16.284354, 19.892335], [-16.284352, 19.892064], [-16.284639, 19.892062], [-16.284637, 19.891791], [-16.28521, 19.891787], [-16.285207, 19.891516], [-16.285494, 19.891514], [-16.285496, 19.891785], [-16.285783, 19.891783], [-16.285778, 19.891241], [-16.285492, 19.891243], [-16.28549, 19.890972], [-16.284916, 19.890976], [-16.284914, 19.890705], [-16.285487, 19.890701], [-16.285481, 19.889888], [-16.285767, 19.889886], [-16.285765, 19.889615], [-16.286052, 19.889613], [-16.286047, 19.88907], [-16.28662, 19.889066], [-16.286622, 19.889337], [-16.286909, 19.889335], [-16.286907, 19.889064], [-16.287193, 19.889062], [-16.287189, 19.88852], [-16.287475, 19.888518], [-16.287467, 19.887434], [-16.28718, 19.887436], [-16.287182, 19.887707], [-16.286896, 19.887709], [-16.286891, 19.887167], [-16.287178, 19.887165], [-16.287176, 19.886894], [-16.287749, 19.88689], [-16.287744, 19.886348], [-16.288317, 19.886344], [-16.288313, 19.885801], [-16.288027, 19.885804], [-16.288024, 19.885532], [-16.287738, 19.885535], [-16.28774, 19.885806], [-16.287454, 19.885808], [-16.287456, 19.886079], [-16.286883, 19.886083], [-16.286885, 19.886354], [-16.286312, 19.886358], [-16.286314, 19.886629], [-16.285455, 19.886635], [-16.285457, 19.886906], [-16.28517, 19.886908], [-16.285172, 19.887179], [-16.284313, 19.887186], [-16.284315, 19.887457], [-16.283742, 19.887461], [-16.283744, 19.887732], [-16.284031, 19.88773], [-16.284044, 19.889356], [-16.283757, 19.889358], [-16.283759, 19.889629], [-16.283473, 19.889631], [-16.283475, 19.889902], [-16.282616, 19.889908], [-16.282618, 19.890179], [-16.282904, 19.890177], [-16.282906, 19.890448], [-16.28176, 19.890457], [-16.281758, 19.890186], [-16.280612, 19.890194], [-16.280619, 19.891007], [-16.280905, 19.891005], [-16.28091, 19.891547], [-16.282056, 19.891539], [-16.28206, 19.892081], [-16.282347, 19.892079], [-16.282349, 19.89235], [-16.282635, 19.892348], [-16.28264, 19.89289], [-16.282067, 19.892894], [-16.282069, 19.893165], [-16.282355, 19.893163], [-16.282357, 19.893434], [-16.282644, 19.893432], [-16.282646, 19.893703], [-16.283792, 19.893695]]]}, "properties": {"layer": "meadow", "year": 2024, "sat": "S2B", "date": "2024-06-25", "area_ha": 25.65}}, {"type": "Feature", "geometry": {"type": "Polygon", "coordinates": [[[-16.275991, 19.885619], [-16.275982, 19.884535], [-16.275696, 19.884537], [-16.275685, 19.883182], [-16.275398, 19.883184], [-16.2754, 19.883455], [-16.274254, 19.883463], [-16.274252, 19.883192], [-16.273679, 19.883196], [-16.27369, 19.884551], [-16.273977, 19.884549], [-16.273979, 19.88482], [-16.274552, 19.884816], [-16.274554, 19.885087], [-16.275127, 19.885083], [-16.275129, 19.885354], [-16.275416, 19.885352], [-16.275418, 19.885623], [-16.275991, 19.885619]], [[-16.275411, 19.88481], [-16.275125, 19.884812], [-16.275123, 19.884541], [-16.275409, 19.884539], [-16.275411, 19.88481]], [[-16.274836, 19.884543], [-16.274263, 19.884547], [-16.274261, 19.884276], [-16.274547, 19.884274], [-16.274545, 19.884003], [-16.274832, 19.884001], [-16.274836, 19.884543]], [[-16.275405, 19.883997], [-16.274832, 19.884001], [-16.27483, 19.88373], [-16.275403, 19.883726], [-16.275405, 19.883997]]]}, "properties": {"layer": "meadow", "year": 2024, "sat": "S2B", "date": "2024-06-25", "area_ha": 3.78}}, {"type": "Feature", "geometry": {"type": "Polygon", "coordinates": [[[-16.263087, 19.884356], [-16.263083, 19.883814], [-16.263369, 19.883812], [-16.263367, 19.883541], [-16.26308, 19.883543], [-16.263076, 19.883001], [-16.263649, 19.882997], [-16.263647, 19.882726], [-16.262501, 19.882734], [-16.262505, 19.883276], [-16.262792, 19.883274], [-16.262796, 19.883816], [-16.26251, 19.883818], [-16.262514, 19.88436], [-16.263087, 19.884356]]]}, "properties": {"layer": "meadow", "year": 2024, "sat": "S2B", "date": "2024-06-25", "area_ha": 1.17}}, {"type": "Feature", "geometry": {"type": "Polygon", "coordinates": [[[-16.283733, 19.886377], [-16.283731, 19.886106], [-16.284304, 19.886101], [-16.284302, 19.88583], [-16.284588, 19.885828], [-16.284586, 19.885557], [-16.284873, 19.885555], [-16.284871, 19.885284], [-16.28573, 19.885278], [-16.285726, 19.884736], [-16.286299, 19.884732], [-16.286301, 19.885003], [-16.28716, 19.884997], [-16.287156, 19.884455], [-16.288589, 19.884444], [-16.288586, 19.884173], [-16.289446, 19.884167], [-16.289444, 19.883896], [-16.289157, 19.883898], [-16.289151, 19.883085], [-16.289437, 19.883083], [-16.289442, 19.883625], [-16.289728, 19.883623], [-16.289724, 19.883081], [-16.29001, 19.883079], [-16.290006, 19.882537], [-16.290292, 19.882534], [-16.29029, 19.882263], [-16.290004, 19.882266], [-16.290001, 19.881995], [-16.289715, 19.881997], [-16.289713, 19.881726], [-16.28914, 19.88173], [-16.289142, 19.882001], [-16.288855, 19.882003], [-16.28886, 19.882545], [-16.288573, 19.882547], [-16.288576, 19.882818], [-16.288289, 19.88282], [-16.288291, 19.883091], [-16.287718, 19.883095], [-16.28772, 19.883366], [-16.287434, 19.883368], [-16.287429, 19.882826], [-16.287143, 19.882828], [-16.287147, 19.88337], [-16.286861, 19.883372], [-16.286854, 19.882559], [-16.286281, 19.882564], [-16.286283, 19.882835], [-16.28571, 19.882839], [-16.285717, 19.883652], [-16.285144, 19.883656], [-16.285146, 19.883927], [-16.284573, 19.883931], [-16.284571, 19.88366], [-16.281992, 19.883679], [-16.281997, 19.884221], [-16.282283, 19.884219], [-16.282288, 19.884761], [-16.282001, 19.884763], [-16.281999, 19.884492], [-16.281712, 19.884494], [-16.281715, 19.884765], [-16.281142, 19.884769], [-16.281144, 19.88504], [-16.280857, 19.885042], [-16.280855, 19.884771], [-16.279422, 19.884781], [-16.279425, 19.885052], [-16.279138, 19.885054], [-16.279136, 19.884783], [-16.278849, 19.884785], [-16.278854, 19.885328], [-16.27914, 19.885325], [-16.279142, 19.885597], [-16.279716, 19.885592], [-16.279713, 19.885321], [-16.28, 19.885319], [-16.280002, 19.88559], [-16.280289, 19.885588], [-16.280286, 19.885317], [-16.280573, 19.885315], [-16.280575, 19.885586], [-16.281148, 19.885582], [-16.281152, 19.886124], [-16.281439, 19.886122], [-16.281437, 19.885851], [-16.282296, 19.885845], [-16.282299, 19.886116], [-16.282585, 19.886114], [-16.282587, 19.886385], [-16.282874, 19.886383], [-16.282872, 19.886112], [-16.283158, 19.88611], [-16.283156, 19.885839], [-16.283442, 19.885837], [-16.283447, 19.886379], [-16.283733, 19.886377]], [[-16.283729, 19.885835], [-16.283442, 19.885837], [-16.28344, 19.885566], [-16.283727, 19.885564], [-16.283729, 19.885835]], [[-16.283725, 19.885292], [-16.283151, 19.885297], [-16.283149, 19.885026], [-16.283722, 19.885021], [-16.283725, 19.885292]]]}, "properties": {"layer": "meadow", "year": 2024, "sat": "S2B", "date": "2024-06-25", "area_ha": 20.43}}, {"type": "Feature", "geometry": {"type": "Polygon", "coordinates": [[[-16.26911, 19.885126], [-16.269106, 19.884584], [-16.269392, 19.884582], [-16.269388, 19.88404], [-16.269675, 19.884038], [-16.26967, 19.883496], [-16.269957, 19.883494], [-16.269952, 19.882952], [-16.270239, 19.88295], [-16.270237, 19.882679], [-16.270523, 19.882677], [-16.270521, 19.882406], [-16.270235, 19.882408], [-16.27023, 19.881866], [-16.269944, 19.881868], [-16.269946, 19.882139], [-16.269659, 19.882141], [-16.269662, 19.882412], [-16.269375, 19.882414], [-16.269377, 19.882685], [-16.269091, 19.882687], [-16.269093, 19.882958], [-16.269379, 19.882956], [-16.269382, 19.883227], [-16.268809, 19.883231], [-16.268811, 19.883502], [-16.269097, 19.8835], [-16.269099, 19.883771], [-16.26824, 19.883777], [-16.268242, 19.884048], [-16.267955, 19.88405], [-16.26796, 19.884592], [-16.268819, 19.884586], [-16.268824, 19.885128], [-16.26911, 19.885126]]]}, "properties": {"layer": "meadow", "year": 2024, "sat": "S2B", "date": "2024-06-25", "area_ha": 3.24}}, {"type": "Feature", "geometry": {"type": "Polygon", "coordinates": [[[-16.497752, 19.884976], [-16.497747, 19.884434], [-16.49832, 19.884429], [-16.498317, 19.884158], [-16.49889, 19.884153], [-16.498893, 19.884424], [-16.499179, 19.884422], [-16.499177, 19.884151], [-16.499463, 19.884148], [-16.499466, 19.884419], [-16.499752, 19.884417], [-16.49975, 19.884146], [-16.500036, 19.884143], [-16.500039, 19.884414], [-16.500612, 19.88441], [-16.500604, 19.883597], [-16.501464, 19.883589], [-16.501461, 19.883318], [-16.501748, 19.883316], [-16.501745, 19.883045], [-16.502604, 19.883038], [-16.502602, 19.882767], [-16.502315, 19.882769], [-16.502313, 19.882498], [-16.50174, 19.882503], [-16.501732, 19.88169], [-16.502592, 19.881683], [-16.502594, 19.881954], [-16.502881, 19.881951], [-16.502886, 19.882493], [-16.503172, 19.882491], [-16.503175, 19.882762], [-16.503461, 19.882759], [-16.503454, 19.881946], [-16.50374, 19.881944], [-16.503738, 19.881673], [-16.503165, 19.881678], [-16.503162, 19.881407], [-16.502876, 19.881409], [-16.502868, 19.880596], [-16.502295, 19.880601], [-16.50229, 19.880059], [-16.502003, 19.880061], [-16.501996, 19.879248], [-16.502282, 19.879246], [-16.502277, 19.878704], [-16.502564, 19.878702], [-16.502561, 19.87843], [-16.501988, 19.878435], [-16.501985, 19.878164], [-16.501413, 19.878169], [-16.50141, 19.877898], [-16.501123, 19.877901], [-16.501129, 19.878443], [-16.500269, 19.87845], [-16.500267, 19.878179], [-16.500553, 19.878176], [-16.500551, 19.877905], [-16.499978, 19.87791], [-16.499975, 19.877639], [-16.499116, 19.877646], [-16.499118, 19.877917], [-16.497972, 19.877927], [-16.49797, 19.877656], [-16.497683, 19.877658], [-16.497693, 19.878743], [-16.49798, 19.87874], [-16.497982, 19.879011], [-16.497696, 19.879014], [-16.497701, 19.879556], [-16.497988, 19.879553], [-16.497993, 19.880095], [-16.498279, 19.880093], [-16.498284, 19.880635], [-16.498857, 19.88063], [-16.49886, 19.880901], [-16.498287, 19.880906], [-16.498289, 19.881177], [-16.498003, 19.881179], [-16.497998, 19.880637], [-16.497711, 19.88064], [-16.497709, 19.880369], [-16.497422, 19.880371], [-16.497425, 19.880642], [-16.497138, 19.880644], [-16.497141, 19.880915], [-16.497427, 19.880913], [-16.49743, 19.881184], [-16.497143, 19.881186], [-16.497146, 19.881457], [-16.496859, 19.88146], [-16.496872, 19.882815], [-16.497159, 19.882813], [-16.497161, 19.883084], [-16.497448, 19.883081], [-16.49745, 19.883352], [-16.497737, 19.88335], [-16.497739, 19.883621], [-16.497453, 19.883623], [-16.497455, 19.883894], [-16.497169, 19.883897], [-16.497171, 19.884168], [-16.496885, 19.88417], [-16.496887, 19.884441], [-16.496315, 19.884446], [-16.49632, 19.884988], [-16.496606, 19.884985], [-16.496604, 19.884714], [-16.497177, 19.88471], [-16.497179, 19.884981], [-16.497752, 19.884976]], [[-16.498599, 19.883613], [-16.498312, 19.883616], [-16.49831, 19.883345], [-16.498596, 19.883342], [-16.498599, 19.883613]], [[-16.500602, 19.883326], [-16.500029, 19.88333], [-16.500026, 19.883059], [-16.500599, 19.883055], [-16.500602, 19.883326]], [[-16.501172, 19.88305], [-16.500886, 19.883052], [-16.500883, 19.882781], [-16.501169, 19.882779], [-16.501172, 19.88305]], [[-16.500596, 19.882784], [-16.50031, 19.882786], [-16.500307, 19.882515], [-16.500594, 19.882513], [-16.500596, 19.882784]], [[-16.500852, 19.879529], [-16.500566, 19.879531], [-16.500563, 19.87926], [-16.50085, 19.879258], [-16.500852, 19.879529]], [[-16.498561, 19.879548], [-16.498274, 19.879551], [-16.498269, 19.879009], [-16.498555, 19.879006], [-16.498561, 19.879548]], [[-16.501993, 19.878977], [-16.501707, 19.87898], [-16.501704, 19.878709], [-16.501991, 19.878706], [-16.501993, 19.878977]], [[-16.500847, 19.878987], [-16.500561, 19.878989], [-16.500558, 19.878718], [-16.500845, 19.878716], [-16.500847, 19.878987]], [[-16.501704, 19.878709], [-16.501418, 19.878711], [-16.501415, 19.87844], [-16.501702, 19.878438], [-16.501704, 19.878709]], [[-16.499983, 19.878452], [-16.499696, 19.878455], [-16.499694, 19.878184], [-16.49998, 19.878181], [-16.499983, 19.878452]]]}, "properties": {"layer": "meadow", "year": 2024, "sat": "S2B", "date": "2024-06-25", "area_ha": 34.02}}, {"type": "Feature", "geometry": {"type": "Polygon", "coordinates": [[[-16.269924, 19.879428], [-16.26992, 19.878886], [-16.269634, 19.878888], [-16.269631, 19.878617], [-16.268772, 19.878623], [-16.268774, 19.878894], [-16.26906, 19.878892], [-16.269063, 19.879163], [-16.269349, 19.879161], [-16.269351, 19.879432], [-16.269924, 19.879428]]]}, "properties": {"layer": "meadow", "year": 2024, "sat": "S2B", "date": "2024-06-25", "area_ha": 0.72}}, {"type": "Feature", "geometry": {"type": "Polygon", "coordinates": [[[-16.490565, 19.882326], [-16.490562, 19.882055], [-16.490848, 19.882052], [-16.490843, 19.88151], [-16.490557, 19.881513], [-16.490559, 19.881784], [-16.489986, 19.881789], [-16.489981, 19.881247], [-16.490268, 19.881244], [-16.490265, 19.880973], [-16.489979, 19.880976], [-16.489969, 19.879891], [-16.489682, 19.879894], [-16.489677, 19.879352], [-16.489964, 19.879349], [-16.489959, 19.878807], [-16.490245, 19.878805], [-16.490237, 19.877992], [-16.490524, 19.87799], [-16.490521, 19.877719], [-16.490808, 19.877716], [-16.4908, 19.876903], [-16.490514, 19.876906], [-16.490511, 19.876635], [-16.490225, 19.876637], [-16.490227, 19.876908], [-16.489654, 19.876913], [-16.489659, 19.877455], [-16.489373, 19.877457], [-16.489378, 19.877999], [-16.489092, 19.878002], [-16.489099, 19.878815], [-16.489386, 19.878812], [-16.489388, 19.879083], [-16.489102, 19.879086], [-16.489114, 19.880441], [-16.488828, 19.880443], [-16.48883, 19.880714], [-16.488544, 19.880716], [-16.488549, 19.881259], [-16.488263, 19.881261], [-16.488268, 19.881803], [-16.488841, 19.881798], [-16.488843, 19.882069], [-16.48913, 19.882067], [-16.489124, 19.881525], [-16.489411, 19.881522], [-16.489408, 19.881251], [-16.489695, 19.881249], [-16.489703, 19.882062], [-16.490275, 19.882057], [-16.490278, 19.882328], [-16.490565, 19.882326]]]}, "properties": {"layer": "meadow", "year": 2024, "sat": "S2B", "date": "2024-06-25", "area_ha": 6.84}}, {"type": "Feature", "geometry": {"type": "Polygon", "coordinates": [[[-16.261045, 19.879762], [-16.261041, 19.87922], [-16.261327, 19.879218], [-16.261323, 19.878676], [-16.261609, 19.878674], [-16.261607, 19.878403], [-16.260748, 19.878409], [-16.260758, 19.879764], [-16.261045, 19.879762]]]}, "properties": {"layer": "meadow", "year": 2024, "sat": "S2B", "date": "2024-06-25", "area_ha": 0.81}}, {"type": "Feature", "geometry": {"type": "Polygon", "coordinates": [[[-16.371619, 19.877319], [-16.371615, 19.876777], [-16.372188, 19.876772], [-16.372185, 19.876501], [-16.371326, 19.876508], [-16.371331, 19.87705], [-16.371044, 19.877052], [-16.371046, 19.877323], [-16.371619, 19.877319]]]}, "properties": {"layer": "meadow", "year": 2024, "sat": "S2B", "date": "2024-06-25", "area_ha": 0.54}}, {"type": "Feature", "geometry": {"type": "Polygon", "coordinates": [[[-16.262174, 19.877586], [-16.262167, 19.876773], [-16.262454, 19.876771], [-16.262449, 19.876229], [-16.262163, 19.876231], [-16.262165, 19.876502], [-16.261879, 19.876504], [-16.261887, 19.877588], [-16.262174, 19.877586]]]}, "properties": {"layer": "meadow", "year": 2024, "sat": "S2B", "date": "2024-06-25", "area_ha": 0.54}}, {"type": "Feature", "geometry": {"type": "Polygon", "coordinates": [[[-16.266176, 19.876473], [-16.266172, 19.875931], [-16.265312, 19.875937], [-16.265317, 19.87648], [-16.266176, 19.876473]]]}, "properties": {"layer": "meadow", "year": 2024, "sat": "S2B", "date": "2024-06-25", "area_ha": 0.54}}, {"type": "Feature", "geometry": {"type": "Polygon", "coordinates": [[[-16.27679, 19.878024], [-16.276787, 19.877753], [-16.27736, 19.877749], [-16.277358, 19.877478], [-16.277072, 19.87748], [-16.27707, 19.877209], [-16.276497, 19.877213], [-16.276492, 19.876671], [-16.277352, 19.876665], [-16.277343, 19.875581], [-16.277057, 19.875583], [-16.277059, 19.875854], [-16.276772, 19.875856], [-16.276774, 19.876127], [-16.275915, 19.876133], [-16.275917, 19.876404], [-16.275058, 19.87641], [-16.27506, 19.876681], [-16.2742, 19.876687], [-16.274198, 19.876416], [-16.273625, 19.87642], [-16.273621, 19.875878], [-16.273334, 19.87588], [-16.273332, 19.875609], [-16.272759, 19.875613], [-16.272757, 19.875342], [-16.27247, 19.875344], [-16.272475, 19.875886], [-16.272761, 19.875884], [-16.272763, 19.876155], [-16.272477, 19.876157], [-16.272479, 19.876428], [-16.27162, 19.876435], [-16.271624, 19.876977], [-16.27191, 19.876975], [-16.271915, 19.877517], [-16.272201, 19.877515], [-16.272206, 19.878057], [-16.272779, 19.878053], [-16.272776, 19.877782], [-16.273349, 19.877778], [-16.273347, 19.877506], [-16.274207, 19.8775], [-16.274205, 19.877229], [-16.274778, 19.877225], [-16.274775, 19.876954], [-16.275062, 19.876952], [-16.275066, 19.877494], [-16.275926, 19.877488], [-16.275928, 19.877759], [-16.276501, 19.877755], [-16.276503, 19.878026], [-16.27679, 19.878024]], [[-16.272488, 19.877513], [-16.272201, 19.877515], [-16.272199, 19.877244], [-16.272486, 19.877242], [-16.272488, 19.877513]]]}, "properties": {"layer": "meadow", "year": 2024, "sat": "S2B", "date": "2024-06-25", "area_ha": 8.46}}, {"type": "Feature", "geometry": {"type": "Polygon", "coordinates": [[[-16.286517, 19.876328], [-16.286515, 19.876057], [-16.287088, 19.876052], [-16.287086, 19.875781], [-16.287373, 19.875779], [-16.287368, 19.875237], [-16.286795, 19.875241], [-16.286797, 19.875512], [-16.286511, 19.875515], [-16.286513, 19.875786], [-16.286227, 19.875788], [-16.286231, 19.87633], [-16.286517, 19.876328]]]}, "properties": {"layer": "meadow", "year": 2024, "sat": "S2B", "date": "2024-06-25", "area_ha": 0.81}}, {"type": "Feature", "geometry": {"type": "Polygon", "coordinates": [[[-16.280505, 19.876913], [-16.280503, 19.876642], [-16.28079, 19.87664], [-16.280788, 19.876369], [-16.281074, 19.876367], [-16.28107, 19.875825], [-16.280783, 19.875827], [-16.280774, 19.874743], [-16.280201, 19.874747], [-16.280204, 19.875018], [-16.279917, 19.87502], [-16.279919, 19.875291], [-16.279346, 19.875295], [-16.279348, 19.875566], [-16.279062, 19.875568], [-16.27906, 19.875297], [-16.278773, 19.875299], [-16.278771, 19.875028], [-16.278485, 19.87503], [-16.278498, 19.876656], [-16.277925, 19.876661], [-16.277927, 19.876932], [-16.279932, 19.876917], [-16.27993, 19.876646], [-16.280217, 19.876644], [-16.280219, 19.876915], [-16.280505, 19.876913]]]}, "properties": {"layer": "meadow", "year": 2024, "sat": "S2B", "date": "2024-06-25", "area_ha": 4.95}}, {"type": "Feature", "geometry": {"type": "Polygon", "coordinates": [[[-16.266745, 19.875927], [-16.266743, 19.875656], [-16.266456, 19.875658], [-16.266452, 19.875116], [-16.266165, 19.875118], [-16.266163, 19.874847], [-16.265877, 19.874849], [-16.265881, 19.875391], [-16.266167, 19.875389], [-16.266172, 19.875931], [-16.266745, 19.875927]]]}, "properties": {"layer": "meadow", "year": 2024, "sat": "S2B", "date": "2024-06-25", "area_ha": 0.54}}, {"type": "Feature", "geometry": {"type": "Polygon", "coordinates": [[[-16.49622, 19.874418], [-16.496215, 19.873876], [-16.495929, 19.873879], [-16.495926, 19.873608], [-16.49564, 19.87361], [-16.495637, 19.873339], [-16.495924, 19.873337], [-16.495921, 19.873066], [-16.495635, 19.873068], [-16.495632, 19.872797], [-16.494773, 19.872804], [-16.494775, 19.873075], [-16.495062, 19.873073], [-16.495069, 19.873886], [-16.495356, 19.873884], [-16.495358, 19.874155], [-16.495931, 19.87415], [-16.495934, 19.874421], [-16.49622, 19.874418]]]}, "properties": {"layer": "meadow", "year": 2024, "sat": "S2B", "date": "2024-06-25", "area_ha": 1.35}}, {"type": "Feature", "geometry": {"type": "Polygon", "coordinates": [[[-16.369593, 19.874895], [-16.369588, 19.874353], [-16.369875, 19.874351], [-16.36987, 19.873809], [-16.369011, 19.873815], [-16.369015, 19.874357], [-16.369302, 19.874355], [-16.369304, 19.874626], [-16.369018, 19.874628], [-16.36902, 19.874899], [-16.369593, 19.874895]]]}, "properties": {"layer": "meadow", "year": 2024, "sat": "S2B", "date": "2024-06-25", "area_ha": 0.81}}, {"type": "Feature", "geometry": {"type": "Polygon", "coordinates": [[[-16.373886, 19.87432], [-16.373883, 19.874049], [-16.37417, 19.874047], [-16.374165, 19.873505], [-16.373879, 19.873507], [-16.373874, 19.872965], [-16.373301, 19.872969], [-16.373303, 19.87324], [-16.37359, 19.873238], [-16.373592, 19.873509], [-16.373306, 19.873511], [-16.373308, 19.873782], [-16.373594, 19.87378], [-16.373599, 19.874322], [-16.373886, 19.87432]]]}, "properties": {"layer": "meadow", "year": 2024, "sat": "S2B", "date": "2024-06-25", "area_ha": 0.81}}, {"type": "Feature", "geometry": {"type": "Polygon", "coordinates": [[[-16.300256, 19.874602], [-16.300254, 19.874331], [-16.30054, 19.874328], [-16.300536, 19.873786], [-16.300249, 19.873788], [-16.300252, 19.874059], [-16.299965, 19.874062], [-16.299963, 19.873791], [-16.299103, 19.873797], [-16.299101, 19.873526], [-16.298815, 19.873528], [-16.29881, 19.872986], [-16.298237, 19.87299], [-16.298242, 19.873532], [-16.298528, 19.87353], [-16.29853, 19.873801], [-16.298817, 19.873799], [-16.298819, 19.87407], [-16.299106, 19.874068], [-16.299108, 19.874339], [-16.299967, 19.874333], [-16.299969, 19.874604], [-16.300256, 19.874602]]]}, "properties": {"layer": "meadow", "year": 2024, "sat": "S2B", "date": "2024-06-25", "area_ha": 1.53}}, {"type": "Feature", "geometry": {"type": "Polygon", "coordinates": [[[-16.362706, 19.873593], [-16.362701, 19.873051], [-16.362415, 19.873053], [-16.362412, 19.872782], [-16.362126, 19.872784], [-16.362124, 19.872513], [-16.361551, 19.872517], [-16.361553, 19.872788], [-16.361839, 19.872786], [-16.361842, 19.873057], [-16.361555, 19.873059], [-16.361558, 19.87333], [-16.36213, 19.873326], [-16.362133, 19.873597], [-16.362706, 19.873593]]]}, "properties": {"layer": "meadow", "year": 2024, "sat": "S2B", "date": "2024-06-25", "area_ha": 0.9}}, {"type": "Feature", "geometry": {"type": "Polygon", "coordinates": [[[-16.410257, 19.87268], [-16.410254, 19.872409], [-16.411114, 19.872403], [-16.411111, 19.872132], [-16.409679, 19.872143], [-16.409684, 19.872685], [-16.410257, 19.87268]]]}, "properties": {"layer": "meadow", "year": 2024, "sat": "S2B", "date": "2024-06-25", "area_ha": 0.63}}, {"type": "Feature", "geometry": {"type": "Polygon", "coordinates": [[[-16.371589, 19.873795], [-16.371582, 19.872982], [-16.371869, 19.87298], [-16.371866, 19.872709], [-16.372153, 19.872707], [-16.37215, 19.872436], [-16.371577, 19.87244], [-16.37158, 19.872711], [-16.370147, 19.872722], [-16.37015, 19.872993], [-16.369863, 19.872996], [-16.36987, 19.873809], [-16.370157, 19.873807], [-16.370154, 19.873535], [-16.3713, 19.873527], [-16.371303, 19.873798], [-16.371589, 19.873795]]]}, "properties": {"layer": "meadow", "year": 2024, "sat": "S2B", "date": "2024-06-25", "area_ha": 1.98}}, {"type": "Feature", "geometry": {"type": "Polygon", "coordinates": [[[-16.395949, 19.87469], [-16.395947, 19.874419], [-16.39652, 19.874415], [-16.396518, 19.874144], [-16.396804, 19.874142], [-16.396802, 19.873871], [-16.397088, 19.873868], [-16.397086, 19.873597], [-16.397659, 19.873593], [-16.397656, 19.873322], [-16.39737, 19.873324], [-16.397363, 19.872511], [-16.397076, 19.872513], [-16.397072, 19.871971], [-16.396212, 19.871978], [-16.396215, 19.872249], [-16.395928, 19.872251], [-16.395933, 19.872793], [-16.395646, 19.872795], [-16.395658, 19.874151], [-16.395372, 19.874153], [-16.395374, 19.874424], [-16.395661, 19.874422], [-16.395663, 19.874693], [-16.395949, 19.87469]]]}, "properties": {"layer": "meadow", "year": 2024, "sat": "S2B", "date": "2024-06-25", "area_ha": 4.05}}, {"type": "Feature", "geometry": {"type": "Polygon", "coordinates": [[[-16.497369, 19.87468], [-16.497366, 19.874409], [-16.49708, 19.874411], [-16.497077, 19.87414], [-16.498223, 19.874131], [-16.498221, 19.87386], [-16.498507, 19.873857], [-16.498504, 19.873586], [-16.498791, 19.873584], [-16.498788, 19.873313], [-16.499361, 19.873308], [-16.499346, 19.871682], [-16.49906, 19.871684], [-16.499057, 19.871413], [-16.49963, 19.871408], [-16.499627, 19.871137], [-16.499054, 19.871142], [-16.499049, 19.8706], [-16.498476, 19.870605], [-16.498479, 19.870876], [-16.497906, 19.870881], [-16.497909, 19.871152], [-16.497622, 19.871154], [-16.497627, 19.871696], [-16.497914, 19.871694], [-16.497916, 19.871965], [-16.49763, 19.871967], [-16.497632, 19.872238], [-16.497346, 19.872241], [-16.497348, 19.872512], [-16.497062, 19.872514], [-16.497059, 19.872243], [-16.496773, 19.872245], [-16.496786, 19.873601], [-16.496499, 19.873603], [-16.496502, 19.873874], [-16.496788, 19.873872], [-16.496791, 19.874143], [-16.496504, 19.874145], [-16.496509, 19.874687], [-16.497369, 19.87468]], [[-16.498783, 19.872771], [-16.49821, 19.872775], [-16.498208, 19.872504], [-16.498781, 19.8725], [-16.498783, 19.872771]], [[-16.499062, 19.871955], [-16.498776, 19.871958], [-16.498773, 19.871687], [-16.49906, 19.871684], [-16.499062, 19.871955]]]}, "properties": {"layer": "meadow", "year": 2024, "sat": "S2B", "date": "2024-06-25", "area_ha": 7.65}}, {"type": "Feature", "geometry": {"type": "Polygon", "coordinates": [[[-16.274476, 19.87533], [-16.274474, 19.875059], [-16.275047, 19.875055], [-16.275045, 19.874784], [-16.275331, 19.874782], [-16.275329, 19.874511], [-16.275615, 19.874509], [-16.275613, 19.874238], [-16.275327, 19.87424], [-16.275322, 19.873698], [-16.276182, 19.873691], [-16.27618, 19.87342], [-16.275893, 19.873422], [-16.275891, 19.873151], [-16.275605, 19.873153], [-16.2756, 19.872611], [-16.275027, 19.872616], [-16.275032, 19.873158], [-16.274745, 19.87316], [-16.274743, 19.872889], [-16.274456, 19.872891], [-16.274454, 19.87262], [-16.274741, 19.872618], [-16.274739, 19.872347], [-16.274166, 19.872351], [-16.274168, 19.872622], [-16.273881, 19.872624], [-16.273886, 19.873166], [-16.274172, 19.873164], [-16.274176, 19.873706], [-16.274463, 19.873704], [-16.274467, 19.874246], [-16.273894, 19.87425], [-16.273896, 19.874521], [-16.274183, 19.874519], [-16.274189, 19.875332], [-16.274476, 19.87533]]]}, "properties": {"layer": "meadow", "year": 2024, "sat": "S2B", "date": "2024-06-25", "area_ha": 3.96}}, {"type": "Feature", "geometry": {"type": "Polygon", "coordinates": [[[-16.292794, 19.87303], [-16.292792, 19.872759], [-16.293651, 19.872752], [-16.293649, 19.872481], [-16.292503, 19.87249], [-16.292501, 19.872219], [-16.292787, 19.872216], [-16.292785, 19.871945], [-16.291926, 19.871952], [-16.291928, 19.872223], [-16.291068, 19.872229], [-16.291073, 19.872771], [-16.291359, 19.872769], [-16.291357, 19.872498], [-16.29193, 19.872494], [-16.291935, 19.873036], [-16.292794, 19.87303]]]}, "properties": {"layer": "meadow", "year": 2024, "sat": "S2B", "date": "2024-06-25", "area_ha": 1.62}}, {"type": "Feature", "geometry": {"type": "Polygon", "coordinates": [[[-16.299954, 19.872706], [-16.299952, 19.872435], [-16.300525, 19.872431], [-16.300516, 19.871347], [-16.299943, 19.871351], [-16.299941, 19.87108], [-16.299654, 19.871082], [-16.299656, 19.871353], [-16.298511, 19.871362], [-16.298513, 19.871633], [-16.29794, 19.871637], [-16.297944, 19.872179], [-16.298517, 19.872175], [-16.298522, 19.872717], [-16.298808, 19.872715], [-16.298806, 19.872444], [-16.299092, 19.872442], [-16.299095, 19.872713], [-16.299954, 19.872706]], [[-16.29995, 19.872164], [-16.299663, 19.872166], [-16.299661, 19.871895], [-16.299947, 19.871893], [-16.29995, 19.872164]]]}, "properties": {"layer": "meadow", "year": 2024, "sat": "S2B", "date": "2024-06-25", "area_ha": 3.24}}, {"type": "Feature", "geometry": {"type": "Polygon", "coordinates": [[[-16.29134, 19.87033], [-16.291337, 19.870059], [-16.29191, 19.870054], [-16.291908, 19.869783], [-16.290189, 19.869796], [-16.290191, 19.870067], [-16.291051, 19.870061], [-16.291053, 19.870332], [-16.29134, 19.87033]]]}, "properties": {"layer": "meadow", "year": 2024, "sat": "S2B", "date": "2024-06-25", "area_ha": 0.63}}, {"type": "Feature", "geometry": {"type": "Polygon", "coordinates": [[[-16.27272, 19.870735], [-16.272714, 19.869922], [-16.272427, 19.869924], [-16.272425, 19.869653], [-16.272138, 19.869655], [-16.272141, 19.869926], [-16.271854, 19.869928], [-16.271856, 19.870199], [-16.27157, 19.870201], [-16.271572, 19.870472], [-16.271286, 19.870474], [-16.271288, 19.870745], [-16.27272, 19.870735]]]}, "properties": {"layer": "meadow", "year": 2024, "sat": "S2B", "date": "2024-06-25", "area_ha": 1.17}}, {"type": "Feature", "geometry": {"type": "Polygon", "coordinates": [[[-16.29907, 19.869731], [-16.299059, 19.868376], [-16.298773, 19.868378], [-16.298775, 19.868649], [-16.298488, 19.868651], [-16.298491, 19.868922], [-16.298204, 19.868924], [-16.298209, 19.869467], [-16.298495, 19.869464], [-16.298497, 19.869735], [-16.29907, 19.869731]]]}, "properties": {"layer": "meadow", "year": 2024, "sat": "S2B", "date": "2024-06-25", "area_ha": 0.99}}, {"type": "Feature", "geometry": {"type": "Polygon", "coordinates": [[[-16.292184, 19.868426], [-16.292181, 19.868155], [-16.292468, 19.868153], [-16.292464, 19.867611], [-16.291891, 19.867615], [-16.291888, 19.867344], [-16.292175, 19.867342], [-16.292173, 19.867071], [-16.291886, 19.867073], [-16.291884, 19.866802], [-16.290738, 19.86681], [-16.290742, 19.867352], [-16.291029, 19.86735], [-16.291033, 19.867892], [-16.291606, 19.867888], [-16.291609, 19.868159], [-16.291895, 19.868157], [-16.291897, 19.868428], [-16.292184, 19.868426]], [[-16.291602, 19.867346], [-16.291315, 19.867348], [-16.291313, 19.867077], [-16.2916, 19.867075], [-16.291602, 19.867346]]]}, "properties": {"layer": "meadow", "year": 2024, "sat": "S2B", "date": "2024-06-25", "area_ha": 1.8}}, {"type": "Feature", "geometry": {"type": "Polygon", "coordinates": [[[-16.297913, 19.868384], [-16.297911, 19.868113], [-16.298198, 19.868111], [-16.298195, 19.86784], [-16.297909, 19.867842], [-16.297907, 19.867571], [-16.298193, 19.867569], [-16.298184, 19.866485], [-16.297325, 19.866491], [-16.297336, 19.867847], [-16.297622, 19.867844], [-16.297627, 19.868387], [-16.297913, 19.868384]]]}, "properties": {"layer": "meadow", "year": 2024, "sat": "S2B", "date": "2024-06-25", "area_ha": 1.53}}, {"type": "Feature", "geometry": {"type": "Polygon", "coordinates": [[[-16.355193, 19.866061], [-16.35519, 19.86579], [-16.35605, 19.865783], [-16.356047, 19.865512], [-16.354615, 19.865523], [-16.354617, 19.865794], [-16.354331, 19.865796], [-16.354333, 19.866067], [-16.355193, 19.866061]]]}, "properties": {"layer": "meadow", "year": 2024, "sat": "S2B", "date": "2024-06-25", "area_ha": 0.72}}, {"type": "Feature", "geometry": {"type": "Polygon", "coordinates": [[[-16.274964, 19.864755], [-16.274962, 19.864484], [-16.274676, 19.864486], [-16.274674, 19.864215], [-16.274387, 19.864217], [-16.274385, 19.863946], [-16.273812, 19.863951], [-16.273814, 19.864222], [-16.274101, 19.86422], [-16.274103, 19.864491], [-16.273816, 19.864493], [-16.273818, 19.864764], [-16.274964, 19.864755]]]}, "properties": {"layer": "meadow", "year": 2024, "sat": "S2B", "date": "2024-06-25", "area_ha": 0.72}}, {"type": "Feature", "geometry": {"type": "Polygon", "coordinates": [[[-16.269523, 19.865065], [-16.269521, 19.864794], [-16.269808, 19.864792], [-16.269803, 19.86425], [-16.269517, 19.864252], [-16.269515, 19.863981], [-16.269228, 19.863983], [-16.269233, 19.864525], [-16.268946, 19.864527], [-16.268948, 19.864798], [-16.269235, 19.864796], [-16.269237, 19.865067], [-16.269523, 19.865065]]]}, "properties": {"layer": "meadow", "year": 2024, "sat": "S2B", "date": "2024-06-25", "area_ha": 0.63}}, {"type": "Feature", "geometry": {"type": "Polygon", "coordinates": [[[-16.289572, 19.864379], [-16.289564, 19.863295], [-16.289277, 19.863297], [-16.289282, 19.863839], [-16.288995, 19.863841], [-16.289, 19.864383], [-16.289572, 19.864379]]]}, "properties": {"layer": "meadow", "year": 2024, "sat": "S2B", "date": "2024-06-25", "area_ha": 0.54}}, {"type": "Feature", "geometry": {"type": "Polygon", "coordinates": [[[-16.345998, 19.862878], [-16.345996, 19.862607], [-16.345709, 19.862609], [-16.345707, 19.862338], [-16.345134, 19.862342], [-16.345132, 19.862071], [-16.344845, 19.862073], [-16.34485, 19.862615], [-16.345136, 19.862613], [-16.345139, 19.862884], [-16.345998, 19.862878]]]}, "properties": {"layer": "meadow", "year": 2024, "sat": "S2B", "date": "2024-06-25", "area_ha": 0.63}}, {"type": "Feature", "geometry": {"type": "Polygon", "coordinates": [[[-16.289275, 19.863026], [-16.289273, 19.862755], [-16.288986, 19.862757], [-16.288984, 19.862486], [-16.289271, 19.862484], [-16.289268, 19.862213], [-16.287836, 19.862223], [-16.287838, 19.862494], [-16.288125, 19.862492], [-16.288127, 19.862763], [-16.288413, 19.862761], [-16.288416, 19.863032], [-16.289275, 19.863026]]]}, "properties": {"layer": "meadow", "year": 2024, "sat": "S2B", "date": "2024-06-25", "area_ha": 0.99}}, {"type": "Feature", "geometry": {"type": "Polygon", "coordinates": [[[-16.26494, 19.865098], [-16.264938, 19.864827], [-16.264651, 19.864829], [-16.264649, 19.864558], [-16.265222, 19.864554], [-16.26522, 19.864283], [-16.265793, 19.864279], [-16.265791, 19.864008], [-16.264931, 19.864014], [-16.264925, 19.863201], [-16.265498, 19.863197], [-16.265493, 19.862655], [-16.265207, 19.862657], [-16.265203, 19.862114], [-16.265489, 19.862112], [-16.265491, 19.862383], [-16.265778, 19.862381], [-16.265776, 19.86211], [-16.266062, 19.862108], [-16.266056, 19.861295], [-16.265769, 19.861297], [-16.265773, 19.861839], [-16.265487, 19.861841], [-16.265485, 19.86157], [-16.264912, 19.861574], [-16.264914, 19.861845], [-16.264628, 19.861848], [-16.264632, 19.86239], [-16.264345, 19.862392], [-16.264354, 19.863476], [-16.264067, 19.863478], [-16.264072, 19.86402], [-16.264358, 19.864018], [-16.264367, 19.865102], [-16.26494, 19.865098]], [[-16.264923, 19.86293], [-16.264636, 19.862932], [-16.264634, 19.862661], [-16.26492, 19.862659], [-16.264923, 19.86293]]]}, "properties": {"layer": "meadow", "year": 2024, "sat": "S2B", "date": "2024-06-25", "area_ha": 3.69}}, {"type": "Feature", "geometry": {"type": "Polygon", "coordinates": [[[-16.286135, 19.864404], [-16.286133, 19.864133], [-16.286706, 19.864129], [-16.286703, 19.863858], [-16.28699, 19.863856], [-16.286988, 19.863585], [-16.28842, 19.863574], [-16.288422, 19.863845], [-16.288995, 19.863841], [-16.288993, 19.86357], [-16.288706, 19.863572], [-16.288704, 19.863301], [-16.288418, 19.863303], [-16.288416, 19.863032], [-16.288129, 19.863034], [-16.288127, 19.862763], [-16.287554, 19.862768], [-16.287552, 19.862497], [-16.286979, 19.862501], [-16.286977, 19.86223], [-16.287836, 19.862223], [-16.287834, 19.861952], [-16.287547, 19.861954], [-16.287539, 19.86087], [-16.286679, 19.860877], [-16.286681, 19.861148], [-16.286968, 19.861145], [-16.28697, 19.861417], [-16.286684, 19.861419], [-16.286688, 19.861961], [-16.286402, 19.861963], [-16.286406, 19.862505], [-16.285833, 19.862509], [-16.285835, 19.86278], [-16.285549, 19.862782], [-16.285551, 19.863053], [-16.284978, 19.863057], [-16.284976, 19.862786], [-16.284403, 19.86279], [-16.284405, 19.863061], [-16.284119, 19.863063], [-16.284116, 19.862792], [-16.28383, 19.862794], [-16.283828, 19.862523], [-16.283541, 19.862525], [-16.283543, 19.862796], [-16.282397, 19.862805], [-16.282402, 19.863347], [-16.282975, 19.863343], [-16.282977, 19.863614], [-16.28355, 19.86361], [-16.283554, 19.864152], [-16.284127, 19.864148], [-16.284129, 19.864419], [-16.286135, 19.864404]], [[-16.287845, 19.863308], [-16.287558, 19.86331], [-16.287556, 19.863039], [-16.287843, 19.863037], [-16.287845, 19.863308]]]}, "properties": {"layer": "meadow", "year": 2024, "sat": "S2B", "date": "2024-06-25", "area_ha": 10.26}}, {"type": "Feature", "geometry": {"type": "Polygon", "coordinates": [[[-16.506676, 19.859152], [-16.506666, 19.858068], [-16.50638, 19.858071], [-16.506382, 19.858342], [-16.506096, 19.858344], [-16.506101, 19.858886], [-16.506387, 19.858884], [-16.50639, 19.859155], [-16.506676, 19.859152]]]}, "properties": {"layer": "meadow", "year": 2024, "sat": "S2B", "date": "2024-06-25", "area_ha": 0.54}}, {"type": "Feature", "geometry": {"type": "Polygon", "coordinates": [[[-16.447965, 19.860723], [-16.447963, 19.860452], [-16.448249, 19.86045], [-16.448247, 19.860179], [-16.448533, 19.860177], [-16.448531, 19.859906], [-16.449104, 19.859901], [-16.449101, 19.85963], [-16.449388, 19.859628], [-16.44938, 19.858814], [-16.449094, 19.858817], [-16.449091, 19.858546], [-16.448518, 19.85855], [-16.448516, 19.858279], [-16.448802, 19.858277], [-16.4488, 19.858006], [-16.448227, 19.858011], [-16.448225, 19.85774], [-16.44536, 19.857763], [-16.445358, 19.857492], [-16.444498, 19.857499], [-16.444501, 19.85777], [-16.443642, 19.857777], [-16.443646, 19.858319], [-16.443074, 19.858324], [-16.443076, 19.858595], [-16.442503, 19.858599], [-16.442506, 19.85887], [-16.442792, 19.858868], [-16.442794, 19.859139], [-16.442508, 19.859141], [-16.442513, 19.859683], [-16.442799, 19.859681], [-16.442802, 19.859952], [-16.443375, 19.859947], [-16.443377, 19.860218], [-16.444236, 19.860211], [-16.444239, 19.860482], [-16.445671, 19.860471], [-16.445674, 19.860742], [-16.447965, 19.860723]], [[-16.447671, 19.859913], [-16.447385, 19.859915], [-16.447382, 19.859644], [-16.447669, 19.859642], [-16.447671, 19.859913]], [[-16.445953, 19.859926], [-16.445666, 19.859929], [-16.445661, 19.859387], [-16.445948, 19.859384], [-16.445953, 19.859926]], [[-16.447666, 19.859371], [-16.447094, 19.859375], [-16.447089, 19.858833], [-16.447375, 19.858831], [-16.447378, 19.859102], [-16.447664, 19.859099], [-16.447666, 19.859371]], [[-16.445661, 19.859387], [-16.445375, 19.859389], [-16.44537, 19.858847], [-16.445656, 19.858845], [-16.445661, 19.859387]], [[-16.444516, 19.859396], [-16.443656, 19.859403], [-16.443654, 19.859132], [-16.444513, 19.859125], [-16.444516, 19.859396]], [[-16.4448, 19.859123], [-16.444513, 19.859125], [-16.444511, 19.858854], [-16.444797, 19.858852], [-16.4448, 19.859123]]]}, "properties": {"layer": "meadow", "year": 2024, "sat": "S2B", "date": "2024-06-25", "area_ha": 18.0}}, {"type": "Feature", "geometry": {"type": "Polygon", "coordinates": [[[-16.268373, 19.864531], [-16.268367, 19.863718], [-16.268653, 19.863716], [-16.268658, 19.864258], [-16.268944, 19.864256], [-16.268942, 19.863985], [-16.269228, 19.863983], [-16.269226, 19.863712], [-16.270659, 19.863702], [-16.270654, 19.86316], [-16.271227, 19.863156], [-16.271229, 19.863427], [-16.271516, 19.863425], [-16.271514, 19.863154], [-16.272087, 19.86315], [-16.272082, 19.862608], [-16.272369, 19.862606], [-16.272367, 19.862335], [-16.272653, 19.862332], [-16.272651, 19.862061], [-16.272937, 19.862059], [-16.272933, 19.861517], [-16.27236, 19.861521], [-16.272362, 19.861792], [-16.271789, 19.861797], [-16.271791, 19.862068], [-16.271219, 19.862072], [-16.271216, 19.861801], [-16.27093, 19.861803], [-16.270928, 19.861532], [-16.270068, 19.861538], [-16.27007, 19.861809], [-16.270357, 19.861807], [-16.270359, 19.862078], [-16.269786, 19.862082], [-16.269784, 19.861811], [-16.269498, 19.861813], [-16.269491, 19.861], [-16.269778, 19.860998], [-16.269775, 19.860727], [-16.270062, 19.860725], [-16.27006, 19.860454], [-16.272065, 19.860439], [-16.272063, 19.860168], [-16.272349, 19.860166], [-16.272343, 19.859353], [-16.272056, 19.859355], [-16.272043, 19.857729], [-16.271757, 19.857731], [-16.271755, 19.85746], [-16.271468, 19.857462], [-16.27147, 19.857733], [-16.271184, 19.857735], [-16.271195, 19.85909], [-16.271481, 19.859088], [-16.271483, 19.859359], [-16.271197, 19.859361], [-16.271201, 19.859903], [-16.270915, 19.859905], [-16.270917, 19.860176], [-16.27063, 19.860178], [-16.270628, 19.859907], [-16.270055, 19.859912], [-16.270053, 19.859641], [-16.269767, 19.859643], [-16.269771, 19.860185], [-16.269198, 19.860189], [-16.2692, 19.86046], [-16.268914, 19.860462], [-16.268918, 19.861004], [-16.268632, 19.861006], [-16.268642, 19.862361], [-16.269502, 19.862355], [-16.269504, 19.862626], [-16.270077, 19.862622], [-16.270079, 19.862893], [-16.269506, 19.862897], [-16.269508, 19.863168], [-16.269222, 19.86317], [-16.26922, 19.862899], [-16.26836, 19.862905], [-16.268362, 19.863176], [-16.268076, 19.863178], [-16.268078, 19.863449], [-16.267505, 19.863453], [-16.267509, 19.863995], [-16.267796, 19.863993], [-16.267798, 19.864264], [-16.267512, 19.864267], [-16.267514, 19.864538], [-16.268373, 19.864531]]]}, "properties": {"layer": "meadow", "year": 2024, "sat": "S2B", "date": "2024-06-25", "area_ha": 13.68}}, {"type": "Feature", "geometry": {"type": "Polygon", "coordinates": [[[-16.281501, 19.858203], [-16.281497, 19.857661], [-16.28121, 19.857663], [-16.281208, 19.857392], [-16.280922, 19.857394], [-16.280919, 19.857123], [-16.280347, 19.857127], [-16.280351, 19.857669], [-16.280637, 19.857667], [-16.280639, 19.857938], [-16.281212, 19.857934], [-16.281215, 19.858205], [-16.281501, 19.858203]]]}, "properties": {"layer": "meadow", "year": 2024, "sat": "S2B", "date": "2024-06-25", "area_ha": 0.81}}, {"type": "Feature", "geometry": {"type": "Polygon", "coordinates": [[[-16.473703, 19.855905], [-16.4737, 19.855634], [-16.473987, 19.855631], [-16.473982, 19.855089], [-16.473695, 19.855092], [-16.473693, 19.854821], [-16.47312, 19.854825], [-16.473115, 19.854283], [-16.471969, 19.854293], [-16.471972, 19.854564], [-16.472545, 19.854559], [-16.47255, 19.855101], [-16.472836, 19.855099], [-16.472839, 19.85537], [-16.473125, 19.855367], [-16.473123, 19.855096], [-16.473409, 19.855094], [-16.473417, 19.855907], [-16.473703, 19.855905]]]}, "properties": {"layer": "meadow", "year": 2024, "sat": "S2B", "date": "2024-06-25", "area_ha": 1.44}}, {"type": "Feature", "geometry": {"type": "Polygon", "coordinates": [[[-16.463678, 19.855987], [-16.46367, 19.855174], [-16.463957, 19.855172], [-16.463954, 19.854901], [-16.463668, 19.854903], [-16.463665, 19.854632], [-16.463379, 19.854635], [-16.463376, 19.854364], [-16.462803, 19.854368], [-16.462811, 19.855181], [-16.463097, 19.855179], [-16.4631, 19.85545], [-16.463386, 19.855448], [-16.463391, 19.85599], [-16.463678, 19.855987]]]}, "properties": {"layer": "meadow", "year": 2024, "sat": "S2B", "date": "2024-06-25", "area_ha": 1.17}}, {"type": "Feature", "geometry": {"type": "Polygon", "coordinates": [[[-16.495201, 19.857352], [-16.495193, 19.856539], [-16.495766, 19.856534], [-16.495764, 19.856263], [-16.496336, 19.856258], [-16.496326, 19.855174], [-16.49604, 19.855177], [-16.496037, 19.854906], [-16.495751, 19.854908], [-16.495748, 19.854637], [-16.496035, 19.854635], [-16.49603, 19.854092], [-16.496316, 19.85409], [-16.496314, 19.853819], [-16.495454, 19.853826], [-16.495457, 19.854097], [-16.494884, 19.854102], [-16.494887, 19.854373], [-16.4946, 19.854376], [-16.49461, 19.85546], [-16.494324, 19.855462], [-16.494329, 19.856004], [-16.494042, 19.856006], [-16.494048, 19.856548], [-16.493761, 19.856551], [-16.493759, 19.85628], [-16.493186, 19.856285], [-16.493188, 19.856556], [-16.492902, 19.856558], [-16.492907, 19.8571], [-16.493766, 19.857093], [-16.493764, 19.856822], [-16.49405, 19.856819], [-16.494053, 19.85709], [-16.494912, 19.857083], [-16.494914, 19.857354], [-16.495201, 19.857352]], [[-16.495191, 19.856268], [-16.494904, 19.85627], [-16.494899, 19.855728], [-16.495186, 19.855726], [-16.495191, 19.856268]], [[-16.496042, 19.855448], [-16.495756, 19.85545], [-16.495753, 19.855179], [-16.49604, 19.855177], [-16.496042, 19.855448]]]}, "properties": {"layer": "meadow", "year": 2024, "sat": "S2B", "date": "2024-06-25", "area_ha": 6.3}}, {"type": "Feature", "geometry": {"type": "Polygon", "coordinates": [[[-16.46567, 19.854616], [-16.465663, 19.853803], [-16.465949, 19.8538], [-16.465947, 19.853529], [-16.46566, 19.853532], [-16.465658, 19.853261], [-16.465371, 19.853263], [-16.465374, 19.853534], [-16.465087, 19.853536], [-16.465092, 19.854078], [-16.465379, 19.854076], [-16.465384, 19.854618], [-16.46567, 19.854616]]]}, "properties": {"layer": "meadow", "year": 2024, "sat": "S2B", "date": "2024-06-25", "area_ha": 0.72}}, {"type": "Feature", "geometry": {"type": "Polygon", "coordinates": [[[-16.270027, 19.856388], [-16.270025, 19.856117], [-16.271171, 19.856109], [-16.271169, 19.855838], [-16.272028, 19.855832], [-16.272024, 19.85529], [-16.271737, 19.855292], [-16.271725, 19.853665], [-16.271438, 19.853667], [-16.271436, 19.853396], [-16.271149, 19.853398], [-16.271152, 19.85367], [-16.270865, 19.853672], [-16.270878, 19.855298], [-16.270305, 19.855302], [-16.270303, 19.855031], [-16.26973, 19.855035], [-16.269741, 19.85639], [-16.270027, 19.856388]]]}, "properties": {"layer": "meadow", "year": 2024, "sat": "S2B", "date": "2024-06-25", "area_ha": 3.87}}, {"type": "Feature", "geometry": {"type": "Polygon", "coordinates": [[[-16.464604, 19.863298], [-16.464599, 19.862756], [-16.46374, 19.862763], [-16.463735, 19.862221], [-16.463162, 19.862225], [-16.463152, 19.861141], [-16.462866, 19.861144], [-16.462856, 19.86006], [-16.462569, 19.860062], [-16.462567, 19.859791], [-16.46228, 19.859793], [-16.462273, 19.85898], [-16.461986, 19.858983], [-16.461984, 19.858712], [-16.461697, 19.858714], [-16.461695, 19.858443], [-16.461981, 19.858441], [-16.461979, 19.85817], [-16.461406, 19.858174], [-16.461401, 19.857632], [-16.461115, 19.857635], [-16.461112, 19.857364], [-16.460826, 19.857366], [-16.460821, 19.856824], [-16.460534, 19.856826], [-16.460537, 19.857097], [-16.46025, 19.8571], [-16.460248, 19.856829], [-16.459961, 19.856831], [-16.459966, 19.857373], [-16.45968, 19.857375], [-16.459685, 19.857917], [-16.459398, 19.85792], [-16.459401, 19.858191], [-16.458542, 19.858198], [-16.458539, 19.857927], [-16.458253, 19.857929], [-16.458248, 19.857387], [-16.457961, 19.857389], [-16.457959, 19.857118], [-16.458245, 19.857116], [-16.45824, 19.856574], [-16.457954, 19.856576], [-16.457949, 19.856034], [-16.458235, 19.856032], [-16.458233, 19.855761], [-16.459092, 19.855754], [-16.45909, 19.855483], [-16.459376, 19.85548], [-16.459374, 19.855209], [-16.45966, 19.855207], [-16.459658, 19.854936], [-16.459944, 19.854934], [-16.459939, 19.854392], [-16.460225, 19.854389], [-16.460223, 19.854118], [-16.460509, 19.854116], [-16.460507, 19.853845], [-16.460793, 19.853843], [-16.460788, 19.853301], [-16.461075, 19.853298], [-16.461072, 19.853027], [-16.461359, 19.853025], [-16.461356, 19.852754], [-16.461643, 19.852752], [-16.461638, 19.85221], [-16.462211, 19.852205], [-16.462208, 19.851934], [-16.461635, 19.851938], [-16.461628, 19.851125], [-16.461341, 19.851128], [-16.461344, 19.851399], [-16.461057, 19.851401], [-16.46106, 19.851672], [-16.460774, 19.851675], [-16.460776, 19.851946], [-16.46049, 19.851948], [-16.460492, 19.852219], [-16.460206, 19.852221], [-16.460208, 19.852492], [-16.460495, 19.85249], [-16.460497, 19.852761], [-16.460211, 19.852763], [-16.460213, 19.853034], [-16.459927, 19.853037], [-16.459934, 19.85385], [-16.458788, 19.853859], [-16.458791, 19.85413], [-16.458218, 19.854135], [-16.458223, 19.854677], [-16.458509, 19.854674], [-16.458507, 19.854403], [-16.45908, 19.854399], [-16.459085, 19.854941], [-16.458512, 19.854945], [-16.458514, 19.855217], [-16.457655, 19.855224], [-16.45766, 19.855766], [-16.457373, 19.855768], [-16.457378, 19.85631], [-16.457092, 19.856312], [-16.457104, 19.857667], [-16.457391, 19.857665], [-16.457393, 19.857936], [-16.45682, 19.857941], [-16.456818, 19.85767], [-16.456531, 19.857672], [-16.456536, 19.858214], [-16.457396, 19.858207], [-16.457401, 19.858749], [-16.457687, 19.858747], [-16.45769, 19.859018], [-16.457403, 19.85902], [-16.457406, 19.859291], [-16.457692, 19.859289], [-16.457695, 19.85956], [-16.457981, 19.859557], [-16.457986, 19.860099], [-16.458272, 19.860097], [-16.458275, 19.860368], [-16.457988, 19.860371], [-16.457991, 19.860642], [-16.457704, 19.860644], [-16.457707, 19.860915], [-16.457993, 19.860913], [-16.458003, 19.861997], [-16.45829, 19.861994], [-16.458292, 19.862265], [-16.458865, 19.862261], [-16.45887, 19.862803], [-16.459157, 19.8628], [-16.459154, 19.862529], [-16.459441, 19.862527], [-16.459443, 19.862798], [-16.459729, 19.862796], [-16.459734, 19.863338], [-16.460021, 19.863335], [-16.460016, 19.862793], [-16.460302, 19.862791], [-16.4603, 19.86252], [-16.460586, 19.862518], [-16.460589, 19.862789], [-16.461162, 19.862784], [-16.461154, 19.861971], [-16.460868, 19.861973], [-16.460858, 19.860889], [-16.461144, 19.860887], [-16.461149, 19.861429], [-16.461436, 19.861426], [-16.461433, 19.861155], [-16.462006, 19.861151], [-16.462009, 19.861422], [-16.462295, 19.861419], [-16.462298, 19.86169], [-16.46287, 19.861686], [-16.462878, 19.862499], [-16.462305, 19.862503], [-16.462308, 19.862774], [-16.463167, 19.862767], [-16.463172, 19.863309], [-16.463745, 19.863305], [-16.463742, 19.863034], [-16.464315, 19.863029], [-16.464318, 19.8633], [-16.464604, 19.863298]], [[-16.460873, 19.862515], [-16.460586, 19.862518], [-16.460584, 19.862247], [-16.46087, 19.862244], [-16.460873, 19.862515]], [[-16.458267, 19.859555], [-16.457981, 19.859557], [-16.457979, 19.859286], [-16.458265, 19.859284], [-16.458267, 19.859555]], [[-16.461117, 19.857906], [-16.460831, 19.857908], [-16.460828, 19.857637], [-16.461115, 19.857635], [-16.461117, 19.857906]]]}, "properties": {"layer": "meadow", "year": 2024, "sat": "S2B", "date": "2024-06-25", "area_ha": 34.47}}, {"type": "Feature", "geometry": {"type": "Polygon", "coordinates": [[[-16.464208, 19.851375], [-16.464201, 19.850562], [-16.463914, 19.850565], [-16.463912, 19.850294], [-16.463339, 19.850298], [-16.463337, 19.850027], [-16.462764, 19.850032], [-16.462769, 19.850574], [-16.461909, 19.850581], [-16.461917, 19.851394], [-16.462203, 19.851392], [-16.462201, 19.851121], [-16.462774, 19.851116], [-16.462771, 19.850845], [-16.463344, 19.85084], [-16.463341, 19.850569], [-16.463628, 19.850567], [-16.463635, 19.85138], [-16.464208, 19.851375]]]}, "properties": {"layer": "meadow", "year": 2024, "sat": "S2B", "date": "2024-06-25", "area_ha": 1.89}}, {"type": "Feature", "geometry": {"type": "Polygon", "coordinates": [[[-16.468507, 19.851611], [-16.468505, 19.85134], [-16.468791, 19.851338], [-16.468789, 19.851067], [-16.468502, 19.851069], [-16.468497, 19.850527], [-16.468784, 19.850525], [-16.468781, 19.850254], [-16.468495, 19.850256], [-16.468492, 19.849985], [-16.467919, 19.84999], [-16.467922, 19.850261], [-16.468208, 19.850258], [-16.468213, 19.8508], [-16.467927, 19.850803], [-16.467929, 19.851074], [-16.467643, 19.851076], [-16.467645, 19.851347], [-16.467932, 19.851345], [-16.467934, 19.851616], [-16.468507, 19.851611]]]}, "properties": {"layer": "meadow", "year": 2024, "sat": "S2B", "date": "2024-06-25", "area_ha": 1.17}}, {"type": "Feature", "geometry": {"type": "Polygon", "coordinates": [[[-16.423857, 19.855768], [-16.423855, 19.855497], [-16.42586, 19.855481], [-16.425858, 19.85521], [-16.426144, 19.855207], [-16.426139, 19.854665], [-16.426426, 19.854663], [-16.426421, 19.854121], [-16.426134, 19.854123], [-16.42613, 19.853581], [-16.425557, 19.853586], [-16.425552, 19.853044], [-16.424979, 19.853048], [-16.424974, 19.852506], [-16.424401, 19.852511], [-16.424394, 19.851698], [-16.42468, 19.851696], [-16.424673, 19.850883], [-16.424387, 19.850885], [-16.424382, 19.850343], [-16.424095, 19.850345], [-16.424093, 19.850074], [-16.422661, 19.850085], [-16.422663, 19.850356], [-16.422377, 19.850359], [-16.422379, 19.85063], [-16.422093, 19.850632], [-16.422102, 19.851716], [-16.422389, 19.851714], [-16.422394, 19.852256], [-16.421821, 19.85226], [-16.421823, 19.852531], [-16.421537, 19.852534], [-16.421539, 19.852805], [-16.421253, 19.852807], [-16.421255, 19.853078], [-16.420969, 19.85308], [-16.420971, 19.853351], [-16.420685, 19.853354], [-16.420697, 19.854709], [-16.420983, 19.854707], [-16.420988, 19.855249], [-16.421275, 19.855246], [-16.421277, 19.855517], [-16.42185, 19.855513], [-16.421852, 19.855784], [-16.422139, 19.855781], [-16.422136, 19.85551], [-16.422996, 19.855504], [-16.422998, 19.855775], [-16.423857, 19.855768]]]}, "properties": {"layer": "meadow", "year": 2024, "sat": "S2B", "date": "2024-06-25", "area_ha": 23.58}}, {"type": "Feature", "geometry": {"type": "Polygon", "coordinates": [[[-16.376274, 19.852347], [-16.376272, 19.852076], [-16.376559, 19.852074], [-16.376556, 19.851803], [-16.377129, 19.851798], [-16.377127, 19.851527], [-16.377413, 19.851525], [-16.377411, 19.851254], [-16.377697, 19.851252], [-16.377695, 19.850981], [-16.377981, 19.850978], [-16.377977, 19.850436], [-16.377404, 19.850441], [-16.377406, 19.850712], [-16.376833, 19.850716], [-16.376838, 19.851258], [-16.376552, 19.851261], [-16.376554, 19.851532], [-16.376267, 19.851534], [-16.37627, 19.851805], [-16.375983, 19.851807], [-16.375986, 19.852078], [-16.375699, 19.85208], [-16.375702, 19.852351], [-16.376274, 19.852347]]]}, "properties": {"layer": "meadow", "year": 2024, "sat": "S2B", "date": "2024-06-25", "area_ha": 1.71}}, {"type": "Feature", "geometry": {"type": "Polygon", "coordinates": [[[-16.373128, 19.852913], [-16.373126, 19.852642], [-16.373412, 19.85264], [-16.37341, 19.852369], [-16.373696, 19.852367], [-16.373694, 19.852096], [-16.373981, 19.852094], [-16.373978, 19.851822], [-16.374265, 19.85182], [-16.37426, 19.851278], [-16.374546, 19.851276], [-16.374544, 19.851005], [-16.374831, 19.851003], [-16.374826, 19.850461], [-16.374253, 19.850465], [-16.374255, 19.850736], [-16.373969, 19.850738], [-16.373974, 19.85128], [-16.373687, 19.851283], [-16.37369, 19.851554], [-16.373403, 19.851556], [-16.373408, 19.852098], [-16.373121, 19.8521], [-16.373124, 19.852371], [-16.372837, 19.852373], [-16.372839, 19.852644], [-16.372553, 19.852647], [-16.372555, 19.852918], [-16.373128, 19.852913]]]}, "properties": {"layer": "meadow", "year": 2024, "sat": "S2B", "date": "2024-06-25", "area_ha": 1.8}}, {"type": "Feature", "geometry": {"type": "Polygon", "coordinates": [[[-16.465058, 19.850284], [-16.46505, 19.849471], [-16.465337, 19.849469], [-16.465334, 19.849198], [-16.465048, 19.8492], [-16.465045, 19.848929], [-16.464759, 19.848931], [-16.464761, 19.849202], [-16.464475, 19.849205], [-16.464485, 19.850289], [-16.465058, 19.850284]]]}, "properties": {"layer": "meadow", "year": 2024, "sat": "S2B", "date": "2024-06-25", "area_ha": 0.9}}, {"type": "Feature", "geometry": {"type": "Polygon", "coordinates": [[[-16.47364, 19.849129], [-16.473635, 19.848587], [-16.474208, 19.848583], [-16.474206, 19.848312], [-16.473919, 19.848314], [-16.473917, 19.848043], [-16.47363, 19.848045], [-16.473633, 19.848316], [-16.47306, 19.848321], [-16.473063, 19.848592], [-16.473349, 19.84859], [-16.473354, 19.849132], [-16.47364, 19.849129]]]}, "properties": {"layer": "meadow", "year": 2024, "sat": "S2B", "date": "2024-06-25", "area_ha": 0.63}}, {"type": "Feature", "geometry": {"type": "Polygon", "coordinates": [[[-16.269133, 19.852058], [-16.269131, 19.851787], [-16.269418, 19.851784], [-16.269416, 19.851513], [-16.270561, 19.851505], [-16.270559, 19.851234], [-16.270273, 19.851236], [-16.270269, 19.850694], [-16.269982, 19.850696], [-16.269976, 19.849883], [-16.269689, 19.849885], [-16.269687, 19.849614], [-16.269401, 19.849616], [-16.269398, 19.849345], [-16.268825, 19.849349], [-16.268828, 19.84962], [-16.268541, 19.849622], [-16.268545, 19.850164], [-16.268832, 19.850162], [-16.268836, 19.850704], [-16.26855, 19.850706], [-16.268558, 19.851791], [-16.268845, 19.851789], [-16.268847, 19.85206], [-16.269133, 19.852058]]]}, "properties": {"layer": "meadow", "year": 2024, "sat": "S2B", "date": "2024-06-25", "area_ha": 3.78}}, {"type": "Feature", "geometry": {"type": "Polygon", "coordinates": [[[-16.268528, 19.847996], [-16.268526, 19.847725], [-16.268813, 19.847723], [-16.268806, 19.84691], [-16.26852, 19.846912], [-16.268515, 19.84637], [-16.267083, 19.84638], [-16.267085, 19.846651], [-16.267372, 19.846649], [-16.267378, 19.847462], [-16.267665, 19.84746], [-16.267662, 19.847189], [-16.267949, 19.847187], [-16.267951, 19.847458], [-16.268237, 19.847456], [-16.268242, 19.847998], [-16.268528, 19.847996]]]}, "properties": {"layer": "meadow", "year": 2024, "sat": "S2B", "date": "2024-06-25", "area_ha": 1.89}}, {"type": "Feature", "geometry": {"type": "Polygon", "coordinates": [[[-16.510824, 19.843397], [-16.510821, 19.843126], [-16.511108, 19.843124], [-16.511105, 19.842853], [-16.510246, 19.84286], [-16.510249, 19.843131], [-16.509389, 19.843139], [-16.509392, 19.84341], [-16.510824, 19.843397]]]}, "properties": {"layer": "meadow", "year": 2024, "sat": "S2B", "date": "2024-06-25", "area_ha": 0.72}}, {"type": "Feature", "geometry": {"type": "Polygon", "coordinates": [[[-16.325199, 19.842163], [-16.325197, 19.841892], [-16.325483, 19.84189], [-16.325479, 19.841348], [-16.325192, 19.84135], [-16.325188, 19.840808], [-16.324615, 19.840812], [-16.324613, 19.840541], [-16.324326, 19.840543], [-16.324324, 19.840272], [-16.323751, 19.840276], [-16.323758, 19.841089], [-16.324045, 19.841087], [-16.324054, 19.842171], [-16.32434, 19.842169], [-16.324338, 19.841898], [-16.324624, 19.841896], [-16.324626, 19.842167], [-16.325199, 19.842163]]]}, "properties": {"layer": "meadow", "year": 2024, "sat": "S2B", "date": "2024-06-25", "area_ha": 2.43}}, {"type": "Feature", "geometry": {"type": "Polygon", "coordinates": [[[-16.266472, 19.841505], [-16.266469, 19.841234], [-16.266183, 19.841236], [-16.266181, 19.840965], [-16.265894, 19.840967], [-16.265892, 19.840696], [-16.265319, 19.8407], [-16.265321, 19.840971], [-16.265608, 19.840969], [-16.26561, 19.84124], [-16.265896, 19.841238], [-16.265899, 19.841509], [-16.266472, 19.841505]]]}, "properties": {"layer": "meadow", "year": 2024, "sat": "S2B", "date": "2024-06-25", "area_ha": 0.54}}, {"type": "Feature", "geometry": {"type": "Polygon", "coordinates": [[[-16.254736, 19.842673], [-16.254734, 19.842402], [-16.25502, 19.842399], [-16.255018, 19.842128], [-16.255305, 19.842126], [-16.2553, 19.841584], [-16.255587, 19.841582], [-16.255585, 19.841311], [-16.255871, 19.841309], [-16.255865, 19.840496], [-16.256151, 19.840494], [-16.256149, 19.840223], [-16.25529, 19.840229], [-16.255292, 19.8405], [-16.254433, 19.840506], [-16.254435, 19.840777], [-16.254148, 19.840779], [-16.25415, 19.84105], [-16.254437, 19.841048], [-16.254439, 19.841319], [-16.254153, 19.841321], [-16.254161, 19.842406], [-16.254448, 19.842404], [-16.25445, 19.842675], [-16.254736, 19.842673]]]}, "properties": {"layer": "meadow", "year": 2024, "sat": "S2B", "date": "2024-06-25", "area_ha": 3.24}}, {"type": "Feature", "geometry": {"type": "Polygon", "coordinates": [[[-16.506203, 19.839371], [-16.506201, 19.8391], [-16.50706, 19.839093], [-16.507057, 19.838822], [-16.506484, 19.838827], [-16.506482, 19.838556], [-16.506195, 19.838558], [-16.506193, 19.838287], [-16.506479, 19.838285], [-16.506474, 19.837743], [-16.506188, 19.837745], [-16.50619, 19.838016], [-16.505904, 19.838018], [-16.505909, 19.83856], [-16.505623, 19.838563], [-16.505625, 19.838834], [-16.505339, 19.838836], [-16.505341, 19.839107], [-16.505055, 19.83911], [-16.505058, 19.839381], [-16.506203, 19.839371]]]}, "properties": {"layer": "meadow", "year": 2024, "sat": "S2B", "date": "2024-06-25", "area_ha": 1.53}}, {"type": "Feature", "geometry": {"type": "Polygon", "coordinates": [[[-16.265319, 19.8407], [-16.265317, 19.840429], [-16.265604, 19.840427], [-16.265601, 19.840156], [-16.265315, 19.840158], [-16.265313, 19.839887], [-16.265026, 19.839889], [-16.265024, 19.839618], [-16.264738, 19.83962], [-16.264736, 19.839349], [-16.264163, 19.839353], [-16.264165, 19.839624], [-16.264451, 19.839622], [-16.264454, 19.839893], [-16.26474, 19.839891], [-16.264744, 19.840433], [-16.265031, 19.840431], [-16.265033, 19.840702], [-16.265319, 19.8407]]]}, "properties": {"layer": "meadow", "year": 2024, "sat": "S2B", "date": "2024-06-25", "area_ha": 0.9}}, {"type": "Feature", "geometry": {"type": "Polygon", "coordinates": [[[-16.328059, 19.8416], [-16.328055, 19.841057], [-16.328341, 19.841055], [-16.328336, 19.840513], [-16.32805, 19.840515], [-16.328048, 19.840244], [-16.327761, 19.840247], [-16.32775, 19.838891], [-16.327464, 19.838893], [-16.327459, 19.838351], [-16.327173, 19.838354], [-16.327177, 19.838896], [-16.326891, 19.838898], [-16.3269, 19.839982], [-16.327186, 19.83998], [-16.327188, 19.840251], [-16.327475, 19.840249], [-16.327477, 19.84052], [-16.327764, 19.840518], [-16.327773, 19.841602], [-16.328059, 19.8416]]]}, "properties": {"layer": "meadow", "year": 2024, "sat": "S2B", "date": "2024-06-25", "area_ha": 2.16}}, {"type": "Feature", "geometry": {"type": "Polygon", "coordinates": [[[-16.506817, 19.843702], [-16.506814, 19.843431], [-16.508246, 19.843419], [-16.508241, 19.842877], [-16.508814, 19.842872], [-16.508809, 19.84233], [-16.508236, 19.842335], [-16.508234, 19.842064], [-16.507947, 19.842067], [-16.507942, 19.841525], [-16.508515, 19.84152], [-16.508517, 19.841791], [-16.508804, 19.841788], [-16.508806, 19.842059], [-16.509093, 19.842057], [-16.50909, 19.841786], [-16.509377, 19.841784], [-16.509374, 19.841513], [-16.509947, 19.841508], [-16.509944, 19.841237], [-16.510804, 19.841229], [-16.510798, 19.840687], [-16.511085, 19.840685], [-16.511077, 19.839872], [-16.511364, 19.839869], [-16.511361, 19.839598], [-16.511647, 19.839596], [-16.511645, 19.839325], [-16.511931, 19.839323], [-16.511929, 19.839052], [-16.512215, 19.839049], [-16.512212, 19.838778], [-16.513072, 19.838771], [-16.513069, 19.8385], [-16.513355, 19.838497], [-16.513353, 19.838226], [-16.513639, 19.838224], [-16.513644, 19.838766], [-16.513931, 19.838764], [-16.513923, 19.837951], [-16.51421, 19.837948], [-16.514207, 19.837677], [-16.514493, 19.837675], [-16.514488, 19.837133], [-16.513915, 19.837138], [-16.513918, 19.837409], [-16.513345, 19.837413], [-16.51334, 19.836871], [-16.513054, 19.836874], [-16.513049, 19.836332], [-16.51133, 19.836346], [-16.511333, 19.836617], [-16.511046, 19.83662], [-16.511049, 19.836891], [-16.511335, 19.836888], [-16.511338, 19.837159], [-16.510765, 19.837164], [-16.510768, 19.837435], [-16.509908, 19.837442], [-16.509914, 19.837985], [-16.509627, 19.837987], [-16.50963, 19.838258], [-16.509343, 19.83826], [-16.509346, 19.838531], [-16.509632, 19.838529], [-16.50964, 19.839342], [-16.510213, 19.839337], [-16.510215, 19.839608], [-16.510502, 19.839606], [-16.510504, 19.839877], [-16.510218, 19.839879], [-16.510228, 19.840963], [-16.509655, 19.840968], [-16.509658, 19.841239], [-16.509371, 19.841241], [-16.509369, 19.84097], [-16.507937, 19.840983], [-16.507939, 19.841254], [-16.507653, 19.841256], [-16.50765, 19.840985], [-16.507364, 19.840987], [-16.507362, 19.840716], [-16.507075, 19.840719], [-16.507073, 19.840448], [-16.507359, 19.840445], [-16.507349, 19.839361], [-16.507062, 19.839364], [-16.507065, 19.839635], [-16.505919, 19.839644], [-16.505927, 19.840458], [-16.505354, 19.840462], [-16.505357, 19.840733], [-16.504784, 19.840738], [-16.504786, 19.841009], [-16.504214, 19.841014], [-16.504216, 19.841285], [-16.503357, 19.841292], [-16.503354, 19.841021], [-16.502782, 19.841026], [-16.502787, 19.841568], [-16.503359, 19.841563], [-16.503362, 19.841834], [-16.503648, 19.841832], [-16.503651, 19.842103], [-16.503937, 19.842101], [-16.50394, 19.842372], [-16.505372, 19.842359], [-16.505375, 19.84263], [-16.505661, 19.842628], [-16.505666, 19.84317], [-16.506525, 19.843163], [-16.50653, 19.843705], [-16.506817, 19.843702]], [[-16.507656, 19.841527], [-16.507083, 19.841532], [-16.50708, 19.841261], [-16.507653, 19.841256], [-16.507656, 19.841527]], [[-16.507078, 19.84099], [-16.506791, 19.840992], [-16.506789, 19.840721], [-16.507075, 19.840719], [-16.507078, 19.84099]], [[-16.511077, 19.839872], [-16.510791, 19.839874], [-16.510788, 19.839603], [-16.511075, 19.839601], [-16.511077, 19.839872]], [[-16.510203, 19.838253], [-16.509916, 19.838256], [-16.509914, 19.837985], [-16.5102, 19.837982], [-16.510203, 19.838253]]]}, "properties": {"layer": "meadow", "year": 2024, "sat": "S2B", "date": "2024-06-25", "area_ha": 27.36}}, {"type": "Feature", "geometry": {"type": "Polygon", "coordinates": [[[-16.324577, 19.836204], [-16.324575, 19.835933], [-16.323715, 19.83594], [-16.323713, 19.835669], [-16.32314, 19.835673], [-16.323143, 19.835944], [-16.323429, 19.835942], [-16.323431, 19.836213], [-16.324577, 19.836204]]]}, "properties": {"layer": "meadow", "year": 2024, "sat": "S2B", "date": "2024-06-25", "area_ha": 0.54}}, {"type": "Feature", "geometry": {"type": "Polygon", "coordinates": [[[-16.256147, 19.839952], [-16.256145, 19.839681], [-16.256718, 19.839677], [-16.256716, 19.839406], [-16.256429, 19.839408], [-16.256427, 19.839137], [-16.256141, 19.839139], [-16.256136, 19.838597], [-16.256423, 19.838595], [-16.256421, 19.838324], [-16.256707, 19.838322], [-16.256711, 19.838864], [-16.256998, 19.838862], [-16.256996, 19.838591], [-16.257282, 19.838589], [-16.25728, 19.838318], [-16.257566, 19.838316], [-16.257562, 19.837774], [-16.257276, 19.837776], [-16.257274, 19.837505], [-16.256414, 19.837511], [-16.256412, 19.83724], [-16.256699, 19.837238], [-16.256692, 19.836425], [-16.256119, 19.836429], [-16.256117, 19.836157], [-16.256404, 19.836155], [-16.256399, 19.835613], [-16.256113, 19.835615], [-16.256111, 19.835344], [-16.255824, 19.835346], [-16.255826, 19.835617], [-16.25554, 19.835619], [-16.255544, 19.836162], [-16.255831, 19.83616], [-16.255833, 19.836431], [-16.255546, 19.836433], [-16.255549, 19.836704], [-16.255262, 19.836706], [-16.255266, 19.837248], [-16.25498, 19.83725], [-16.254982, 19.837521], [-16.254696, 19.837523], [-16.254702, 19.838336], [-16.254988, 19.838334], [-16.254999, 19.839689], [-16.255858, 19.839683], [-16.255861, 19.839954], [-16.256147, 19.839952]], [[-16.255559, 19.838059], [-16.255273, 19.838061], [-16.255271, 19.83779], [-16.255557, 19.837788], [-16.255559, 19.838059]], [[-16.255844, 19.837786], [-16.255557, 19.837788], [-16.255555, 19.837517], [-16.255841, 19.837515], [-16.255844, 19.837786]]]}, "properties": {"layer": "meadow", "year": 2024, "sat": "S2B", "date": "2024-06-25", "area_ha": 7.38}}, {"type": "Feature", "geometry": {"type": "Polygon", "coordinates": [[[-16.257838, 19.836416], [-16.257821, 19.834248], [-16.257534, 19.83425], [-16.257532, 19.833979], [-16.257246, 19.833981], [-16.257248, 19.834252], [-16.256675, 19.834256], [-16.256669, 19.833443], [-16.256382, 19.833445], [-16.256387, 19.833987], [-16.2561, 19.833989], [-16.256102, 19.83426], [-16.255816, 19.834262], [-16.255818, 19.834533], [-16.256104, 19.834531], [-16.256106, 19.834802], [-16.256393, 19.8348], [-16.256395, 19.835071], [-16.256109, 19.835073], [-16.256111, 19.835344], [-16.256684, 19.83534], [-16.256686, 19.835611], [-16.256972, 19.835609], [-16.256974, 19.83588], [-16.257261, 19.835878], [-16.257265, 19.83642], [-16.257838, 19.836416]]]}, "properties": {"layer": "meadow", "year": 2024, "sat": "S2B", "date": "2024-06-25", "area_ha": 3.6}}, {"type": "Feature", "geometry": {"type": "Polygon", "coordinates": [[[-16.456652, 19.839512], [-16.45665, 19.839241], [-16.456936, 19.839238], [-16.456931, 19.838696], [-16.457218, 19.838694], [-16.457215, 19.838423], [-16.457502, 19.83842], [-16.457494, 19.837607], [-16.458067, 19.837603], [-16.458064, 19.837332], [-16.458637, 19.837327], [-16.458635, 19.837056], [-16.458348, 19.837058], [-16.458346, 19.836787], [-16.458919, 19.836783], [-16.458914, 19.836241], [-16.4592, 19.836238], [-16.459195, 19.835696], [-16.459768, 19.835692], [-16.459763, 19.83515], [-16.460336, 19.835145], [-16.460333, 19.834874], [-16.46062, 19.834871], [-16.460617, 19.8346], [-16.46119, 19.834596], [-16.461188, 19.834325], [-16.461474, 19.834322], [-16.461472, 19.834051], [-16.461758, 19.834049], [-16.461756, 19.833778], [-16.462328, 19.833773], [-16.462326, 19.833502], [-16.461753, 19.833507], [-16.461751, 19.833236], [-16.461464, 19.833238], [-16.461462, 19.832967], [-16.461175, 19.83297], [-16.461173, 19.832699], [-16.460886, 19.832701], [-16.460884, 19.83243], [-16.460598, 19.832432], [-16.460593, 19.83189], [-16.460306, 19.831893], [-16.460311, 19.832435], [-16.460025, 19.832437], [-16.460027, 19.832708], [-16.459741, 19.83271], [-16.459743, 19.832981], [-16.459457, 19.832984], [-16.459459, 19.833255], [-16.459173, 19.833257], [-16.459178, 19.833799], [-16.458892, 19.833801], [-16.458887, 19.833259], [-16.4586, 19.833262], [-16.458605, 19.833804], [-16.458319, 19.833806], [-16.458324, 19.834348], [-16.457178, 19.834358], [-16.457183, 19.8349], [-16.456897, 19.834902], [-16.456894, 19.834631], [-16.456608, 19.834633], [-16.45661, 19.834904], [-16.456324, 19.834907], [-16.456329, 19.835449], [-16.455756, 19.835453], [-16.455766, 19.836537], [-16.456052, 19.836535], [-16.456057, 19.837077], [-16.455771, 19.837079], [-16.455773, 19.83735], [-16.455487, 19.837353], [-16.455484, 19.837082], [-16.454912, 19.837086], [-16.454914, 19.837357], [-16.4552, 19.837355], [-16.455203, 19.837626], [-16.454916, 19.837628], [-16.454921, 19.83817], [-16.455208, 19.838168], [-16.455205, 19.837897], [-16.455492, 19.837895], [-16.455494, 19.838166], [-16.455781, 19.838163], [-16.455776, 19.837621], [-16.456062, 19.837619], [-16.45606, 19.837348], [-16.456346, 19.837346], [-16.456344, 19.837075], [-16.456916, 19.83707], [-16.456914, 19.836799], [-16.457487, 19.836794], [-16.457489, 19.837065], [-16.457776, 19.837063], [-16.457778, 19.837334], [-16.456919, 19.837341], [-16.456924, 19.837883], [-16.456351, 19.837888], [-16.456356, 19.83843], [-16.455783, 19.838435], [-16.455786, 19.838706], [-16.456072, 19.838703], [-16.456079, 19.839516], [-16.456652, 19.839512]], [[-16.456647, 19.83897], [-16.456361, 19.838972], [-16.456358, 19.838701], [-16.456645, 19.838699], [-16.456647, 19.83897]], [[-16.456931, 19.838696], [-16.456645, 19.838699], [-16.456642, 19.838427], [-16.456929, 19.838425], [-16.456931, 19.838696]], [[-16.457198, 19.836526], [-16.456911, 19.836528], [-16.456906, 19.835986], [-16.457193, 19.835984], [-16.457198, 19.836526]], [[-16.456339, 19.836533], [-16.456052, 19.836535], [-16.456047, 19.835993], [-16.45662, 19.835988], [-16.456623, 19.836259], [-16.456336, 19.836262], [-16.456339, 19.836533]], [[-16.456618, 19.835717], [-16.456331, 19.83572], [-16.456329, 19.835449], [-16.456615, 19.835446], [-16.456618, 19.835717]], [[-16.456902, 19.835444], [-16.456615, 19.835446], [-16.456613, 19.835175], [-16.456899, 19.835173], [-16.456902, 19.835444]], [[-16.459474, 19.834881], [-16.459188, 19.834883], [-16.45918, 19.83407], [-16.459467, 19.834068], [-16.459469, 19.834339], [-16.459756, 19.834336], [-16.459758, 19.834607], [-16.459472, 19.83461], [-16.459474, 19.834881]], [[-16.457756, 19.834895], [-16.457469, 19.834897], [-16.457467, 19.834626], [-16.457753, 19.834624], [-16.457756, 19.834895]], [[-16.460331, 19.834603], [-16.460045, 19.834605], [-16.460042, 19.834334], [-16.459756, 19.834336], [-16.459748, 19.833523], [-16.460035, 19.833521], [-16.460037, 19.833792], [-16.46061, 19.833787], [-16.460612, 19.834058], [-16.460326, 19.834061], [-16.460331, 19.834603]], [[-16.461178, 19.833241], [-16.460891, 19.833243], [-16.460889, 19.832972], [-16.461175, 19.83297], [-16.461178, 19.833241]]]}, "properties": {"layer": "meadow", "year": 2024, "sat": "S2B", "date": "2024-06-25", "area_ha": 18.0}}, {"type": "Feature", "geometry": {"type": "Polygon", "coordinates": [[[-16.466878, 19.830213], [-16.466876, 19.829941], [-16.467162, 19.829939], [-16.46715, 19.828584], [-16.467436, 19.828582], [-16.467431, 19.82804], [-16.467718, 19.828037], [-16.46771, 19.827224], [-16.467997, 19.827222], [-16.467992, 19.82668], [-16.468278, 19.826678], [-16.468273, 19.826135], [-16.468559, 19.826133], [-16.468557, 19.825862], [-16.46827, 19.825864], [-16.468268, 19.825593], [-16.467982, 19.825596], [-16.467984, 19.825867], [-16.467698, 19.825869], [-16.467705, 19.826682], [-16.467419, 19.826685], [-16.467421, 19.826956], [-16.467135, 19.826958], [-16.46714, 19.8275], [-16.466853, 19.827502], [-16.466856, 19.827773], [-16.467142, 19.827771], [-16.467145, 19.828042], [-16.466858, 19.828044], [-16.466873, 19.82967], [-16.466014, 19.829678], [-16.466019, 19.83022], [-16.466878, 19.830213]]]}, "properties": {"layer": "meadow", "year": 2024, "sat": "S2B", "date": "2024-06-25", "area_ha": 3.15}}, {"type": "Feature", "geometry": {"type": "Polygon", "coordinates": [[[-16.288973, 19.825623], [-16.288971, 19.825352], [-16.289257, 19.82535], [-16.289255, 19.825079], [-16.289542, 19.825077], [-16.289539, 19.824806], [-16.290112, 19.824802], [-16.290106, 19.823989], [-16.289819, 19.823991], [-16.289817, 19.82372], [-16.289531, 19.823722], [-16.289526, 19.82318], [-16.28924, 19.823182], [-16.289246, 19.823995], [-16.28896, 19.823997], [-16.288967, 19.82481], [-16.28868, 19.824812], [-16.288678, 19.824541], [-16.288392, 19.824543], [-16.288389, 19.824272], [-16.288103, 19.824274], [-16.288101, 19.824003], [-16.287814, 19.824005], [-16.287817, 19.824276], [-16.28753, 19.824278], [-16.287532, 19.824549], [-16.287819, 19.824547], [-16.287821, 19.824818], [-16.288107, 19.824816], [-16.288112, 19.825358], [-16.288398, 19.825356], [-16.2884, 19.825627], [-16.288973, 19.825623]]]}, "properties": {"layer": "meadow", "year": 2024, "sat": "S2B", "date": "2024-06-25", "area_ha": 3.06}}, {"type": "Feature", "geometry": {"type": "Polygon", "coordinates": [[[-16.479397, 19.821165], [-16.479392, 19.820623], [-16.479965, 19.820618], [-16.479959, 19.820076], [-16.479673, 19.820079], [-16.479676, 19.82035], [-16.479103, 19.820354], [-16.47911, 19.821167], [-16.479397, 19.821165]]]}, "properties": {"layer": "meadow", "year": 2024, "sat": "S2B", "date": "2024-06-25", "area_ha": 0.54}}, {"type": "Feature", "geometry": {"type": "Polygon", "coordinates": [[[-16.471069, 19.818794], [-16.471067, 19.818523], [-16.47164, 19.818519], [-16.471635, 19.817977], [-16.470489, 19.817986], [-16.470492, 19.818257], [-16.470205, 19.818259], [-16.470208, 19.818531], [-16.470494, 19.818528], [-16.470497, 19.818799], [-16.471069, 19.818794]]]}, "properties": {"layer": "meadow", "year": 2024, "sat": "S2B", "date": "2024-06-25", "area_ha": 0.99}}, {"type": "Feature", "geometry": {"type": "Polygon", "coordinates": [[[-16.260027, 19.82339], [-16.260025, 19.823119], [-16.260311, 19.823117], [-16.260307, 19.822575], [-16.260593, 19.822573], [-16.260589, 19.822031], [-16.260875, 19.822029], [-16.260867, 19.820945], [-16.26058, 19.820947], [-16.260572, 19.819863], [-16.260285, 19.819865], [-16.260281, 19.819323], [-16.259995, 19.819325], [-16.259993, 19.819054], [-16.259706, 19.819056], [-16.259704, 19.818785], [-16.259131, 19.818789], [-16.259125, 19.817976], [-16.258838, 19.817978], [-16.258841, 19.818249], [-16.258554, 19.818251], [-16.258556, 19.818522], [-16.258843, 19.81852], [-16.258847, 19.819062], [-16.258561, 19.819064], [-16.258565, 19.819606], [-16.258278, 19.819608], [-16.258281, 19.819879], [-16.257994, 19.819881], [-16.257996, 19.820152], [-16.25771, 19.820154], [-16.257716, 19.820967], [-16.258003, 19.820965], [-16.257998, 19.820423], [-16.258285, 19.820421], [-16.258283, 19.82015], [-16.258569, 19.820148], [-16.258573, 19.82069], [-16.25886, 19.820688], [-16.258858, 19.820417], [-16.25943, 19.820413], [-16.259433, 19.820684], [-16.259719, 19.820682], [-16.259721, 19.820953], [-16.260007, 19.820951], [-16.26002, 19.822577], [-16.259734, 19.822579], [-16.259736, 19.82285], [-16.25945, 19.822852], [-16.259452, 19.823123], [-16.259738, 19.823121], [-16.25974, 19.823392], [-16.260027, 19.82339]], [[-16.260287, 19.820136], [-16.260001, 19.820138], [-16.259999, 19.819867], [-16.260285, 19.819865], [-16.260287, 19.820136]]]}, "properties": {"layer": "meadow", "year": 2024, "sat": "S2B", "date": "2024-06-25", "area_ha": 6.66}}, {"type": "Feature", "geometry": {"type": "Polygon", "coordinates": [[[-16.441845, 19.817407], [-16.441842, 19.817136], [-16.442129, 19.817133], [-16.442126, 19.816862], [-16.442413, 19.81686], [-16.44241, 19.816589], [-16.442124, 19.816591], [-16.442121, 19.81632], [-16.441262, 19.816327], [-16.441265, 19.816598], [-16.441837, 19.816594], [-16.44184, 19.816865], [-16.441267, 19.816869], [-16.44127, 19.81714], [-16.441556, 19.817138], [-16.441558, 19.817409], [-16.441845, 19.817407]]]}, "properties": {"layer": "meadow", "year": 2024, "sat": "S2B", "date": "2024-06-25", "area_ha": 0.81}}, {"type": "Feature", "geometry": {"type": "Polygon", "coordinates": [[[-16.319276, 19.818625], [-16.319271, 19.818083], [-16.319558, 19.818081], [-16.319553, 19.817539], [-16.31984, 19.817537], [-16.319838, 19.817266], [-16.319551, 19.817268], [-16.319549, 19.816997], [-16.318976, 19.817001], [-16.318974, 19.81673], [-16.318401, 19.816735], [-16.318403, 19.817006], [-16.318117, 19.817008], [-16.318119, 19.817279], [-16.317833, 19.817281], [-16.31784, 19.818094], [-16.318412, 19.81809], [-16.318415, 19.818361], [-16.318987, 19.818357], [-16.31899, 19.818628], [-16.319276, 19.818625]], [[-16.318408, 19.817548], [-16.318121, 19.81755], [-16.318119, 19.817279], [-16.318406, 19.817277], [-16.318408, 19.817548]]]}, "properties": {"layer": "meadow", "year": 2024, "sat": "S2B", "date": "2024-06-25", "area_ha": 2.61}}, {"type": "Feature", "geometry": {"type": "Polygon", "coordinates": [[[-16.315251, 19.816758], [-16.315246, 19.816216], [-16.314674, 19.81622], [-16.314676, 19.816491], [-16.314103, 19.816495], [-16.314105, 19.816766], [-16.315251, 19.816758]]]}, "properties": {"layer": "meadow", "year": 2024, "sat": "S2B", "date": "2024-06-25", "area_ha": 0.54}}, {"type": "Feature", "geometry": {"type": "Polygon", "coordinates": [[[-16.261679, 19.814976], [-16.261677, 19.814705], [-16.261963, 19.814703], [-16.261961, 19.814432], [-16.262247, 19.81443], [-16.262239, 19.813346], [-16.261952, 19.813348], [-16.26195, 19.813077], [-16.261664, 19.813079], [-16.261675, 19.814434], [-16.261388, 19.814436], [-16.261392, 19.814978], [-16.261679, 19.814976]]]}, "properties": {"layer": "meadow", "year": 2024, "sat": "S2B", "date": "2024-06-25", "area_ha": 1.08}}, {"type": "Feature", "geometry": {"type": "Polygon", "coordinates": [[[-16.3321, 19.810941], [-16.332098, 19.81067], [-16.332384, 19.810668], [-16.332382, 19.810397], [-16.331809, 19.810401], [-16.331807, 19.81013], [-16.331234, 19.810134], [-16.331237, 19.810405], [-16.330664, 19.810409], [-16.330666, 19.810681], [-16.331239, 19.810676], [-16.331241, 19.810947], [-16.3321, 19.810941]]]}, "properties": {"layer": "meadow", "year": 2024, "sat": "S2B", "date": "2024-06-25", "area_ha": 0.99}}, {"type": "Feature", "geometry": {"type": "Polygon", "coordinates": [[[-16.259698, 19.817972], [-16.259695, 19.817701], [-16.259982, 19.817698], [-16.25998, 19.817427], [-16.260552, 19.817423], [-16.26055, 19.817152], [-16.260837, 19.81715], [-16.260832, 19.816608], [-16.260546, 19.81661], [-16.260542, 19.816068], [-16.260255, 19.81607], [-16.260253, 19.815799], [-16.26054, 19.815797], [-16.260531, 19.814713], [-16.259958, 19.814717], [-16.259956, 19.814446], [-16.260529, 19.814442], [-16.260523, 19.813629], [-16.260809, 19.813627], [-16.260807, 19.813356], [-16.261093, 19.813354], [-16.261091, 19.813083], [-16.261377, 19.813081], [-16.261375, 19.81281], [-16.261948, 19.812806], [-16.26195, 19.813077], [-16.262523, 19.813073], [-16.262519, 19.812531], [-16.262232, 19.812533], [-16.26223, 19.812262], [-16.261657, 19.812266], [-16.261655, 19.811995], [-16.261369, 19.811997], [-16.261365, 19.811454], [-16.261078, 19.811456], [-16.261076, 19.811185], [-16.26079, 19.811187], [-16.260788, 19.810916], [-16.260501, 19.810918], [-16.260499, 19.810647], [-16.260213, 19.810649], [-16.260211, 19.810378], [-16.259638, 19.810382], [-16.259642, 19.810925], [-16.259928, 19.810922], [-16.259931, 19.811194], [-16.259644, 19.811196], [-16.259651, 19.812009], [-16.259937, 19.812007], [-16.259952, 19.813904], [-16.259666, 19.813906], [-16.259676, 19.815261], [-16.25939, 19.815263], [-16.259401, 19.816618], [-16.259114, 19.81662], [-16.259123, 19.817705], [-16.259409, 19.817703], [-16.259411, 19.817974], [-16.259698, 19.817972]]]}, "properties": {"layer": "meadow", "year": 2024, "sat": "S2B", "date": "2024-06-25", "area_ha": 10.53}}, {"type": "Feature", "geometry": {"type": "Polygon", "coordinates": [[[-16.451216, 19.808657], [-16.451214, 19.808386], [-16.4515, 19.808384], [-16.451495, 19.807842], [-16.451209, 19.807844], [-16.451206, 19.807573], [-16.45092, 19.807576], [-16.450915, 19.807034], [-16.450342, 19.807038], [-16.45034, 19.806767], [-16.450054, 19.80677], [-16.450049, 19.806228], [-16.449476, 19.806232], [-16.449479, 19.806503], [-16.448619, 19.80651], [-16.448629, 19.807594], [-16.448916, 19.807592], [-16.448918, 19.807863], [-16.449204, 19.807861], [-16.449209, 19.808403], [-16.449782, 19.808398], [-16.449785, 19.808669], [-16.451216, 19.808657]]]}, "properties": {"layer": "meadow", "year": 2024, "sat": "S2B", "date": "2024-06-25", "area_ha": 5.22}}, {"type": "Feature", "geometry": {"type": "Polygon", "coordinates": [[[-16.435161, 19.806619], [-16.435158, 19.806348], [-16.436304, 19.806339], [-16.436301, 19.806068], [-16.436588, 19.806065], [-16.43659, 19.806336], [-16.436877, 19.806334], [-16.436864, 19.804979], [-16.436578, 19.804981], [-16.436583, 19.805523], [-16.43601, 19.805528], [-16.436008, 19.805257], [-16.435721, 19.805259], [-16.435719, 19.804988], [-16.43486, 19.804995], [-16.434858, 19.804724], [-16.434285, 19.804729], [-16.43429, 19.805271], [-16.434003, 19.805273], [-16.434008, 19.805815], [-16.434295, 19.805813], [-16.434299, 19.806355], [-16.433727, 19.806359], [-16.433724, 19.806088], [-16.433438, 19.806091], [-16.43344, 19.806362], [-16.433154, 19.806364], [-16.433149, 19.805822], [-16.432863, 19.805824], [-16.432865, 19.806095], [-16.432579, 19.806098], [-16.432584, 19.80664], [-16.435161, 19.806619]]]}, "properties": {"layer": "meadow", "year": 2024, "sat": "S2B", "date": "2024-06-25", "area_ha": 5.04}}, {"type": "Feature", "geometry": {"type": "Polygon", "coordinates": [[[-16.345526, 19.806774], [-16.345523, 19.806503], [-16.34581, 19.806501], [-16.345803, 19.805688], [-16.345516, 19.80569], [-16.345514, 19.805419], [-16.345228, 19.805421], [-16.345226, 19.80515], [-16.344939, 19.805153], [-16.344941, 19.805424], [-16.344655, 19.805426], [-16.344657, 19.805697], [-16.344371, 19.805699], [-16.344378, 19.806512], [-16.344664, 19.80651], [-16.344666, 19.806781], [-16.345526, 19.806774]]]}, "properties": {"layer": "meadow", "year": 2024, "sat": "S2B", "date": "2024-06-25", "area_ha": 1.98}}, {"type": "Feature", "geometry": {"type": "Polygon", "coordinates": [[[-16.260187, 19.807397], [-16.260183, 19.806855], [-16.260469, 19.806853], [-16.260461, 19.805769], [-16.260747, 19.805767], [-16.260745, 19.805496], [-16.260172, 19.8055], [-16.260168, 19.804958], [-16.259882, 19.80496], [-16.259884, 19.805231], [-16.259597, 19.805233], [-16.259604, 19.806046], [-16.25989, 19.806044], [-16.259896, 19.806857], [-16.25961, 19.806859], [-16.259612, 19.80713], [-16.259899, 19.807128], [-16.259901, 19.807399], [-16.260187, 19.807397]]]}, "properties": {"layer": "meadow", "year": 2024, "sat": "S2B", "date": "2024-06-25", "area_ha": 1.71}}, {"type": "Feature", "geometry": {"type": "Polygon", "coordinates": [[[-16.261888, 19.805216], [-16.26188, 19.804132], [-16.262166, 19.80413], [-16.262162, 19.803588], [-16.261875, 19.80359], [-16.261878, 19.803861], [-16.261591, 19.803863], [-16.261598, 19.804676], [-16.261025, 19.80468], [-16.261027, 19.804952], [-16.2616, 19.804947], [-16.261602, 19.805219], [-16.261888, 19.805216]]]}, "properties": {"layer": "meadow", "year": 2024, "sat": "S2B", "date": "2024-06-25", "area_ha": 0.81}}, {"type": "Feature", "geometry": {"type": "Polygon", "coordinates": [[[-16.310293, 19.805952], [-16.310291, 19.805681], [-16.310864, 19.805677], [-16.31086, 19.805135], [-16.310573, 19.805137], [-16.31056, 19.803511], [-16.310274, 19.803513], [-16.310267, 19.8027], [-16.30998, 19.802702], [-16.309978, 19.802431], [-16.309119, 19.802437], [-16.309121, 19.802708], [-16.309408, 19.802706], [-16.30941, 19.802977], [-16.309696, 19.802975], [-16.309705, 19.804059], [-16.309419, 19.804061], [-16.309421, 19.804332], [-16.309994, 19.804328], [-16.309996, 19.804599], [-16.30971, 19.804601], [-16.309712, 19.804872], [-16.309998, 19.80487], [-16.31, 19.805141], [-16.310287, 19.805139], [-16.310289, 19.80541], [-16.310003, 19.805412], [-16.310007, 19.805954], [-16.310293, 19.805952]]]}, "properties": {"layer": "meadow", "year": 2024, "sat": "S2B", "date": "2024-06-25", "area_ha": 2.97}}, {"type": "Feature", "geometry": {"type": "Polygon", "coordinates": [[[-16.26394, 19.811165], [-16.263938, 19.810894], [-16.264224, 19.810892], [-16.26422, 19.81035], [-16.264506, 19.810348], [-16.264491, 19.808451], [-16.264778, 19.808449], [-16.264769, 19.807365], [-16.265628, 19.807358], [-16.265626, 19.807087], [-16.265912, 19.807085], [-16.265908, 19.806543], [-16.266195, 19.806541], [-16.266192, 19.80627], [-16.266479, 19.806268], [-16.266468, 19.804913], [-16.266182, 19.804915], [-16.26618, 19.804644], [-16.265893, 19.804646], [-16.265895, 19.804917], [-16.265609, 19.804919], [-16.265607, 19.804648], [-16.265034, 19.804652], [-16.265032, 19.804381], [-16.264746, 19.804383], [-16.264741, 19.803841], [-16.265028, 19.803839], [-16.265025, 19.803568], [-16.265312, 19.803566], [-16.265305, 19.802753], [-16.265019, 19.802755], [-16.265017, 19.802484], [-16.264731, 19.802486], [-16.264733, 19.802757], [-16.263874, 19.802763], [-16.263878, 19.803305], [-16.263019, 19.803311], [-16.263023, 19.803853], [-16.262737, 19.803855], [-16.262745, 19.804939], [-16.262459, 19.804941], [-16.262461, 19.805212], [-16.262175, 19.805214], [-16.262177, 19.805486], [-16.26189, 19.805488], [-16.261895, 19.80603], [-16.262181, 19.806028], [-16.262183, 19.806299], [-16.261897, 19.806301], [-16.261905, 19.807385], [-16.261619, 19.807387], [-16.261615, 19.806845], [-16.261328, 19.806847], [-16.261333, 19.807389], [-16.261046, 19.807391], [-16.261048, 19.807662], [-16.260762, 19.807664], [-16.260764, 19.807935], [-16.260191, 19.807939], [-16.260198, 19.808752], [-16.260484, 19.80875], [-16.260491, 19.809563], [-16.260777, 19.809561], [-16.260788, 19.810916], [-16.26136, 19.810912], [-16.261363, 19.811183], [-16.261649, 19.811181], [-16.261645, 19.810639], [-16.261931, 19.810637], [-16.261935, 19.811179], [-16.26394, 19.811165]], [[-16.261352, 19.809828], [-16.261065, 19.80983], [-16.261057, 19.808746], [-16.26163, 19.808742], [-16.261634, 19.809284], [-16.261348, 19.809286], [-16.261352, 19.809828]], [[-16.263339, 19.807646], [-16.26248, 19.807652], [-16.262478, 19.807381], [-16.262764, 19.807379], [-16.262762, 19.807108], [-16.262476, 19.80711], [-16.262467, 19.806026], [-16.262754, 19.806024], [-16.262747, 19.80521], [-16.263034, 19.805208], [-16.263038, 19.80575], [-16.263324, 19.805748], [-16.263327, 19.806019], [-16.263613, 19.806017], [-16.263619, 19.806831], [-16.263047, 19.806835], [-16.263051, 19.807377], [-16.263337, 19.807375], [-16.263339, 19.807646]], [[-16.265908, 19.806543], [-16.265622, 19.806545], [-16.26562, 19.806274], [-16.265906, 19.806272], [-16.265908, 19.806543]], [[-16.265613, 19.805461], [-16.265327, 19.805463], [-16.265323, 19.804921], [-16.265609, 19.804919], [-16.265613, 19.805461]], [[-16.263316, 19.804664], [-16.263029, 19.804666], [-16.263025, 19.804124], [-16.263312, 19.804122], [-16.263316, 19.804664]]]}, "properties": {"layer": "meadow", "year": 2024, "sat": "S2B", "date": "2024-06-25", "area_ha": 31.14}}, {"type": "Feature", "geometry": {"type": "Polygon", "coordinates": [[[-16.437126, 19.802266], [-16.437122, 19.801724], [-16.437408, 19.801722], [-16.437405, 19.801451], [-16.437119, 19.801453], [-16.437117, 19.801182], [-16.43683, 19.801185], [-16.436828, 19.800914], [-16.436542, 19.800916], [-16.436546, 19.801458], [-16.436833, 19.801456], [-16.43684, 19.802269], [-16.437126, 19.802266]]]}, "properties": {"layer": "meadow", "year": 2024, "sat": "S2B", "date": "2024-06-25", "area_ha": 0.63}}, {"type": "Feature", "geometry": {"type": "Polygon", "coordinates": [[[-16.433702, 19.803649], [-16.4337, 19.803378], [-16.433986, 19.803376], [-16.433984, 19.803105], [-16.434557, 19.8031], [-16.434554, 19.802829], [-16.43484, 19.802827], [-16.434838, 19.802556], [-16.435124, 19.802554], [-16.435122, 19.802283], [-16.434836, 19.802285], [-16.434828, 19.801472], [-16.435115, 19.801469], [-16.435107, 19.800656], [-16.435394, 19.800654], [-16.435391, 19.800383], [-16.435964, 19.800378], [-16.435966, 19.80065], [-16.436253, 19.800647], [-16.43625, 19.800376], [-16.436823, 19.800372], [-16.436825, 19.800643], [-16.437398, 19.800638], [-16.437391, 19.799825], [-16.437105, 19.799827], [-16.437102, 19.799556], [-16.435957, 19.799565], [-16.435959, 19.799836], [-16.435386, 19.799841], [-16.435389, 19.800112], [-16.434244, 19.800121], [-16.434241, 19.79985], [-16.433668, 19.799855], [-16.433676, 19.800668], [-16.433389, 19.80067], [-16.433392, 19.800941], [-16.433105, 19.800944], [-16.433115, 19.802028], [-16.432829, 19.80203], [-16.432831, 19.802301], [-16.433118, 19.802299], [-16.43313, 19.803654], [-16.433702, 19.803649]], [[-16.434828, 19.801472], [-16.434542, 19.801474], [-16.43454, 19.801203], [-16.434826, 19.801201], [-16.434828, 19.801472]]]}, "properties": {"layer": "meadow", "year": 2024, "sat": "S2B", "date": "2024-06-25", "area_ha": 8.64}}, {"type": "Feature", "geometry": {"type": "Polygon", "coordinates": [[[-16.315111, 19.799683], [-16.315106, 19.799141], [-16.315679, 19.799136], [-16.315674, 19.798594], [-16.315388, 19.798596], [-16.31539, 19.798867], [-16.314817, 19.798872], [-16.314822, 19.799414], [-16.314536, 19.799416], [-16.314538, 19.799687], [-16.315111, 19.799683]]]}, "properties": {"layer": "meadow", "year": 2024, "sat": "S2B", "date": "2024-06-25", "area_ha": 0.63}}, {"type": "Feature", "geometry": {"type": "Polygon", "coordinates": [[[-16.272424, 19.797552], [-16.272421, 19.797281], [-16.272135, 19.797283], [-16.272131, 19.796741], [-16.271844, 19.796743], [-16.271842, 19.796472], [-16.271556, 19.796474], [-16.27156, 19.797016], [-16.271274, 19.797018], [-16.271276, 19.797289], [-16.271562, 19.797287], [-16.271565, 19.797558], [-16.272424, 19.797552]]]}, "properties": {"layer": "meadow", "year": 2024, "sat": "S2B", "date": "2024-06-25", "area_ha": 0.81}}, {"type": "Feature", "geometry": {"type": "Polygon", "coordinates": [[[-16.266688, 19.796509], [-16.266686, 19.796238], [-16.266972, 19.796236], [-16.26697, 19.795965], [-16.267256, 19.795963], [-16.267252, 19.795421], [-16.266679, 19.795425], [-16.266681, 19.795696], [-16.266395, 19.795698], [-16.266397, 19.795969], [-16.266111, 19.795971], [-16.266113, 19.796242], [-16.266399, 19.79624], [-16.266402, 19.796511], [-16.266688, 19.796509]]]}, "properties": {"layer": "meadow", "year": 2024, "sat": "S2B", "date": "2024-06-25", "area_ha": 0.81}}, {"type": "Feature", "geometry": {"type": "Polygon", "coordinates": [[[-16.262405, 19.798165], [-16.262403, 19.797894], [-16.262976, 19.79789], [-16.262974, 19.797619], [-16.26326, 19.797617], [-16.263262, 19.797888], [-16.263549, 19.797886], [-16.263544, 19.797344], [-16.263831, 19.797342], [-16.263827, 19.7968], [-16.264399, 19.796796], [-16.264397, 19.796525], [-16.26497, 19.796521], [-16.264968, 19.79625], [-16.265254, 19.796248], [-16.265252, 19.795977], [-16.265538, 19.795975], [-16.265536, 19.795704], [-16.26525, 19.795706], [-16.265248, 19.795435], [-16.264961, 19.795437], [-16.264959, 19.795166], [-16.264673, 19.795168], [-16.264675, 19.795439], [-16.263529, 19.795447], [-16.263534, 19.795989], [-16.263247, 19.795991], [-16.26325, 19.796262], [-16.262677, 19.796266], [-16.262681, 19.796808], [-16.262395, 19.79681], [-16.262399, 19.797352], [-16.262113, 19.797354], [-16.262119, 19.798167], [-16.262405, 19.798165]]]}, "properties": {"layer": "meadow", "year": 2024, "sat": "S2B", "date": "2024-06-25", "area_ha": 4.95}}, {"type": "Feature", "geometry": {"type": "Polygon", "coordinates": [[[-16.312833, 19.801326], [-16.312831, 19.801055], [-16.313403, 19.80105], [-16.313392, 19.799695], [-16.313106, 19.799697], [-16.313104, 19.799426], [-16.31339, 19.799424], [-16.313377, 19.797798], [-16.31309, 19.7978], [-16.313088, 19.797529], [-16.313375, 19.797527], [-16.313372, 19.797256], [-16.312227, 19.797264], [-16.312218, 19.79618], [-16.311932, 19.796182], [-16.311929, 19.795911], [-16.312789, 19.795905], [-16.31278, 19.794821], [-16.312493, 19.794823], [-16.312491, 19.794552], [-16.311918, 19.794556], [-16.311923, 19.795098], [-16.312209, 19.795096], [-16.312214, 19.795638], [-16.311927, 19.79564], [-16.311925, 19.795369], [-16.311639, 19.795371], [-16.311641, 19.795642], [-16.311355, 19.795644], [-16.311352, 19.795373], [-16.311066, 19.795376], [-16.311064, 19.795104], [-16.310491, 19.795109], [-16.310489, 19.794838], [-16.309916, 19.794842], [-16.309914, 19.794571], [-16.309628, 19.794573], [-16.30963, 19.794844], [-16.309343, 19.794846], [-16.309341, 19.794575], [-16.309055, 19.794577], [-16.309053, 19.794306], [-16.308766, 19.794308], [-16.308775, 19.795392], [-16.309062, 19.79539], [-16.309068, 19.796203], [-16.309355, 19.796201], [-16.309366, 19.797556], [-16.309652, 19.797554], [-16.309654, 19.797825], [-16.310227, 19.797821], [-16.310234, 19.798634], [-16.31052, 19.798632], [-16.310522, 19.798903], [-16.310809, 19.798901], [-16.310813, 19.799443], [-16.311099, 19.799441], [-16.311102, 19.799712], [-16.311961, 19.799706], [-16.311956, 19.799164], [-16.312529, 19.79916], [-16.312527, 19.798888], [-16.312813, 19.798886], [-16.31282, 19.799699], [-16.312247, 19.799704], [-16.312249, 19.799975], [-16.312536, 19.799973], [-16.312538, 19.800244], [-16.312251, 19.800246], [-16.312256, 19.800788], [-16.312542, 19.800786], [-16.312547, 19.801328], [-16.312833, 19.801326]]]}, "properties": {"layer": "meadow", "year": 2024, "sat": "S2B", "date": "2024-06-25", "area_ha": 18.45}}, {"type": "Feature", "geometry": {"type": "Polygon", "coordinates": [[[-16.26812, 19.796499], [-16.268115, 19.795957], [-16.268402, 19.795954], [-16.2684, 19.795683], [-16.268113, 19.795685], [-16.268111, 19.795414], [-16.268397, 19.795412], [-16.268387, 19.794057], [-16.2681, 19.794059], [-16.268105, 19.794601], [-16.267532, 19.794605], [-16.267534, 19.794876], [-16.267248, 19.794878], [-16.267252, 19.795421], [-16.267538, 19.795418], [-16.267543, 19.795961], [-16.267256, 19.795963], [-16.267261, 19.796505], [-16.26812, 19.796499]], [[-16.267825, 19.795416], [-16.267538, 19.795418], [-16.267536, 19.795147], [-16.267823, 19.795145], [-16.267825, 19.795416]]]}, "properties": {"layer": "meadow", "year": 2024, "sat": "S2B", "date": "2024-06-25", "area_ha": 2.07}}, {"type": "Feature", "geometry": {"type": "Polygon", "coordinates": [[[-16.441351, 19.794372], [-16.441348, 19.794101], [-16.441635, 19.794099], [-16.441632, 19.793828], [-16.441919, 19.793826], [-16.441916, 19.793555], [-16.442202, 19.793552], [-16.442195, 19.792739], [-16.441909, 19.792741], [-16.441911, 19.793013], [-16.441625, 19.793015], [-16.441627, 19.793286], [-16.441341, 19.793288], [-16.441346, 19.79383], [-16.440773, 19.793835], [-16.440776, 19.794106], [-16.441062, 19.794104], [-16.441064, 19.794375], [-16.441351, 19.794372]]]}, "properties": {"layer": "meadow", "year": 2024, "sat": "S2B", "date": "2024-06-25", "area_ha": 1.08}}, {"type": "Feature", "geometry": {"type": "Polygon", "coordinates": [[[-16.447068, 19.793242], [-16.447065, 19.792971], [-16.447352, 19.792969], [-16.447347, 19.792426], [-16.44706, 19.792429], [-16.447055, 19.791887], [-16.446769, 19.791889], [-16.446762, 19.791076], [-16.446475, 19.791078], [-16.44648, 19.79162], [-16.446194, 19.791623], [-16.446199, 19.792165], [-16.445626, 19.792169], [-16.445624, 19.791898], [-16.445337, 19.791901], [-16.445342, 19.792443], [-16.445629, 19.79244], [-16.445631, 19.792711], [-16.446204, 19.792707], [-16.446201, 19.792436], [-16.446488, 19.792433], [-16.446495, 19.793247], [-16.447068, 19.793242]], [[-16.447063, 19.7927], [-16.446776, 19.792702], [-16.446774, 19.792431], [-16.44706, 19.792429], [-16.447063, 19.7927]]]}, "properties": {"layer": "meadow", "year": 2024, "sat": "S2B", "date": "2024-06-25", "area_ha": 2.07}}, {"type": "Feature", "geometry": {"type": "Polygon", "coordinates": [[[-16.442185, 19.791655], [-16.442178, 19.790842], [-16.441605, 19.790847], [-16.441608, 19.791118], [-16.441322, 19.79112], [-16.441324, 19.791391], [-16.44161, 19.791389], [-16.441613, 19.79166], [-16.442185, 19.791655]]]}, "properties": {"layer": "meadow", "year": 2024, "sat": "S2B", "date": "2024-06-25", "area_ha": 0.63}}, {"type": "Feature", "geometry": {"type": "Polygon", "coordinates": [[[-16.438137, 19.819063], [-16.438129, 19.81825], [-16.438416, 19.818247], [-16.438418, 19.818518], [-16.438704, 19.818516], [-16.438692, 19.817161], [-16.438979, 19.817159], [-16.438991, 19.818514], [-16.439277, 19.818512], [-16.439275, 19.81824], [-16.439561, 19.818238], [-16.439559, 19.817967], [-16.439845, 19.817965], [-16.43984, 19.817423], [-16.440413, 19.817418], [-16.440415, 19.817689], [-16.441561, 19.81768], [-16.441558, 19.817409], [-16.440699, 19.817416], [-16.440694, 19.816874], [-16.440408, 19.816876], [-16.440406, 19.816605], [-16.440692, 19.816603], [-16.440687, 19.816061], [-16.44126, 19.816056], [-16.441255, 19.815514], [-16.441541, 19.815512], [-16.441539, 19.815241], [-16.441825, 19.815238], [-16.44182, 19.814696], [-16.442107, 19.814694], [-16.442109, 19.814965], [-16.442395, 19.814963], [-16.442398, 19.815234], [-16.442684, 19.815232], [-16.442694, 19.816316], [-16.442408, 19.816318], [-16.44241, 19.816589], [-16.442697, 19.816587], [-16.442699, 19.816858], [-16.442985, 19.816855], [-16.442988, 19.817126], [-16.443274, 19.817124], [-16.443277, 19.817395], [-16.443563, 19.817393], [-16.443565, 19.817664], [-16.443852, 19.817661], [-16.443849, 19.81739], [-16.444136, 19.817388], [-16.444133, 19.817117], [-16.443847, 19.817119], [-16.443842, 19.816577], [-16.444128, 19.816575], [-16.444121, 19.815762], [-16.444407, 19.81576], [-16.444402, 19.815218], [-16.444689, 19.815215], [-16.444699, 19.816299], [-16.444985, 19.816297], [-16.444983, 19.816026], [-16.445269, 19.816024], [-16.445257, 19.814669], [-16.44497, 19.814671], [-16.444965, 19.814129], [-16.445252, 19.814127], [-16.445249, 19.813856], [-16.445536, 19.813853], [-16.445528, 19.81304], [-16.446101, 19.813036], [-16.446104, 19.813307], [-16.44639, 19.813304], [-16.446385, 19.812762], [-16.446671, 19.81276], [-16.446676, 19.813302], [-16.446963, 19.8133], [-16.446965, 19.813571], [-16.447251, 19.813568], [-16.447249, 19.813297], [-16.447535, 19.813295], [-16.447533, 19.813024], [-16.447247, 19.813026], [-16.447239, 19.812213], [-16.446953, 19.812216], [-16.446945, 19.811403], [-16.446086, 19.811409], [-16.446084, 19.811138], [-16.44637, 19.811136], [-16.446365, 19.810594], [-16.447224, 19.810587], [-16.447215, 19.809503], [-16.446928, 19.809505], [-16.446926, 19.809234], [-16.447212, 19.809232], [-16.447202, 19.808148], [-16.446916, 19.80815], [-16.446911, 19.807608], [-16.446625, 19.807611], [-16.446627, 19.807882], [-16.446341, 19.807884], [-16.446338, 19.807613], [-16.446052, 19.807615], [-16.44605, 19.807344], [-16.445763, 19.807346], [-16.445753, 19.806262], [-16.445467, 19.806265], [-16.445465, 19.805994], [-16.445178, 19.805996], [-16.445173, 19.805454], [-16.445746, 19.805449], [-16.445741, 19.804907], [-16.446028, 19.804905], [-16.446025, 19.804634], [-16.446312, 19.804632], [-16.446309, 19.804361], [-16.446595, 19.804358], [-16.446593, 19.804087], [-16.446879, 19.804085], [-16.446877, 19.803814], [-16.447163, 19.803812], [-16.447156, 19.802999], [-16.446869, 19.803001], [-16.446867, 19.80273], [-16.446581, 19.802732], [-16.446573, 19.801919], [-16.44686, 19.801917], [-16.446855, 19.801375], [-16.446568, 19.801377], [-16.446561, 19.800564], [-16.446275, 19.800566], [-16.446272, 19.800295], [-16.446559, 19.800293], [-16.446546, 19.798938], [-16.446833, 19.798936], [-16.44683, 19.798665], [-16.447117, 19.798662], [-16.447109, 19.797849], [-16.446823, 19.797852], [-16.446821, 19.797581], [-16.446534, 19.797583], [-16.446529, 19.797041], [-16.447102, 19.797036], [-16.447104, 19.797307], [-16.447677, 19.797303], [-16.447675, 19.797032], [-16.447388, 19.797034], [-16.447383, 19.796492], [-16.44767, 19.796489], [-16.447667, 19.796218], [-16.447954, 19.796216], [-16.447956, 19.796487], [-16.449388, 19.796476], [-16.449375, 19.79512], [-16.449089, 19.795123], [-16.449087, 19.794852], [-16.4488, 19.794854], [-16.448791, 19.79377], [-16.448504, 19.793772], [-16.448494, 19.792688], [-16.448208, 19.792691], [-16.448206, 19.79242], [-16.448492, 19.792417], [-16.448489, 19.792146], [-16.448203, 19.792149], [-16.448198, 19.791606], [-16.447912, 19.791609], [-16.447902, 19.790525], [-16.447616, 19.790527], [-16.447613, 19.790256], [-16.447327, 19.790258], [-16.447334, 19.791071], [-16.447621, 19.791069], [-16.447628, 19.791882], [-16.447342, 19.791884], [-16.447344, 19.792155], [-16.44763, 19.792153], [-16.447638, 19.792966], [-16.447352, 19.792969], [-16.447354, 19.79324], [-16.447068, 19.793242], [-16.44707, 19.793513], [-16.446784, 19.793515], [-16.446791, 19.794328], [-16.447077, 19.794326], [-16.447075, 19.794055], [-16.447648, 19.79405], [-16.44765, 19.794321], [-16.447364, 19.794324], [-16.447366, 19.794595], [-16.44708, 19.794597], [-16.447082, 19.794868], [-16.447369, 19.794866], [-16.447371, 19.795137], [-16.447657, 19.795134], [-16.447662, 19.795676], [-16.447376, 19.795679], [-16.447378, 19.79595], [-16.447092, 19.795952], [-16.447095, 19.796223], [-16.446522, 19.796228], [-16.446517, 19.795686], [-16.446231, 19.795688], [-16.446243, 19.797043], [-16.445957, 19.797045], [-16.445954, 19.796774], [-16.445668, 19.796777], [-16.44567, 19.797048], [-16.445384, 19.79705], [-16.445389, 19.797592], [-16.445102, 19.797594], [-16.445112, 19.798678], [-16.444826, 19.798681], [-16.444828, 19.798952], [-16.444256, 19.798956], [-16.444258, 19.799227], [-16.443972, 19.79923], [-16.443969, 19.798959], [-16.443683, 19.798961], [-16.443681, 19.79869], [-16.443394, 19.798692], [-16.443392, 19.798421], [-16.442819, 19.798426], [-16.442817, 19.798155], [-16.443103, 19.798153], [-16.443101, 19.797882], [-16.442814, 19.797884], [-16.442809, 19.797342], [-16.442237, 19.797347], [-16.442239, 19.797618], [-16.441953, 19.79762], [-16.441945, 19.796807], [-16.441659, 19.796809], [-16.441662, 19.79708], [-16.441375, 19.797082], [-16.441378, 19.797353], [-16.441091, 19.797356], [-16.441094, 19.797627], [-16.440807, 19.797629], [-16.44081, 19.7979], [-16.440524, 19.797902], [-16.440531, 19.798715], [-16.439958, 19.79872], [-16.439961, 19.798991], [-16.439674, 19.798993], [-16.439677, 19.799264], [-16.439963, 19.799262], [-16.43997, 19.800075], [-16.439111, 19.800082], [-16.439116, 19.800624], [-16.438257, 19.800631], [-16.43826, 19.800902], [-16.437973, 19.800904], [-16.437978, 19.801446], [-16.438264, 19.801444], [-16.438267, 19.801715], [-16.438553, 19.801713], [-16.438558, 19.802255], [-16.438272, 19.802257], [-16.438274, 19.802528], [-16.437988, 19.802531], [-16.437993, 19.803073], [-16.438279, 19.80307], [-16.438282, 19.803341], [-16.438568, 19.803339], [-16.43857, 19.80361], [-16.43628, 19.803628], [-16.436282, 19.803899], [-16.437427, 19.80389], [-16.43743, 19.804161], [-16.438575, 19.804152], [-16.438595, 19.80632], [-16.438881, 19.806318], [-16.438883, 19.806589], [-16.43917, 19.806587], [-16.439172, 19.806858], [-16.4386, 19.806862], [-16.438604, 19.807404], [-16.439463, 19.807397], [-16.439471, 19.80821], [-16.439184, 19.808213], [-16.43918, 19.807671], [-16.438893, 19.807673], [-16.438898, 19.808215], [-16.438612, 19.808217], [-16.438614, 19.808488], [-16.438041, 19.808493], [-16.438044, 19.808764], [-16.437758, 19.808766], [-16.437765, 19.809579], [-16.438051, 19.809577], [-16.438063, 19.810932], [-16.437204, 19.810939], [-16.437199, 19.810397], [-16.436054, 19.810406], [-16.436049, 19.809864], [-16.435763, 19.809867], [-16.435755, 19.809053], [-16.436328, 19.809049], [-16.436321, 19.808236], [-16.436035, 19.808238], [-16.43603, 19.807696], [-16.435743, 19.807698], [-16.435746, 19.807969], [-16.435459, 19.807972], [-16.435462, 19.808243], [-16.434603, 19.80825], [-16.434612, 19.809334], [-16.434899, 19.809331], [-16.434901, 19.809602], [-16.434615, 19.809605], [-16.434617, 19.809876], [-16.434904, 19.809873], [-16.434906, 19.810144], [-16.43462, 19.810147], [-16.434625, 19.810689], [-16.434911, 19.810686], [-16.434913, 19.810958], [-16.435772, 19.810951], [-16.43577, 19.81068], [-16.436056, 19.810677], [-16.436059, 19.810948], [-16.436345, 19.810946], [-16.436343, 19.810675], [-16.436629, 19.810673], [-16.436634, 19.811215], [-16.43692, 19.811212], [-16.436923, 19.811483], [-16.437209, 19.811481], [-16.437212, 19.811752], [-16.436925, 19.811754], [-16.436935, 19.812839], [-16.437221, 19.812836], [-16.437224, 19.813107], [-16.43751, 19.813105], [-16.437508, 19.812834], [-16.437794, 19.812832], [-16.437797, 19.813103], [-16.438369, 19.813098], [-16.438367, 19.812827], [-16.43808, 19.812829], [-16.438078, 19.812558], [-16.438651, 19.812554], [-16.438653, 19.812825], [-16.43894, 19.812822], [-16.438949, 19.813906], [-16.439236, 19.813904], [-16.439238, 19.814175], [-16.439524, 19.814173], [-16.439527, 19.814444], [-16.438954, 19.814449], [-16.438957, 19.81472], [-16.440102, 19.81471], [-16.440105, 19.814981], [-16.439818, 19.814984], [-16.439821, 19.815255], [-16.439534, 19.815257], [-16.439539, 19.815799], [-16.43868, 19.815806], [-16.438682, 19.816077], [-16.438396, 19.816079], [-16.438389, 19.815266], [-16.438102, 19.815269], [-16.4381, 19.814997], [-16.437814, 19.815], [-16.437811, 19.814729], [-16.437525, 19.814731], [-16.43752, 19.814189], [-16.436947, 19.814194], [-16.43695, 19.814465], [-16.436663, 19.814467], [-16.436666, 19.814738], [-16.436379, 19.81474], [-16.436377, 19.814469], [-16.43609, 19.814472], [-16.436086, 19.81393], [-16.435799, 19.813932], [-16.435797, 19.813661], [-16.43551, 19.813663], [-16.435513, 19.813934], [-16.43494, 19.813939], [-16.434943, 19.81421], [-16.435515, 19.814205], [-16.435518, 19.814476], [-16.435804, 19.814474], [-16.435816, 19.815829], [-16.436103, 19.815827], [-16.436095, 19.815014], [-16.436382, 19.815011], [-16.436387, 19.815553], [-16.436673, 19.815551], [-16.436671, 19.81528], [-16.437243, 19.815275], [-16.437248, 19.815817], [-16.436962, 19.81582], [-16.436967, 19.816362], [-16.437253, 19.81636], [-16.437255, 19.816631], [-16.437542, 19.816628], [-16.437544, 19.816899], [-16.437258, 19.816902], [-16.43726, 19.817173], [-16.437547, 19.81717], [-16.437549, 19.817441], [-16.437836, 19.817439], [-16.437848, 19.818794], [-16.437561, 19.818796], [-16.437564, 19.819067], [-16.438137, 19.819063]], [[-16.438413, 19.817976], [-16.438127, 19.817979], [-16.438124, 19.817708], [-16.438411, 19.817705], [-16.438413, 19.817976]], [[-16.439556, 19.817696], [-16.43927, 19.817698], [-16.439267, 19.817427], [-16.439554, 19.817425], [-16.439556, 19.817696]], [[-16.438122, 19.817437], [-16.437836, 19.817439], [-16.437831, 19.816897], [-16.438117, 19.816895], [-16.438122, 19.817437]], [[-16.438692, 19.817161], [-16.438406, 19.817163], [-16.438403, 19.816892], [-16.43869, 19.81689], [-16.438692, 19.817161]], [[-16.443272, 19.816853], [-16.442985, 19.816855], [-16.442978, 19.816042], [-16.443551, 19.816038], [-16.443553, 19.816309], [-16.443267, 19.816311], [-16.443272, 19.816853]], [[-16.440122, 19.816878], [-16.439835, 19.816881], [-16.439833, 19.81661], [-16.440119, 19.816607], [-16.440122, 19.816878]], [[-16.439262, 19.816885], [-16.438976, 19.816888], [-16.438974, 19.816617], [-16.43926, 19.816614], [-16.439262, 19.816885]], [[-16.439833, 19.81661], [-16.439546, 19.816612], [-16.439544, 19.816341], [-16.43983, 19.816339], [-16.439833, 19.81661]], [[-16.438687, 19.816619], [-16.438401, 19.816621], [-16.438398, 19.81635], [-16.438685, 19.816348], [-16.438687, 19.816619]], [[-16.437828, 19.816626], [-16.437542, 19.816628], [-16.437535, 19.815815], [-16.437821, 19.815813], [-16.437823, 19.816084], [-16.43811, 19.816082], [-16.438112, 19.816353], [-16.437826, 19.816355], [-16.437828, 19.816626]], [[-16.439544, 19.816341], [-16.438971, 19.816346], [-16.438969, 19.816075], [-16.439542, 19.81607], [-16.439544, 19.816341]], [[-16.440687, 19.816061], [-16.440114, 19.816065], [-16.440112, 19.815794], [-16.440398, 19.815792], [-16.440396, 19.815521], [-16.440969, 19.815516], [-16.440971, 19.815787], [-16.440685, 19.81579], [-16.440687, 19.816061]], [[-16.444121, 19.815762], [-16.443262, 19.815769], [-16.443255, 19.814956], [-16.443541, 19.814954], [-16.443546, 19.815496], [-16.443832, 19.815493], [-16.443827, 19.814951], [-16.444114, 19.814949], [-16.444121, 19.815762]], [[-16.442968, 19.814958], [-16.442682, 19.814961], [-16.442679, 19.81469], [-16.442966, 19.814687], [-16.442968, 19.814958]], [[-16.440675, 19.814706], [-16.440102, 19.81471], [-16.4401, 19.814439], [-16.440672, 19.814435], [-16.440675, 19.814706]], [[-16.442104, 19.814423], [-16.441818, 19.814425], [-16.441815, 19.814154], [-16.442102, 19.814152], [-16.442104, 19.814423]], [[-16.442675, 19.814147], [-16.442388, 19.81415], [-16.442386, 19.813879], [-16.442099, 19.813881], [-16.442087, 19.812526], [-16.441801, 19.812528], [-16.441796, 19.811986], [-16.442369, 19.811982], [-16.442371, 19.812253], [-16.442657, 19.81225], [-16.44266, 19.812521], [-16.442946, 19.812519], [-16.442944, 19.812248], [-16.44323, 19.812246], [-16.44322, 19.811162], [-16.444938, 19.811148], [-16.444941, 19.811419], [-16.444655, 19.811421], [-16.444657, 19.811692], [-16.443798, 19.811699], [-16.4438, 19.81197], [-16.443514, 19.811972], [-16.443524, 19.813056], [-16.443237, 19.813059], [-16.44324, 19.81333], [-16.443526, 19.813327], [-16.443529, 19.813598], [-16.443242, 19.813601], [-16.443245, 19.813872], [-16.442672, 19.813876], [-16.442675, 19.814147]], [[-16.44067, 19.814164], [-16.440384, 19.814166], [-16.440381, 19.813895], [-16.440667, 19.813893], [-16.44067, 19.814164]], [[-16.444104, 19.813865], [-16.443818, 19.813867], [-16.443815, 19.813596], [-16.444101, 19.813594], [-16.444104, 19.813865]], [[-16.440095, 19.813897], [-16.439808, 19.8139], [-16.439806, 19.813629], [-16.440092, 19.813626], [-16.440095, 19.813897]], [[-16.445242, 19.813043], [-16.444956, 19.813045], [-16.444953, 19.812774], [-16.44524, 19.812772], [-16.445242, 19.813043]], [[-16.440947, 19.813077], [-16.44066, 19.81308], [-16.440655, 19.812538], [-16.440942, 19.812535], [-16.440937, 19.811993], [-16.441223, 19.811991], [-16.44123, 19.812804], [-16.440944, 19.812806], [-16.440947, 19.813077]], [[-16.442072, 19.8109], [-16.441786, 19.810902], [-16.441784, 19.810631], [-16.441211, 19.810636], [-16.441204, 19.809823], [-16.440917, 19.809825], [-16.440915, 19.809554], [-16.441201, 19.809552], [-16.441196, 19.80901], [-16.44091, 19.809012], [-16.440895, 19.807386], [-16.440609, 19.807388], [-16.440606, 19.807117], [-16.440893, 19.807115], [-16.440888, 19.806573], [-16.441174, 19.80657], [-16.441172, 19.806299], [-16.441745, 19.806295], [-16.441752, 19.807108], [-16.442325, 19.807103], [-16.442327, 19.807374], [-16.442613, 19.807372], [-16.442616, 19.807643], [-16.443189, 19.807638], [-16.443191, 19.807909], [-16.442905, 19.807912], [-16.442914, 19.808996], [-16.442628, 19.808998], [-16.442631, 19.809269], [-16.442917, 19.809267], [-16.442919, 19.809538], [-16.443206, 19.809535], [-16.443208, 19.809807], [-16.442922, 19.809809], [-16.442924, 19.81008], [-16.442638, 19.810082], [-16.44264, 19.810353], [-16.442354, 19.810355], [-16.442356, 19.810627], [-16.44207, 19.810629], [-16.442072, 19.8109]], [[-16.439495, 19.810921], [-16.438636, 19.810928], [-16.438634, 19.810657], [-16.439493, 19.81065], [-16.439495, 19.810921]], [[-16.438634, 19.810657], [-16.438347, 19.810659], [-16.438345, 19.810388], [-16.438631, 19.810386], [-16.438634, 19.810657]], [[-16.446936, 19.810318], [-16.446363, 19.810323], [-16.446361, 19.810052], [-16.446074, 19.810054], [-16.446072, 19.809783], [-16.446644, 19.809779], [-16.446647, 19.81005], [-16.446933, 19.810047], [-16.446936, 19.810318]], [[-16.435481, 19.810411], [-16.434909, 19.810415], [-16.434906, 19.810144], [-16.435479, 19.81014], [-16.435481, 19.810411]], [[-16.440039, 19.807664], [-16.439752, 19.807666], [-16.439747, 19.807124], [-16.440034, 19.807122], [-16.440039, 19.807664]], [[-16.443184, 19.807096], [-16.442897, 19.807099], [-16.442895, 19.806828], [-16.442609, 19.80683], [-16.442606, 19.806559], [-16.442033, 19.806564], [-16.442031, 19.806293], [-16.442317, 19.80629], [-16.442312, 19.805748], [-16.442885, 19.805744], [-16.442888, 19.806015], [-16.443174, 19.806012], [-16.443169, 19.80547], [-16.443455, 19.805468], [-16.443463, 19.806281], [-16.443176, 19.806283], [-16.443179, 19.806554], [-16.443465, 19.806552], [-16.443468, 19.806823], [-16.443181, 19.806825], [-16.443184, 19.807096]], [[-16.44489, 19.805727], [-16.444603, 19.80573], [-16.444601, 19.805459], [-16.444887, 19.805456], [-16.44489, 19.805727]], [[-16.445173, 19.805454], [-16.444887, 19.805456], [-16.444882, 19.804914], [-16.445169, 19.804912], [-16.445166, 19.804641], [-16.445452, 19.804639], [-16.445457, 19.805181], [-16.445171, 19.805183], [-16.445173, 19.805454]], [[-16.443169, 19.80547], [-16.442883, 19.805473], [-16.442878, 19.80493], [-16.442591, 19.804933], [-16.442594, 19.805204], [-16.442307, 19.805206], [-16.442305, 19.804935], [-16.442019, 19.804937], [-16.442016, 19.804666], [-16.442303, 19.804664], [-16.4423, 19.804393], [-16.441727, 19.804398], [-16.441725, 19.804127], [-16.442011, 19.804124], [-16.442009, 19.803853], [-16.442582, 19.803849], [-16.442587, 19.804391], [-16.443159, 19.804386], [-16.443162, 19.804657], [-16.443448, 19.804655], [-16.44345, 19.804926], [-16.443164, 19.804928], [-16.443169, 19.80547]], [[-16.442868, 19.803846], [-16.442582, 19.803849], [-16.442579, 19.803578], [-16.442006, 19.803582], [-16.442002, 19.80304], [-16.442288, 19.803038], [-16.44229, 19.803309], [-16.442863, 19.803304], [-16.442868, 19.803846]], [[-16.44172, 19.803585], [-16.441434, 19.803587], [-16.441431, 19.803316], [-16.441145, 19.803318], [-16.441143, 19.803047], [-16.441715, 19.803043], [-16.44172, 19.803585]], [[-16.443149, 19.803302], [-16.442863, 19.803304], [-16.442861, 19.803033], [-16.443147, 19.803031], [-16.443149, 19.803302]], [[-16.444292, 19.803022], [-16.444006, 19.803024], [-16.444001, 19.802482], [-16.444287, 19.80248], [-16.444292, 19.803022]], [[-16.442574, 19.803036], [-16.442288, 19.803038], [-16.442283, 19.802496], [-16.441997, 19.802498], [-16.441994, 19.802227], [-16.442281, 19.802225], [-16.442278, 19.801954], [-16.441992, 19.801956], [-16.441989, 19.801685], [-16.441703, 19.801687], [-16.441701, 19.801416], [-16.441987, 19.801414], [-16.44198, 19.800601], [-16.442266, 19.800599], [-16.442261, 19.800057], [-16.441975, 19.800059], [-16.441972, 19.799788], [-16.442545, 19.799783], [-16.44255, 19.800325], [-16.443123, 19.800321], [-16.443125, 19.800592], [-16.443411, 19.80059], [-16.443416, 19.801132], [-16.44313, 19.801134], [-16.443132, 19.801405], [-16.443705, 19.8014], [-16.44371, 19.801942], [-16.443424, 19.801945], [-16.443426, 19.802216], [-16.442853, 19.80222], [-16.442858, 19.802762], [-16.442572, 19.802765], [-16.442574, 19.803036]], [[-16.44543, 19.802199], [-16.445144, 19.802202], [-16.445142, 19.801931], [-16.445428, 19.801928], [-16.44543, 19.802199]], [[-16.443999, 19.802211], [-16.443712, 19.802213], [-16.44371, 19.801942], [-16.443996, 19.80194], [-16.443999, 19.802211]], [[-16.444853, 19.801662], [-16.443994, 19.801669], [-16.443986, 19.800856], [-16.444559, 19.800851], [-16.444562, 19.801122], [-16.444848, 19.80112], [-16.444853, 19.801662]], [[-16.440269, 19.801428], [-16.439983, 19.80143], [-16.43998, 19.801159], [-16.440266, 19.801157], [-16.440269, 19.801428]], [[-16.440264, 19.800886], [-16.439978, 19.800888], [-16.439975, 19.800617], [-16.440262, 19.800615], [-16.440264, 19.800886]], [[-16.441977, 19.80033], [-16.441691, 19.800332], [-16.441688, 19.800061], [-16.441975, 19.800059], [-16.441977, 19.80033]], [[-16.440259, 19.800344], [-16.439973, 19.800346], [-16.43997, 19.800075], [-16.440257, 19.800073], [-16.440259, 19.800344]], [[-16.441688, 19.800061], [-16.441402, 19.800064], [-16.4414, 19.799793], [-16.441686, 19.79979], [-16.441688, 19.800061]], [[-16.443402, 19.799505], [-16.443115, 19.799508], [-16.443113, 19.799237], [-16.443399, 19.799234], [-16.443402, 19.799505]], [[-16.441965, 19.798975], [-16.441679, 19.798977], [-16.441676, 19.798706], [-16.441963, 19.798704], [-16.441965, 19.798975]], [[-16.441676, 19.798706], [-16.44139, 19.798709], [-16.441385, 19.798167], [-16.441671, 19.798164], [-16.441676, 19.798706]], [[-16.442533, 19.798428], [-16.442246, 19.798431], [-16.442242, 19.797889], [-16.442528, 19.797886], [-16.442533, 19.798428]], [[-16.446253, 19.798127], [-16.445966, 19.798129], [-16.445961, 19.797587], [-16.446248, 19.797585], [-16.446253, 19.798127]], [[-16.445678, 19.797861], [-16.445391, 19.797863], [-16.445389, 19.797592], [-16.445675, 19.79759], [-16.445678, 19.797861]], [[-16.441666, 19.797622], [-16.44138, 19.797624], [-16.441378, 19.797353], [-16.441664, 19.797351], [-16.441666, 19.797622]], [[-16.447359, 19.793782], [-16.447073, 19.793784], [-16.44707, 19.793513], [-16.447356, 19.793511], [-16.447359, 19.793782]]]}, "properties": {"layer": "meadow", "year": 2024, "sat": "S2B", "date": "2024-06-25", "area_ha": 164.43}}, {"type": "Feature", "geometry": {"type": "Polygon", "coordinates": [[[-16.443659, 19.796251], [-16.443656, 19.79598], [-16.44337, 19.795982], [-16.443367, 19.795711], [-16.44394, 19.795707], [-16.443942, 19.795978], [-16.444515, 19.795973], [-16.444513, 19.795702], [-16.445085, 19.795697], [-16.445083, 19.795426], [-16.444797, 19.795429], [-16.444792, 19.794887], [-16.444505, 19.794889], [-16.444503, 19.794618], [-16.444789, 19.794616], [-16.444787, 19.794344], [-16.445073, 19.794342], [-16.445071, 19.794071], [-16.445357, 19.794069], [-16.445355, 19.793798], [-16.444782, 19.793802], [-16.444779, 19.793531], [-16.444493, 19.793534], [-16.444486, 19.792721], [-16.444772, 19.792718], [-16.44477, 19.792447], [-16.445056, 19.792445], [-16.445054, 19.792174], [-16.444481, 19.792179], [-16.444478, 19.791908], [-16.445337, 19.791901], [-16.445335, 19.79163], [-16.445621, 19.791627], [-16.445619, 19.791356], [-16.445905, 19.791354], [-16.4459, 19.790812], [-16.445614, 19.790814], [-16.445612, 19.790543], [-16.445325, 19.790546], [-16.44533, 19.791088], [-16.445044, 19.79109], [-16.445041, 19.790819], [-16.444755, 19.790821], [-16.444762, 19.791634], [-16.44419, 19.791639], [-16.444185, 19.791097], [-16.444471, 19.791095], [-16.444469, 19.790824], [-16.444182, 19.790826], [-16.44418, 19.790555], [-16.444753, 19.79055], [-16.44475, 19.790279], [-16.444464, 19.790281], [-16.444461, 19.79001], [-16.445034, 19.790006], [-16.445029, 19.789464], [-16.444456, 19.789468], [-16.444454, 19.789197], [-16.444168, 19.7892], [-16.44417, 19.789471], [-16.443884, 19.789473], [-16.443889, 19.790015], [-16.443316, 19.79002], [-16.443321, 19.790562], [-16.443607, 19.790559], [-16.443612, 19.791101], [-16.443326, 19.791104], [-16.443328, 19.791375], [-16.443042, 19.791377], [-16.443044, 19.791648], [-16.443331, 19.791646], [-16.443336, 19.792188], [-16.444195, 19.792181], [-16.444197, 19.792452], [-16.443911, 19.792454], [-16.44392, 19.793538], [-16.443634, 19.793541], [-16.443637, 19.793812], [-16.44335, 19.793814], [-16.443353, 19.794085], [-16.443066, 19.794087], [-16.443069, 19.794358], [-16.442782, 19.794361], [-16.44279, 19.795174], [-16.443076, 19.795171], [-16.443079, 19.795442], [-16.442506, 19.795447], [-16.442508, 19.795718], [-16.443081, 19.795713], [-16.443086, 19.796256], [-16.443659, 19.796251]], [[-16.443938, 19.795436], [-16.443365, 19.79544], [-16.443362, 19.795169], [-16.443649, 19.795167], [-16.443646, 19.794896], [-16.443933, 19.794893], [-16.443938, 19.795436]], [[-16.443644, 19.794625], [-16.443358, 19.794627], [-16.443355, 19.794356], [-16.443641, 19.794354], [-16.443644, 19.794625]], [[-16.444177, 19.790284], [-16.443891, 19.790286], [-16.443889, 19.790015], [-16.444175, 19.790013], [-16.444177, 19.790284]]]}, "properties": {"layer": "meadow", "year": 2024, "sat": "S2B", "date": "2024-06-25", "area_ha": 10.53}}, {"type": "Feature", "geometry": {"type": "Polygon", "coordinates": [[[-16.443884, 19.789473], [-16.443881, 19.789202], [-16.444168, 19.7892], [-16.444163, 19.788658], [-16.443304, 19.788665], [-16.443309, 19.789207], [-16.443595, 19.789204], [-16.443597, 19.789475], [-16.443884, 19.789473]]]}, "properties": {"layer": "meadow", "year": 2024, "sat": "S2B", "date": "2024-06-25", "area_ha": 0.63}}, {"type": "Feature", "geometry": {"type": "Polygon", "coordinates": [[[-16.311918, 19.794556], [-16.311914, 19.794014], [-16.311628, 19.794016], [-16.311623, 19.793474], [-16.311337, 19.793476], [-16.311335, 19.793205], [-16.311048, 19.793207], [-16.311044, 19.792665], [-16.311903, 19.792659], [-16.311901, 19.792388], [-16.312187, 19.792386], [-16.312178, 19.791302], [-16.313323, 19.791293], [-16.313321, 19.791022], [-16.313035, 19.791024], [-16.313033, 19.790753], [-16.313319, 19.790751], [-16.313317, 19.79048], [-16.312171, 19.790488], [-16.312174, 19.79076], [-16.311887, 19.790762], [-16.31189, 19.791033], [-16.311603, 19.791035], [-16.311605, 19.791306], [-16.311319, 19.791308], [-16.311321, 19.791579], [-16.311035, 19.791581], [-16.311037, 19.791852], [-16.310178, 19.791858], [-16.310174, 19.791316], [-16.31046, 19.791314], [-16.310453, 19.790501], [-16.310167, 19.790503], [-16.310165, 19.790232], [-16.310451, 19.79023], [-16.310449, 19.789959], [-16.310163, 19.789961], [-16.31016, 19.78969], [-16.309874, 19.789692], [-16.309881, 19.790505], [-16.309594, 19.790507], [-16.309599, 19.791049], [-16.309312, 19.791052], [-16.309315, 19.791323], [-16.309028, 19.791325], [-16.309031, 19.791596], [-16.308744, 19.791598], [-16.308742, 19.791327], [-16.308169, 19.791331], [-16.308172, 19.791602], [-16.308458, 19.7916], [-16.30846, 19.791871], [-16.308174, 19.791873], [-16.308176, 19.792144], [-16.308462, 19.792142], [-16.308467, 19.792684], [-16.308753, 19.792682], [-16.30876, 19.793495], [-16.310478, 19.793482], [-16.31048, 19.793754], [-16.310766, 19.793751], [-16.310769, 19.794022], [-16.311055, 19.79402], [-16.311059, 19.794562], [-16.311918, 19.794556]]]}, "properties": {"layer": "meadow", "year": 2024, "sat": "S2B", "date": "2024-06-25", "area_ha": 11.16}}, {"type": "Feature", "geometry": {"type": "Polygon", "coordinates": [[[-16.442731, 19.788669], [-16.442729, 19.788398], [-16.443301, 19.788394], [-16.443299, 19.788123], [-16.443585, 19.78812], [-16.443583, 19.787849], [-16.44301, 19.787854], [-16.443008, 19.787583], [-16.442721, 19.787585], [-16.442724, 19.787856], [-16.442438, 19.787858], [-16.442445, 19.788672], [-16.442731, 19.788669]]]}, "properties": {"layer": "meadow", "year": 2024, "sat": "S2B", "date": "2024-06-25", "area_ha": 0.81}}, {"type": "Feature", "geometry": {"type": "Polygon", "coordinates": [[[-16.442721, 19.787585], [-16.442717, 19.787043], [-16.443003, 19.787041], [-16.443, 19.78677], [-16.442714, 19.786772], [-16.442712, 19.786501], [-16.442425, 19.786503], [-16.442433, 19.787316], [-16.442146, 19.787319], [-16.442149, 19.78759], [-16.442721, 19.787585]]]}, "properties": {"layer": "meadow", "year": 2024, "sat": "S2B", "date": "2024-06-25", "area_ha": 0.54}}, {"type": "Feature", "geometry": {"type": "Polygon", "coordinates": [[[-16.437582, 19.789253], [-16.43758, 19.788982], [-16.437866, 19.788979], [-16.437864, 19.788708], [-16.439295, 19.788697], [-16.439293, 19.788426], [-16.439579, 19.788424], [-16.439577, 19.788153], [-16.438718, 19.78816], [-16.438715, 19.787888], [-16.438143, 19.787893], [-16.43814, 19.787622], [-16.437854, 19.787624], [-16.437844, 19.78654], [-16.437558, 19.786543], [-16.437556, 19.786272], [-16.437269, 19.786274], [-16.437272, 19.786545], [-16.436985, 19.786547], [-16.43699, 19.787089], [-16.437277, 19.787087], [-16.437286, 19.788171], [-16.437, 19.788173], [-16.437005, 19.788715], [-16.437291, 19.788713], [-16.437296, 19.789255], [-16.437582, 19.789253]], [[-16.437861, 19.788437], [-16.437575, 19.78844], [-16.437573, 19.788169], [-16.437859, 19.788166], [-16.437861, 19.788437]]]}, "properties": {"layer": "meadow", "year": 2024, "sat": "S2B", "date": "2024-06-25", "area_ha": 3.42}}, {"type": "Feature", "geometry": {"type": "Polygon", "coordinates": [[[-16.438703, 19.786533], [-16.438701, 19.786262], [-16.43956, 19.786255], [-16.439557, 19.785984], [-16.439844, 19.785982], [-16.439841, 19.785711], [-16.440128, 19.785709], [-16.440123, 19.785167], [-16.439836, 19.785169], [-16.439834, 19.784898], [-16.439548, 19.7849], [-16.439545, 19.784629], [-16.439831, 19.784627], [-16.439829, 19.784356], [-16.439543, 19.784358], [-16.43954, 19.784087], [-16.438968, 19.784092], [-16.438973, 19.784634], [-16.438686, 19.784636], [-16.438693, 19.785449], [-16.438407, 19.785452], [-16.43841, 19.785723], [-16.438696, 19.78572], [-16.438698, 19.785991], [-16.437839, 19.785998], [-16.437842, 19.786269], [-16.438414, 19.786265], [-16.438417, 19.786536], [-16.438703, 19.786533]]]}, "properties": {"layer": "meadow", "year": 2024, "sat": "S2B", "date": "2024-06-25", "area_ha": 3.06}}, {"type": "Feature", "geometry": {"type": "Polygon", "coordinates": [[[-16.314429, 19.786406], [-16.314427, 19.786135], [-16.315286, 19.786129], [-16.315283, 19.785858], [-16.315856, 19.785854], [-16.315852, 19.785311], [-16.316138, 19.785309], [-16.316131, 19.784496], [-16.316418, 19.784494], [-16.316415, 19.784223], [-16.316129, 19.784225], [-16.316127, 19.783954], [-16.315268, 19.78396], [-16.315272, 19.784503], [-16.313841, 19.784513], [-16.313838, 19.784242], [-16.313552, 19.784244], [-16.31355, 19.783973], [-16.313263, 19.783975], [-16.313261, 19.783704], [-16.312975, 19.783706], [-16.312973, 19.783435], [-16.312686, 19.783437], [-16.31268, 19.782624], [-16.312966, 19.782622], [-16.312964, 19.782351], [-16.31325, 19.782349], [-16.313248, 19.782078], [-16.314393, 19.78207], [-16.314395, 19.782341], [-16.314682, 19.782338], [-16.314677, 19.781796], [-16.314964, 19.781794], [-16.314955, 19.78071], [-16.314668, 19.780712], [-16.314666, 19.780441], [-16.314094, 19.780445], [-16.314091, 19.780174], [-16.313805, 19.780177], [-16.313809, 19.780719], [-16.313523, 19.780721], [-16.313525, 19.780992], [-16.312953, 19.780996], [-16.312957, 19.781538], [-16.312384, 19.781542], [-16.312387, 19.781813], [-16.3121, 19.781815], [-16.312109, 19.782899], [-16.311537, 19.782904], [-16.311539, 19.783175], [-16.311252, 19.783177], [-16.31125, 19.782906], [-16.310105, 19.782914], [-16.310096, 19.78183], [-16.30981, 19.781832], [-16.309812, 19.782103], [-16.309526, 19.782105], [-16.309532, 19.782918], [-16.309246, 19.78292], [-16.309259, 19.784547], [-16.308973, 19.784549], [-16.308975, 19.78482], [-16.309261, 19.784818], [-16.309268, 19.785631], [-16.309554, 19.785629], [-16.309559, 19.786171], [-16.309845, 19.786169], [-16.309847, 19.78644], [-16.310706, 19.786433], [-16.310704, 19.786162], [-16.310991, 19.78616], [-16.310988, 19.785889], [-16.311847, 19.785883], [-16.311852, 19.786425], [-16.312711, 19.786419], [-16.312709, 19.786148], [-16.313854, 19.786139], [-16.313856, 19.78641], [-16.314429, 19.786406]], [[-16.310132, 19.786167], [-16.309845, 19.786169], [-16.309841, 19.785627], [-16.310127, 19.785625], [-16.310132, 19.786167]], [[-16.312134, 19.785881], [-16.311847, 19.785883], [-16.311845, 19.785612], [-16.312131, 19.78561], [-16.312134, 19.785881]]]}, "properties": {"layer": "meadow", "year": 2024, "sat": "S2B", "date": "2024-06-25", "area_ha": 25.74}}, {"type": "Feature", "geometry": {"type": "Polygon", "coordinates": [[[-16.314655, 19.779086], [-16.314639, 19.777189], [-16.314353, 19.777191], [-16.314355, 19.777462], [-16.314069, 19.777464], [-16.314071, 19.777735], [-16.313785, 19.777737], [-16.313787, 19.778008], [-16.31436, 19.778004], [-16.314364, 19.778546], [-16.313792, 19.77855], [-16.313794, 19.778821], [-16.314367, 19.778817], [-16.314369, 19.779088], [-16.314655, 19.779086]]]}, "properties": {"layer": "meadow", "year": 2024, "sat": "S2B", "date": "2024-06-25", "area_ha": 1.08}}, {"type": "Feature", "geometry": {"type": "Polygon", "coordinates": [[[-16.310078, 19.779662], [-16.310076, 19.779391], [-16.310362, 19.779389], [-16.31036, 19.779118], [-16.310933, 19.779113], [-16.310931, 19.778842], [-16.311503, 19.778838], [-16.311506, 19.779109], [-16.311792, 19.779107], [-16.31179, 19.778836], [-16.312362, 19.778832], [-16.31236, 19.778561], [-16.313505, 19.778552], [-16.313496, 19.777468], [-16.313783, 19.777466], [-16.313781, 19.777195], [-16.312922, 19.777201], [-16.312924, 19.777472], [-16.312638, 19.777475], [-16.312635, 19.777204], [-16.312349, 19.777206], [-16.312351, 19.777477], [-16.312065, 19.777479], [-16.312063, 19.777208], [-16.31149, 19.777212], [-16.311492, 19.777483], [-16.31092, 19.777487], [-16.310917, 19.777216], [-16.310058, 19.777222], [-16.310061, 19.777493], [-16.309774, 19.777496], [-16.309779, 19.778038], [-16.309492, 19.77804], [-16.309497, 19.778582], [-16.309211, 19.778584], [-16.309215, 19.779126], [-16.309501, 19.779124], [-16.309506, 19.779666], [-16.310078, 19.779662]]]}, "properties": {"layer": "meadow", "year": 2024, "sat": "S2B", "date": "2024-06-25", "area_ha": 7.74}}, {"type": "Feature", "geometry": {"type": "Polygon", "coordinates": [[[-16.312618, 19.775035], [-16.312615, 19.774764], [-16.313188, 19.77476], [-16.313183, 19.774218], [-16.31347, 19.774216], [-16.313456, 19.77259], [-16.312598, 19.772596], [-16.312602, 19.773138], [-16.312316, 19.77314], [-16.312318, 19.773411], [-16.311745, 19.773415], [-16.311747, 19.773686], [-16.311461, 19.773688], [-16.311466, 19.774231], [-16.311179, 19.774233], [-16.311182, 19.774504], [-16.311754, 19.774499], [-16.311756, 19.77477], [-16.312043, 19.774768], [-16.312045, 19.775039], [-16.312618, 19.775035]]]}, "properties": {"layer": "meadow", "year": 2024, "sat": "S2B", "date": "2024-06-25", "area_ha": 3.96}}, {"type": "Feature", "geometry": {"type": "Polygon", "coordinates": [[[-16.277097, 19.773124], [-16.277093, 19.772582], [-16.277666, 19.772578], [-16.277657, 19.771494], [-16.277371, 19.771496], [-16.277366, 19.770954], [-16.27708, 19.770956], [-16.277076, 19.770414], [-16.276789, 19.770416], [-16.276802, 19.772042], [-16.276516, 19.772044], [-16.276518, 19.772315], [-16.275946, 19.772319], [-16.275948, 19.77259], [-16.275661, 19.772592], [-16.275666, 19.773134], [-16.277097, 19.773124]]]}, "properties": {"layer": "meadow", "year": 2024, "sat": "S2B", "date": "2024-06-25", "area_ha": 2.88}}, {"type": "Feature", "geometry": {"type": "Polygon", "coordinates": [[[-16.335225, 19.773513], [-16.33522, 19.772971], [-16.334934, 19.772973], [-16.334925, 19.771889], [-16.335211, 19.771886], [-16.335218, 19.7727], [-16.335504, 19.772697], [-16.335507, 19.772968], [-16.335793, 19.772966], [-16.335791, 19.772695], [-16.337222, 19.772685], [-16.337218, 19.772143], [-16.337504, 19.77214], [-16.337502, 19.771869], [-16.337788, 19.771867], [-16.337786, 19.771596], [-16.338072, 19.771594], [-16.33807, 19.771323], [-16.338356, 19.771321], [-16.338352, 19.770779], [-16.338065, 19.770781], [-16.338068, 19.771052], [-16.337495, 19.771056], [-16.33749, 19.770514], [-16.337204, 19.770516], [-16.337197, 19.769703], [-16.336911, 19.769705], [-16.336916, 19.770247], [-16.336629, 19.77025], [-16.336631, 19.770521], [-16.336345, 19.770523], [-16.336347, 19.770794], [-16.335489, 19.7708], [-16.335491, 19.771071], [-16.334918, 19.771075], [-16.334923, 19.771618], [-16.334636, 19.77162], [-16.334639, 19.771891], [-16.334352, 19.771893], [-16.334355, 19.772164], [-16.334068, 19.772166], [-16.334071, 19.772437], [-16.333784, 19.772439], [-16.333786, 19.77271], [-16.3335, 19.772712], [-16.333502, 19.772983], [-16.333216, 19.772986], [-16.333214, 19.772714], [-16.332928, 19.772717], [-16.332925, 19.772446], [-16.332353, 19.77245], [-16.33235, 19.772179], [-16.332064, 19.772181], [-16.33206, 19.771639], [-16.331487, 19.771643], [-16.331485, 19.771372], [-16.331198, 19.771374], [-16.331196, 19.771103], [-16.33091, 19.771105], [-16.330917, 19.771918], [-16.331203, 19.771916], [-16.331207, 19.772458], [-16.331494, 19.772456], [-16.331496, 19.772727], [-16.332069, 19.772723], [-16.332071, 19.772994], [-16.33293, 19.772988], [-16.332932, 19.773259], [-16.334364, 19.773248], [-16.334366, 19.773519], [-16.335225, 19.773513]], [[-16.335784, 19.771882], [-16.335211, 19.771886], [-16.335209, 19.771615], [-16.335495, 19.771613], [-16.335493, 19.771342], [-16.335779, 19.77134], [-16.335784, 19.771882]]]}, "properties": {"layer": "meadow", "year": 2024, "sat": "S2B", "date": "2024-06-25", "area_ha": 10.62}}, {"type": "Feature", "geometry": {"type": "Polygon", "coordinates": [[[-16.330331, 19.770297], [-16.330326, 19.769754], [-16.33004, 19.769757], [-16.330038, 19.769486], [-16.329179, 19.769492], [-16.329176, 19.769221], [-16.32889, 19.769223], [-16.328892, 19.769494], [-16.328606, 19.769496], [-16.328608, 19.769767], [-16.329181, 19.769763], [-16.329183, 19.770034], [-16.329756, 19.77003], [-16.329758, 19.770301], [-16.330331, 19.770297]]]}, "properties": {"layer": "meadow", "year": 2024, "sat": "S2B", "date": "2024-06-25", "area_ha": 1.08}}, {"type": "Feature", "geometry": {"type": "Polygon", "coordinates": [[[-16.309404, 19.767198], [-16.309399, 19.766656], [-16.308827, 19.76666], [-16.308825, 19.766389], [-16.308252, 19.766394], [-16.308259, 19.767207], [-16.309404, 19.767198]]]}, "properties": {"layer": "meadow", "year": 2024, "sat": "S2B", "date": "2024-06-25", "area_ha": 0.9}}, {"type": "Feature", "geometry": {"type": "Polygon", "coordinates": [[[-16.344332, 19.766939], [-16.34433, 19.766668], [-16.344902, 19.766664], [-16.344891, 19.765309], [-16.344605, 19.765311], [-16.344598, 19.764498], [-16.344312, 19.7645], [-16.344309, 19.764229], [-16.343164, 19.764238], [-16.343162, 19.763966], [-16.342303, 19.763973], [-16.342301, 19.763702], [-16.341156, 19.76371], [-16.34116, 19.764253], [-16.341446, 19.76425], [-16.341449, 19.764521], [-16.341735, 19.764519], [-16.34174, 19.765061], [-16.342026, 19.765059], [-16.342028, 19.76533], [-16.342314, 19.765328], [-16.342317, 19.765599], [-16.343176, 19.765593], [-16.343185, 19.766677], [-16.344043, 19.76667], [-16.344046, 19.766941], [-16.344332, 19.766939]], [[-16.344041, 19.766399], [-16.343755, 19.766401], [-16.343753, 19.76613], [-16.344039, 19.766128], [-16.344041, 19.766399]], [[-16.344321, 19.765584], [-16.344034, 19.765586], [-16.344032, 19.765315], [-16.344318, 19.765313], [-16.344321, 19.765584]], [[-16.34288, 19.764511], [-16.342594, 19.764513], [-16.342592, 19.764242], [-16.342878, 19.76424], [-16.34288, 19.764511]]]}, "properties": {"layer": "meadow", "year": 2024, "sat": "S2B", "date": "2024-06-25", "area_ha": 7.29}}, {"type": "Feature", "geometry": {"type": "Polygon", "coordinates": [[[-16.328315, 19.768956], [-16.328313, 19.768685], [-16.329172, 19.768679], [-16.329167, 19.768137], [-16.329454, 19.768135], [-16.329456, 19.768406], [-16.330315, 19.768399], [-16.330317, 19.76867], [-16.331462, 19.768662], [-16.33146, 19.768391], [-16.331746, 19.768389], [-16.33174, 19.767576], [-16.332026, 19.767573], [-16.332024, 19.767302], [-16.33231, 19.7673], [-16.332308, 19.767029], [-16.33288, 19.767025], [-16.332885, 19.767567], [-16.333171, 19.767565], [-16.333169, 19.767294], [-16.333455, 19.767292], [-16.333453, 19.767021], [-16.333739, 19.767019], [-16.333735, 19.766476], [-16.334307, 19.766472], [-16.334305, 19.766201], [-16.333732, 19.766205], [-16.333728, 19.765663], [-16.334014, 19.765661], [-16.334012, 19.76539], [-16.334298, 19.765388], [-16.334296, 19.765117], [-16.334869, 19.765113], [-16.334864, 19.764571], [-16.33515, 19.764569], [-16.335148, 19.764297], [-16.334289, 19.764304], [-16.334291, 19.764575], [-16.334005, 19.764577], [-16.333998, 19.763764], [-16.334285, 19.763762], [-16.334282, 19.763491], [-16.334569, 19.763489], [-16.334566, 19.763218], [-16.333994, 19.763222], [-16.333996, 19.763493], [-16.33371, 19.763495], [-16.333717, 19.764308], [-16.33343, 19.76431], [-16.333428, 19.764039], [-16.333142, 19.764041], [-16.33314, 19.76377], [-16.332281, 19.763777], [-16.332278, 19.763506], [-16.330561, 19.763519], [-16.330558, 19.763247], [-16.330845, 19.763245], [-16.330842, 19.762974], [-16.329697, 19.762983], [-16.3297, 19.763254], [-16.328554, 19.763262], [-16.328557, 19.763533], [-16.32827, 19.763536], [-16.328273, 19.763807], [-16.327986, 19.763809], [-16.327989, 19.76408], [-16.32713, 19.764086], [-16.327121, 19.763002], [-16.326262, 19.763008], [-16.326266, 19.76355], [-16.325407, 19.763557], [-16.325405, 19.763286], [-16.325119, 19.763288], [-16.325117, 19.763017], [-16.32483, 19.763019], [-16.324828, 19.762748], [-16.323969, 19.762754], [-16.323967, 19.762483], [-16.323681, 19.762485], [-16.323683, 19.762756], [-16.323397, 19.762758], [-16.323399, 19.76303], [-16.323113, 19.763032], [-16.323119, 19.763845], [-16.323406, 19.763843], [-16.32341, 19.764385], [-16.323696, 19.764383], [-16.323699, 19.764654], [-16.323985, 19.764651], [-16.323989, 19.765194], [-16.325135, 19.765185], [-16.325137, 19.765456], [-16.325423, 19.765454], [-16.325421, 19.765183], [-16.325707, 19.765181], [-16.325705, 19.76491], [-16.325991, 19.764908], [-16.325993, 19.765179], [-16.32628, 19.765177], [-16.326282, 19.765448], [-16.327427, 19.765439], [-16.327425, 19.765168], [-16.327711, 19.765166], [-16.327709, 19.764895], [-16.327995, 19.764893], [-16.327998, 19.765164], [-16.329143, 19.765155], [-16.329145, 19.765426], [-16.329431, 19.765424], [-16.329433, 19.765695], [-16.329147, 19.765697], [-16.329149, 19.765968], [-16.328577, 19.765973], [-16.328575, 19.765702], [-16.328288, 19.765704], [-16.328291, 19.765975], [-16.328004, 19.765977], [-16.328002, 19.765706], [-16.327716, 19.765708], [-16.327718, 19.765979], [-16.327432, 19.765981], [-16.327436, 19.766523], [-16.32715, 19.766525], [-16.327152, 19.766796], [-16.326866, 19.766799], [-16.32687, 19.767341], [-16.326584, 19.767343], [-16.326588, 19.767885], [-16.326875, 19.767883], [-16.326879, 19.768425], [-16.327166, 19.768423], [-16.32717, 19.768965], [-16.328315, 19.768956]], [[-16.333442, 19.765665], [-16.333155, 19.765668], [-16.333153, 19.765397], [-16.333439, 19.765394], [-16.333442, 19.765665]], [[-16.332296, 19.765674], [-16.33201, 19.765676], [-16.332008, 19.765405], [-16.332294, 19.765403], [-16.332296, 19.765674]], [[-16.33258, 19.765401], [-16.332294, 19.765403], [-16.33229, 19.764861], [-16.332576, 19.764859], [-16.332574, 19.764588], [-16.333146, 19.764583], [-16.333151, 19.765126], [-16.332578, 19.76513], [-16.33258, 19.765401]], [[-16.330274, 19.763521], [-16.329702, 19.763525], [-16.3297, 19.763254], [-16.330272, 19.76325], [-16.330274, 19.763521]]]}, "properties": {"layer": "meadow", "year": 2024, "sat": "S2B", "date": "2024-06-25", "area_ha": 44.82}}, {"type": "Feature", "geometry": {"type": "Polygon", "coordinates": [[[-16.327693, 19.762998], [-16.327691, 19.762727], [-16.327977, 19.762725], [-16.327973, 19.762182], [-16.326828, 19.762191], [-16.32683, 19.762462], [-16.327116, 19.76246], [-16.327118, 19.762731], [-16.327405, 19.762729], [-16.327407, 19.763], [-16.327693, 19.762998]]]}, "properties": {"layer": "meadow", "year": 2024, "sat": "S2B", "date": "2024-06-25", "area_ha": 0.72}}, {"type": "Feature", "geometry": {"type": "Polygon", "coordinates": [[[-16.335139, 19.763213], [-16.335137, 19.762942], [-16.335423, 19.76294], [-16.335421, 19.762669], [-16.335993, 19.762665], [-16.335987, 19.761852], [-16.336273, 19.76185], [-16.336268, 19.761308], [-16.337127, 19.761301], [-16.337123, 19.760759], [-16.337409, 19.760757], [-16.337407, 19.760486], [-16.336834, 19.76049], [-16.336836, 19.760761], [-16.33655, 19.760763], [-16.336552, 19.761034], [-16.335407, 19.761043], [-16.335412, 19.761585], [-16.335125, 19.761587], [-16.335128, 19.761858], [-16.334555, 19.761862], [-16.334562, 19.762676], [-16.334276, 19.762678], [-16.334278, 19.762949], [-16.33485, 19.762944], [-16.334853, 19.763216], [-16.335139, 19.763213]]]}, "properties": {"layer": "meadow", "year": 2024, "sat": "S2B", "date": "2024-06-25", "area_ha": 3.33}}, {"type": "Feature", "geometry": {"type": "Polygon", "coordinates": [[[-16.340874, 19.764255], [-16.340865, 19.763171], [-16.341437, 19.763166], [-16.341435, 19.762895], [-16.341721, 19.762893], [-16.341724, 19.763164], [-16.342296, 19.76316], [-16.342292, 19.762618], [-16.342005, 19.76262], [-16.342001, 19.762078], [-16.341715, 19.76208], [-16.341712, 19.761809], [-16.340281, 19.76182], [-16.340272, 19.760736], [-16.339986, 19.760738], [-16.339977, 19.759654], [-16.33969, 19.759656], [-16.339692, 19.759927], [-16.339406, 19.759929], [-16.339411, 19.760471], [-16.339124, 19.760473], [-16.33914, 19.76237], [-16.339427, 19.762368], [-16.339433, 19.763181], [-16.340006, 19.763177], [-16.34001, 19.763719], [-16.340297, 19.763717], [-16.340299, 19.763988], [-16.340585, 19.763986], [-16.340588, 19.764257], [-16.340874, 19.764255]]]}, "properties": {"layer": "meadow", "year": 2024, "sat": "S2B", "date": "2024-06-25", "area_ha": 7.2}}, {"type": "Feature", "geometry": {"type": "Polygon", "coordinates": [[[-16.27562, 19.767442], [-16.275618, 19.767171], [-16.275905, 19.767169], [-16.275898, 19.766356], [-16.276184, 19.766354], [-16.276187, 19.766625], [-16.276759, 19.766621], [-16.276755, 19.766079], [-16.277327, 19.766075], [-16.277325, 19.765804], [-16.277898, 19.7658], [-16.277894, 19.765258], [-16.277607, 19.76526], [-16.277603, 19.764718], [-16.277317, 19.76472], [-16.277314, 19.764449], [-16.277601, 19.764447], [-16.277596, 19.763904], [-16.277883, 19.763902], [-16.277881, 19.763631], [-16.277594, 19.763633], [-16.277588, 19.76282], [-16.277874, 19.762818], [-16.277868, 19.762005], [-16.278154, 19.762003], [-16.278152, 19.761732], [-16.278724, 19.761728], [-16.27872, 19.761186], [-16.279006, 19.761184], [-16.279004, 19.760913], [-16.27929, 19.760911], [-16.279286, 19.760369], [-16.279572, 19.760367], [-16.279568, 19.759825], [-16.279854, 19.759823], [-16.27985, 19.75928], [-16.280136, 19.759278], [-16.280132, 19.758736], [-16.280418, 19.758734], [-16.280416, 19.758463], [-16.28013, 19.758465], [-16.280123, 19.757652], [-16.280696, 19.757648], [-16.280694, 19.757377], [-16.280407, 19.757379], [-16.280405, 19.757108], [-16.280692, 19.757106], [-16.280689, 19.756835], [-16.280403, 19.756837], [-16.280401, 19.756566], [-16.280115, 19.756568], [-16.280113, 19.756297], [-16.279826, 19.756299], [-16.279824, 19.756028], [-16.279538, 19.75603], [-16.27954, 19.756301], [-16.278967, 19.756305], [-16.27897, 19.756576], [-16.278683, 19.756578], [-16.278688, 19.75712], [-16.278401, 19.757122], [-16.278403, 19.757393], [-16.278117, 19.757395], [-16.278122, 19.757938], [-16.277835, 19.75794], [-16.277837, 19.758211], [-16.277551, 19.758213], [-16.277553, 19.758484], [-16.278698, 19.758476], [-16.278701, 19.758747], [-16.278414, 19.758749], [-16.278421, 19.759562], [-16.277848, 19.759566], [-16.277859, 19.760921], [-16.277573, 19.760923], [-16.277577, 19.761465], [-16.277291, 19.761467], [-16.277297, 19.76228], [-16.277011, 19.762282], [-16.277013, 19.762553], [-16.27644, 19.762557], [-16.276443, 19.762829], [-16.27587, 19.762833], [-16.275872, 19.763104], [-16.275586, 19.763106], [-16.275588, 19.763377], [-16.275015, 19.763381], [-16.27502, 19.763923], [-16.274733, 19.763925], [-16.274736, 19.764196], [-16.275022, 19.764194], [-16.275024, 19.764465], [-16.274738, 19.764467], [-16.274746, 19.765551], [-16.275033, 19.765549], [-16.275035, 19.76582], [-16.275321, 19.765818], [-16.275323, 19.766089], [-16.275037, 19.766091], [-16.275046, 19.767175], [-16.274759, 19.767177], [-16.274761, 19.767448], [-16.27562, 19.767442]], [[-16.277321, 19.765262], [-16.277035, 19.765264], [-16.277032, 19.764993], [-16.277319, 19.764991], [-16.277321, 19.765262]], [[-16.279267, 19.757929], [-16.27898, 19.757931], [-16.278976, 19.757389], [-16.279835, 19.757383], [-16.279837, 19.757654], [-16.279264, 19.757658], [-16.279267, 19.757929]], [[-16.280121, 19.757381], [-16.279835, 19.757383], [-16.279828, 19.75657], [-16.280115, 19.756568], [-16.280121, 19.757381]]]}, "properties": {"layer": "meadow", "year": 2024, "sat": "S2B", "date": "2024-06-25", "area_ha": 23.13}}, {"type": "Feature", "geometry": {"type": "Polygon", "coordinates": [[[-16.340815, 19.757208], [-16.34081, 19.756666], [-16.341383, 19.756661], [-16.341381, 19.75639], [-16.340808, 19.756395], [-16.340806, 19.756124], [-16.341092, 19.756122], [-16.34109, 19.755851], [-16.341376, 19.755848], [-16.341372, 19.755306], [-16.341658, 19.755304], [-16.341644, 19.753678], [-16.341072, 19.753682], [-16.341074, 19.753953], [-16.340502, 19.753958], [-16.340504, 19.754229], [-16.340218, 19.754231], [-16.34022, 19.754502], [-16.339647, 19.754506], [-16.339649, 19.754777], [-16.340795, 19.754769], [-16.340797, 19.75504], [-16.339079, 19.755052], [-16.339081, 19.755323], [-16.338795, 19.755326], [-16.338793, 19.755055], [-16.33822, 19.755059], [-16.338218, 19.754788], [-16.337932, 19.75479], [-16.33793, 19.754519], [-16.337357, 19.754523], [-16.337359, 19.754794], [-16.337073, 19.754796], [-16.337078, 19.755338], [-16.33765, 19.755334], [-16.337652, 19.755605], [-16.33708, 19.755609], [-16.337082, 19.75588], [-16.337368, 19.755878], [-16.337371, 19.756149], [-16.338229, 19.756143], [-16.338227, 19.755872], [-16.339372, 19.755863], [-16.339375, 19.756134], [-16.339661, 19.756132], [-16.339663, 19.756403], [-16.339949, 19.756401], [-16.339954, 19.756943], [-16.34024, 19.756941], [-16.340242, 19.757212], [-16.340815, 19.757208]], [[-16.341367, 19.754764], [-16.341081, 19.754766], [-16.341076, 19.754224], [-16.341363, 19.754222], [-16.341367, 19.754764]]]}, "properties": {"layer": "meadow", "year": 2024, "sat": "S2B", "date": "2024-06-25", "area_ha": 8.19}}, {"type": "Feature", "geometry": {"type": "Polygon", "coordinates": [[[-16.34854, 19.756608], [-16.348538, 19.756337], [-16.348824, 19.756334], [-16.348822, 19.756063], [-16.349394, 19.756059], [-16.349387, 19.755246], [-16.349674, 19.755244], [-16.349669, 19.754702], [-16.350242, 19.754698], [-16.350235, 19.753884], [-16.350521, 19.753882], [-16.350516, 19.75334], [-16.35023, 19.753342], [-16.350232, 19.753613], [-16.349946, 19.753616], [-16.349951, 19.754158], [-16.349664, 19.75416], [-16.349667, 19.754431], [-16.34938, 19.754433], [-16.349385, 19.754975], [-16.349099, 19.754977], [-16.349101, 19.755248], [-16.348815, 19.75525], [-16.348817, 19.755521], [-16.348531, 19.755524], [-16.348533, 19.755795], [-16.348247, 19.755797], [-16.348251, 19.756339], [-16.347965, 19.756341], [-16.347967, 19.756612], [-16.34854, 19.756608]]]}, "properties": {"layer": "meadow", "year": 2024, "sat": "S2B", "date": "2024-06-25", "area_ha": 2.25}}, {"type": "Feature", "geometry": {"type": "Polygon", "coordinates": [[[-16.4364, 19.753214], [-16.436398, 19.752943], [-16.436684, 19.75294], [-16.436679, 19.752398], [-16.436393, 19.752401], [-16.436395, 19.752672], [-16.435823, 19.752676], [-16.435825, 19.752947], [-16.434394, 19.752959], [-16.434396, 19.75323], [-16.4364, 19.753214]]]}, "properties": {"layer": "meadow", "year": 2024, "sat": "S2B", "date": "2024-06-25", "area_ha": 0.99}}, {"type": "Feature", "geometry": {"type": "Polygon", "coordinates": [[[-16.294127, 19.75457], [-16.294123, 19.754028], [-16.294409, 19.754026], [-16.294407, 19.753755], [-16.294121, 19.753757], [-16.294118, 19.753486], [-16.293832, 19.753488], [-16.293834, 19.753759], [-16.293548, 19.753761], [-16.29355, 19.754032], [-16.293264, 19.754034], [-16.293266, 19.754305], [-16.293552, 19.754303], [-16.293555, 19.754574], [-16.294127, 19.75457]]]}, "properties": {"layer": "meadow", "year": 2024, "sat": "S2B", "date": "2024-06-25", "area_ha": 0.81}}, {"type": "Feature", "geometry": {"type": "Polygon", "coordinates": [[[-16.346799, 19.75391], [-16.346797, 19.753639], [-16.347083, 19.753637], [-16.347081, 19.753366], [-16.347367, 19.753364], [-16.347363, 19.752822], [-16.347077, 19.752824], [-16.347079, 19.753095], [-16.34622, 19.753102], [-16.346225, 19.753644], [-16.345938, 19.753646], [-16.345941, 19.753917], [-16.346799, 19.75391]]]}, "properties": {"layer": "meadow", "year": 2024, "sat": "S2B", "date": "2024-06-25", "area_ha": 0.99}}, {"type": "Feature", "geometry": {"type": "Polygon", "coordinates": [[[-16.343928, 19.752848], [-16.343925, 19.752577], [-16.344212, 19.752574], [-16.344209, 19.752303], [-16.344496, 19.752301], [-16.344491, 19.751759], [-16.344205, 19.751761], [-16.344207, 19.752032], [-16.343921, 19.752035], [-16.343923, 19.752306], [-16.343637, 19.752308], [-16.343641, 19.75285], [-16.343928, 19.752848]]]}, "properties": {"layer": "meadow", "year": 2024, "sat": "S2B", "date": "2024-06-25", "area_ha": 0.54}}, {"type": "Feature", "geometry": {"type": "Polygon", "coordinates": [[[-16.336512, 19.756156], [-16.336503, 19.755072], [-16.336216, 19.755074], [-16.336212, 19.754532], [-16.335639, 19.754536], [-16.335635, 19.753994], [-16.335349, 19.753996], [-16.335346, 19.753725], [-16.334774, 19.753729], [-16.334772, 19.753458], [-16.334199, 19.753463], [-16.334195, 19.75292], [-16.333908, 19.752923], [-16.333906, 19.752652], [-16.33362, 19.752654], [-16.333617, 19.752383], [-16.333331, 19.752385], [-16.333329, 19.752114], [-16.333043, 19.752116], [-16.333038, 19.751574], [-16.332752, 19.751576], [-16.33275, 19.751305], [-16.332463, 19.751307], [-16.33247, 19.75212], [-16.332756, 19.752118], [-16.332759, 19.752389], [-16.333045, 19.752387], [-16.333047, 19.752658], [-16.333333, 19.752656], [-16.333336, 19.752927], [-16.333622, 19.752925], [-16.333624, 19.753196], [-16.332765, 19.753202], [-16.332763, 19.752931], [-16.332477, 19.752933], [-16.332475, 19.752662], [-16.332188, 19.752664], [-16.332186, 19.752393], [-16.331614, 19.752398], [-16.331618, 19.75294], [-16.331904, 19.752938], [-16.331907, 19.753209], [-16.332193, 19.753206], [-16.332195, 19.753477], [-16.332481, 19.753475], [-16.332486, 19.754017], [-16.3322, 19.75402], [-16.332206, 19.754833], [-16.33192, 19.754835], [-16.331922, 19.755106], [-16.331636, 19.755108], [-16.331638, 19.755379], [-16.331352, 19.755381], [-16.331357, 19.755923], [-16.331643, 19.755921], [-16.331645, 19.756192], [-16.336512, 19.756156]], [[-16.332495, 19.755102], [-16.332209, 19.755104], [-16.332206, 19.754833], [-16.332493, 19.754831], [-16.332495, 19.755102]], [[-16.332779, 19.754828], [-16.332493, 19.754831], [-16.332488, 19.754288], [-16.332774, 19.754286], [-16.332779, 19.754828]], [[-16.33449, 19.754002], [-16.334204, 19.754005], [-16.334201, 19.753734], [-16.334488, 19.753731], [-16.33449, 19.754002]]]}, "properties": {"layer": "meadow", "year": 2024, "sat": "S2B", "date": "2024-06-25", "area_ha": 14.85}}, {"type": "Feature", "geometry": {"type": "Polygon", "coordinates": [[[-16.279497, 19.75088], [-16.279495, 19.750609], [-16.279781, 19.750607], [-16.279779, 19.750336], [-16.280065, 19.750334], [-16.280061, 19.749792], [-16.280347, 19.74979], [-16.28034, 19.748977], [-16.280054, 19.748979], [-16.280058, 19.749521], [-16.279772, 19.749523], [-16.279774, 19.749794], [-16.279488, 19.749796], [-16.279492, 19.750338], [-16.279206, 19.75034], [-16.27921, 19.750882], [-16.279497, 19.75088]]]}, "properties": {"layer": "meadow", "year": 2024, "sat": "S2B", "date": "2024-06-25", "area_ha": 0.99}}, {"type": "Feature", "geometry": {"type": "Polygon", "coordinates": [[[-16.342808, 19.755838], [-16.342805, 19.755567], [-16.343092, 19.755564], [-16.343089, 19.755293], [-16.343376, 19.755291], [-16.343373, 19.75502], [-16.34366, 19.755018], [-16.343657, 19.754747], [-16.343944, 19.754745], [-16.343941, 19.754474], [-16.344228, 19.754472], [-16.344225, 19.754201], [-16.344512, 19.754199], [-16.344509, 19.753928], [-16.345082, 19.753923], [-16.34508, 19.753652], [-16.345366, 19.75365], [-16.345368, 19.753921], [-16.345654, 19.753919], [-16.345645, 19.752835], [-16.345932, 19.752833], [-16.345929, 19.752562], [-16.346216, 19.752559], [-16.346213, 19.752288], [-16.3465, 19.752286], [-16.346497, 19.752015], [-16.346784, 19.752013], [-16.346779, 19.751471], [-16.347065, 19.751469], [-16.347061, 19.750927], [-16.347633, 19.750922], [-16.347631, 19.750651], [-16.348776, 19.750643], [-16.348771, 19.750101], [-16.349058, 19.750099], [-16.349055, 19.749828], [-16.349342, 19.749825], [-16.349339, 19.749554], [-16.349626, 19.749552], [-16.349621, 19.74901], [-16.349907, 19.749008], [-16.349903, 19.748466], [-16.350189, 19.748464], [-16.350185, 19.747922], [-16.35133, 19.747913], [-16.351325, 19.747371], [-16.351039, 19.747373], [-16.351034, 19.746831], [-16.350748, 19.746833], [-16.350746, 19.746562], [-16.351032, 19.74656], [-16.35103, 19.746289], [-16.351316, 19.746287], [-16.351311, 19.745745], [-16.351025, 19.745747], [-16.351027, 19.746018], [-16.350741, 19.74602], [-16.350737, 19.745478], [-16.351023, 19.745476], [-16.351021, 19.745205], [-16.350448, 19.745209], [-16.35045, 19.74548], [-16.350164, 19.745482], [-16.350171, 19.746296], [-16.349885, 19.746298], [-16.349887, 19.746569], [-16.349601, 19.746571], [-16.349605, 19.747113], [-16.349891, 19.747111], [-16.349896, 19.747653], [-16.34961, 19.747655], [-16.349617, 19.748468], [-16.34933, 19.74847], [-16.349335, 19.749012], [-16.349049, 19.749014], [-16.349051, 19.749285], [-16.348765, 19.749288], [-16.348767, 19.749559], [-16.348194, 19.749563], [-16.348199, 19.750105], [-16.34734, 19.750112], [-16.347345, 19.750654], [-16.346772, 19.750658], [-16.34677, 19.750387], [-16.346484, 19.750389], [-16.346486, 19.75066], [-16.3462, 19.750662], [-16.346202, 19.750933], [-16.345916, 19.750935], [-16.345918, 19.751206], [-16.345632, 19.751209], [-16.345634, 19.75148], [-16.345348, 19.751482], [-16.34535, 19.751753], [-16.345064, 19.751755], [-16.345066, 19.752026], [-16.34478, 19.752028], [-16.344782, 19.752299], [-16.344496, 19.752301], [-16.344498, 19.752572], [-16.344212, 19.752574], [-16.344214, 19.752846], [-16.343928, 19.752848], [-16.34393, 19.753119], [-16.343644, 19.753121], [-16.343648, 19.753663], [-16.343362, 19.753665], [-16.343364, 19.753936], [-16.343078, 19.753938], [-16.343082, 19.75448], [-16.342796, 19.754482], [-16.342801, 19.755025], [-16.342514, 19.755027], [-16.342521, 19.75584], [-16.342808, 19.755838]]]}, "properties": {"layer": "meadow", "year": 2024, "sat": "S2B", "date": "2024-06-25", "area_ha": 14.58}}, {"type": "Feature", "geometry": {"type": "Polygon", "coordinates": [[[-16.484983, 19.744144], [-16.484981, 19.743873], [-16.485267, 19.743871], [-16.485265, 19.7436], [-16.483547, 19.743614], [-16.48355, 19.743885], [-16.484122, 19.74388], [-16.484125, 19.744151], [-16.484983, 19.744144]]]}, "properties": {"layer": "meadow", "year": 2024, "sat": "S2B", "date": "2024-06-25", "area_ha": 0.81}}, {"type": "Feature", "geometry": {"type": "Polygon", "coordinates": [[[-16.351598, 19.745743], [-16.351595, 19.745472], [-16.351882, 19.745469], [-16.351879, 19.745198], [-16.352166, 19.745196], [-16.352168, 19.745467], [-16.352454, 19.745465], [-16.352452, 19.745194], [-16.352738, 19.745192], [-16.352729, 19.744108], [-16.353015, 19.744106], [-16.353011, 19.743564], [-16.353297, 19.743561], [-16.353292, 19.743019], [-16.353006, 19.743022], [-16.353001, 19.742479], [-16.352715, 19.742482], [-16.352713, 19.742211], [-16.352427, 19.742213], [-16.352431, 19.742755], [-16.351859, 19.742759], [-16.351863, 19.743301], [-16.351291, 19.743306], [-16.351295, 19.743848], [-16.351009, 19.74385], [-16.351014, 19.744392], [-16.350727, 19.744394], [-16.350732, 19.744936], [-16.351018, 19.744934], [-16.351016, 19.744663], [-16.351302, 19.744661], [-16.351311, 19.745745], [-16.351598, 19.745743]], [[-16.35245, 19.744923], [-16.351877, 19.744927], [-16.351872, 19.744385], [-16.352159, 19.744383], [-16.352161, 19.744654], [-16.352447, 19.744652], [-16.35245, 19.744923]], [[-16.352445, 19.744381], [-16.352159, 19.744383], [-16.352156, 19.744112], [-16.352443, 19.74411], [-16.352445, 19.744381]]]}, "properties": {"layer": "meadow", "year": 2024, "sat": "S2B", "date": "2024-06-25", "area_ha": 5.04}}, {"type": "Feature", "geometry": {"type": "Polygon", "coordinates": [[[-16.286079, 19.750562], [-16.286072, 19.749749], [-16.286645, 19.749745], [-16.286643, 19.749474], [-16.287215, 19.74947], [-16.287217, 19.749741], [-16.28779, 19.749737], [-16.287788, 19.749466], [-16.287502, 19.749468], [-16.287499, 19.749197], [-16.287786, 19.749194], [-16.287781, 19.748652], [-16.288068, 19.74865], [-16.288065, 19.748379], [-16.288352, 19.748377], [-16.288354, 19.748648], [-16.28864, 19.748646], [-16.288636, 19.748104], [-16.288922, 19.748102], [-16.288918, 19.74756], [-16.289776, 19.747554], [-16.289779, 19.747825], [-16.290351, 19.747821], [-16.290349, 19.74755], [-16.290063, 19.747552], [-16.290061, 19.747281], [-16.289488, 19.747285], [-16.289486, 19.747014], [-16.2892, 19.747016], [-16.289197, 19.746745], [-16.288911, 19.746747], [-16.288913, 19.747018], [-16.287482, 19.747028], [-16.287478, 19.746486], [-16.287764, 19.746484], [-16.28776, 19.745942], [-16.287473, 19.745944], [-16.287465, 19.74486], [-16.287178, 19.744862], [-16.287174, 19.74432], [-16.287746, 19.744316], [-16.287751, 19.744858], [-16.288037, 19.744856], [-16.288039, 19.745127], [-16.288326, 19.745125], [-16.28833, 19.745667], [-16.288044, 19.745669], [-16.288046, 19.74594], [-16.288905, 19.745934], [-16.288902, 19.745663], [-16.289189, 19.745661], [-16.289186, 19.74539], [-16.2889, 19.745392], [-16.288898, 19.745121], [-16.288612, 19.745123], [-16.28861, 19.744852], [-16.289468, 19.744846], [-16.289466, 19.744574], [-16.28918, 19.744577], [-16.289176, 19.744034], [-16.289748, 19.74403], [-16.289746, 19.743759], [-16.290032, 19.743757], [-16.290023, 19.742673], [-16.289451, 19.742677], [-16.289449, 19.742406], [-16.288304, 19.742414], [-16.28831, 19.743228], [-16.287738, 19.743232], [-16.287736, 19.742961], [-16.287163, 19.742965], [-16.287161, 19.742694], [-16.286588, 19.742698], [-16.286591, 19.742969], [-16.286304, 19.742971], [-16.286302, 19.7427], [-16.286016, 19.742702], [-16.286014, 19.742431], [-16.285727, 19.742433], [-16.28573, 19.742704], [-16.285443, 19.742706], [-16.285439, 19.742164], [-16.284867, 19.742168], [-16.284871, 19.74271], [-16.284298, 19.742714], [-16.284296, 19.742443], [-16.28401, 19.742445], [-16.284008, 19.742174], [-16.283435, 19.742178], [-16.283437, 19.742449], [-16.283151, 19.742451], [-16.283153, 19.742722], [-16.28344, 19.74272], [-16.283444, 19.743262], [-16.28373, 19.74326], [-16.283739, 19.744345], [-16.284025, 19.744342], [-16.284029, 19.744885], [-16.284316, 19.744883], [-16.284318, 19.745154], [-16.284604, 19.745152], [-16.284606, 19.745423], [-16.28432, 19.745425], [-16.284322, 19.745696], [-16.284608, 19.745694], [-16.284613, 19.746236], [-16.284899, 19.746234], [-16.284901, 19.746505], [-16.28576, 19.746498], [-16.285762, 19.74677], [-16.285476, 19.746772], [-16.285478, 19.747043], [-16.285192, 19.747045], [-16.285205, 19.748671], [-16.285491, 19.748669], [-16.285498, 19.749482], [-16.285784, 19.74948], [-16.285793, 19.750564], [-16.286079, 19.750562]], [[-16.288636, 19.748104], [-16.288349, 19.748106], [-16.288347, 19.747835], [-16.288634, 19.747833], [-16.288636, 19.748104]], [[-16.287165, 19.743236], [-16.286879, 19.743238], [-16.286877, 19.742967], [-16.287163, 19.742965], [-16.287165, 19.743236]]]}, "properties": {"layer": "meadow", "year": 2024, "sat": "S2B", "date": "2024-06-25", "area_ha": 33.3}}, {"type": "Feature", "geometry": {"type": "Polygon", "coordinates": [[[-16.329308, 19.750517], [-16.329305, 19.750246], [-16.329878, 19.750242], [-16.329876, 19.749971], [-16.330162, 19.749969], [-16.33016, 19.749698], [-16.330446, 19.749696], [-16.330444, 19.749425], [-16.33073, 19.749423], [-16.330728, 19.749152], [-16.3313, 19.749147], [-16.331298, 19.748876], [-16.331012, 19.748878], [-16.33101, 19.748607], [-16.330723, 19.748609], [-16.330717, 19.747796], [-16.33043, 19.747799], [-16.330433, 19.74807], [-16.330146, 19.748072], [-16.330155, 19.749156], [-16.329296, 19.749162], [-16.329288, 19.748078], [-16.329574, 19.748076], [-16.329572, 19.747805], [-16.329858, 19.747803], [-16.329856, 19.747532], [-16.330714, 19.747525], [-16.33071, 19.746983], [-16.330996, 19.746981], [-16.330994, 19.74671], [-16.33128, 19.746708], [-16.331276, 19.746166], [-16.330703, 19.74617], [-16.330699, 19.745628], [-16.330412, 19.74563], [-16.330408, 19.745088], [-16.330122, 19.74509], [-16.330117, 19.744548], [-16.330403, 19.744546], [-16.330399, 19.744004], [-16.330113, 19.744006], [-16.33011, 19.743735], [-16.330969, 19.743729], [-16.330967, 19.743458], [-16.331253, 19.743456], [-16.331244, 19.742371], [-16.331817, 19.742367], [-16.331814, 19.742096], [-16.332387, 19.742092], [-16.332376, 19.740737], [-16.331231, 19.740745], [-16.331235, 19.741287], [-16.331521, 19.741285], [-16.331524, 19.741556], [-16.330951, 19.74156], [-16.330956, 19.742103], [-16.330383, 19.742107], [-16.330381, 19.741836], [-16.329236, 19.741844], [-16.329231, 19.741302], [-16.328945, 19.741304], [-16.32895, 19.741846], [-16.328663, 19.741848], [-16.328661, 19.741577], [-16.328089, 19.741582], [-16.328093, 19.742124], [-16.327521, 19.742128], [-16.327516, 19.741586], [-16.32723, 19.741588], [-16.327225, 19.741046], [-16.326653, 19.74105], [-16.326655, 19.741321], [-16.326369, 19.741323], [-16.326373, 19.741865], [-16.326087, 19.741868], [-16.326089, 19.742139], [-16.325803, 19.742141], [-16.325808, 19.742683], [-16.325521, 19.742685], [-16.325524, 19.742956], [-16.325237, 19.742958], [-16.32524, 19.743229], [-16.325526, 19.743227], [-16.325528, 19.743498], [-16.326673, 19.74349], [-16.326675, 19.743761], [-16.326389, 19.743763], [-16.326398, 19.744847], [-16.326684, 19.744845], [-16.326687, 19.745116], [-16.327545, 19.745109], [-16.327548, 19.74538], [-16.327834, 19.745378], [-16.327836, 19.745649], [-16.32755, 19.745651], [-16.327554, 19.746194], [-16.327841, 19.746191], [-16.327843, 19.746462], [-16.326984, 19.746469], [-16.326982, 19.746198], [-16.325837, 19.746206], [-16.325832, 19.745664], [-16.325546, 19.745666], [-16.325544, 19.745395], [-16.324971, 19.7454], [-16.324978, 19.746213], [-16.325264, 19.746211], [-16.325266, 19.746482], [-16.32498, 19.746484], [-16.324987, 19.747297], [-16.324701, 19.747299], [-16.324712, 19.748654], [-16.325571, 19.748648], [-16.325568, 19.748377], [-16.325855, 19.748375], [-16.325852, 19.748104], [-16.326139, 19.748101], [-16.326141, 19.748372], [-16.326427, 19.74837], [-16.326429, 19.748641], [-16.327861, 19.748631], [-16.327863, 19.748902], [-16.328722, 19.748895], [-16.328724, 19.749166], [-16.328438, 19.749169], [-16.328444, 19.749982], [-16.328731, 19.74998], [-16.328735, 19.750522], [-16.329308, 19.750517]], [[-16.329856, 19.747532], [-16.328997, 19.747538], [-16.328995, 19.747267], [-16.329567, 19.747263], [-16.329565, 19.746992], [-16.329851, 19.74699], [-16.329856, 19.747532]], [[-16.328704, 19.746727], [-16.328131, 19.746731], [-16.32812, 19.745376], [-16.328406, 19.745374], [-16.328409, 19.745645], [-16.328695, 19.745643], [-16.328704, 19.746727]], [[-16.329256, 19.744284], [-16.32897, 19.744286], [-16.328968, 19.744015], [-16.329254, 19.744013], [-16.329256, 19.744284]]]}, "properties": {"layer": "meadow", "year": 2024, "sat": "S2B", "date": "2024-06-25", "area_ha": 42.75}}, {"type": "Feature", "geometry": {"type": "Polygon", "coordinates": [[[-16.281711, 19.741377], [-16.281709, 19.741106], [-16.281995, 19.741104], [-16.281993, 19.740833], [-16.281421, 19.740837], [-16.281418, 19.740566], [-16.281132, 19.740568], [-16.281137, 19.741111], [-16.28085, 19.741113], [-16.280852, 19.741384], [-16.281711, 19.741377]]]}, "properties": {"layer": "meadow", "year": 2024, "sat": "S2B", "date": "2024-06-25", "area_ha": 0.63}}, {"type": "Feature", "geometry": {"type": "Polygon", "coordinates": [[[-16.295792, 19.748053], [-16.29579, 19.747781], [-16.296076, 19.747779], [-16.296074, 19.747508], [-16.297219, 19.7475], [-16.297217, 19.747229], [-16.297503, 19.747227], [-16.297495, 19.746143], [-16.296922, 19.746147], [-16.29692, 19.745876], [-16.297492, 19.745872], [-16.297488, 19.74533], [-16.297774, 19.745328], [-16.297772, 19.745057], [-16.298058, 19.745055], [-16.298061, 19.745326], [-16.298347, 19.745323], [-16.29834, 19.74451], [-16.298913, 19.744506], [-16.298911, 19.744235], [-16.299483, 19.744231], [-16.299477, 19.743418], [-16.300049, 19.743414], [-16.300045, 19.742872], [-16.300331, 19.74287], [-16.300329, 19.742599], [-16.300615, 19.742596], [-16.300611, 19.742054], [-16.300038, 19.742059], [-16.300031, 19.741245], [-16.300318, 19.741243], [-16.300316, 19.740972], [-16.300029, 19.740974], [-16.300027, 19.740703], [-16.300313, 19.740701], [-16.300311, 19.74043], [-16.299166, 19.740439], [-16.299168, 19.74071], [-16.298596, 19.740714], [-16.298598, 19.740985], [-16.298026, 19.740989], [-16.29803, 19.741531], [-16.297744, 19.741533], [-16.297746, 19.741804], [-16.297173, 19.741808], [-16.297176, 19.742079], [-16.296603, 19.742083], [-16.296601, 19.741812], [-16.296028, 19.741817], [-16.296031, 19.742088], [-16.295458, 19.742092], [-16.295462, 19.742634], [-16.295749, 19.742632], [-16.295753, 19.743174], [-16.295467, 19.743176], [-16.295471, 19.743718], [-16.294899, 19.743722], [-16.294905, 19.744535], [-16.294619, 19.744537], [-16.294621, 19.744808], [-16.294049, 19.744812], [-16.294044, 19.74427], [-16.293472, 19.744275], [-16.293465, 19.743461], [-16.292893, 19.743466], [-16.29289, 19.743195], [-16.292604, 19.743197], [-16.292613, 19.744281], [-16.291754, 19.744287], [-16.291752, 19.744016], [-16.291466, 19.744018], [-16.291472, 19.744831], [-16.291758, 19.744829], [-16.291761, 19.7451], [-16.292047, 19.745098], [-16.292049, 19.745369], [-16.292622, 19.745365], [-16.292624, 19.745636], [-16.29291, 19.745634], [-16.292912, 19.745905], [-16.293485, 19.745901], [-16.293489, 19.746443], [-16.293203, 19.746445], [-16.293205, 19.746716], [-16.293491, 19.746714], [-16.293498, 19.747527], [-16.29407, 19.747523], [-16.294073, 19.747794], [-16.294931, 19.747788], [-16.294934, 19.748059], [-16.295792, 19.748053]], [[-16.296066, 19.746424], [-16.295779, 19.746426], [-16.295773, 19.745613], [-16.2952, 19.745617], [-16.295194, 19.744804], [-16.29548, 19.744802], [-16.295478, 19.744531], [-16.295764, 19.744529], [-16.295766, 19.7448], [-16.296339, 19.744796], [-16.296341, 19.745067], [-16.296627, 19.745065], [-16.296631, 19.745607], [-16.296918, 19.745605], [-16.29692, 19.745876], [-16.296634, 19.745878], [-16.296636, 19.746149], [-16.296063, 19.746153], [-16.296066, 19.746424]], [[-16.300042, 19.742601], [-16.299756, 19.742603], [-16.299752, 19.742061], [-16.300038, 19.742059], [-16.300042, 19.742601]]]}, "properties": {"layer": "meadow", "year": 2024, "sat": "S2B", "date": "2024-06-25", "area_ha": 33.57}}, {"type": "Feature", "geometry": {"type": "Polygon", "coordinates": [[[-16.352422, 19.741671], [-16.35242, 19.7414], [-16.352706, 19.741397], [-16.352699, 19.740584], [-16.352127, 19.740589], [-16.352113, 19.738963], [-16.351827, 19.738965], [-16.351845, 19.741133], [-16.352131, 19.741131], [-16.352136, 19.741673], [-16.352422, 19.741671]]]}, "properties": {"layer": "meadow", "year": 2024, "sat": "S2B", "date": "2024-06-25", "area_ha": 1.35}}, {"type": "Feature", "geometry": {"type": "Polygon", "coordinates": [[[-16.311471, 19.739807], [-16.311468, 19.739536], [-16.311755, 19.739534], [-16.311752, 19.739263], [-16.312039, 19.739261], [-16.312036, 19.738989], [-16.311464, 19.738994], [-16.311466, 19.739265], [-16.31118, 19.739267], [-16.311182, 19.739538], [-16.310896, 19.73954], [-16.310898, 19.739811], [-16.311471, 19.739807]]]}, "properties": {"layer": "meadow", "year": 2024, "sat": "S2B", "date": "2024-06-25", "area_ha": 0.54}}, {"type": "Feature", "geometry": {"type": "Polygon", "coordinates": [[[-16.316614, 19.738685], [-16.316612, 19.738414], [-16.317184, 19.73841], [-16.317182, 19.738139], [-16.317468, 19.738136], [-16.317466, 19.737865], [-16.316894, 19.73787], [-16.316891, 19.737599], [-16.315747, 19.737607], [-16.315749, 19.737878], [-16.315462, 19.73788], [-16.315467, 19.738422], [-16.315753, 19.73842], [-16.315755, 19.738691], [-16.316614, 19.738685]]]}, "properties": {"layer": "meadow", "year": 2024, "sat": "S2B", "date": "2024-06-25", "area_ha": 1.8}}, {"type": "Feature", "geometry": {"type": "Polygon", "coordinates": [[[-16.310885, 19.738185], [-16.31088, 19.737643], [-16.312025, 19.737634], [-16.312021, 19.737092], [-16.311162, 19.737098], [-16.311164, 19.73737], [-16.310592, 19.737374], [-16.310594, 19.737645], [-16.310308, 19.737647], [-16.310312, 19.738189], [-16.310885, 19.738185]]]}, "properties": {"layer": "meadow", "year": 2024, "sat": "S2B", "date": "2024-06-25", "area_ha": 1.08}}, {"type": "Feature", "geometry": {"type": "Polygon", "coordinates": [[[-16.307474, 19.741191], [-16.307472, 19.74092], [-16.307758, 19.740918], [-16.307754, 19.740376], [-16.30804, 19.740374], [-16.308038, 19.740103], [-16.308324, 19.740101], [-16.308322, 19.73983], [-16.308894, 19.739826], [-16.30889, 19.739284], [-16.309176, 19.739281], [-16.309174, 19.73901], [-16.30946, 19.739008], [-16.309458, 19.738737], [-16.308885, 19.738741], [-16.308883, 19.73847], [-16.309169, 19.738468], [-16.309167, 19.738197], [-16.30974, 19.738193], [-16.309738, 19.737922], [-16.310024, 19.73792], [-16.310019, 19.737378], [-16.310306, 19.737376], [-16.310303, 19.737105], [-16.309731, 19.737109], [-16.309733, 19.73738], [-16.309161, 19.737384], [-16.309163, 19.737655], [-16.308877, 19.737657], [-16.308881, 19.738199], [-16.308022, 19.738206], [-16.308025, 19.738477], [-16.307452, 19.738481], [-16.307454, 19.738752], [-16.306595, 19.738758], [-16.306598, 19.739029], [-16.306311, 19.739031], [-16.306309, 19.73876], [-16.306023, 19.738762], [-16.306025, 19.739033], [-16.305739, 19.739035], [-16.305741, 19.739307], [-16.306027, 19.739304], [-16.306032, 19.739847], [-16.306318, 19.739844], [-16.306322, 19.740386], [-16.30575, 19.740391], [-16.305752, 19.740662], [-16.306038, 19.74066], [-16.306041, 19.740931], [-16.306613, 19.740926], [-16.306615, 19.741198], [-16.307474, 19.741191]], [[-16.306611, 19.740655], [-16.306325, 19.740658], [-16.306322, 19.740386], [-16.306609, 19.740384], [-16.306611, 19.740655]]]}, "properties": {"layer": "meadow", "year": 2024, "sat": "S2B", "date": "2024-06-25", "area_ha": 8.28}}, {"type": "Feature", "geometry": {"type": "Polygon", "coordinates": [[[-16.333518, 19.740457], [-16.333516, 19.740186], [-16.334089, 19.740182], [-16.334084, 19.73964], [-16.33437, 19.739638], [-16.334368, 19.739367], [-16.334941, 19.739362], [-16.334938, 19.739091], [-16.335225, 19.739089], [-16.335222, 19.738818], [-16.335509, 19.738816], [-16.3355, 19.737732], [-16.335786, 19.73773], [-16.335784, 19.737459], [-16.33607, 19.737457], [-16.336065, 19.736915], [-16.335779, 19.736917], [-16.335775, 19.736375], [-16.335202, 19.736379], [-16.3352, 19.736108], [-16.334341, 19.736114], [-16.334339, 19.735843], [-16.334053, 19.735845], [-16.33405, 19.735574], [-16.333764, 19.735576], [-16.333766, 19.735847], [-16.332621, 19.735856], [-16.332624, 19.736127], [-16.332337, 19.736129], [-16.33234, 19.7364], [-16.332053, 19.736402], [-16.332056, 19.736673], [-16.331483, 19.736678], [-16.331474, 19.735593], [-16.330902, 19.735598], [-16.330904, 19.735869], [-16.330332, 19.735873], [-16.330336, 19.736415], [-16.33005, 19.736417], [-16.330052, 19.736688], [-16.329766, 19.73669], [-16.32977, 19.737232], [-16.329484, 19.737235], [-16.329486, 19.737506], [-16.3292, 19.737508], [-16.329207, 19.738321], [-16.329779, 19.738317], [-16.329781, 19.738588], [-16.330354, 19.738583], [-16.330356, 19.738854], [-16.330642, 19.738852], [-16.33064, 19.738581], [-16.331213, 19.738577], [-16.33121, 19.738306], [-16.331497, 19.738304], [-16.33149, 19.737491], [-16.331776, 19.737489], [-16.331778, 19.73776], [-16.332065, 19.737757], [-16.332074, 19.738842], [-16.33236, 19.738839], [-16.332364, 19.739382], [-16.332078, 19.739384], [-16.332076, 19.739113], [-16.331503, 19.739117], [-16.33151, 19.73993], [-16.331796, 19.739928], [-16.331801, 19.74047], [-16.332087, 19.740468], [-16.332085, 19.740197], [-16.33323, 19.740188], [-16.333232, 19.740459], [-16.333518, 19.740457]], [[-16.334645, 19.73828], [-16.333787, 19.738287], [-16.333784, 19.738016], [-16.333498, 19.738018], [-16.333496, 19.737747], [-16.334068, 19.737743], [-16.334066, 19.737472], [-16.334352, 19.737469], [-16.334355, 19.73774], [-16.334927, 19.737736], [-16.334929, 19.738007], [-16.334643, 19.738009], [-16.334645, 19.73828]], [[-16.33034, 19.736957], [-16.330054, 19.736959], [-16.330052, 19.736688], [-16.330338, 19.736686], [-16.33034, 19.736957]]]}, "properties": {"layer": "meadow", "year": 2024, "sat": "S2B", "date": "2024-06-25", "area_ha": 21.87}}, {"type": "Feature", "geometry": {"type": "Polygon", "coordinates": [[[-16.279107, 19.737872], [-16.279103, 19.73733], [-16.279389, 19.737328], [-16.279387, 19.737057], [-16.2791, 19.737059], [-16.279096, 19.736517], [-16.279382, 19.736515], [-16.279384, 19.736786], [-16.279671, 19.736784], [-16.279666, 19.736242], [-16.279953, 19.73624], [-16.279959, 19.737053], [-16.280245, 19.737051], [-16.280243, 19.73678], [-16.280529, 19.736778], [-16.280523, 19.735965], [-16.278805, 19.735977], [-16.278821, 19.737874], [-16.279107, 19.737872]]]}, "properties": {"layer": "meadow", "year": 2024, "sat": "S2B", "date": "2024-06-25", "area_ha": 1.89}}, {"type": "Feature", "geometry": {"type": "Polygon", "coordinates": [[[-16.354953, 19.736231], [-16.35495, 19.73596], [-16.355237, 19.735957], [-16.355234, 19.735686], [-16.355521, 19.735684], [-16.355518, 19.735413], [-16.355232, 19.735415], [-16.35523, 19.735144], [-16.355516, 19.735142], [-16.355511, 19.7346], [-16.355225, 19.734602], [-16.355227, 19.734873], [-16.354941, 19.734875], [-16.354943, 19.735146], [-16.354657, 19.735149], [-16.354662, 19.735691], [-16.354376, 19.735693], [-16.35438, 19.736235], [-16.354953, 19.736231]]]}, "properties": {"layer": "meadow", "year": 2024, "sat": "S2B", "date": "2024-06-25", "area_ha": 1.17}}, {"type": "Feature", "geometry": {"type": "Polygon", "coordinates": [[[-16.319175, 19.736769], [-16.319173, 19.736498], [-16.319745, 19.736493], [-16.319743, 19.736222], [-16.320029, 19.73622], [-16.320025, 19.735678], [-16.319738, 19.73568], [-16.319736, 19.735409], [-16.320022, 19.735407], [-16.32002, 19.735136], [-16.320306, 19.735134], [-16.320304, 19.734863], [-16.319445, 19.734869], [-16.31945, 19.735411], [-16.319164, 19.735413], [-16.319168, 19.735956], [-16.318882, 19.735958], [-16.318884, 19.736229], [-16.318598, 19.736231], [-16.318602, 19.736773], [-16.319175, 19.736769]], [[-16.319741, 19.735951], [-16.319454, 19.735953], [-16.319452, 19.735682], [-16.319738, 19.73568], [-16.319741, 19.735951]]]}, "properties": {"layer": "meadow", "year": 2024, "sat": "S2B", "date": "2024-06-25", "area_ha": 1.71}}, {"type": "Feature", "geometry": {"type": "Polygon", "coordinates": [[[-16.355509, 19.734329], [-16.355502, 19.733516], [-16.355216, 19.733518], [-16.355214, 19.733247], [-16.3555, 19.733245], [-16.355493, 19.732432], [-16.355207, 19.732434], [-16.355209, 19.732705], [-16.354923, 19.732707], [-16.354927, 19.733249], [-16.354641, 19.733251], [-16.354634, 19.732438], [-16.354921, 19.732436], [-16.354918, 19.732165], [-16.354346, 19.732169], [-16.354344, 19.731898], [-16.354057, 19.731901], [-16.35406, 19.732172], [-16.353773, 19.732174], [-16.35378, 19.732987], [-16.354353, 19.732982], [-16.35436, 19.733796], [-16.354646, 19.733793], [-16.354644, 19.733522], [-16.35493, 19.73352], [-16.354937, 19.734333], [-16.355509, 19.734329]]]}, "properties": {"layer": "meadow", "year": 2024, "sat": "S2B", "date": "2024-06-25", "area_ha": 2.43}}, {"type": "Feature", "geometry": {"type": "Polygon", "coordinates": [[[-16.333467, 19.734223], [-16.333464, 19.733952], [-16.334037, 19.733948], [-16.334035, 19.733677], [-16.334321, 19.733675], [-16.334319, 19.733404], [-16.334605, 19.733402], [-16.3346, 19.73286], [-16.334887, 19.732858], [-16.334884, 19.732586], [-16.335171, 19.732584], [-16.335164, 19.731771], [-16.33545, 19.731769], [-16.335443, 19.730956], [-16.33573, 19.730954], [-16.335727, 19.730683], [-16.336013, 19.730681], [-16.336009, 19.730139], [-16.336295, 19.730137], [-16.336288, 19.729323], [-16.336575, 19.729321], [-16.33657, 19.728779], [-16.336284, 19.728781], [-16.336279, 19.728239], [-16.335993, 19.728241], [-16.335989, 19.727699], [-16.335416, 19.727704], [-16.335418, 19.727975], [-16.335132, 19.727977], [-16.335137, 19.728519], [-16.334851, 19.728521], [-16.33486, 19.729605], [-16.334573, 19.729607], [-16.334578, 19.730149], [-16.334292, 19.730151], [-16.334298, 19.730965], [-16.334012, 19.730967], [-16.334017, 19.731509], [-16.33373, 19.731511], [-16.333735, 19.732053], [-16.333449, 19.732055], [-16.333451, 19.732326], [-16.333165, 19.732328], [-16.333169, 19.73287], [-16.332883, 19.732872], [-16.332887, 19.733415], [-16.332601, 19.733417], [-16.332606, 19.733959], [-16.333178, 19.733954], [-16.33318, 19.734225], [-16.333467, 19.734223]]]}, "properties": {"layer": "meadow", "year": 2024, "sat": "S2B", "date": "2024-06-25", "area_ha": 11.16}}, {"type": "Feature", "geometry": {"type": "Polygon", "coordinates": [[[-16.335062, 19.719575], [-16.33506, 19.719304], [-16.335346, 19.719302], [-16.335342, 19.718759], [-16.335628, 19.718757], [-16.335621, 19.717944], [-16.335335, 19.717946], [-16.335337, 19.718217], [-16.334765, 19.718222], [-16.33477, 19.718764], [-16.335056, 19.718762], [-16.335058, 19.719033], [-16.334772, 19.719035], [-16.334776, 19.719577], [-16.335062, 19.719575]]]}, "properties": {"layer": "meadow", "year": 2024, "sat": "S2B", "date": "2024-06-25", "area_ha": 0.99}}, {"type": "Feature", "geometry": {"type": "Polygon", "coordinates": [[[-16.34446, 19.713812], [-16.344455, 19.71327], [-16.344169, 19.713272], [-16.344167, 19.713001], [-16.343881, 19.713004], [-16.343885, 19.713546], [-16.343599, 19.713548], [-16.343601, 19.713819], [-16.34446, 19.713812]]]}, "properties": {"layer": "meadow", "year": 2024, "sat": "S2B", "date": "2024-06-25", "area_ha": 0.54}}, {"type": "Feature", "geometry": {"type": "Polygon", "coordinates": [[[-16.336773, 19.718749], [-16.336746, 19.715496], [-16.33646, 19.715498], [-16.336455, 19.714956], [-16.335597, 19.714963], [-16.335594, 19.714692], [-16.336167, 19.714688], [-16.336149, 19.712519], [-16.33529, 19.712526], [-16.335297, 19.713339], [-16.335011, 19.713341], [-16.335017, 19.714154], [-16.334445, 19.714158], [-16.33445, 19.7147], [-16.334736, 19.714698], [-16.334738, 19.714969], [-16.333879, 19.714976], [-16.333902, 19.717686], [-16.334188, 19.717684], [-16.33419, 19.717955], [-16.334477, 19.717953], [-16.334479, 19.718224], [-16.334765, 19.718222], [-16.334761, 19.71768], [-16.335333, 19.717675], [-16.335331, 19.717404], [-16.336189, 19.717398], [-16.336192, 19.717669], [-16.336478, 19.717667], [-16.336487, 19.718751], [-16.336773, 19.718749]], [[-16.336187, 19.717127], [-16.335901, 19.717129], [-16.335896, 19.716587], [-16.336183, 19.716585], [-16.336187, 19.717127]], [[-16.336178, 19.716043], [-16.335892, 19.716045], [-16.33589, 19.715774], [-16.336176, 19.715772], [-16.336178, 19.716043]]]}, "properties": {"layer": "meadow", "year": 2024, "sat": "S2B", "date": "2024-06-25", "area_ha": 12.15}}, {"type": "Feature", "geometry": {"type": "Polygon", "coordinates": [[[-16.337269, 19.709529], [-16.337267, 19.709258], [-16.337553, 19.709256], [-16.33755, 19.708985], [-16.337837, 19.708983], [-16.33783, 19.70817], [-16.337544, 19.708172], [-16.337548, 19.708714], [-16.337262, 19.708716], [-16.337264, 19.708987], [-16.336978, 19.708989], [-16.33698, 19.70926], [-16.336694, 19.709263], [-16.336696, 19.709534], [-16.337269, 19.709529]]]}, "properties": {"layer": "meadow", "year": 2024, "sat": "S2B", "date": "2024-06-25", "area_ha": 0.72}}, {"type": "Feature", "geometry": {"type": "Polygon", "coordinates": [[[-16.344644, 19.701614], [-16.344642, 19.701343], [-16.344928, 19.70134], [-16.344926, 19.701069], [-16.345212, 19.701067], [-16.34521, 19.700796], [-16.345496, 19.700794], [-16.345494, 19.700523], [-16.34578, 19.700521], [-16.345777, 19.70025], [-16.346064, 19.700248], [-16.346057, 19.699435], [-16.346343, 19.699433], [-16.346338, 19.69889], [-16.346052, 19.698893], [-16.346055, 19.699164], [-16.345768, 19.699166], [-16.345771, 19.699437], [-16.345198, 19.699441], [-16.345203, 19.699983], [-16.344917, 19.699985], [-16.344921, 19.700527], [-16.344349, 19.700532], [-16.344353, 19.701074], [-16.344067, 19.701076], [-16.344069, 19.701347], [-16.343783, 19.701349], [-16.343786, 19.70162], [-16.344644, 19.701614]], [[-16.345775, 19.699979], [-16.345489, 19.699981], [-16.345487, 19.69971], [-16.345773, 19.699708], [-16.345775, 19.699979]]]}, "properties": {"layer": "meadow", "year": 2024, "sat": "S2B", "date": "2024-06-25", "area_ha": 2.52}}, {"type": "Feature", "geometry": {"type": "Polygon", "coordinates": [[[-16.348335, 19.698062], [-16.348333, 19.697791], [-16.348619, 19.697789], [-16.348617, 19.697518], [-16.348903, 19.697516], [-16.3489, 19.697245], [-16.348328, 19.697249], [-16.34833, 19.69752], [-16.347758, 19.697525], [-16.34776, 19.697796], [-16.347474, 19.697798], [-16.347476, 19.698069], [-16.348335, 19.698062]]]}, "properties": {"layer": "meadow", "year": 2024, "sat": "S2B", "date": "2024-06-25", "area_ha": 0.72}}, {"type": "Feature", "geometry": {"type": "Polygon", "coordinates": [[[-16.352866, 19.692336], [-16.352863, 19.692065], [-16.35315, 19.692063], [-16.353143, 19.69125], [-16.353429, 19.691248], [-16.353422, 19.690435], [-16.353136, 19.690437], [-16.353141, 19.690979], [-16.352854, 19.690981], [-16.352859, 19.691523], [-16.352573, 19.691525], [-16.35258, 19.692338], [-16.352866, 19.692336]]]}, "properties": {"layer": "meadow", "year": 2024, "sat": "S2B", "date": "2024-06-25", "area_ha": 0.9}}, {"type": "Feature", "geometry": {"type": "Polygon", "coordinates": [[[-16.375151, 19.688101], [-16.375149, 19.68783], [-16.375721, 19.687826], [-16.375717, 19.687284], [-16.376003, 19.687281], [-16.376001, 19.68701], [-16.376287, 19.687008], [-16.376284, 19.686737], [-16.375998, 19.686739], [-16.375994, 19.686197], [-16.375708, 19.686199], [-16.37571, 19.68647], [-16.375424, 19.686473], [-16.375428, 19.687015], [-16.374856, 19.687019], [-16.374858, 19.68729], [-16.374572, 19.687292], [-16.374575, 19.687563], [-16.374861, 19.687561], [-16.374865, 19.688103], [-16.375151, 19.688101]]]}, "properties": {"layer": "meadow", "year": 2024, "sat": "S2B", "date": "2024-06-25", "area_ha": 1.62}}, {"type": "Feature", "geometry": {"type": "Polygon", "coordinates": [[[-16.359631, 19.680088], [-16.359628, 19.679817], [-16.359915, 19.679815], [-16.359912, 19.679543], [-16.360198, 19.679541], [-16.360194, 19.678999], [-16.360766, 19.678995], [-16.360764, 19.678724], [-16.36105, 19.678722], [-16.361048, 19.678451], [-16.360761, 19.678453], [-16.360759, 19.678182], [-16.360473, 19.678184], [-16.360475, 19.678455], [-16.360189, 19.678457], [-16.360191, 19.678728], [-16.359905, 19.67873], [-16.359908, 19.679001], [-16.359622, 19.679004], [-16.359626, 19.679546], [-16.35934, 19.679548], [-16.359345, 19.68009], [-16.359631, 19.680088]]]}, "properties": {"layer": "meadow", "year": 2024, "sat": "S2B", "date": "2024-06-25", "area_ha": 1.26}}, {"type": "Feature", "geometry": {"type": "Polygon", "coordinates": [[[-16.361331, 19.678177], [-16.361327, 19.677635], [-16.361899, 19.677631], [-16.361892, 19.676818], [-16.361606, 19.67682], [-16.361611, 19.677362], [-16.361038, 19.677367], [-16.361043, 19.677909], [-16.360757, 19.677911], [-16.360759, 19.678182], [-16.361331, 19.678177]]]}, "properties": {"layer": "meadow", "year": 2024, "sat": "S2B", "date": "2024-06-25", "area_ha": 0.72}}, {"type": "Feature", "geometry": {"type": "Polygon", "coordinates": [[[-16.455504, 19.649793], [-16.455502, 19.649522], [-16.455788, 19.649519], [-16.455783, 19.648977], [-16.455497, 19.64898], [-16.455494, 19.648709], [-16.455208, 19.648711], [-16.455206, 19.64844], [-16.45492, 19.648442], [-16.454925, 19.648984], [-16.455211, 19.648982], [-16.455218, 19.649795], [-16.455504, 19.649793]]]}, "properties": {"layer": "meadow", "year": 2024, "sat": "S2B", "date": "2024-06-25", "area_ha": 0.72}}, {"type": "Feature", "geometry": {"type": "Polygon", "coordinates": [[[-16.453455, 19.644659], [-16.453438, 19.642762], [-16.453152, 19.642765], [-16.453169, 19.644662], [-16.453455, 19.644659]]]}, "properties": {"layer": "meadow", "year": 2024, "sat": "S2B", "date": "2024-06-25", "area_ha": 0.63}}, {"type": "Feature", "geometry": {"type": "Polygon", "coordinates": [[[-16.452871, 19.643309], [-16.452861, 19.642225], [-16.453147, 19.642222], [-16.45314, 19.641409], [-16.452568, 19.641414], [-16.452585, 19.643311], [-16.452871, 19.643309]]]}, "properties": {"layer": "meadow", "year": 2024, "sat": "S2B", "date": "2024-06-25", "area_ha": 0.9}}, {"type": "Feature", "geometry": {"type": "Polygon", "coordinates": [[[-16.452282, 19.641416], [-16.452279, 19.641145], [-16.452565, 19.641143], [-16.452558, 19.64033], [-16.452272, 19.640332], [-16.45227, 19.640061], [-16.451983, 19.640064], [-16.451976, 19.63925], [-16.45169, 19.639253], [-16.451688, 19.638982], [-16.451402, 19.638984], [-16.451394, 19.638171], [-16.451108, 19.638173], [-16.451111, 19.638444], [-16.450825, 19.638447], [-16.450827, 19.638718], [-16.451113, 19.638715], [-16.451116, 19.638986], [-16.450829, 19.638989], [-16.450832, 19.63926], [-16.451118, 19.639257], [-16.451125, 19.64007], [-16.451697, 19.640066], [-16.451707, 19.64115], [-16.451993, 19.641148], [-16.451996, 19.641419], [-16.452282, 19.641416]]]}, "properties": {"layer": "meadow", "year": 2024, "sat": "S2B", "date": "2024-06-25", "area_ha": 2.52}}]}