{"type": "FeatureCollection", "features": [{"type": "Feature", "geometry": {"type": "Polygon", "coordinates": [[[-16.261235, 20.11964], [-16.261233, 20.119369], [-16.26152, 20.119367], [-16.261518, 20.119096], [-16.260083, 20.119106], [-16.260085, 20.119378], [-16.260659, 20.119373], [-16.260661, 20.119644], [-16.261235, 20.11964]]]}, "properties": {"layer": "meadow", "year": 2025, "sat": "S2A", "date": "2025-06-17", "area_ha": 0.63}}, {"type": "Feature", "geometry": {"type": "Polygon", "coordinates": [[[-16.259216, 20.1183], [-16.259213, 20.118029], [-16.260361, 20.11802], [-16.260359, 20.117749], [-16.260072, 20.117751], [-16.26007, 20.11748], [-16.259783, 20.117482], [-16.259785, 20.117753], [-16.259211, 20.117757], [-16.259207, 20.117215], [-16.25892, 20.117217], [-16.258918, 20.116946], [-16.258344, 20.116951], [-16.25835, 20.117764], [-16.258924, 20.11776], [-16.258929, 20.118302], [-16.259216, 20.1183]]]}, "properties": {"layer": "meadow", "year": 2025, "sat": "S2A", "date": "2025-06-17", "area_ha": 1.35}}, {"type": "Feature", "geometry": {"type": "Polygon", "coordinates": [[[-16.243147, 20.082093], [-16.243145, 20.081822], [-16.243432, 20.08182], [-16.24343, 20.081549], [-16.243143, 20.081551], [-16.243137, 20.080738], [-16.243997, 20.080732], [-16.243995, 20.080461], [-16.244282, 20.080459], [-16.244278, 20.079917], [-16.243991, 20.079919], [-16.243986, 20.079377], [-16.244273, 20.079375], [-16.244275, 20.079646], [-16.244849, 20.079642], [-16.244845, 20.0791], [-16.245132, 20.079098], [-16.245128, 20.078555], [-16.244554, 20.07856], [-16.244556, 20.078831], [-16.244269, 20.078833], [-16.244267, 20.078562], [-16.24398, 20.078564], [-16.243978, 20.078293], [-16.244265, 20.078291], [-16.244261, 20.077748], [-16.244547, 20.077746], [-16.244545, 20.077475], [-16.244258, 20.077477], [-16.244256, 20.077206], [-16.243682, 20.07721], [-16.24368, 20.076939], [-16.243107, 20.076943], [-16.243115, 20.078028], [-16.243402, 20.078026], [-16.243406, 20.078568], [-16.242833, 20.078572], [-16.24283, 20.078301], [-16.242544, 20.078303], [-16.242541, 20.078032], [-16.241968, 20.078036], [-16.241972, 20.078578], [-16.241398, 20.078582], [-16.241396, 20.078311], [-16.241109, 20.078313], [-16.241103, 20.0775], [-16.24139, 20.077498], [-16.241385, 20.076956], [-16.240525, 20.076962], [-16.240527, 20.077233], [-16.24024, 20.077235], [-16.240247, 20.078048], [-16.239386, 20.078054], [-16.239384, 20.077783], [-16.239097, 20.077785], [-16.239105, 20.078869], [-16.239392, 20.078867], [-16.23939, 20.078596], [-16.240538, 20.078588], [-16.24054, 20.078859], [-16.241114, 20.078855], [-16.241116, 20.079126], [-16.242263, 20.079118], [-16.242261, 20.078847], [-16.242548, 20.078845], [-16.24255, 20.079116], [-16.242837, 20.079114], [-16.242839, 20.079385], [-16.243126, 20.079383], [-16.243134, 20.080467], [-16.242848, 20.080469], [-16.242852, 20.081011], [-16.242565, 20.081013], [-16.242571, 20.081826], [-16.242858, 20.081824], [-16.24286, 20.082095], [-16.243147, 20.082093]]]}, "properties": {"layer": "meadow", "year": 2025, "sat": "S2A", "date": "2025-06-17", "area_ha": 10.71}}, {"type": "Feature", "geometry": {"type": "Polygon", "coordinates": [[[-16.243674, 20.076126], [-16.24367, 20.075584], [-16.243383, 20.075586], [-16.243379, 20.075044], [-16.243092, 20.075046], [-16.2431, 20.07613], [-16.243674, 20.076126]]]}, "properties": {"layer": "meadow", "year": 2025, "sat": "S2A", "date": "2025-06-17", "area_ha": 0.54}}, {"type": "Feature", "geometry": {"type": "Polygon", "coordinates": [[[-16.24832, 20.083141], [-16.248317, 20.08287], [-16.248891, 20.082866], [-16.248889, 20.082595], [-16.249176, 20.082593], [-16.249172, 20.082051], [-16.248885, 20.082053], [-16.24888, 20.081511], [-16.249167, 20.081508], [-16.249165, 20.081237], [-16.248878, 20.081239], [-16.24887, 20.080155], [-16.249157, 20.080153], [-16.24915, 20.07934], [-16.248863, 20.079342], [-16.248846, 20.077174], [-16.249133, 20.077172], [-16.249131, 20.076901], [-16.248844, 20.076903], [-16.248837, 20.07609], [-16.248551, 20.076092], [-16.248546, 20.07555], [-16.248259, 20.075552], [-16.248255, 20.07501], [-16.247681, 20.075014], [-16.247684, 20.075285], [-16.247397, 20.075287], [-16.247395, 20.075016], [-16.247108, 20.075018], [-16.247103, 20.074476], [-16.246817, 20.074478], [-16.246821, 20.07502], [-16.246534, 20.075022], [-16.246538, 20.075564], [-16.246251, 20.075566], [-16.246258, 20.076379], [-16.245971, 20.076381], [-16.245973, 20.076652], [-16.24626, 20.07665], [-16.246264, 20.077192], [-16.246551, 20.07719], [-16.246553, 20.077461], [-16.24684, 20.077459], [-16.246842, 20.07773], [-16.247129, 20.077728], [-16.247131, 20.077999], [-16.247418, 20.077997], [-16.247422, 20.078539], [-16.247136, 20.078541], [-16.247138, 20.078812], [-16.246851, 20.078814], [-16.246853, 20.079085], [-16.246566, 20.079087], [-16.246575, 20.080172], [-16.246288, 20.080174], [-16.246296, 20.081258], [-16.245436, 20.081264], [-16.245442, 20.082077], [-16.245729, 20.082075], [-16.245736, 20.082888], [-16.246309, 20.082884], [-16.246307, 20.082613], [-16.246881, 20.082609], [-16.246883, 20.08288], [-16.24717, 20.082878], [-16.247168, 20.082607], [-16.247455, 20.082605], [-16.247459, 20.083147], [-16.24832, 20.083141]], [[-16.246879, 20.082338], [-16.246592, 20.08234], [-16.24659, 20.082069], [-16.246877, 20.082067], [-16.246879, 20.082338]]]}, "properties": {"layer": "meadow", "year": 2025, "sat": "S2A", "date": "2025-06-17", "area_ha": 22.77}}, {"type": "Feature", "geometry": {"type": "Polygon", "coordinates": [[[-16.248538, 20.074466], [-16.248531, 20.073653], [-16.247671, 20.073659], [-16.247673, 20.07393], [-16.24796, 20.073928], [-16.247964, 20.07447], [-16.248538, 20.074466]]]}, "properties": {"layer": "meadow", "year": 2025, "sat": "S2A", "date": "2025-06-17", "area_ha": 0.63}}, {"type": "Feature", "geometry": {"type": "Polygon", "coordinates": [[[-16.246224, 20.072043], [-16.246215, 20.070958], [-16.245928, 20.07096], [-16.245926, 20.070689], [-16.245639, 20.070691], [-16.245641, 20.070962], [-16.245354, 20.070965], [-16.245359, 20.071507], [-16.245646, 20.071505], [-16.245648, 20.071776], [-16.245935, 20.071774], [-16.245937, 20.072045], [-16.246224, 20.072043]]]}, "properties": {"layer": "meadow", "year": 2025, "sat": "S2A", "date": "2025-06-17", "area_ha": 0.9}}, {"type": "Feature", "geometry": {"type": "Polygon", "coordinates": [[[-16.248232, 20.072028], [-16.248229, 20.071757], [-16.248516, 20.071755], [-16.248514, 20.071484], [-16.248227, 20.071486], [-16.248223, 20.070944], [-16.24851, 20.070942], [-16.248508, 20.070671], [-16.249081, 20.070667], [-16.249075, 20.069854], [-16.248788, 20.069856], [-16.248786, 20.069585], [-16.247925, 20.069591], [-16.247928, 20.069862], [-16.24678, 20.06987], [-16.246782, 20.070141], [-16.246495, 20.070143], [-16.2465, 20.070685], [-16.246787, 20.070683], [-16.246789, 20.070954], [-16.247076, 20.070952], [-16.247078, 20.071223], [-16.247651, 20.071219], [-16.247656, 20.071761], [-16.247369, 20.071763], [-16.247371, 20.072034], [-16.248232, 20.072028]]]}, "properties": {"layer": "meadow", "year": 2025, "sat": "S2A", "date": "2025-06-17", "area_ha": 4.23}}, {"type": "Feature", "geometry": {"type": "Polygon", "coordinates": [[[-16.250464, 20.064152], [-16.25046, 20.06361], [-16.250747, 20.063608], [-16.250744, 20.063337], [-16.251031, 20.063335], [-16.251027, 20.062793], [-16.25074, 20.062795], [-16.250738, 20.062524], [-16.249878, 20.06253], [-16.24988, 20.062801], [-16.249593, 20.062803], [-16.249595, 20.063074], [-16.249308, 20.063076], [-16.24931, 20.063347], [-16.249884, 20.063343], [-16.249886, 20.063614], [-16.249599, 20.063616], [-16.249601, 20.063887], [-16.248741, 20.063893], [-16.248739, 20.063622], [-16.248452, 20.063624], [-16.248456, 20.064166], [-16.250464, 20.064152]]]}, "properties": {"layer": "meadow", "year": 2025, "sat": "S2A", "date": "2025-06-17", "area_ha": 2.52}}, {"type": "Feature", "geometry": {"type": "Polygon", "coordinates": [[[-16.245065, 20.070696], [-16.245059, 20.069882], [-16.244772, 20.069884], [-16.24477, 20.069613], [-16.244483, 20.069615], [-16.244481, 20.069344], [-16.244194, 20.069346], [-16.24419, 20.068804], [-16.243903, 20.068806], [-16.243901, 20.068535], [-16.244188, 20.068533], [-16.244186, 20.068262], [-16.244473, 20.06826], [-16.244475, 20.068531], [-16.245622, 20.068523], [-16.245624, 20.068794], [-16.246772, 20.068786], [-16.246769, 20.068515], [-16.247056, 20.068513], [-16.247052, 20.067971], [-16.246765, 20.067973], [-16.246763, 20.067702], [-16.24705, 20.0677], [-16.247046, 20.067158], [-16.246185, 20.067164], [-16.246183, 20.066893], [-16.245896, 20.066895], [-16.245894, 20.066624], [-16.24532, 20.066628], [-16.245314, 20.065815], [-16.245887, 20.065811], [-16.245885, 20.06554], [-16.246172, 20.065538], [-16.24617, 20.065267], [-16.247031, 20.065261], [-16.247016, 20.063363], [-16.247302, 20.063361], [-16.247298, 20.062819], [-16.247011, 20.062821], [-16.247003, 20.061737], [-16.246142, 20.061743], [-16.24614, 20.061472], [-16.246427, 20.06147], [-16.246425, 20.061199], [-16.246998, 20.061195], [-16.246996, 20.060924], [-16.247283, 20.060922], [-16.247281, 20.060651], [-16.247568, 20.060649], [-16.247566, 20.060378], [-16.247279, 20.06038], [-16.247277, 20.060109], [-16.24699, 20.060111], [-16.246988, 20.05984], [-16.246414, 20.059844], [-16.246408, 20.059031], [-16.247268, 20.059025], [-16.247264, 20.058483], [-16.247551, 20.058481], [-16.247549, 20.05821], [-16.247835, 20.058208], [-16.247831, 20.057666], [-16.247544, 20.057668], [-16.247542, 20.057397], [-16.246968, 20.057401], [-16.246966, 20.05713], [-16.246679, 20.057132], [-16.246675, 20.05659], [-16.246388, 20.056592], [-16.246386, 20.056321], [-16.246099, 20.056323], [-16.246097, 20.056052], [-16.245524, 20.056056], [-16.245521, 20.055785], [-16.245235, 20.055787], [-16.24523, 20.055245], [-16.244657, 20.055249], [-16.244652, 20.054706], [-16.244939, 20.054704], [-16.244941, 20.054976], [-16.245228, 20.054973], [-16.245226, 20.054702], [-16.245513, 20.0547], [-16.245511, 20.054429], [-16.245798, 20.054427], [-16.2458, 20.054698], [-16.247521, 20.054686], [-16.247516, 20.054144], [-16.24723, 20.054146], [-16.247225, 20.053604], [-16.247512, 20.053602], [-16.24751, 20.053331], [-16.248084, 20.053327], [-16.248077, 20.052514], [-16.248364, 20.052512], [-16.248362, 20.052241], [-16.248936, 20.052237], [-16.248938, 20.052508], [-16.249224, 20.052506], [-16.249227, 20.052777], [-16.2498, 20.052773], [-16.249794, 20.05196], [-16.249507, 20.051962], [-16.249503, 20.05142], [-16.248929, 20.051424], [-16.248933, 20.051966], [-16.246926, 20.05198], [-16.246919, 20.051167], [-16.247206, 20.051165], [-16.247202, 20.050623], [-16.247489, 20.050621], [-16.247482, 20.049808], [-16.247769, 20.049806], [-16.247767, 20.049535], [-16.248054, 20.049533], [-16.248049, 20.048991], [-16.246902, 20.048999], [-16.246904, 20.04927], [-16.246331, 20.049274], [-16.246326, 20.048732], [-16.245753, 20.048736], [-16.245751, 20.048465], [-16.245464, 20.048467], [-16.245474, 20.049822], [-16.245761, 20.04982], [-16.245768, 20.050633], [-16.245481, 20.050635], [-16.245479, 20.050364], [-16.245192, 20.050366], [-16.245188, 20.049824], [-16.244901, 20.049826], [-16.244899, 20.049555], [-16.244612, 20.049557], [-16.244616, 20.050099], [-16.244903, 20.050097], [-16.244912, 20.051181], [-16.244051, 20.051187], [-16.24406, 20.052271], [-16.243486, 20.052275], [-16.243488, 20.052546], [-16.243201, 20.052548], [-16.243206, 20.05309], [-16.242345, 20.053096], [-16.242347, 20.053367], [-16.241774, 20.053371], [-16.241778, 20.053914], [-16.242065, 20.053912], [-16.242067, 20.054183], [-16.244075, 20.054168], [-16.244079, 20.054711], [-16.244366, 20.054709], [-16.244374, 20.055793], [-16.244661, 20.055791], [-16.244663, 20.056062], [-16.24495, 20.05606], [-16.244956, 20.056873], [-16.24467, 20.056875], [-16.244667, 20.056604], [-16.243807, 20.05661], [-16.243809, 20.056881], [-16.244096, 20.056879], [-16.244098, 20.05715], [-16.244385, 20.057148], [-16.244387, 20.057419], [-16.244674, 20.057417], [-16.244678, 20.057959], [-16.244965, 20.057957], [-16.244967, 20.058228], [-16.245254, 20.058226], [-16.245256, 20.058497], [-16.244969, 20.058499], [-16.244973, 20.059041], [-16.244687, 20.059043], [-16.244689, 20.059314], [-16.244402, 20.059316], [-16.244404, 20.059587], [-16.244117, 20.059589], [-16.244119, 20.05986], [-16.243833, 20.059862], [-16.243837, 20.060404], [-16.244124, 20.060402], [-16.244128, 20.060944], [-16.243554, 20.060948], [-16.243559, 20.06149], [-16.243845, 20.061488], [-16.243848, 20.061759], [-16.243561, 20.061761], [-16.243563, 20.062033], [-16.243276, 20.062035], [-16.24328, 20.062577], [-16.243567, 20.062575], [-16.243571, 20.063117], [-16.243285, 20.063119], [-16.243287, 20.06339], [-16.243, 20.063392], [-16.243002, 20.063663], [-16.243862, 20.063657], [-16.24386, 20.063386], [-16.244147, 20.063384], [-16.244151, 20.063926], [-16.243865, 20.063928], [-16.243867, 20.064199], [-16.24358, 20.064201], [-16.243582, 20.064472], [-16.243008, 20.064476], [-16.243011, 20.064747], [-16.242724, 20.064749], [-16.242722, 20.064478], [-16.242435, 20.06448], [-16.242433, 20.064209], [-16.242146, 20.064211], [-16.242148, 20.064482], [-16.241574, 20.064486], [-16.241578, 20.065028], [-16.241865, 20.065026], [-16.241874, 20.06611], [-16.2413, 20.066114], [-16.241311, 20.067469], [-16.241024, 20.067471], [-16.24103, 20.068284], [-16.240743, 20.068286], [-16.24075, 20.0691], [-16.241897, 20.069092], [-16.241899, 20.069363], [-16.242473, 20.069359], [-16.242471, 20.069087], [-16.242758, 20.069085], [-16.242756, 20.068814], [-16.243043, 20.068812], [-16.24304, 20.068541], [-16.243327, 20.068539], [-16.243336, 20.069623], [-16.243623, 20.069621], [-16.243621, 20.06935], [-16.243907, 20.069348], [-16.243916, 20.070433], [-16.24449, 20.070429], [-16.244492, 20.0707], [-16.245065, 20.070696]], [[-16.245006, 20.063107], [-16.244719, 20.063109], [-16.244717, 20.062838], [-16.245003, 20.062836], [-16.245006, 20.063107]], [[-16.244717, 20.062838], [-16.24443, 20.06284], [-16.244428, 20.062569], [-16.244714, 20.062566], [-16.244717, 20.062838]], [[-16.246945, 20.054419], [-16.246658, 20.054421], [-16.246656, 20.05415], [-16.246943, 20.054148], [-16.246945, 20.054419]], [[-16.245489, 20.051719], [-16.244916, 20.051723], [-16.244914, 20.051452], [-16.245487, 20.051448], [-16.245489, 20.051719]], [[-16.245774, 20.051446], [-16.245487, 20.051448], [-16.245485, 20.051177], [-16.245772, 20.051175], [-16.245774, 20.051446]], [[-16.247195, 20.04981], [-16.246909, 20.049812], [-16.246904, 20.04927], [-16.247478, 20.049266], [-16.24748, 20.049537], [-16.247193, 20.049539], [-16.247195, 20.04981]]]}, "properties": {"layer": "meadow", "year": 2025, "sat": "S2A", "date": "2025-06-17", "area_ha": 80.82}}, {"type": "Feature", "geometry": {"type": "Polygon", "coordinates": [[[-16.243709, 20.044142], [-16.243704, 20.0436], [-16.242844, 20.043606], [-16.242848, 20.044148], [-16.243709, 20.044142]]]}, "properties": {"layer": "meadow", "year": 2025, "sat": "S2A", "date": "2025-06-17", "area_ha": 0.54}}, {"type": "Feature", "geometry": {"type": "Polygon", "coordinates": [[[-16.250883, 20.044634], [-16.250881, 20.044363], [-16.250594, 20.044365], [-16.250592, 20.044094], [-16.250305, 20.044096], [-16.250303, 20.043825], [-16.250016, 20.043827], [-16.250014, 20.043556], [-16.249441, 20.04356], [-16.249438, 20.043289], [-16.249152, 20.043291], [-16.249149, 20.04302], [-16.248576, 20.043024], [-16.248574, 20.042753], [-16.248287, 20.042755], [-16.248289, 20.043026], [-16.248002, 20.043028], [-16.248004, 20.043299], [-16.247718, 20.043301], [-16.247722, 20.043843], [-16.248869, 20.043835], [-16.248873, 20.044377], [-16.249447, 20.044373], [-16.249445, 20.044102], [-16.249732, 20.0441], [-16.249734, 20.044371], [-16.250307, 20.044367], [-16.25031, 20.044638], [-16.250883, 20.044634]]]}, "properties": {"layer": "meadow", "year": 2025, "sat": "S2A", "date": "2025-06-17", "area_ha": 2.79}}, {"type": "Feature", "geometry": {"type": "Polygon", "coordinates": [[[-16.255545, 20.053816], [-16.255543, 20.053545], [-16.25583, 20.053543], [-16.255828, 20.053272], [-16.256115, 20.05327], [-16.256112, 20.052999], [-16.256399, 20.052997], [-16.256397, 20.052726], [-16.256971, 20.052722], [-16.256969, 20.052451], [-16.257542, 20.052447], [-16.25754, 20.052176], [-16.257827, 20.052174], [-16.257825, 20.051903], [-16.258112, 20.051901], [-16.258109, 20.05163], [-16.258683, 20.051626], [-16.258681, 20.051355], [-16.259254, 20.051351], [-16.259252, 20.051079], [-16.259539, 20.051077], [-16.259537, 20.050806], [-16.25925, 20.050808], [-16.259237, 20.049182], [-16.25895, 20.049184], [-16.258944, 20.048371], [-16.259518, 20.048367], [-16.259515, 20.048096], [-16.259229, 20.048098], [-16.259226, 20.047827], [-16.25894, 20.047829], [-16.258937, 20.047558], [-16.258651, 20.04756], [-16.258648, 20.047289], [-16.258935, 20.047287], [-16.258933, 20.047016], [-16.258646, 20.047018], [-16.258644, 20.046747], [-16.258071, 20.046751], [-16.258068, 20.04648], [-16.257782, 20.046482], [-16.257775, 20.045669], [-16.258062, 20.045667], [-16.258055, 20.044854], [-16.257482, 20.044858], [-16.257484, 20.045129], [-16.25691, 20.045133], [-16.256908, 20.044862], [-16.257195, 20.04486], [-16.257191, 20.044318], [-16.256904, 20.04432], [-16.256902, 20.044049], [-16.257189, 20.044047], [-16.257186, 20.043776], [-16.257473, 20.043774], [-16.257465, 20.04269], [-16.257178, 20.042692], [-16.257173, 20.04215], [-16.256887, 20.042152], [-16.256884, 20.041881], [-16.256598, 20.041883], [-16.256596, 20.041612], [-16.256882, 20.04161], [-16.25688, 20.041339], [-16.257167, 20.041337], [-16.257165, 20.041066], [-16.256878, 20.041068], [-16.256874, 20.040525], [-16.2563, 20.04053], [-16.256304, 20.041072], [-16.256591, 20.04107], [-16.256593, 20.041341], [-16.25602, 20.041345], [-16.256013, 20.040532], [-16.255726, 20.040534], [-16.255724, 20.040263], [-16.25429, 20.040273], [-16.254293, 20.040544], [-16.254006, 20.040546], [-16.254008, 20.040817], [-16.254295, 20.040815], [-16.254301, 20.041628], [-16.254588, 20.041626], [-16.254592, 20.042168], [-16.255166, 20.042164], [-16.255168, 20.042435], [-16.255455, 20.042433], [-16.255461, 20.043246], [-16.255748, 20.043244], [-16.255755, 20.044057], [-16.256041, 20.044055], [-16.256043, 20.044326], [-16.256617, 20.044322], [-16.256619, 20.044593], [-16.256332, 20.044595], [-16.256339, 20.045408], [-16.256626, 20.045406], [-16.25663, 20.045948], [-16.256343, 20.04595], [-16.256348, 20.046492], [-16.256634, 20.04649], [-16.256636, 20.046761], [-16.256923, 20.046759], [-16.256925, 20.04703], [-16.257212, 20.047028], [-16.257219, 20.047841], [-16.256932, 20.047843], [-16.256936, 20.048385], [-16.257223, 20.048383], [-16.257221, 20.048112], [-16.257508, 20.04811], [-16.25751, 20.048381], [-16.257797, 20.048379], [-16.257799, 20.04865], [-16.257512, 20.048652], [-16.257514, 20.048923], [-16.257227, 20.048925], [-16.257225, 20.048654], [-16.256652, 20.048659], [-16.256649, 20.048387], [-16.255789, 20.048394], [-16.255787, 20.048123], [-16.2555, 20.048125], [-16.255506, 20.048938], [-16.25522, 20.04894], [-16.255222, 20.049211], [-16.255509, 20.049209], [-16.255511, 20.04948], [-16.255224, 20.049482], [-16.255228, 20.050024], [-16.255515, 20.050022], [-16.255517, 20.050293], [-16.255804, 20.050291], [-16.255806, 20.050562], [-16.255519, 20.050564], [-16.255522, 20.050835], [-16.255235, 20.050837], [-16.255237, 20.051108], [-16.25495, 20.05111], [-16.254957, 20.051923], [-16.255243, 20.051921], [-16.25525, 20.052734], [-16.254963, 20.052736], [-16.254967, 20.053278], [-16.254394, 20.053282], [-16.254396, 20.053553], [-16.254683, 20.053551], [-16.254685, 20.053822], [-16.254972, 20.05382], [-16.254969, 20.053549], [-16.255256, 20.053547], [-16.255258, 20.053818], [-16.255545, 20.053816]], [[-16.25666, 20.049743], [-16.256373, 20.049745], [-16.256371, 20.049474], [-16.256084, 20.049476], [-16.25608, 20.048934], [-16.256367, 20.048932], [-16.256369, 20.049203], [-16.256656, 20.049201], [-16.25666, 20.049743]]]}, "properties": {"layer": "meadow", "year": 2025, "sat": "S2A", "date": "2025-06-17", "area_ha": 34.2}}, {"type": "Feature", "geometry": {"type": "Polygon", "coordinates": [[[-16.237947, 20.04093], [-16.237945, 20.040659], [-16.238232, 20.040657], [-16.238228, 20.040115], [-16.237654, 20.040119], [-16.237656, 20.04039], [-16.237369, 20.040392], [-16.237371, 20.040663], [-16.237658, 20.040661], [-16.23766, 20.040932], [-16.237947, 20.04093]]]}, "properties": {"layer": "meadow", "year": 2025, "sat": "S2A", "date": "2025-06-17", "area_ha": 0.54}}, {"type": "Feature", "geometry": {"type": "Polygon", "coordinates": [[[-16.249104, 20.037328], [-16.2491, 20.036786], [-16.248813, 20.036788], [-16.248809, 20.036246], [-16.248522, 20.036248], [-16.24852, 20.035977], [-16.247947, 20.035981], [-16.247949, 20.036252], [-16.248236, 20.03625], [-16.24824, 20.036792], [-16.248527, 20.03679], [-16.248529, 20.037061], [-16.248816, 20.037059], [-16.248818, 20.03733], [-16.249104, 20.037328]]]}, "properties": {"layer": "meadow", "year": 2025, "sat": "S2A", "date": "2025-06-17", "area_ha": 0.81}}, {"type": "Feature", "geometry": {"type": "Polygon", "coordinates": [[[-16.253152, 20.041365], [-16.253147, 20.040823], [-16.253434, 20.040821], [-16.253428, 20.040008], [-16.254001, 20.040004], [-16.253999, 20.039733], [-16.254286, 20.039731], [-16.254282, 20.039189], [-16.254569, 20.039187], [-16.254566, 20.038916], [-16.254853, 20.038914], [-16.254851, 20.038642], [-16.254564, 20.038645], [-16.25456, 20.038102], [-16.254847, 20.0381], [-16.254845, 20.037829], [-16.254271, 20.037833], [-16.254267, 20.037291], [-16.254553, 20.037289], [-16.254551, 20.037018], [-16.254838, 20.037016], [-16.254834, 20.036474], [-16.255121, 20.036472], [-16.255118, 20.036201], [-16.255405, 20.036199], [-16.255403, 20.035928], [-16.25483, 20.035932], [-16.254832, 20.036203], [-16.253971, 20.036209], [-16.253973, 20.03648], [-16.253113, 20.036486], [-16.253107, 20.035673], [-16.25282, 20.035675], [-16.252816, 20.035133], [-16.252529, 20.035135], [-16.252531, 20.035406], [-16.251957, 20.03541], [-16.251962, 20.035952], [-16.250528, 20.035963], [-16.25053, 20.036234], [-16.250243, 20.036236], [-16.250239, 20.035694], [-16.249952, 20.035696], [-16.24995, 20.035425], [-16.249663, 20.035427], [-16.249667, 20.035969], [-16.249954, 20.035967], [-16.249958, 20.036509], [-16.250245, 20.036507], [-16.250247, 20.036778], [-16.250534, 20.036776], [-16.250536, 20.037047], [-16.250823, 20.037045], [-16.250832, 20.038129], [-16.250545, 20.038131], [-16.250547, 20.038402], [-16.251694, 20.038394], [-16.251701, 20.039207], [-16.251414, 20.039209], [-16.251418, 20.039751], [-16.251705, 20.039749], [-16.251707, 20.04002], [-16.251994, 20.040018], [-16.251987, 20.039205], [-16.252274, 20.039203], [-16.252281, 20.040016], [-16.252567, 20.040014], [-16.252574, 20.040827], [-16.252861, 20.040825], [-16.252865, 20.041367], [-16.253152, 20.041365]], [[-16.253128, 20.038384], [-16.252841, 20.038386], [-16.252839, 20.038115], [-16.253126, 20.038113], [-16.253128, 20.038384]], [[-16.253411, 20.03784], [-16.252837, 20.037844], [-16.252835, 20.037573], [-16.253122, 20.037571], [-16.25312, 20.0373], [-16.253406, 20.037297], [-16.253411, 20.03784]]]}, "properties": {"layer": "meadow", "year": 2025, "sat": "S2A", "date": "2025-06-17", "area_ha": 17.73}}, {"type": "Feature", "geometry": {"type": "Polygon", "coordinates": [[[-16.245948, 20.037079], [-16.245945, 20.036808], [-16.246519, 20.036804], [-16.246517, 20.036533], [-16.246804, 20.036531], [-16.246793, 20.035176], [-16.246506, 20.035178], [-16.246502, 20.034636], [-16.245928, 20.03464], [-16.245933, 20.035182], [-16.245646, 20.035184], [-16.24565, 20.035726], [-16.245363, 20.035728], [-16.245365, 20.035999], [-16.245079, 20.036001], [-16.245085, 20.036814], [-16.245659, 20.03681], [-16.245661, 20.037081], [-16.245948, 20.037079]], [[-16.246228, 20.036264], [-16.245941, 20.036266], [-16.245939, 20.035995], [-16.245652, 20.035997], [-16.24565, 20.035726], [-16.245937, 20.035724], [-16.245935, 20.035453], [-16.246222, 20.035451], [-16.246228, 20.036264]]]}, "properties": {"layer": "meadow", "year": 2025, "sat": "S2A", "date": "2025-06-17", "area_ha": 2.79}}, {"type": "Feature", "geometry": {"type": "Polygon", "coordinates": [[[-16.236774, 20.037686], [-16.236768, 20.036872], [-16.237055, 20.03687], [-16.237057, 20.037142], [-16.237917, 20.037135], [-16.237915, 20.036864], [-16.237629, 20.036866], [-16.237624, 20.036324], [-16.237337, 20.036326], [-16.237335, 20.036055], [-16.237622, 20.036053], [-16.237618, 20.035511], [-16.238191, 20.035507], [-16.238185, 20.034694], [-16.237612, 20.034698], [-16.237614, 20.034969], [-16.237327, 20.034971], [-16.237329, 20.035242], [-16.236755, 20.035246], [-16.236758, 20.035517], [-16.236471, 20.035519], [-16.236473, 20.03579], [-16.236186, 20.035792], [-16.236195, 20.036876], [-16.236481, 20.036874], [-16.236483, 20.037146], [-16.236197, 20.037148], [-16.236201, 20.03769], [-16.236774, 20.037686]]]}, "properties": {"layer": "meadow", "year": 2025, "sat": "S2A", "date": "2025-06-17", "area_ha": 3.69}}, {"type": "Feature", "geometry": {"type": "Polygon", "coordinates": [[[-16.254252, 20.035394], [-16.254249, 20.035123], [-16.254823, 20.035119], [-16.254819, 20.034577], [-16.254532, 20.034579], [-16.25453, 20.034308], [-16.254817, 20.034306], [-16.254806, 20.032951], [-16.254519, 20.032953], [-16.254521, 20.033224], [-16.254234, 20.033226], [-16.254237, 20.033497], [-16.25395, 20.033499], [-16.253952, 20.03377], [-16.253665, 20.033772], [-16.253661, 20.03323], [-16.253374, 20.033232], [-16.253376, 20.033503], [-16.252803, 20.033507], [-16.252813, 20.034862], [-16.2531, 20.03486], [-16.253102, 20.035131], [-16.253389, 20.035129], [-16.253391, 20.0354], [-16.254252, 20.035394]], [[-16.254241, 20.034039], [-16.253954, 20.034041], [-16.253952, 20.03377], [-16.254239, 20.033768], [-16.254241, 20.034039]]]}, "properties": {"layer": "meadow", "year": 2025, "sat": "S2A", "date": "2025-06-17", "area_ha": 4.05}}, {"type": "Feature", "geometry": {"type": "Polygon", "coordinates": [[[-16.254797, 20.031867], [-16.254793, 20.031325], [-16.254506, 20.031327], [-16.254504, 20.031056], [-16.254217, 20.031058], [-16.254215, 20.030787], [-16.253928, 20.030789], [-16.253933, 20.031331], [-16.254219, 20.031329], [-16.254224, 20.031871], [-16.254797, 20.031867]]]}, "properties": {"layer": "meadow", "year": 2025, "sat": "S2A", "date": "2025-06-17", "area_ha": 0.63}}, {"type": "Feature", "geometry": {"type": "Polygon", "coordinates": [[[-16.240511, 20.038744], [-16.240509, 20.038473], [-16.240796, 20.038471], [-16.24079, 20.037657], [-16.241363, 20.037653], [-16.241361, 20.037382], [-16.243082, 20.03737], [-16.243078, 20.036828], [-16.242791, 20.03683], [-16.242789, 20.036559], [-16.243075, 20.036557], [-16.243067, 20.035473], [-16.24278, 20.035475], [-16.242778, 20.035204], [-16.242491, 20.035206], [-16.242485, 20.034393], [-16.242772, 20.034391], [-16.242769, 20.03412], [-16.242483, 20.034122], [-16.242468, 20.032225], [-16.241894, 20.032229], [-16.241892, 20.031958], [-16.241605, 20.03196], [-16.24161, 20.032502], [-16.241036, 20.032506], [-16.241034, 20.032235], [-16.241321, 20.032233], [-16.241316, 20.031691], [-16.241603, 20.031689], [-16.241599, 20.031147], [-16.241312, 20.031149], [-16.241308, 20.030607], [-16.241021, 20.030609], [-16.241027, 20.031422], [-16.240454, 20.031426], [-16.240452, 20.031155], [-16.240165, 20.031157], [-16.240178, 20.032783], [-16.240465, 20.032781], [-16.240467, 20.033052], [-16.24018, 20.033054], [-16.240184, 20.033596], [-16.239324, 20.033602], [-16.239322, 20.033331], [-16.239035, 20.033333], [-16.239039, 20.033875], [-16.239613, 20.033871], [-16.239615, 20.034142], [-16.238468, 20.03415], [-16.23847, 20.034421], [-16.238183, 20.034423], [-16.238185, 20.034694], [-16.239619, 20.034684], [-16.239623, 20.035226], [-16.239337, 20.035228], [-16.239343, 20.036041], [-16.239056, 20.036043], [-16.239054, 20.035772], [-16.238767, 20.035774], [-16.238765, 20.035503], [-16.238191, 20.035507], [-16.2382, 20.036591], [-16.238487, 20.036589], [-16.238489, 20.03686], [-16.238776, 20.036858], [-16.238778, 20.037129], [-16.237917, 20.037135], [-16.237922, 20.037678], [-16.238208, 20.037676], [-16.238213, 20.038218], [-16.2385, 20.038216], [-16.238502, 20.038487], [-16.239649, 20.038479], [-16.239645, 20.037937], [-16.239931, 20.037935], [-16.239933, 20.038206], [-16.24022, 20.038204], [-16.240225, 20.038746], [-16.240511, 20.038744]], [[-16.238782, 20.037672], [-16.238495, 20.037674], [-16.238493, 20.037403], [-16.23878, 20.037401], [-16.238782, 20.037672]], [[-16.241355, 20.036569], [-16.240781, 20.036573], [-16.240779, 20.036302], [-16.240492, 20.036304], [-16.240488, 20.035762], [-16.241348, 20.035756], [-16.241355, 20.036569]], [[-16.242209, 20.03575], [-16.241922, 20.035752], [-16.24192, 20.035481], [-16.242207, 20.035479], [-16.242209, 20.03575]], [[-16.241053, 20.034674], [-16.240766, 20.034676], [-16.240764, 20.034405], [-16.241051, 20.034403], [-16.241053, 20.034674]], [[-16.242192, 20.033582], [-16.241618, 20.033586], [-16.241616, 20.033315], [-16.241903, 20.033313], [-16.241898, 20.032771], [-16.242185, 20.032769], [-16.242192, 20.033582]]]}, "properties": {"layer": "meadow", "year": 2025, "sat": "S2A", "date": "2025-06-17", "area_ha": 24.75}}, {"type": "Feature", "geometry": {"type": "Polygon", "coordinates": [[[-16.251634, 20.030805], [-16.251632, 20.030534], [-16.251919, 20.030532], [-16.251912, 20.029719], [-16.251625, 20.029721], [-16.251628, 20.029992], [-16.251341, 20.029994], [-16.251343, 20.030265], [-16.251056, 20.030267], [-16.251058, 20.030538], [-16.251345, 20.030536], [-16.251347, 20.030807], [-16.251634, 20.030805]]]}, "properties": {"layer": "meadow", "year": 2025, "sat": "S2A", "date": "2025-06-17", "area_ha": 0.63}}, {"type": "Feature", "geometry": {"type": "Polygon", "coordinates": [[[-16.242168, 20.0306], [-16.242164, 20.030058], [-16.242737, 20.030054], [-16.242735, 20.029783], [-16.243022, 20.029781], [-16.24302, 20.02951], [-16.241586, 20.02952], [-16.241582, 20.028978], [-16.241008, 20.028982], [-16.24101, 20.029253], [-16.240724, 20.029255], [-16.240728, 20.029797], [-16.241015, 20.029795], [-16.241013, 20.029524], [-16.241299, 20.029522], [-16.241308, 20.030607], [-16.242168, 20.0306]]]}, "properties": {"layer": "meadow", "year": 2025, "sat": "S2A", "date": "2025-06-17", "area_ha": 2.07}}, {"type": "Feature", "geometry": {"type": "Polygon", "coordinates": [[[-16.236702, 20.02847], [-16.236692, 20.027115], [-16.236979, 20.027113], [-16.236976, 20.026842], [-16.237837, 20.026836], [-16.237833, 20.026294], [-16.238693, 20.026288], [-16.238691, 20.026017], [-16.238404, 20.026019], [-16.238402, 20.025748], [-16.238689, 20.025746], [-16.238686, 20.025475], [-16.238973, 20.025473], [-16.23898, 20.026286], [-16.239266, 20.026284], [-16.239262, 20.025742], [-16.239836, 20.025738], [-16.239829, 20.024925], [-16.240403, 20.024921], [-16.240399, 20.024379], [-16.240112, 20.024381], [-16.240114, 20.024652], [-16.239827, 20.024654], [-16.239825, 20.024383], [-16.238965, 20.024389], [-16.238967, 20.02466], [-16.23782, 20.024668], [-16.237822, 20.024939], [-16.237535, 20.024941], [-16.237537, 20.025212], [-16.23725, 20.025214], [-16.237253, 20.025485], [-16.237539, 20.025483], [-16.237541, 20.025754], [-16.237255, 20.025756], [-16.237259, 20.026298], [-16.236972, 20.0263], [-16.236974, 20.026571], [-16.236688, 20.026573], [-16.23669, 20.026844], [-16.236403, 20.026846], [-16.236401, 20.026575], [-16.236114, 20.026577], [-16.23611, 20.026035], [-16.235823, 20.026037], [-16.235829, 20.02685], [-16.236116, 20.026848], [-16.236118, 20.027119], [-16.235831, 20.027121], [-16.235836, 20.027663], [-16.235549, 20.027665], [-16.235551, 20.027936], [-16.234691, 20.027942], [-16.234695, 20.028484], [-16.236129, 20.028474], [-16.236127, 20.028203], [-16.236413, 20.028201], [-16.236416, 20.028472], [-16.236702, 20.02847]]]}, "properties": {"layer": "meadow", "year": 2025, "sat": "S2A", "date": "2025-06-17", "area_ha": 7.65}}, {"type": "Feature", "geometry": {"type": "Polygon", "coordinates": [[[-16.239235, 20.022218], [-16.239232, 20.021947], [-16.239806, 20.021943], [-16.2398, 20.02113], [-16.239513, 20.021132], [-16.239511, 20.020861], [-16.239224, 20.020863], [-16.239226, 20.021134], [-16.238652, 20.021138], [-16.238655, 20.021409], [-16.238081, 20.021413], [-16.238083, 20.021684], [-16.237796, 20.021686], [-16.237801, 20.022229], [-16.239235, 20.022218]]]}, "properties": {"layer": "meadow", "year": 2025, "sat": "S2A", "date": "2025-06-17", "area_ha": 2.07}}, {"type": "Feature", "geometry": {"type": "Polygon", "coordinates": [[[-16.239502, 20.019777], [-16.2395, 20.019506], [-16.24036, 20.0195], [-16.240358, 20.019229], [-16.240645, 20.019227], [-16.240643, 20.018956], [-16.240356, 20.018958], [-16.240348, 20.017874], [-16.240061, 20.017876], [-16.240059, 20.017605], [-16.239772, 20.017607], [-16.23977, 20.017336], [-16.239196, 20.01734], [-16.239194, 20.017069], [-16.239481, 20.017067], [-16.239472, 20.015983], [-16.239186, 20.015985], [-16.239184, 20.015714], [-16.238897, 20.015716], [-16.238895, 20.015445], [-16.238321, 20.015449], [-16.238332, 20.016804], [-16.238045, 20.016806], [-16.238047, 20.017077], [-16.237474, 20.017081], [-16.237472, 20.01681], [-16.237185, 20.016812], [-16.237178, 20.015999], [-16.236892, 20.016001], [-16.23689, 20.01573], [-16.235743, 20.015738], [-16.235745, 20.016009], [-16.236031, 20.016007], [-16.236033, 20.016278], [-16.23546, 20.016282], [-16.235458, 20.016011], [-16.235171, 20.016013], [-16.235173, 20.016284], [-16.234313, 20.01629], [-16.234317, 20.016832], [-16.234604, 20.01683], [-16.234602, 20.016559], [-16.234889, 20.016557], [-16.234891, 20.016828], [-16.235177, 20.016826], [-16.235175, 20.016555], [-16.235462, 20.016553], [-16.235464, 20.016824], [-16.236038, 20.01682], [-16.23604, 20.017091], [-16.235753, 20.017093], [-16.235755, 20.017364], [-16.236042, 20.017362], [-16.236053, 20.018717], [-16.236339, 20.018715], [-16.236341, 20.018986], [-16.236628, 20.018984], [-16.23663, 20.019255], [-16.236344, 20.019257], [-16.236348, 20.019799], [-16.237208, 20.019793], [-16.237206, 20.019522], [-16.237779, 20.019518], [-16.237782, 20.019789], [-16.238355, 20.019785], [-16.238353, 20.019514], [-16.23864, 20.019512], [-16.238642, 20.019783], [-16.239502, 20.019777]], [[-16.239203, 20.018153], [-16.238916, 20.018155], [-16.23891, 20.017342], [-16.239196, 20.01734], [-16.239203, 20.018153]], [[-16.238342, 20.018159], [-16.238056, 20.018161], [-16.238054, 20.01789], [-16.23834, 20.017888], [-16.238342, 20.018159]]]}, "properties": {"layer": "meadow", "year": 2025, "sat": "S2A", "date": "2025-06-17", "area_ha": 16.56}}, {"type": "Feature", "geometry": {"type": "Polygon", "coordinates": [[[-16.239746, 20.014354], [-16.239742, 20.013812], [-16.239455, 20.013814], [-16.239453, 20.013543], [-16.240027, 20.013539], [-16.240025, 20.013268], [-16.240311, 20.013266], [-16.240307, 20.012724], [-16.24002, 20.012726], [-16.240018, 20.012455], [-16.240305, 20.012453], [-16.240299, 20.01164], [-16.240012, 20.011642], [-16.240006, 20.010829], [-16.240292, 20.010827], [-16.24029, 20.010556], [-16.240003, 20.010558], [-16.240001, 20.010287], [-16.239428, 20.010291], [-16.239426, 20.01002], [-16.239999, 20.010016], [-16.239997, 20.009745], [-16.23971, 20.009747], [-16.239708, 20.009476], [-16.239421, 20.009478], [-16.239419, 20.009207], [-16.239706, 20.009205], [-16.239693, 20.007578], [-16.23912, 20.007583], [-16.239118, 20.007311], [-16.239404, 20.007309], [-16.2394, 20.006767], [-16.239114, 20.006769], [-16.239105, 20.005685], [-16.238532, 20.005689], [-16.238529, 20.005418], [-16.238243, 20.00542], [-16.238245, 20.005691], [-16.237958, 20.005693], [-16.237964, 20.006506], [-16.237391, 20.00651], [-16.237389, 20.006239], [-16.236529, 20.006245], [-16.236527, 20.005974], [-16.2371, 20.00597], [-16.237098, 20.005699], [-16.237671, 20.005695], [-16.237669, 20.005424], [-16.237956, 20.005422], [-16.237954, 20.005151], [-16.238527, 20.005147], [-16.238521, 20.004334], [-16.238808, 20.004332], [-16.238806, 20.004061], [-16.238519, 20.004063], [-16.238512, 20.00325], [-16.237939, 20.003254], [-16.237937, 20.002983], [-16.238224, 20.002981], [-16.238217, 20.002168], [-16.237931, 20.00217], [-16.237933, 20.002441], [-16.237072, 20.002447], [-16.237075, 20.002718], [-16.236788, 20.00272], [-16.236792, 20.003262], [-16.237079, 20.00326], [-16.237081, 20.003531], [-16.236794, 20.003533], [-16.236798, 20.004075], [-16.236225, 20.004079], [-16.236227, 20.00435], [-16.235367, 20.004356], [-16.235369, 20.004627], [-16.236516, 20.004619], [-16.236514, 20.004348], [-16.236801, 20.004346], [-16.236805, 20.004888], [-16.236231, 20.004892], [-16.236233, 20.005163], [-16.235947, 20.005165], [-16.235945, 20.004894], [-16.235658, 20.004896], [-16.23566, 20.005167], [-16.235373, 20.005169], [-16.235384, 20.006524], [-16.23481, 20.006528], [-16.234815, 20.00707], [-16.234241, 20.007074], [-16.234243, 20.007346], [-16.233956, 20.007348], [-16.233954, 20.007076], [-16.233668, 20.007078], [-16.233661, 20.006265], [-16.233375, 20.006267], [-16.233385, 20.007623], [-16.233098, 20.007625], [-16.2331, 20.007896], [-16.233387, 20.007894], [-16.233389, 20.008165], [-16.23425, 20.008159], [-16.234252, 20.00843], [-16.233678, 20.008434], [-16.233682, 20.008976], [-16.233969, 20.008974], [-16.233971, 20.009245], [-16.233685, 20.009247], [-16.233687, 20.009518], [-16.2334, 20.00952], [-16.233402, 20.009791], [-16.233975, 20.009787], [-16.233984, 20.010871], [-16.234271, 20.010869], [-16.234275, 20.011411], [-16.234562, 20.011409], [-16.234557, 20.010867], [-16.234844, 20.010865], [-16.234842, 20.010594], [-16.234555, 20.010596], [-16.234551, 20.010054], [-16.234838, 20.010052], [-16.234831, 20.009239], [-16.235405, 20.009235], [-16.235403, 20.008964], [-16.23569, 20.008962], [-16.235694, 20.009504], [-16.235407, 20.009506], [-16.235409, 20.009777], [-16.235696, 20.009775], [-16.235698, 20.010046], [-16.235985, 20.010044], [-16.235993, 20.011128], [-16.23628, 20.011126], [-16.236293, 20.012752], [-16.236866, 20.012748], [-16.236868, 20.013019], [-16.237442, 20.013015], [-16.23744, 20.012744], [-16.2383, 20.012738], [-16.238311, 20.014093], [-16.238597, 20.014091], [-16.238595, 20.01382], [-16.238882, 20.013818], [-16.238886, 20.01436], [-16.239173, 20.014358], [-16.239171, 20.014087], [-16.239458, 20.014085], [-16.23946, 20.014356], [-16.239746, 20.014354]], [[-16.237714, 20.011116], [-16.237427, 20.011118], [-16.237425, 20.010847], [-16.237712, 20.010845], [-16.237714, 20.011116]], [[-16.237998, 20.010843], [-16.237712, 20.010845], [-16.237707, 20.010303], [-16.237994, 20.010301], [-16.237992, 20.01003], [-16.238565, 20.010026], [-16.23857, 20.010568], [-16.237996, 20.010572], [-16.237998, 20.010843]], [[-16.237988, 20.009488], [-16.237414, 20.009492], [-16.237412, 20.009221], [-16.237986, 20.009217], [-16.237988, 20.009488]], [[-16.237412, 20.009221], [-16.236265, 20.009229], [-16.236261, 20.008687], [-16.236548, 20.008685], [-16.23655, 20.008956], [-16.23741, 20.00895], [-16.237412, 20.009221]], [[-16.238557, 20.008942], [-16.237984, 20.008946], [-16.237981, 20.008675], [-16.238555, 20.008671], [-16.238557, 20.008942]], [[-16.237695, 20.008677], [-16.237408, 20.008679], [-16.237406, 20.008408], [-16.237119, 20.00841], [-16.237117, 20.008139], [-16.237404, 20.008137], [-16.237402, 20.007866], [-16.237688, 20.007864], [-16.237686, 20.007593], [-16.238833, 20.007585], [-16.238835, 20.007856], [-16.238262, 20.00786], [-16.238266, 20.008402], [-16.237693, 20.008406], [-16.237695, 20.008677]], [[-16.235968, 20.007876], [-16.235681, 20.007878], [-16.235679, 20.007607], [-16.235966, 20.007605], [-16.235968, 20.007876]]]}, "properties": {"layer": "meadow", "year": 2025, "sat": "S2A", "date": "2025-06-17", "area_ha": 46.26}}, {"type": "Feature", "geometry": {"type": "Polygon", "coordinates": [[[-16.233925, 20.003282], [-16.233923, 20.003011], [-16.234209, 20.003009], [-16.234205, 20.002467], [-16.234492, 20.002465], [-16.23449, 20.002194], [-16.234776, 20.002192], [-16.234774, 20.001921], [-16.235061, 20.001919], [-16.235059, 20.001648], [-16.235346, 20.001646], [-16.235341, 20.001104], [-16.235628, 20.001102], [-16.235626, 20.000831], [-16.235053, 20.000835], [-16.235055, 20.001106], [-16.234768, 20.001108], [-16.23477, 20.001379], [-16.234483, 20.001381], [-16.234486, 20.001652], [-16.234199, 20.001654], [-16.234201, 20.001925], [-16.232767, 20.001935], [-16.232778, 20.00329], [-16.233925, 20.003282]]]}, "properties": {"layer": "meadow", "year": 2025, "sat": "S2A", "date": "2025-06-17", "area_ha": 3.33}}, {"type": "Feature", "geometry": {"type": "Polygon", "coordinates": [[[-16.232478, 20.001666], [-16.232474, 20.001124], [-16.232761, 20.001122], [-16.232759, 20.000851], [-16.233332, 20.000847], [-16.23333, 20.000576], [-16.233904, 20.000572], [-16.233902, 20.000301], [-16.232755, 20.000309], [-16.23275, 19.999766], [-16.233037, 19.999764], [-16.233033, 19.999222], [-16.23332, 19.99922], [-16.233318, 19.998949], [-16.233891, 19.998945], [-16.233889, 19.998674], [-16.233602, 19.998676], [-16.2336, 19.998405], [-16.233313, 19.998407], [-16.233315, 19.998678], [-16.233029, 19.99868], [-16.233031, 19.998951], [-16.232457, 19.998955], [-16.232459, 19.999226], [-16.231886, 19.99923], [-16.23189, 19.999772], [-16.232177, 19.99977], [-16.232183, 20.000584], [-16.231897, 20.000586], [-16.231901, 20.001128], [-16.232187, 20.001126], [-16.232192, 20.001668], [-16.232478, 20.001666]]]}, "properties": {"layer": "meadow", "year": 2025, "sat": "S2A", "date": "2025-06-17", "area_ha": 3.15}}, {"type": "Feature", "geometry": {"type": "Polygon", "coordinates": [[[-16.236758, 19.998925], [-16.236756, 19.998654], [-16.237043, 19.998652], [-16.237041, 19.998381], [-16.236467, 19.998385], [-16.236463, 19.997843], [-16.23675, 19.997841], [-16.236745, 19.997299], [-16.236459, 19.997301], [-16.236461, 19.997572], [-16.235887, 19.997576], [-16.23589, 19.997847], [-16.235603, 19.997849], [-16.235605, 19.99812], [-16.236178, 19.998116], [-16.236185, 19.998929], [-16.236758, 19.998925]]]}, "properties": {"layer": "meadow", "year": 2025, "sat": "S2A", "date": "2025-06-17", "area_ha": 1.17}}, {"type": "Feature", "geometry": {"type": "Polygon", "coordinates": [[[-16.235027, 19.997582], [-16.235025, 19.997311], [-16.235312, 19.997309], [-16.235303, 19.996225], [-16.235017, 19.996227], [-16.235015, 19.995956], [-16.235301, 19.995954], [-16.235299, 19.995683], [-16.235012, 19.995685], [-16.23501, 19.995414], [-16.234724, 19.995416], [-16.234717, 19.994603], [-16.234431, 19.994605], [-16.234428, 19.994334], [-16.234142, 19.994336], [-16.23414, 19.994065], [-16.23328, 19.994071], [-16.233277, 19.9938], [-16.232991, 19.993802], [-16.232995, 19.994344], [-16.233282, 19.994342], [-16.233284, 19.994613], [-16.232997, 19.994615], [-16.232999, 19.994886], [-16.232139, 19.994892], [-16.232145, 19.995705], [-16.232432, 19.995703], [-16.232434, 19.995974], [-16.232147, 19.995976], [-16.232152, 19.996518], [-16.231865, 19.99652], [-16.231867, 19.996791], [-16.232154, 19.996789], [-16.232158, 19.997331], [-16.233592, 19.997321], [-16.233594, 19.997592], [-16.235027, 19.997582]], [[-16.233294, 19.995968], [-16.233008, 19.99597], [-16.233005, 19.995699], [-16.233292, 19.995697], [-16.233294, 19.995968]]]}, "properties": {"layer": "meadow", "year": 2025, "sat": "S2A", "date": "2025-06-17", "area_ha": 10.08}}, {"type": "Feature", "geometry": {"type": "Polygon", "coordinates": [[[-16.230421, 19.995175], [-16.230419, 19.994904], [-16.230705, 19.994902], [-16.230699, 19.994089], [-16.230986, 19.994087], [-16.230979, 19.993273], [-16.230693, 19.993275], [-16.230695, 19.993547], [-16.230408, 19.993549], [-16.23041, 19.99382], [-16.230124, 19.993822], [-16.230126, 19.994093], [-16.229839, 19.994095], [-16.229845, 19.994908], [-16.230132, 19.994906], [-16.230134, 19.995177], [-16.230421, 19.995175]]]}, "properties": {"layer": "meadow", "year": 2025, "sat": "S2A", "date": "2025-06-17", "area_ha": 1.44}}, {"type": "Feature", "geometry": {"type": "Polygon", "coordinates": [[[-16.232116, 19.99191], [-16.232114, 19.991639], [-16.2324, 19.991637], [-16.232398, 19.991366], [-16.232972, 19.991362], [-16.232967, 19.99082], [-16.233254, 19.990818], [-16.233252, 19.990547], [-16.233539, 19.990545], [-16.233537, 19.990274], [-16.233823, 19.990272], [-16.233821, 19.990001], [-16.234108, 19.989999], [-16.234106, 19.989728], [-16.234679, 19.989724], [-16.234662, 19.987556], [-16.234376, 19.987558], [-16.234374, 19.987287], [-16.23466, 19.987285], [-16.234658, 19.987014], [-16.234371, 19.987016], [-16.234367, 19.986474], [-16.234081, 19.986476], [-16.234076, 19.985934], [-16.23379, 19.985936], [-16.233792, 19.986207], [-16.233505, 19.986209], [-16.233507, 19.98648], [-16.233794, 19.986478], [-16.2338, 19.987291], [-16.233513, 19.987293], [-16.233511, 19.987022], [-16.233225, 19.987024], [-16.233223, 19.986753], [-16.232936, 19.986755], [-16.232932, 19.986213], [-16.233218, 19.986211], [-16.233216, 19.98594], [-16.23293, 19.985942], [-16.232923, 19.985128], [-16.23321, 19.985126], [-16.233212, 19.985397], [-16.233499, 19.985395], [-16.233492, 19.984582], [-16.233206, 19.984584], [-16.233201, 19.984042], [-16.232915, 19.984044], [-16.232911, 19.983502], [-16.232624, 19.983504], [-16.23262, 19.982962], [-16.232333, 19.982964], [-16.232331, 19.982693], [-16.232044, 19.982695], [-16.23204, 19.982153], [-16.231753, 19.982155], [-16.231751, 19.981884], [-16.231464, 19.981886], [-16.23146, 19.981344], [-16.231174, 19.981346], [-16.231163, 19.979991], [-16.230876, 19.979993], [-16.230872, 19.979451], [-16.230585, 19.979453], [-16.230588, 19.979724], [-16.230301, 19.979726], [-16.230305, 19.980268], [-16.230018, 19.98027], [-16.230031, 19.981896], [-16.229744, 19.981898], [-16.229755, 19.983253], [-16.229468, 19.983255], [-16.22947, 19.983526], [-16.229757, 19.983524], [-16.229759, 19.983795], [-16.231192, 19.983785], [-16.231195, 19.984056], [-16.230908, 19.984058], [-16.23091, 19.984329], [-16.229763, 19.984337], [-16.229767, 19.984879], [-16.229481, 19.984881], [-16.229485, 19.985423], [-16.229198, 19.985425], [-16.229202, 19.985967], [-16.229489, 19.985965], [-16.229491, 19.986236], [-16.229778, 19.986234], [-16.229793, 19.988132], [-16.229506, 19.988134], [-16.229512, 19.988947], [-16.228939, 19.988951], [-16.228941, 19.989222], [-16.228654, 19.989224], [-16.228656, 19.989495], [-16.22837, 19.989497], [-16.228372, 19.989768], [-16.228658, 19.989766], [-16.228661, 19.990037], [-16.228947, 19.990035], [-16.228949, 19.990306], [-16.229236, 19.990304], [-16.229238, 19.990575], [-16.229525, 19.990573], [-16.229527, 19.990844], [-16.230387, 19.990838], [-16.230389, 19.991109], [-16.230676, 19.991107], [-16.230678, 19.991378], [-16.230965, 19.991376], [-16.230967, 19.991647], [-16.23154, 19.991643], [-16.231542, 19.991914], [-16.232116, 19.99191]], [[-16.232114, 19.991639], [-16.231827, 19.991641], [-16.231825, 19.99137], [-16.232112, 19.991368], [-16.232114, 19.991639]], [[-16.232101, 19.990013], [-16.231814, 19.990015], [-16.231812, 19.989744], [-16.232099, 19.989742], [-16.232101, 19.990013]], [[-16.233246, 19.989734], [-16.232959, 19.989736], [-16.232957, 19.989465], [-16.233244, 19.989463], [-16.233246, 19.989734]], [[-16.232672, 19.989738], [-16.232386, 19.98974], [-16.232384, 19.989469], [-16.23267, 19.989467], [-16.232672, 19.989738]], [[-16.230665, 19.989752], [-16.230379, 19.989754], [-16.230377, 19.989483], [-16.230663, 19.989481], [-16.230665, 19.989752]], [[-16.234102, 19.989186], [-16.233815, 19.989188], [-16.233809, 19.988375], [-16.234095, 19.988373], [-16.234102, 19.989186]], [[-16.232951, 19.988652], [-16.232377, 19.988656], [-16.232375, 19.988385], [-16.232088, 19.988387], [-16.232084, 19.987845], [-16.232371, 19.987843], [-16.232373, 19.988114], [-16.232946, 19.98811], [-16.232944, 19.987839], [-16.233518, 19.987835], [-16.233522, 19.988377], [-16.232949, 19.988381], [-16.232951, 19.988652]], [[-16.234378, 19.987829], [-16.234091, 19.987831], [-16.234089, 19.98756], [-16.234376, 19.987558], [-16.234378, 19.987829]], [[-16.230649, 19.987584], [-16.230075, 19.987588], [-16.230073, 19.987317], [-16.230646, 19.987313], [-16.230649, 19.987584]], [[-16.231188, 19.983243], [-16.230902, 19.983245], [-16.230895, 19.982432], [-16.231182, 19.98243], [-16.231188, 19.983243]], [[-16.230889, 19.981619], [-16.230316, 19.981623], [-16.230313, 19.981352], [-16.230887, 19.981348], [-16.230889, 19.981619]]]}, "properties": {"layer": "meadow", "year": 2025, "sat": "S2A", "date": "2025-06-17", "area_ha": 43.83}}, {"type": "Feature", "geometry": {"type": "Polygon", "coordinates": [[[-16.504521, 19.934246], [-16.504513, 19.933433], [-16.504227, 19.933436], [-16.504219, 19.932623], [-16.503933, 19.932625], [-16.503935, 19.932896], [-16.503649, 19.932899], [-16.503651, 19.93317], [-16.503938, 19.933167], [-16.50394, 19.933438], [-16.503367, 19.933443], [-16.50337, 19.933714], [-16.504229, 19.933707], [-16.504235, 19.934249], [-16.504521, 19.934246]]]}, "properties": {"layer": "meadow", "year": 2025, "sat": "S2A", "date": "2025-06-17", "area_ha": 0.9}}, {"type": "Feature", "geometry": {"type": "Polygon", "coordinates": [[[-16.504787, 19.932076], [-16.504785, 19.931805], [-16.505071, 19.931802], [-16.505066, 19.93126], [-16.504779, 19.931263], [-16.504777, 19.930992], [-16.50449, 19.930994], [-16.504488, 19.930723], [-16.504774, 19.930721], [-16.504764, 19.929637], [-16.504477, 19.929639], [-16.504475, 19.929368], [-16.504188, 19.929371], [-16.504183, 19.928829], [-16.503897, 19.928831], [-16.503894, 19.92856], [-16.503608, 19.928562], [-16.503613, 19.929104], [-16.503326, 19.929107], [-16.503329, 19.929378], [-16.503615, 19.929375], [-16.503618, 19.929647], [-16.503331, 19.929649], [-16.503339, 19.930462], [-16.503625, 19.93046], [-16.503628, 19.930731], [-16.503915, 19.930728], [-16.50392, 19.93127], [-16.504206, 19.931268], [-16.504209, 19.931539], [-16.504495, 19.931536], [-16.504501, 19.932078], [-16.504787, 19.932076]]]}, "properties": {"layer": "meadow", "year": 2025, "sat": "S2A", "date": "2025-06-17", "area_ha": 3.51}}, {"type": "Feature", "geometry": {"type": "Polygon", "coordinates": [[[-16.500412, 19.923982], [-16.500407, 19.92344], [-16.500693, 19.923438], [-16.500686, 19.922624], [-16.500112, 19.922629], [-16.500115, 19.9229], [-16.499828, 19.922903], [-16.499839, 19.923987], [-16.500412, 19.923982]]]}, "properties": {"layer": "meadow", "year": 2025, "sat": "S2A", "date": "2025-06-17", "area_ha": 1.08}}, {"type": "Feature", "geometry": {"type": "Polygon", "coordinates": [[[-16.501829, 19.922344], [-16.501824, 19.921802], [-16.502111, 19.921799], [-16.502106, 19.921257], [-16.501532, 19.921262], [-16.501535, 19.921533], [-16.501248, 19.921536], [-16.501254, 19.922078], [-16.500967, 19.92208], [-16.50097, 19.922351], [-16.501829, 19.922344]]]}, "properties": {"layer": "meadow", "year": 2025, "sat": "S2A", "date": "2025-06-17", "area_ha": 0.9}}, {"type": "Feature", "geometry": {"type": "Polygon", "coordinates": [[[-16.504679, 19.920694], [-16.504664, 19.919067], [-16.504377, 19.91907], [-16.504393, 19.920696], [-16.504679, 19.920694]]]}, "properties": {"layer": "meadow", "year": 2025, "sat": "S2A", "date": "2025-06-17", "area_ha": 0.54}}, {"type": "Feature", "geometry": {"type": "Polygon", "coordinates": [[[-16.478269, 19.915765], [-16.478266, 19.915494], [-16.478553, 19.915492], [-16.478548, 19.91495], [-16.478834, 19.914948], [-16.478832, 19.914677], [-16.479118, 19.914674], [-16.479116, 19.914403], [-16.478256, 19.91441], [-16.478261, 19.914952], [-16.477975, 19.914955], [-16.477982, 19.915768], [-16.478269, 19.915765]]]}, "properties": {"layer": "meadow", "year": 2025, "sat": "S2A", "date": "2025-06-17", "area_ha": 0.9}}, {"type": "Feature", "geometry": {"type": "Polygon", "coordinates": [[[-16.487139, 19.914336], [-16.487136, 19.914065], [-16.48685, 19.914068], [-16.486847, 19.913797], [-16.486561, 19.913799], [-16.486558, 19.913528], [-16.486272, 19.91353], [-16.486274, 19.913801], [-16.485988, 19.913804], [-16.485993, 19.914346], [-16.486279, 19.914344], [-16.486277, 19.914073], [-16.486563, 19.91407], [-16.486566, 19.914341], [-16.487139, 19.914336]]]}, "properties": {"layer": "meadow", "year": 2025, "sat": "S2A", "date": "2025-06-17", "area_ha": 0.63}}, {"type": "Feature", "geometry": {"type": "Polygon", "coordinates": [[[-16.483409, 19.913825], [-16.483404, 19.913283], [-16.48369, 19.913281], [-16.483688, 19.91301], [-16.483401, 19.913012], [-16.483399, 19.912741], [-16.483112, 19.912744], [-16.483107, 19.912202], [-16.482821, 19.912204], [-16.482823, 19.912475], [-16.48225, 19.91248], [-16.482248, 19.912209], [-16.481961, 19.912211], [-16.481964, 19.912482], [-16.481677, 19.912485], [-16.48168, 19.912756], [-16.481966, 19.912753], [-16.481969, 19.913024], [-16.482542, 19.91302], [-16.482544, 19.913291], [-16.482831, 19.913288], [-16.482836, 19.91383], [-16.483409, 19.913825]]]}, "properties": {"layer": "meadow", "year": 2025, "sat": "S2A", "date": "2025-06-17", "area_ha": 1.8}}, {"type": "Feature", "geometry": {"type": "Polygon", "coordinates": [[[-16.489152, 19.915133], [-16.489147, 19.914591], [-16.488861, 19.914593], [-16.488848, 19.913238], [-16.489708, 19.913231], [-16.489705, 19.91296], [-16.489419, 19.912962], [-16.489416, 19.912691], [-16.489129, 19.912693], [-16.489127, 19.912422], [-16.489413, 19.91242], [-16.489411, 19.912149], [-16.489697, 19.912147], [-16.489695, 19.911876], [-16.488835, 19.911883], [-16.488838, 19.912154], [-16.487978, 19.912161], [-16.487981, 19.912432], [-16.487694, 19.912434], [-16.487697, 19.912705], [-16.48741, 19.912708], [-16.487413, 19.912979], [-16.487699, 19.912976], [-16.487707, 19.91379], [-16.487993, 19.913787], [-16.488004, 19.914871], [-16.488863, 19.914864], [-16.488866, 19.915135], [-16.489152, 19.915133]], [[-16.489132, 19.912964], [-16.488845, 19.912967], [-16.488843, 19.912696], [-16.489129, 19.912693], [-16.489132, 19.912964]]]}, "properties": {"layer": "meadow", "year": 2025, "sat": "S2A", "date": "2025-06-17", "area_ha": 4.32}}, {"type": "Feature", "geometry": {"type": "Polygon", "coordinates": [[[-16.479113, 19.914132], [-16.479111, 19.913861], [-16.47997, 19.913854], [-16.479965, 19.913312], [-16.479392, 19.913317], [-16.479385, 19.912504], [-16.478812, 19.912509], [-16.478802, 19.911424], [-16.480234, 19.911413], [-16.480227, 19.9106], [-16.47994, 19.910602], [-16.479943, 19.910873], [-16.479656, 19.910875], [-16.479659, 19.911146], [-16.478512, 19.911156], [-16.478518, 19.911698], [-16.478231, 19.9117], [-16.478233, 19.911971], [-16.47766, 19.911976], [-16.477663, 19.912247], [-16.477949, 19.912245], [-16.477954, 19.912787], [-16.477668, 19.912789], [-16.477673, 19.913331], [-16.478246, 19.913326], [-16.478249, 19.913597], [-16.477676, 19.913602], [-16.477678, 19.913873], [-16.478251, 19.913868], [-16.478254, 19.914139], [-16.479113, 19.914132]]]}, "properties": {"layer": "meadow", "year": 2025, "sat": "S2A", "date": "2025-06-17", "area_ha": 4.77}}, {"type": "Feature", "geometry": {"type": "Polygon", "coordinates": [[[-16.487976, 19.91189], [-16.487973, 19.911619], [-16.48826, 19.911617], [-16.488257, 19.911346], [-16.487971, 19.911348], [-16.487966, 19.910806], [-16.488252, 19.910804], [-16.48825, 19.910533], [-16.48739, 19.91054], [-16.487393, 19.910811], [-16.486533, 19.910818], [-16.48653, 19.910547], [-16.486817, 19.910545], [-16.486814, 19.910274], [-16.486528, 19.910276], [-16.486523, 19.909734], [-16.485663, 19.909741], [-16.485661, 19.90947], [-16.485374, 19.909472], [-16.485377, 19.909743], [-16.484804, 19.909748], [-16.484801, 19.909477], [-16.484228, 19.909482], [-16.484231, 19.909753], [-16.483657, 19.909758], [-16.483655, 19.909487], [-16.483368, 19.909489], [-16.483373, 19.910031], [-16.48452, 19.910022], [-16.484525, 19.910564], [-16.484238, 19.910566], [-16.484241, 19.910837], [-16.484527, 19.910835], [-16.48453, 19.911106], [-16.485103, 19.911101], [-16.485105, 19.911372], [-16.485392, 19.91137], [-16.485397, 19.911912], [-16.485683, 19.911909], [-16.485681, 19.911638], [-16.485967, 19.911636], [-16.48597, 19.911907], [-16.486543, 19.911902], [-16.486541, 19.911631], [-16.487114, 19.911626], [-16.487116, 19.911897], [-16.487976, 19.91189]], [[-16.487398, 19.911353], [-16.487111, 19.911355], [-16.487109, 19.911084], [-16.487395, 19.911082], [-16.487398, 19.911353]]]}, "properties": {"layer": "meadow", "year": 2025, "sat": "S2A", "date": "2025-06-17", "area_ha": 7.02}}, {"type": "Feature", "geometry": {"type": "Polygon", "coordinates": [[[-16.406034, 19.913641], [-16.406032, 19.91337], [-16.406892, 19.913363], [-16.406889, 19.913092], [-16.406603, 19.913094], [-16.4066, 19.912823], [-16.40746, 19.912817], [-16.407455, 19.912275], [-16.407168, 19.912277], [-16.407171, 19.912548], [-16.406884, 19.91255], [-16.40688, 19.912008], [-16.406593, 19.91201], [-16.406591, 19.911739], [-16.406304, 19.911742], [-16.406302, 19.911471], [-16.406015, 19.911473], [-16.406013, 19.911202], [-16.406299, 19.911199], [-16.406292, 19.910386], [-16.406006, 19.910389], [-16.406003, 19.910118], [-16.405717, 19.91012], [-16.405714, 19.909849], [-16.405428, 19.909851], [-16.405425, 19.90958], [-16.405139, 19.909582], [-16.405141, 19.909853], [-16.404568, 19.909858], [-16.404563, 19.909316], [-16.40485, 19.909314], [-16.404845, 19.908772], [-16.404558, 19.908774], [-16.404561, 19.909045], [-16.404274, 19.909047], [-16.404272, 19.908776], [-16.403985, 19.908778], [-16.403983, 19.908507], [-16.403696, 19.90851], [-16.403704, 19.909323], [-16.40399, 19.90932], [-16.403997, 19.910134], [-16.40457, 19.910129], [-16.404575, 19.910671], [-16.404862, 19.910669], [-16.404867, 19.911211], [-16.40458, 19.911213], [-16.404587, 19.912026], [-16.404301, 19.912028], [-16.404305, 19.91257], [-16.404592, 19.912568], [-16.404594, 19.912839], [-16.404881, 19.912837], [-16.404883, 19.913108], [-16.405456, 19.913103], [-16.405459, 19.913374], [-16.405745, 19.913372], [-16.405748, 19.913643], [-16.406034, 19.913641]], [[-16.405435, 19.910664], [-16.405148, 19.910667], [-16.405144, 19.910124], [-16.40543, 19.910122], [-16.405435, 19.910664]]]}, "properties": {"layer": "meadow", "year": 2025, "sat": "S2A", "date": "2025-06-17", "area_ha": 8.73}}, {"type": "Feature", "geometry": {"type": "Polygon", "coordinates": [[[-16.472742, 19.906867], [-16.472739, 19.906596], [-16.473312, 19.906591], [-16.47331, 19.90632], [-16.474169, 19.906313], [-16.474167, 19.906042], [-16.473021, 19.906052], [-16.473018, 19.905781], [-16.472445, 19.905786], [-16.472455, 19.90687], [-16.472742, 19.906867]]]}, "properties": {"layer": "meadow", "year": 2025, "sat": "S2A", "date": "2025-06-17", "area_ha": 1.08}}, {"type": "Feature", "geometry": {"type": "Polygon", "coordinates": [[[-16.416292, 19.907055], [-16.416287, 19.906513], [-16.416574, 19.90651], [-16.416569, 19.905968], [-16.416282, 19.905971], [-16.416285, 19.906242], [-16.415998, 19.906244], [-16.416001, 19.906515], [-16.415714, 19.906517], [-16.415717, 19.906788], [-16.416003, 19.906786], [-16.416006, 19.907057], [-16.416292, 19.907055]]]}, "properties": {"layer": "meadow", "year": 2025, "sat": "S2A", "date": "2025-06-17", "area_ha": 0.54}}, {"type": "Feature", "geometry": {"type": "Polygon", "coordinates": [[[-16.433501, 19.908814], [-16.433499, 19.908543], [-16.433785, 19.908541], [-16.433783, 19.90827], [-16.43407, 19.908267], [-16.434062, 19.907454], [-16.434349, 19.907452], [-16.434344, 19.90691], [-16.434057, 19.906912], [-16.434055, 19.906641], [-16.434341, 19.906639], [-16.434339, 19.906368], [-16.434626, 19.906366], [-16.434635, 19.90745], [-16.434922, 19.907447], [-16.434917, 19.906905], [-16.43549, 19.906901], [-16.435488, 19.90663], [-16.436061, 19.906625], [-16.436058, 19.906354], [-16.435772, 19.906356], [-16.435769, 19.906085], [-16.435483, 19.906088], [-16.43548, 19.905817], [-16.435194, 19.905819], [-16.435191, 19.905548], [-16.434618, 19.905553], [-16.434611, 19.904739], [-16.433465, 19.904749], [-16.433467, 19.90502], [-16.433181, 19.905022], [-16.433186, 19.905564], [-16.432899, 19.905566], [-16.432901, 19.905837], [-16.432615, 19.90584], [-16.43262, 19.906382], [-16.432333, 19.906384], [-16.432336, 19.906655], [-16.432049, 19.906657], [-16.432059, 19.907741], [-16.432632, 19.907737], [-16.432637, 19.908279], [-16.432923, 19.908277], [-16.432928, 19.908819], [-16.433501, 19.908814]]]}, "properties": {"layer": "meadow", "year": 2025, "sat": "S2A", "date": "2025-06-17", "area_ha": 9.45}}, {"type": "Feature", "geometry": {"type": "Polygon", "coordinates": [[[-16.420304, 19.907023], [-16.420301, 19.906752], [-16.420588, 19.906749], [-16.420581, 19.905936], [-16.420867, 19.905934], [-16.420862, 19.905392], [-16.421149, 19.90539], [-16.421146, 19.905119], [-16.42086, 19.905121], [-16.420853, 19.904308], [-16.41942, 19.904319], [-16.419422, 19.90459], [-16.419136, 19.904593], [-16.419133, 19.904322], [-16.418847, 19.904324], [-16.418852, 19.904866], [-16.418279, 19.90487], [-16.418281, 19.905141], [-16.417421, 19.905148], [-16.417424, 19.905419], [-16.416851, 19.905424], [-16.416853, 19.905695], [-16.416567, 19.905697], [-16.416569, 19.905968], [-16.417142, 19.905964], [-16.41714, 19.905693], [-16.417426, 19.90569], [-16.417429, 19.905961], [-16.417715, 19.905959], [-16.417718, 19.90623], [-16.418004, 19.906228], [-16.418007, 19.906499], [-16.418866, 19.906492], [-16.418869, 19.906763], [-16.419442, 19.906758], [-16.419444, 19.907029], [-16.420304, 19.907023]]]}, "properties": {"layer": "meadow", "year": 2025, "sat": "S2A", "date": "2025-06-17", "area_ha": 8.19}}, {"type": "Feature", "geometry": {"type": "Polygon", "coordinates": [[[-16.472729, 19.905512], [-16.472722, 19.904699], [-16.472148, 19.904704], [-16.472141, 19.903891], [-16.471854, 19.903893], [-16.471849, 19.903351], [-16.471563, 19.903354], [-16.471565, 19.903625], [-16.471279, 19.903627], [-16.471284, 19.904169], [-16.47157, 19.904167], [-16.471573, 19.904438], [-16.471286, 19.90444], [-16.471291, 19.904982], [-16.471578, 19.90498], [-16.471575, 19.904709], [-16.471862, 19.904706], [-16.471869, 19.905519], [-16.472729, 19.905512]]]}, "properties": {"layer": "meadow", "year": 2025, "sat": "S2A", "date": "2025-06-17", "area_ha": 1.89}}, {"type": "Feature", "geometry": {"type": "Polygon", "coordinates": [[[-16.489921, 19.905369], [-16.489918, 19.905098], [-16.490778, 19.905091], [-16.490775, 19.90482], [-16.490489, 19.904822], [-16.490486, 19.904551], [-16.490773, 19.904549], [-16.490767, 19.904007], [-16.489908, 19.904014], [-16.489905, 19.903743], [-16.489332, 19.903748], [-16.48933, 19.903477], [-16.488757, 19.903481], [-16.488754, 19.90321], [-16.488468, 19.903213], [-16.48847, 19.903484], [-16.487611, 19.903491], [-16.487613, 19.903762], [-16.488473, 19.903755], [-16.488478, 19.904297], [-16.489051, 19.904292], [-16.489053, 19.904563], [-16.48934, 19.904561], [-16.489342, 19.904832], [-16.488769, 19.904837], [-16.488772, 19.905108], [-16.489345, 19.905103], [-16.489348, 19.905374], [-16.489921, 19.905369]]]}, "properties": {"layer": "meadow", "year": 2025, "sat": "S2A", "date": "2025-06-17", "area_ha": 3.51}}, {"type": "Feature", "geometry": {"type": "Polygon", "coordinates": [[[-16.495661, 19.906405], [-16.495656, 19.905863], [-16.495083, 19.905868], [-16.495081, 19.905597], [-16.494794, 19.905599], [-16.494791, 19.905328], [-16.495078, 19.905326], [-16.495073, 19.904784], [-16.495359, 19.904781], [-16.495365, 19.905323], [-16.495651, 19.905321], [-16.495654, 19.905592], [-16.496513, 19.905585], [-16.496511, 19.905314], [-16.496224, 19.905316], [-16.496222, 19.905045], [-16.495935, 19.905047], [-16.495927, 19.904234], [-16.495641, 19.904237], [-16.495633, 19.903424], [-16.495347, 19.903426], [-16.495349, 19.903697], [-16.494776, 19.903702], [-16.494781, 19.904244], [-16.494495, 19.904246], [-16.494477, 19.902349], [-16.493904, 19.902354], [-16.493909, 19.902896], [-16.493049, 19.902903], [-16.493047, 19.902632], [-16.49276, 19.902635], [-16.492763, 19.902906], [-16.492476, 19.902908], [-16.492479, 19.903179], [-16.492192, 19.903182], [-16.492195, 19.903453], [-16.491335, 19.90346], [-16.491338, 19.903731], [-16.492198, 19.903724], [-16.4922, 19.903995], [-16.49306, 19.903987], [-16.493062, 19.904258], [-16.493635, 19.904254], [-16.49364, 19.904796], [-16.493927, 19.904793], [-16.493929, 19.905064], [-16.493356, 19.905069], [-16.493354, 19.904798], [-16.492781, 19.904803], [-16.492783, 19.905074], [-16.492497, 19.905076], [-16.492494, 19.904805], [-16.492208, 19.904808], [-16.49221, 19.905079], [-16.491924, 19.905081], [-16.491926, 19.905352], [-16.493072, 19.905343], [-16.493077, 19.905885], [-16.493364, 19.905882], [-16.493367, 19.906153], [-16.493653, 19.906151], [-16.49365, 19.90588], [-16.493937, 19.905877], [-16.49394, 19.906148], [-16.494513, 19.906144], [-16.49451, 19.905873], [-16.494797, 19.90587], [-16.494802, 19.906412], [-16.495661, 19.906405]], [[-16.49451, 19.905873], [-16.494224, 19.905875], [-16.494221, 19.905604], [-16.494508, 19.905602], [-16.49451, 19.905873]], [[-16.494218, 19.905333], [-16.493932, 19.905335], [-16.493929, 19.905064], [-16.494216, 19.905062], [-16.494218, 19.905333]]]}, "properties": {"layer": "meadow", "year": 2025, "sat": "S2A", "date": "2025-06-17", "area_ha": 10.17}}, {"type": "Feature", "geometry": {"type": "Polygon", "coordinates": [[[-16.437785, 19.907153], [-16.437782, 19.906882], [-16.438069, 19.90688], [-16.438066, 19.906609], [-16.438353, 19.906607], [-16.43835, 19.906336], [-16.438637, 19.906333], [-16.438635, 19.906062], [-16.438921, 19.90606], [-16.438919, 19.905789], [-16.439205, 19.905787], [-16.4392, 19.905245], [-16.439487, 19.905242], [-16.439489, 19.905513], [-16.440062, 19.905509], [-16.440057, 19.904967], [-16.440344, 19.904964], [-16.440346, 19.905235], [-16.440633, 19.905233], [-16.440628, 19.904691], [-16.440915, 19.904689], [-16.440912, 19.904418], [-16.441199, 19.904415], [-16.441196, 19.904144], [-16.44091, 19.904147], [-16.440907, 19.903875], [-16.441767, 19.903869], [-16.441757, 19.902784], [-16.44147, 19.902787], [-16.441475, 19.903329], [-16.441189, 19.903331], [-16.441191, 19.903602], [-16.440618, 19.903607], [-16.440626, 19.90442], [-16.440339, 19.904422], [-16.440337, 19.904151], [-16.44005, 19.904153], [-16.440048, 19.903882], [-16.439761, 19.903885], [-16.439756, 19.903343], [-16.43947, 19.903345], [-16.439475, 19.903887], [-16.438615, 19.903894], [-16.438612, 19.903623], [-16.438899, 19.903621], [-16.438894, 19.903079], [-16.438321, 19.903083], [-16.438331, 19.904167], [-16.438044, 19.90417], [-16.438042, 19.903899], [-16.437755, 19.903901], [-16.43776, 19.904443], [-16.438047, 19.904441], [-16.438052, 19.904983], [-16.437765, 19.904985], [-16.437768, 19.905256], [-16.437195, 19.905261], [-16.437197, 19.905532], [-16.437484, 19.905529], [-16.437486, 19.9058], [-16.437199, 19.905803], [-16.437202, 19.906074], [-16.436915, 19.906076], [-16.43691, 19.905534], [-16.436624, 19.905536], [-16.436631, 19.906349], [-16.436345, 19.906352], [-16.436347, 19.906623], [-16.436061, 19.906625], [-16.436063, 19.906896], [-16.43635, 19.906894], [-16.436352, 19.907165], [-16.436925, 19.90716], [-16.436923, 19.906889], [-16.437209, 19.906887], [-16.437212, 19.907158], [-16.437785, 19.907153]], [[-16.437496, 19.906885], [-16.437209, 19.906887], [-16.437207, 19.906616], [-16.437493, 19.906613], [-16.437496, 19.906885]], [[-16.438064, 19.906338], [-16.437777, 19.90634], [-16.437775, 19.906069], [-16.438061, 19.906067], [-16.438064, 19.906338]], [[-16.438348, 19.906065], [-16.438061, 19.906067], [-16.438057, 19.905525], [-16.438343, 19.905522], [-16.438348, 19.906065]], [[-16.437775, 19.906069], [-16.437488, 19.906071], [-16.437486, 19.9058], [-16.437772, 19.905798], [-16.437775, 19.906069]], [[-16.43863, 19.90552], [-16.438343, 19.905522], [-16.438341, 19.905251], [-16.438627, 19.905249], [-16.43863, 19.90552]], [[-16.440052, 19.904424], [-16.439766, 19.904427], [-16.439763, 19.904156], [-16.44005, 19.904153], [-16.440052, 19.904424]], [[-16.43862, 19.904436], [-16.438333, 19.904438], [-16.438331, 19.904167], [-16.438617, 19.904165], [-16.43862, 19.904436]]]}, "properties": {"layer": "meadow", "year": 2025, "sat": "S2A", "date": "2025-06-17", "area_ha": 9.18}}, {"type": "Feature", "geometry": {"type": "Polygon", "coordinates": [[[-16.481639, 19.90842], [-16.481632, 19.907606], [-16.481345, 19.907609], [-16.481342, 19.907338], [-16.481629, 19.907335], [-16.481627, 19.907064], [-16.482486, 19.907057], [-16.482484, 19.906786], [-16.482197, 19.906789], [-16.482195, 19.906518], [-16.481908, 19.90652], [-16.481905, 19.906249], [-16.482765, 19.906242], [-16.482763, 19.905971], [-16.483336, 19.905966], [-16.483341, 19.906508], [-16.483627, 19.906506], [-16.48363, 19.906777], [-16.484203, 19.906772], [-16.484205, 19.907043], [-16.484492, 19.907041], [-16.484497, 19.907583], [-16.48507, 19.907578], [-16.485072, 19.907849], [-16.485645, 19.907844], [-16.485643, 19.907573], [-16.485356, 19.907575], [-16.485354, 19.907304], [-16.485067, 19.907307], [-16.485065, 19.907036], [-16.484778, 19.907038], [-16.484776, 19.906767], [-16.484489, 19.90677], [-16.484487, 19.906499], [-16.484773, 19.906496], [-16.484771, 19.906225], [-16.484484, 19.906228], [-16.484482, 19.905957], [-16.485055, 19.905952], [-16.48505, 19.90541], [-16.485336, 19.905407], [-16.485339, 19.905678], [-16.485912, 19.905674], [-16.485914, 19.905945], [-16.486774, 19.905937], [-16.486769, 19.905395], [-16.487055, 19.905393], [-16.487058, 19.905664], [-16.487631, 19.905659], [-16.487626, 19.905117], [-16.488199, 19.905112], [-16.488196, 19.904841], [-16.48791, 19.904844], [-16.487907, 19.904573], [-16.487048, 19.90458], [-16.487045, 19.904309], [-16.487618, 19.904304], [-16.487613, 19.903762], [-16.487327, 19.903764], [-16.487324, 19.903493], [-16.487611, 19.903491], [-16.487608, 19.90322], [-16.486462, 19.90323], [-16.48646, 19.902959], [-16.485886, 19.902963], [-16.485884, 19.902692], [-16.48617, 19.90269], [-16.486168, 19.902419], [-16.485595, 19.902424], [-16.485597, 19.902695], [-16.485024, 19.9027], [-16.485027, 19.902971], [-16.485313, 19.902968], [-16.485318, 19.90351], [-16.484745, 19.903515], [-16.48475, 19.904057], [-16.484464, 19.904059], [-16.484472, 19.904872], [-16.484185, 19.904875], [-16.484188, 19.905146], [-16.483615, 19.905151], [-16.483612, 19.90488], [-16.482466, 19.904889], [-16.482468, 19.90516], [-16.482755, 19.905158], [-16.48276, 19.9057], [-16.481614, 19.905709], [-16.481616, 19.90598], [-16.48047, 19.90599], [-16.480473, 19.906261], [-16.480186, 19.906263], [-16.480191, 19.906805], [-16.480764, 19.906801], [-16.480767, 19.907072], [-16.48048, 19.907074], [-16.480485, 19.907616], [-16.480772, 19.907614], [-16.48078, 19.908427], [-16.481639, 19.90842]], [[-16.486485, 19.905669], [-16.486198, 19.905671], [-16.486196, 19.9054], [-16.486482, 19.905398], [-16.486485, 19.905669]], [[-16.483617, 19.905422], [-16.483331, 19.905424], [-16.483328, 19.905153], [-16.483615, 19.905151], [-16.483617, 19.905422]], [[-16.487626, 19.905117], [-16.487339, 19.90512], [-16.487337, 19.904849], [-16.487623, 19.904846], [-16.487626, 19.905117]], [[-16.486766, 19.905124], [-16.48648, 19.905127], [-16.486477, 19.904856], [-16.486764, 19.904853], [-16.486766, 19.905124]]]}, "properties": {"layer": "meadow", "year": 2025, "sat": "S2A", "date": "2025-06-17", "area_ha": 17.37}}, {"type": "Feature", "geometry": {"type": "Polygon", "coordinates": [[[-16.413111, 19.903827], [-16.413107, 19.903285], [-16.41282, 19.903288], [-16.412815, 19.902746], [-16.412529, 19.902748], [-16.412526, 19.902477], [-16.411953, 19.902481], [-16.411956, 19.902752], [-16.411383, 19.902757], [-16.411385, 19.903028], [-16.411958, 19.903023], [-16.41196, 19.903294], [-16.412247, 19.903292], [-16.412249, 19.903563], [-16.412536, 19.903561], [-16.412538, 19.903832], [-16.413111, 19.903827]]]}, "properties": {"layer": "meadow", "year": 2025, "sat": "S2A", "date": "2025-06-17", "area_ha": 1.35}}, {"type": "Feature", "geometry": {"type": "Polygon", "coordinates": [[[-16.44147, 19.902787], [-16.441461, 19.901703], [-16.441174, 19.901705], [-16.441177, 19.901976], [-16.44089, 19.901978], [-16.440895, 19.90252], [-16.441181, 19.902518], [-16.441184, 19.902789], [-16.44147, 19.902787]]]}, "properties": {"layer": "meadow", "year": 2025, "sat": "S2A", "date": "2025-06-17", "area_ha": 0.54}}, {"type": "Feature", "geometry": {"type": "Polygon", "coordinates": [[[-16.501394, 19.906628], [-16.501392, 19.906357], [-16.501678, 19.906354], [-16.501676, 19.906083], [-16.502249, 19.906078], [-16.502246, 19.905807], [-16.502819, 19.905803], [-16.502817, 19.905532], [-16.50339, 19.905527], [-16.503387, 19.905256], [-16.503674, 19.905253], [-16.503671, 19.904982], [-16.503958, 19.90498], [-16.503953, 19.904438], [-16.503379, 19.904443], [-16.503374, 19.903901], [-16.503088, 19.903903], [-16.503083, 19.903361], [-16.502796, 19.903363], [-16.502794, 19.903092], [-16.502507, 19.903095], [-16.502505, 19.902824], [-16.502218, 19.902826], [-16.502216, 19.902555], [-16.501929, 19.902558], [-16.501926, 19.902287], [-16.50164, 19.902289], [-16.501635, 19.901747], [-16.501062, 19.901752], [-16.501057, 19.90121], [-16.500197, 19.901217], [-16.5002, 19.901488], [-16.499913, 19.901491], [-16.499916, 19.901762], [-16.499343, 19.901766], [-16.49934, 19.901495], [-16.499627, 19.901493], [-16.499614, 19.900138], [-16.499327, 19.90014], [-16.499325, 19.899869], [-16.498752, 19.899874], [-16.498754, 19.900145], [-16.497608, 19.900155], [-16.497611, 19.900426], [-16.497897, 19.900423], [-16.4979, 19.900694], [-16.497613, 19.900697], [-16.497616, 19.900968], [-16.497902, 19.900965], [-16.497905, 19.901236], [-16.498478, 19.901232], [-16.498483, 19.901774], [-16.498197, 19.901776], [-16.498199, 19.902047], [-16.497913, 19.902049], [-16.49791, 19.901778], [-16.497337, 19.901783], [-16.497345, 19.902596], [-16.497058, 19.902599], [-16.497063, 19.903141], [-16.49735, 19.903138], [-16.497347, 19.902867], [-16.498207, 19.90286], [-16.498209, 19.903131], [-16.498496, 19.903129], [-16.498498, 19.9034], [-16.498785, 19.903397], [-16.498788, 19.903668], [-16.499074, 19.903666], [-16.499077, 19.903937], [-16.499363, 19.903934], [-16.499373, 19.905019], [-16.49966, 19.905016], [-16.499662, 19.905287], [-16.499949, 19.905285], [-16.499951, 19.905556], [-16.500238, 19.905553], [-16.500243, 19.906095], [-16.500816, 19.90609], [-16.500821, 19.906632], [-16.501394, 19.906628]]]}, "properties": {"layer": "meadow", "year": 2025, "sat": "S2A", "date": "2025-06-17", "area_ha": 24.48}}, {"type": "Feature", "geometry": {"type": "Polygon", "coordinates": [[[-16.414821, 19.90273], [-16.414818, 19.902459], [-16.415678, 19.902452], [-16.415676, 19.902181], [-16.415962, 19.902179], [-16.415957, 19.901636], [-16.416244, 19.901634], [-16.416234, 19.90055], [-16.415948, 19.900552], [-16.415953, 19.901094], [-16.415666, 19.901097], [-16.415668, 19.901368], [-16.415095, 19.901372], [-16.415098, 19.901643], [-16.414811, 19.901646], [-16.414814, 19.901917], [-16.414527, 19.901919], [-16.414534, 19.902732], [-16.414821, 19.90273]]]}, "properties": {"layer": "meadow", "year": 2025, "sat": "S2A", "date": "2025-06-17", "area_ha": 1.98}}, {"type": "Feature", "geometry": {"type": "Polygon", "coordinates": [[[-16.399124, 19.909901], [-16.399121, 19.90963], [-16.399694, 19.909625], [-16.399687, 19.908812], [-16.399974, 19.90881], [-16.399971, 19.908539], [-16.400258, 19.908537], [-16.400251, 19.907724], [-16.399964, 19.907726], [-16.399955, 19.906642], [-16.399668, 19.906644], [-16.399663, 19.906102], [-16.39995, 19.9061], [-16.39994, 19.905016], [-16.399654, 19.905018], [-16.399651, 19.904747], [-16.399365, 19.904749], [-16.399367, 19.90502], [-16.398794, 19.905025], [-16.398797, 19.905296], [-16.39851, 19.905298], [-16.398508, 19.905027], [-16.398221, 19.905029], [-16.398216, 19.904487], [-16.39793, 19.904489], [-16.397928, 19.904218], [-16.398214, 19.904216], [-16.398209, 19.903674], [-16.397923, 19.903676], [-16.397918, 19.903134], [-16.397631, 19.903137], [-16.397629, 19.902866], [-16.397916, 19.902863], [-16.397911, 19.902321], [-16.397624, 19.902324], [-16.397622, 19.902053], [-16.397335, 19.902055], [-16.397324, 19.9007], [-16.397037, 19.900702], [-16.397035, 19.900431], [-16.396748, 19.900433], [-16.39675, 19.900704], [-16.396464, 19.900706], [-16.396462, 19.900435], [-16.395889, 19.90044], [-16.395891, 19.900711], [-16.395318, 19.900715], [-16.39532, 19.900986], [-16.395034, 19.900989], [-16.395036, 19.90126], [-16.39475, 19.901262], [-16.394754, 19.901804], [-16.393035, 19.901817], [-16.393033, 19.901546], [-16.392173, 19.901553], [-16.392187, 19.903179], [-16.392474, 19.903177], [-16.392476, 19.903448], [-16.393049, 19.903444], [-16.393052, 19.903715], [-16.392479, 19.903719], [-16.392481, 19.90399], [-16.392768, 19.903988], [-16.392772, 19.90453], [-16.393059, 19.904528], [-16.393061, 19.904799], [-16.393348, 19.904796], [-16.39335, 19.905067], [-16.393637, 19.905065], [-16.393639, 19.905336], [-16.393926, 19.905334], [-16.393928, 19.905605], [-16.394214, 19.905603], [-16.394222, 19.906416], [-16.395654, 19.906405], [-16.395652, 19.906134], [-16.396225, 19.906129], [-16.396232, 19.906942], [-16.395946, 19.906944], [-16.395948, 19.907215], [-16.396234, 19.907213], [-16.396237, 19.907484], [-16.396523, 19.907482], [-16.396526, 19.907753], [-16.397099, 19.907748], [-16.397096, 19.907477], [-16.397383, 19.907475], [-16.397385, 19.907746], [-16.397672, 19.907744], [-16.397674, 19.908015], [-16.397101, 19.90802], [-16.397104, 19.908291], [-16.397677, 19.908286], [-16.397679, 19.908557], [-16.397966, 19.908555], [-16.397963, 19.908284], [-16.39825, 19.908282], [-16.398255, 19.908824], [-16.398541, 19.908821], [-16.398543, 19.909092], [-16.39883, 19.90909], [-16.398837, 19.909903], [-16.399124, 19.909901]], [[-16.399405, 19.909357], [-16.399119, 19.909359], [-16.399117, 19.909088], [-16.399403, 19.909086], [-16.399405, 19.909357]], [[-16.398247, 19.90801], [-16.397961, 19.908013], [-16.397958, 19.907742], [-16.398245, 19.907739], [-16.398247, 19.90801]], [[-16.39767, 19.907473], [-16.397383, 19.907475], [-16.397381, 19.907204], [-16.397667, 19.907202], [-16.39767, 19.907473]], [[-16.393343, 19.904254], [-16.393056, 19.904257], [-16.393054, 19.903986], [-16.393341, 19.903983], [-16.393343, 19.904254]]]}, "properties": {"layer": "meadow", "year": 2025, "sat": "S2A", "date": "2025-06-17", "area_ha": 42.03}}, {"type": "Feature", "geometry": {"type": "Polygon", "coordinates": [[[-16.419962, 19.900791], [-16.419959, 19.90052], [-16.420246, 19.900518], [-16.420241, 19.899976], [-16.419668, 19.899981], [-16.419665, 19.89971], [-16.419379, 19.899712], [-16.419384, 19.900254], [-16.419097, 19.900256], [-16.419102, 19.900798], [-16.419962, 19.900791]]]}, "properties": {"layer": "meadow", "year": 2025, "sat": "S2A", "date": "2025-06-17", "area_ha": 0.99}}, {"type": "Feature", "geometry": {"type": "Polygon", "coordinates": [[[-16.469238, 19.899849], [-16.469233, 19.899307], [-16.469806, 19.899303], [-16.469801, 19.89876], [-16.470088, 19.898758], [-16.47008, 19.897945], [-16.469507, 19.89795], [-16.46951, 19.898221], [-16.469223, 19.898223], [-16.469226, 19.898494], [-16.468939, 19.898497], [-16.468944, 19.899039], [-16.468658, 19.899041], [-16.468663, 19.899583], [-16.468949, 19.899581], [-16.468952, 19.899852], [-16.469238, 19.899849]]]}, "properties": {"layer": "meadow", "year": 2025, "sat": "S2A", "date": "2025-06-17", "area_ha": 1.71}}, {"type": "Feature", "geometry": {"type": "Polygon", "coordinates": [[[-16.469839, 19.902826], [-16.469836, 19.902555], [-16.470696, 19.902548], [-16.470683, 19.901193], [-16.47097, 19.90119], [-16.470967, 19.900919], [-16.472113, 19.90091], [-16.472118, 19.901452], [-16.471832, 19.901454], [-16.471837, 19.901996], [-16.472123, 19.901994], [-16.472126, 19.902265], [-16.472412, 19.902262], [-16.472415, 19.902533], [-16.472701, 19.902531], [-16.472699, 19.90226], [-16.472985, 19.902258], [-16.47298, 19.901716], [-16.472694, 19.901718], [-16.472691, 19.901447], [-16.472978, 19.901445], [-16.472973, 19.900903], [-16.472686, 19.900905], [-16.472684, 19.900634], [-16.47297, 19.900632], [-16.472953, 19.898734], [-16.472666, 19.898737], [-16.472656, 19.897653], [-16.472083, 19.897657], [-16.472091, 19.898471], [-16.471804, 19.898473], [-16.471802, 19.898202], [-16.471515, 19.898204], [-16.471503, 19.896849], [-16.471216, 19.896852], [-16.471219, 19.897123], [-16.470646, 19.897127], [-16.470648, 19.897398], [-16.470935, 19.897396], [-16.47094, 19.897938], [-16.470653, 19.89794], [-16.470663, 19.899024], [-16.470377, 19.899027], [-16.470379, 19.899298], [-16.469806, 19.899303], [-16.469809, 19.899574], [-16.469522, 19.899576], [-16.469525, 19.899847], [-16.469238, 19.899849], [-16.469241, 19.90012], [-16.468954, 19.900123], [-16.468952, 19.899852], [-16.468665, 19.899854], [-16.468663, 19.899583], [-16.468376, 19.899585], [-16.468379, 19.899856], [-16.468092, 19.899859], [-16.468095, 19.90013], [-16.468668, 19.900125], [-16.468673, 19.900667], [-16.468386, 19.900669], [-16.468399, 19.902024], [-16.468685, 19.902022], [-16.468688, 19.902293], [-16.468974, 19.902291], [-16.468972, 19.90202], [-16.469545, 19.902015], [-16.469552, 19.902828], [-16.469839, 19.902826]], [[-16.470407, 19.902279], [-16.47012, 19.902281], [-16.470118, 19.90201], [-16.470404, 19.902008], [-16.470407, 19.902279]], [[-16.469829, 19.901742], [-16.469542, 19.901744], [-16.46954, 19.901473], [-16.469826, 19.901471], [-16.469829, 19.901742]], [[-16.469256, 19.901746], [-16.468969, 19.901749], [-16.468967, 19.901478], [-16.469253, 19.901475], [-16.469256, 19.901746]], [[-16.472691, 19.901447], [-16.472405, 19.901449], [-16.472402, 19.901178], [-16.472689, 19.901176], [-16.472691, 19.901447]], [[-16.469824, 19.9012], [-16.469537, 19.901202], [-16.46953, 19.900389], [-16.469816, 19.900387], [-16.469809, 19.899574], [-16.470668, 19.899566], [-16.470671, 19.899837], [-16.470384, 19.89984], [-16.470389, 19.900382], [-16.470103, 19.900384], [-16.470108, 19.900926], [-16.469821, 19.900929], [-16.469824, 19.9012]], [[-16.468964, 19.901207], [-16.468678, 19.901209], [-16.468675, 19.900938], [-16.468962, 19.900936], [-16.468964, 19.901207]], [[-16.472385, 19.899281], [-16.472098, 19.899284], [-16.472091, 19.898471], [-16.472377, 19.898468], [-16.472385, 19.899281]]]}, "properties": {"layer": "meadow", "year": 2025, "sat": "S2A", "date": "2025-06-17", "area_ha": 15.3}}, {"type": "Feature", "geometry": {"type": "Polygon", "coordinates": [[[-16.279254, 19.899419], [-16.279249, 19.898877], [-16.279536, 19.898875], [-16.279534, 19.898604], [-16.279247, 19.898606], [-16.279245, 19.898335], [-16.279531, 19.898333], [-16.279525, 19.89752], [-16.278952, 19.897524], [-16.27895, 19.897253], [-16.278663, 19.897255], [-16.278665, 19.897526], [-16.278379, 19.897528], [-16.278376, 19.897257], [-16.27809, 19.897259], [-16.278094, 19.897801], [-16.277808, 19.897803], [-16.27781, 19.898074], [-16.278096, 19.898072], [-16.278101, 19.898614], [-16.278387, 19.898612], [-16.278385, 19.898341], [-16.278672, 19.898339], [-16.278674, 19.89861], [-16.27896, 19.898608], [-16.278967, 19.899421], [-16.279254, 19.899419]]]}, "properties": {"layer": "meadow", "year": 2025, "sat": "S2A", "date": "2025-06-17", "area_ha": 2.25}}, {"type": "Feature", "geometry": {"type": "Polygon", "coordinates": [[[-16.283265, 19.89939], [-16.283263, 19.899119], [-16.283549, 19.899117], [-16.283547, 19.898846], [-16.283834, 19.898844], [-16.283829, 19.898302], [-16.284116, 19.8983], [-16.284112, 19.897758], [-16.284398, 19.897756], [-16.284396, 19.897485], [-16.284109, 19.897487], [-16.284107, 19.897216], [-16.283821, 19.897218], [-16.283818, 19.896947], [-16.283532, 19.896949], [-16.283528, 19.896407], [-16.283814, 19.896405], [-16.283812, 19.896134], [-16.283525, 19.896136], [-16.283523, 19.895865], [-16.282664, 19.895871], [-16.28267, 19.896684], [-16.282384, 19.896686], [-16.282395, 19.898041], [-16.282108, 19.898044], [-16.282112, 19.898586], [-16.281826, 19.898588], [-16.281828, 19.898859], [-16.281541, 19.898861], [-16.281544, 19.899132], [-16.28183, 19.89913], [-16.281832, 19.899401], [-16.283265, 19.89939]], [[-16.283829, 19.898302], [-16.283543, 19.898304], [-16.283538, 19.897762], [-16.283825, 19.89776], [-16.283829, 19.898302]]]}, "properties": {"layer": "meadow", "year": 2025, "sat": "S2A", "date": "2025-06-17", "area_ha": 6.12}}, {"type": "Feature", "geometry": {"type": "Polygon", "coordinates": [[[-16.505101, 19.904699], [-16.505099, 19.904428], [-16.505958, 19.904421], [-16.505956, 19.90415], [-16.506815, 19.904143], [-16.506813, 19.903872], [-16.507386, 19.903867], [-16.507383, 19.903596], [-16.507956, 19.903591], [-16.507954, 19.90332], [-16.508527, 19.903315], [-16.508524, 19.903044], [-16.508811, 19.903041], [-16.508808, 19.90277], [-16.509094, 19.902768], [-16.509092, 19.902497], [-16.509665, 19.902492], [-16.509668, 19.902763], [-16.511387, 19.902749], [-16.511384, 19.902478], [-16.511671, 19.902475], [-16.511668, 19.902204], [-16.511955, 19.902202], [-16.511952, 19.901931], [-16.512811, 19.901923], [-16.512809, 19.901652], [-16.513095, 19.90165], [-16.513088, 19.900837], [-16.512801, 19.900839], [-16.512799, 19.900568], [-16.513085, 19.900566], [-16.513083, 19.900295], [-16.513369, 19.900292], [-16.513372, 19.900563], [-16.513658, 19.900561], [-16.513648, 19.899477], [-16.513361, 19.899479], [-16.513359, 19.899208], [-16.513645, 19.899206], [-16.513643, 19.898935], [-16.513929, 19.898933], [-16.513927, 19.898662], [-16.514213, 19.898659], [-16.514218, 19.899201], [-16.513932, 19.899204], [-16.513934, 19.899475], [-16.514794, 19.899467], [-16.514791, 19.899196], [-16.514505, 19.899199], [-16.514494, 19.898115], [-16.514781, 19.898112], [-16.514778, 19.897841], [-16.515065, 19.897839], [-16.515067, 19.89811], [-16.515354, 19.898107], [-16.515351, 19.897836], [-16.515638, 19.897834], [-16.515635, 19.897563], [-16.515922, 19.89756], [-16.515924, 19.897831], [-16.516211, 19.897829], [-16.516208, 19.897558], [-16.516495, 19.897556], [-16.516497, 19.897827], [-16.516784, 19.897824], [-16.516787, 19.898095], [-16.516214, 19.8981], [-16.516216, 19.898371], [-16.516789, 19.898366], [-16.516792, 19.898637], [-16.517078, 19.898635], [-16.517068, 19.897551], [-16.517354, 19.897548], [-16.517357, 19.897819], [-16.51793, 19.897814], [-16.517917, 19.896459], [-16.517631, 19.896462], [-16.517633, 19.896733], [-16.517347, 19.896735], [-16.517341, 19.896193], [-16.517055, 19.896196], [-16.517052, 19.895925], [-16.516479, 19.895929], [-16.516482, 19.896201], [-16.515909, 19.896205], [-16.515906, 19.895934], [-16.515333, 19.895939], [-16.515336, 19.89621], [-16.515049, 19.896213], [-16.515047, 19.895942], [-16.51476, 19.895944], [-16.514763, 19.896215], [-16.51419, 19.89622], [-16.514185, 19.895678], [-16.514471, 19.895676], [-16.514458, 19.894321], [-16.513885, 19.894325], [-16.513878, 19.893512], [-16.513591, 19.893515], [-16.513583, 19.892702], [-16.513297, 19.892704], [-16.513294, 19.892433], [-16.512435, 19.892441], [-16.512437, 19.892712], [-16.512151, 19.892714], [-16.512148, 19.892443], [-16.511862, 19.892445], [-16.511859, 19.892174], [-16.511573, 19.892177], [-16.511578, 19.892719], [-16.511864, 19.892716], [-16.511872, 19.893529], [-16.511586, 19.893532], [-16.511583, 19.893261], [-16.510437, 19.893271], [-16.510435, 19.893], [-16.509862, 19.893004], [-16.509859, 19.892733], [-16.509572, 19.892736], [-16.509578, 19.893278], [-16.509005, 19.893283], [-16.509007, 19.893554], [-16.508434, 19.893559], [-16.508442, 19.894372], [-16.508155, 19.894374], [-16.508158, 19.894645], [-16.507871, 19.894647], [-16.507874, 19.894919], [-16.507587, 19.894921], [-16.50759, 19.895192], [-16.507304, 19.895194], [-16.507306, 19.895465], [-16.50702, 19.895468], [-16.507022, 19.895739], [-16.506163, 19.895746], [-16.506165, 19.896017], [-16.505879, 19.89602], [-16.505881, 19.896291], [-16.505595, 19.896293], [-16.505597, 19.896564], [-16.505311, 19.896566], [-16.505321, 19.89765], [-16.505608, 19.897648], [-16.505623, 19.899274], [-16.505336, 19.899276], [-16.505342, 19.899819], [-16.505628, 19.899816], [-16.505641, 19.901171], [-16.505927, 19.901169], [-16.505933, 19.901711], [-16.506792, 19.901703], [-16.50679, 19.901432], [-16.507076, 19.90143], [-16.507081, 19.901972], [-16.506795, 19.901974], [-16.506797, 19.902245], [-16.506511, 19.902248], [-16.506513, 19.902519], [-16.506227, 19.902521], [-16.506229, 19.902792], [-16.505656, 19.902797], [-16.505646, 19.901713], [-16.50536, 19.901716], [-16.505362, 19.901987], [-16.504789, 19.901991], [-16.504794, 19.902533], [-16.504221, 19.902538], [-16.504219, 19.902267], [-16.503932, 19.90227], [-16.503935, 19.902541], [-16.503648, 19.902543], [-16.503651, 19.902814], [-16.503937, 19.902812], [-16.50394, 19.903083], [-16.504226, 19.90308], [-16.504231, 19.903622], [-16.504518, 19.90362], [-16.504526, 19.904433], [-16.504812, 19.904431], [-16.504815, 19.904702], [-16.505101, 19.904699]], [[-16.510803, 19.901669], [-16.510517, 19.901672], [-16.510514, 19.901401], [-16.510801, 19.901398], [-16.510803, 19.901669]], [[-16.511082, 19.900854], [-16.510223, 19.900861], [-16.51022, 19.90059], [-16.510506, 19.900588], [-16.510504, 19.900317], [-16.51079, 19.900314], [-16.510788, 19.900043], [-16.511361, 19.900039], [-16.511358, 19.899767], [-16.511645, 19.899765], [-16.51165, 19.900307], [-16.511363, 19.90031], [-16.511366, 19.900581], [-16.51108, 19.900583], [-16.511082, 19.900854]], [[-16.513083, 19.900295], [-16.512796, 19.900297], [-16.512793, 19.900026], [-16.51308, 19.900024], [-16.513083, 19.900295]], [[-16.507639, 19.900341], [-16.507352, 19.900344], [-16.50735, 19.900073], [-16.507636, 19.90007], [-16.507639, 19.900341]], [[-16.507066, 19.900346], [-16.506493, 19.900351], [-16.50649, 19.90008], [-16.506204, 19.900082], [-16.506199, 19.89954], [-16.507058, 19.899533], [-16.507053, 19.898991], [-16.507626, 19.898986], [-16.507623, 19.898715], [-16.50791, 19.898713], [-16.507907, 19.898442], [-16.508194, 19.898439], [-16.508191, 19.898168], [-16.508478, 19.898166], [-16.508475, 19.897895], [-16.508762, 19.897892], [-16.508759, 19.897621], [-16.509046, 19.897619], [-16.509041, 19.897077], [-16.509327, 19.897074], [-16.509324, 19.896803], [-16.509611, 19.896801], [-16.509608, 19.89653], [-16.509895, 19.896528], [-16.5099, 19.89707], [-16.509614, 19.897072], [-16.509621, 19.897885], [-16.509335, 19.897887], [-16.509337, 19.898158], [-16.509624, 19.898156], [-16.509626, 19.898427], [-16.510772, 19.898417], [-16.510775, 19.898688], [-16.510488, 19.898691], [-16.510491, 19.898962], [-16.509632, 19.898969], [-16.509634, 19.89924], [-16.508202, 19.899252], [-16.508204, 19.899523], [-16.507918, 19.899526], [-16.507915, 19.899255], [-16.507629, 19.899257], [-16.507631, 19.899528], [-16.507345, 19.899531], [-16.507347, 19.899802], [-16.507061, 19.899804], [-16.507066, 19.900346]], [[-16.51222, 19.900031], [-16.511934, 19.900034], [-16.511931, 19.899763], [-16.512218, 19.89976], [-16.51222, 19.900031]], [[-16.507923, 19.900068], [-16.507636, 19.90007], [-16.507634, 19.899799], [-16.50792, 19.899797], [-16.507923, 19.900068]], [[-16.513359, 19.899208], [-16.513072, 19.899211], [-16.513067, 19.898669], [-16.513354, 19.898666], [-16.513359, 19.899208]], [[-16.512497, 19.898945], [-16.511924, 19.89895], [-16.511921, 19.898679], [-16.512494, 19.898674], [-16.512497, 19.898945]], [[-16.51134, 19.89787], [-16.510767, 19.897875], [-16.510765, 19.897604], [-16.511338, 19.897599], [-16.51134, 19.89787]], [[-16.510481, 19.897878], [-16.509908, 19.897883], [-16.509905, 19.897612], [-16.510192, 19.897609], [-16.510187, 19.897067], [-16.510473, 19.897065], [-16.510481, 19.897878]], [[-16.512484, 19.89759], [-16.512197, 19.897592], [-16.512192, 19.89705], [-16.512479, 19.897048], [-16.512484, 19.89759]], [[-16.510181, 19.896525], [-16.509895, 19.896528], [-16.50989, 19.895986], [-16.510176, 19.895983], [-16.510174, 19.895712], [-16.51046, 19.89571], [-16.510465, 19.896252], [-16.510179, 19.896254], [-16.510181, 19.896525]], [[-16.511898, 19.89624], [-16.511325, 19.896244], [-16.51132, 19.895702], [-16.511893, 19.895697], [-16.511898, 19.89624]], [[-16.512752, 19.89569], [-16.512466, 19.895693], [-16.512461, 19.895151], [-16.512747, 19.895148], [-16.512745, 19.894877], [-16.513031, 19.894875], [-16.513036, 19.895417], [-16.51275, 19.895419], [-16.512752, 19.89569]], [[-16.512458, 19.89488], [-16.512172, 19.894882], [-16.512169, 19.894611], [-16.512455, 19.894609], [-16.512458, 19.89488]], [[-16.511599, 19.894887], [-16.511312, 19.894889], [-16.511307, 19.894347], [-16.511593, 19.894345], [-16.511599, 19.894887]]]}, "properties": {"layer": "meadow", "year": 2025, "sat": "S2A", "date": "2025-06-17", "area_ha": 89.01}}, {"type": "Feature", "geometry": {"type": "Polygon", "coordinates": [[[-16.491812, 19.893157], [-16.491809, 19.892886], [-16.491523, 19.892888], [-16.491518, 19.892346], [-16.491231, 19.892348], [-16.491234, 19.892619], [-16.490661, 19.892624], [-16.490666, 19.893166], [-16.491812, 19.893157]]]}, "properties": {"layer": "meadow", "year": 2025, "sat": "S2A", "date": "2025-06-17", "area_ha": 0.72}}, {"type": "Feature", "geometry": {"type": "Polygon", "coordinates": [[[-16.279803, 19.896434], [-16.2798, 19.896163], [-16.280087, 19.896161], [-16.280085, 19.89589], [-16.280371, 19.895888], [-16.280367, 19.895346], [-16.28008, 19.895348], [-16.280076, 19.894806], [-16.279503, 19.89481], [-16.279496, 19.893997], [-16.278923, 19.894001], [-16.278921, 19.89373], [-16.278635, 19.893732], [-16.278641, 19.894545], [-16.279214, 19.894541], [-16.279219, 19.895083], [-16.278073, 19.895091], [-16.278075, 19.895362], [-16.277788, 19.895364], [-16.277793, 19.895906], [-16.277506, 19.895908], [-16.277502, 19.895366], [-16.276929, 19.89537], [-16.276931, 19.895641], [-16.276644, 19.895643], [-16.276646, 19.895914], [-16.276073, 19.895919], [-16.276076, 19.89619], [-16.276362, 19.896187], [-16.276364, 19.896459], [-16.277224, 19.896452], [-16.277222, 19.896181], [-16.278081, 19.896175], [-16.278079, 19.895904], [-16.278366, 19.895902], [-16.278368, 19.896173], [-16.279227, 19.896167], [-16.27923, 19.896438], [-16.279803, 19.896434]], [[-16.278939, 19.895898], [-16.278652, 19.8959], [-16.278648, 19.895358], [-16.278934, 19.895356], [-16.278939, 19.895898]]]}, "properties": {"layer": "meadow", "year": 2025, "sat": "S2A", "date": "2025-06-17", "area_ha": 5.13}}, {"type": "Feature", "geometry": {"type": "Polygon", "coordinates": [[[-16.492961, 19.893418], [-16.492955, 19.892876], [-16.492382, 19.892881], [-16.492372, 19.891797], [-16.491799, 19.891802], [-16.491802, 19.892073], [-16.491515, 19.892075], [-16.491518, 19.892346], [-16.492091, 19.892341], [-16.492093, 19.892612], [-16.491807, 19.892615], [-16.491809, 19.892886], [-16.492096, 19.892883], [-16.492101, 19.893425], [-16.492961, 19.893418]]]}, "properties": {"layer": "meadow", "year": 2025, "sat": "S2A", "date": "2025-06-17", "area_ha": 1.26}}, {"type": "Feature", "geometry": {"type": "Polygon", "coordinates": [[[-16.485217, 19.89267], [-16.485215, 19.892399], [-16.486934, 19.892384], [-16.486929, 19.891842], [-16.486642, 19.891845], [-16.486645, 19.892116], [-16.486358, 19.892118], [-16.486356, 19.891847], [-16.48521, 19.891857], [-16.485212, 19.892128], [-16.484926, 19.89213], [-16.484923, 19.891859], [-16.48435, 19.891864], [-16.484353, 19.892135], [-16.484639, 19.892132], [-16.484642, 19.892404], [-16.484928, 19.892401], [-16.484931, 19.892672], [-16.485217, 19.89267]]]}, "properties": {"layer": "meadow", "year": 2025, "sat": "S2A", "date": "2025-06-17", "area_ha": 1.44}}, {"type": "Feature", "geometry": {"type": "Polygon", "coordinates": [[[-16.484071, 19.892679], [-16.484069, 19.892408], [-16.484355, 19.892406], [-16.484353, 19.892135], [-16.484066, 19.892137], [-16.484064, 19.891866], [-16.48435, 19.891864], [-16.484348, 19.891593], [-16.483488, 19.8916], [-16.483491, 19.891871], [-16.483777, 19.891869], [-16.483785, 19.892682], [-16.484071, 19.892679]]]}, "properties": {"layer": "meadow", "year": 2025, "sat": "S2A", "date": "2025-06-17", "area_ha": 0.63}}, {"type": "Feature", "geometry": {"type": "Polygon", "coordinates": [[[-16.494956, 19.892317], [-16.494953, 19.892046], [-16.49524, 19.892044], [-16.495235, 19.891502], [-16.494948, 19.891504], [-16.494946, 19.891233], [-16.49294, 19.89125], [-16.492948, 19.892063], [-16.493521, 19.892058], [-16.493523, 19.892329], [-16.494956, 19.892317]], [[-16.494953, 19.892046], [-16.494667, 19.892049], [-16.494664, 19.891778], [-16.494951, 19.891775], [-16.494953, 19.892046]]]}, "properties": {"layer": "meadow", "year": 2025, "sat": "S2A", "date": "2025-06-17", "area_ha": 2.43}}, {"type": "Feature", "geometry": {"type": "Polygon", "coordinates": [[[-16.313629, 19.898085], [-16.313625, 19.897543], [-16.313338, 19.897545], [-16.313334, 19.897003], [-16.31362, 19.897001], [-16.313618, 19.89673], [-16.313904, 19.896727], [-16.313898, 19.895914], [-16.313611, 19.895916], [-16.313604, 19.895103], [-16.313891, 19.895101], [-16.313893, 19.895372], [-16.31418, 19.89537], [-16.314182, 19.895641], [-16.314468, 19.895639], [-16.314473, 19.896181], [-16.314759, 19.896179], [-16.314753, 19.895366], [-16.315039, 19.895364], [-16.31503, 19.89428], [-16.315317, 19.894278], [-16.31531, 19.893464], [-16.315024, 19.893467], [-16.315017, 19.892653], [-16.314444, 19.892658], [-16.314442, 19.892387], [-16.313582, 19.892393], [-16.31358, 19.892122], [-16.313293, 19.892124], [-16.313296, 19.892395], [-16.313009, 19.892397], [-16.313011, 19.892668], [-16.312725, 19.89267], [-16.312727, 19.892941], [-16.31244, 19.892944], [-16.312443, 19.893215], [-16.31187, 19.893219], [-16.311872, 19.89349], [-16.311585, 19.893492], [-16.31159, 19.894034], [-16.311303, 19.894036], [-16.311308, 19.894578], [-16.311021, 19.89458], [-16.311023, 19.894851], [-16.31131, 19.894849], [-16.311312, 19.89512], [-16.311026, 19.895122], [-16.311028, 19.895393], [-16.311314, 19.895391], [-16.311319, 19.895933], [-16.311032, 19.895935], [-16.311035, 19.896206], [-16.311608, 19.896202], [-16.311605, 19.895931], [-16.312465, 19.895925], [-16.312467, 19.896196], [-16.312754, 19.896194], [-16.312756, 19.896465], [-16.312469, 19.896467], [-16.312481, 19.897822], [-16.31334, 19.897816], [-16.313342, 19.898087], [-16.313629, 19.898085]], [[-16.312454, 19.89457], [-16.312167, 19.894572], [-16.312165, 19.894301], [-16.312452, 19.894299], [-16.312454, 19.89457]], [[-16.313302, 19.893208], [-16.313016, 19.89321], [-16.313013, 19.892939], [-16.3133, 19.892937], [-16.313302, 19.893208]], [[-16.31416, 19.892931], [-16.313873, 19.892933], [-16.313871, 19.892662], [-16.314157, 19.89266], [-16.31416, 19.892931]]]}, "properties": {"layer": "meadow", "year": 2025, "sat": "S2A", "date": "2025-06-17", "area_ha": 15.75}}, {"type": "Feature", "geometry": {"type": "Polygon", "coordinates": [[[-16.490088, 19.892629], [-16.490085, 19.892358], [-16.490372, 19.892356], [-16.490369, 19.892085], [-16.490083, 19.892087], [-16.49008, 19.891816], [-16.490367, 19.891814], [-16.490364, 19.891543], [-16.490651, 19.89154], [-16.490648, 19.891269], [-16.491221, 19.891264], [-16.491219, 19.890993], [-16.490932, 19.890996], [-16.49093, 19.890725], [-16.49007, 19.890732], [-16.490073, 19.891003], [-16.489786, 19.891005], [-16.489796, 19.892089], [-16.48951, 19.892092], [-16.489505, 19.89155], [-16.489218, 19.891552], [-16.489221, 19.891823], [-16.488934, 19.891826], [-16.488939, 19.892368], [-16.489799, 19.89236], [-16.489801, 19.892631], [-16.490088, 19.892629]]]}, "properties": {"layer": "meadow", "year": 2025, "sat": "S2A", "date": "2025-06-17", "area_ha": 2.07}}, {"type": "Feature", "geometry": {"type": "Polygon", "coordinates": [[[-16.487497, 19.891296], [-16.487489, 19.890482], [-16.486916, 19.890487], [-16.486919, 19.890758], [-16.486632, 19.890761], [-16.48663, 19.89049], [-16.486343, 19.890492], [-16.486348, 19.891034], [-16.487208, 19.891027], [-16.48721, 19.891298], [-16.487497, 19.891296]]]}, "properties": {"layer": "meadow", "year": 2025, "sat": "S2A", "date": "2025-06-17", "area_ha": 0.72}}, {"type": "Feature", "geometry": {"type": "Polygon", "coordinates": [[[-16.510422, 19.891645], [-16.510406, 19.890018], [-16.51012, 19.890021], [-16.510122, 19.890292], [-16.509836, 19.890294], [-16.509841, 19.890836], [-16.509554, 19.890839], [-16.50956, 19.891381], [-16.510133, 19.891376], [-16.510135, 19.891647], [-16.510422, 19.891645]]]}, "properties": {"layer": "meadow", "year": 2025, "sat": "S2A", "date": "2025-06-17", "area_ha": 1.08}}, {"type": "Feature", "geometry": {"type": "Polygon", "coordinates": [[[-16.380632, 19.892428], [-16.38063, 19.892157], [-16.380916, 19.892154], [-16.380914, 19.891883], [-16.3812, 19.891881], [-16.381196, 19.891339], [-16.380909, 19.891341], [-16.380907, 19.89107], [-16.380334, 19.891075], [-16.380331, 19.890804], [-16.380045, 19.890806], [-16.380047, 19.891077], [-16.379761, 19.891079], [-16.379758, 19.890808], [-16.379472, 19.89081], [-16.379479, 19.891623], [-16.379765, 19.891621], [-16.379768, 19.891892], [-16.380054, 19.89189], [-16.380057, 19.892161], [-16.380343, 19.892159], [-16.380345, 19.89243], [-16.380632, 19.892428]]]}, "properties": {"layer": "meadow", "year": 2025, "sat": "S2A", "date": "2025-06-17", "area_ha": 1.98}}, {"type": "Feature", "geometry": {"type": "Polygon", "coordinates": [[[-16.264013, 19.892752], [-16.264011, 19.892481], [-16.264297, 19.892479], [-16.264295, 19.892208], [-16.264009, 19.89221], [-16.264007, 19.891939], [-16.26372, 19.891941], [-16.263718, 19.89167], [-16.263431, 19.891672], [-16.263438, 19.892485], [-16.263724, 19.892483], [-16.263727, 19.892754], [-16.264013, 19.892752]]]}, "properties": {"layer": "meadow", "year": 2025, "sat": "S2A", "date": "2025-06-17", "area_ha": 0.63}}, {"type": "Feature", "geometry": {"type": "Polygon", "coordinates": [[[-16.277769, 19.892925], [-16.277766, 19.892654], [-16.278053, 19.892652], [-16.278046, 19.891839], [-16.27776, 19.891841], [-16.277758, 19.89157], [-16.277471, 19.891572], [-16.277469, 19.891301], [-16.277183, 19.891303], [-16.27718, 19.891032], [-16.276607, 19.891036], [-16.276609, 19.891307], [-16.276323, 19.891309], [-16.276325, 19.89158], [-16.275752, 19.891584], [-16.275754, 19.891855], [-16.2769, 19.891847], [-16.276903, 19.892118], [-16.276329, 19.892122], [-16.276332, 19.892393], [-16.276618, 19.892391], [-16.276623, 19.892933], [-16.277769, 19.892925]]]}, "properties": {"layer": "meadow", "year": 2025, "sat": "S2A", "date": "2025-06-17", "area_ha": 2.88}}, {"type": "Feature", "geometry": {"type": "Polygon", "coordinates": [[[-16.444309, 19.899782], [-16.444306, 19.899511], [-16.444593, 19.899509], [-16.44459, 19.899238], [-16.444877, 19.899236], [-16.444872, 19.898694], [-16.445158, 19.898691], [-16.445156, 19.89842], [-16.445442, 19.898418], [-16.44544, 19.898147], [-16.445726, 19.898145], [-16.445724, 19.897874], [-16.44601, 19.897871], [-16.446006, 19.897329], [-16.446579, 19.897325], [-16.446576, 19.897054], [-16.446863, 19.897051], [-16.446858, 19.896509], [-16.446571, 19.896512], [-16.446564, 19.895698], [-16.44685, 19.895696], [-16.446848, 19.895425], [-16.446561, 19.895427], [-16.446559, 19.895156], [-16.446845, 19.895154], [-16.446843, 19.894883], [-16.447129, 19.894881], [-16.447125, 19.894339], [-16.447411, 19.894336], [-16.447406, 19.893794], [-16.44712, 19.893797], [-16.447117, 19.893526], [-16.44769, 19.893521], [-16.447693, 19.893792], [-16.447979, 19.89379], [-16.447977, 19.893519], [-16.448263, 19.893516], [-16.448261, 19.893245], [-16.447974, 19.893248], [-16.447972, 19.892977], [-16.448258, 19.892974], [-16.448256, 19.892703], [-16.448542, 19.892701], [-16.44855, 19.893514], [-16.448836, 19.893512], [-16.448829, 19.892699], [-16.449115, 19.892696], [-16.449108, 19.891883], [-16.449394, 19.891881], [-16.449392, 19.89161], [-16.449105, 19.891612], [-16.449103, 19.891341], [-16.449389, 19.891339], [-16.449385, 19.890797], [-16.449671, 19.890795], [-16.449681, 19.891879], [-16.449967, 19.891876], [-16.44997, 19.892147], [-16.450543, 19.892143], [-16.45054, 19.891872], [-16.450254, 19.891874], [-16.450249, 19.891332], [-16.450535, 19.89133], [-16.450533, 19.891059], [-16.450247, 19.891061], [-16.450244, 19.89079], [-16.449958, 19.890792], [-16.449955, 19.890521], [-16.449669, 19.890524], [-16.449661, 19.88971], [-16.449948, 19.889708], [-16.44995, 19.889979], [-16.450237, 19.889977], [-16.450234, 19.889706], [-16.450521, 19.889703], [-16.450518, 19.889432], [-16.450805, 19.88943], [-16.450802, 19.889159], [-16.451089, 19.889157], [-16.451086, 19.888886], [-16.4508, 19.888888], [-16.450795, 19.888346], [-16.450222, 19.888351], [-16.450219, 19.88808], [-16.449933, 19.888082], [-16.449935, 19.888353], [-16.449362, 19.888358], [-16.449365, 19.888629], [-16.449651, 19.888626], [-16.449654, 19.888897], [-16.448794, 19.888904], [-16.448804, 19.889988], [-16.448518, 19.889991], [-16.44852, 19.890262], [-16.447947, 19.890266], [-16.44795, 19.890538], [-16.447663, 19.89054], [-16.447661, 19.890269], [-16.447374, 19.890271], [-16.447377, 19.890542], [-16.446517, 19.890549], [-16.44652, 19.89082], [-16.446233, 19.890823], [-16.446231, 19.890551], [-16.445944, 19.890554], [-16.445946, 19.890825], [-16.44566, 19.890827], [-16.445672, 19.892182], [-16.445386, 19.892185], [-16.445383, 19.891914], [-16.445097, 19.891916], [-16.445085, 19.890561], [-16.444512, 19.890565], [-16.444509, 19.890294], [-16.444796, 19.890292], [-16.444793, 19.890021], [-16.444507, 19.890023], [-16.444504, 19.889752], [-16.444218, 19.889755], [-16.444215, 19.889484], [-16.443929, 19.889486], [-16.443926, 19.889215], [-16.44364, 19.889217], [-16.44363, 19.888133], [-16.443343, 19.888136], [-16.443346, 19.888407], [-16.442486, 19.888414], [-16.442484, 19.888143], [-16.442197, 19.888145], [-16.442195, 19.887874], [-16.441335, 19.887881], [-16.441338, 19.888152], [-16.441051, 19.888154], [-16.441049, 19.887883], [-16.440762, 19.887885], [-16.440765, 19.888156], [-16.440478, 19.888159], [-16.440481, 19.88843], [-16.440194, 19.888432], [-16.440207, 19.889787], [-16.44078, 19.889783], [-16.440777, 19.889512], [-16.441064, 19.889509], [-16.441066, 19.88978], [-16.441353, 19.889778], [-16.441355, 19.890049], [-16.441069, 19.890051], [-16.441071, 19.890322], [-16.440785, 19.890325], [-16.440792, 19.891138], [-16.441078, 19.891135], [-16.441086, 19.891948], [-16.441372, 19.891946], [-16.44138, 19.892759], [-16.441666, 19.892757], [-16.441676, 19.893841], [-16.441962, 19.893839], [-16.44197, 19.894652], [-16.441683, 19.894654], [-16.441698, 19.89628], [-16.441985, 19.896278], [-16.441987, 19.896549], [-16.442273, 19.896546], [-16.442278, 19.897088], [-16.442851, 19.897084], [-16.442854, 19.897355], [-16.44314, 19.897353], [-16.443143, 19.897624], [-16.443429, 19.897621], [-16.443432, 19.897892], [-16.444005, 19.897888], [-16.444012, 19.898701], [-16.444299, 19.898698], [-16.444304, 19.89924], [-16.443731, 19.899245], [-16.443736, 19.899787], [-16.444309, 19.899782]], [[-16.443417, 19.896266], [-16.442844, 19.896271], [-16.442842, 19.896], [-16.442555, 19.896002], [-16.442553, 19.895731], [-16.442266, 19.895733], [-16.442251, 19.894107], [-16.442824, 19.894103], [-16.442837, 19.895458], [-16.443123, 19.895455], [-16.443126, 19.895726], [-16.443412, 19.895724], [-16.443417, 19.896266]], [[-16.442271, 19.896275], [-16.441985, 19.896278], [-16.441982, 19.896007], [-16.442269, 19.896004], [-16.442271, 19.896275]], [[-16.442523, 19.892479], [-16.442237, 19.892481], [-16.442234, 19.89221], [-16.441948, 19.892212], [-16.441931, 19.890315], [-16.442504, 19.890311], [-16.442506, 19.890582], [-16.442219, 19.890584], [-16.442227, 19.891397], [-16.442513, 19.891395], [-16.442516, 19.891666], [-16.442802, 19.891663], [-16.442807, 19.892205], [-16.442521, 19.892208], [-16.442523, 19.892479]], [[-16.444519, 19.891378], [-16.444232, 19.891381], [-16.44423, 19.89111], [-16.444516, 19.891107], [-16.444519, 19.891378]]]}, "properties": {"layer": "meadow", "year": 2025, "sat": "S2A", "date": "2025-06-17", "area_ha": 63.63}}, {"type": "Feature", "geometry": {"type": "Polygon", "coordinates": [[[-16.381179, 19.889442], [-16.381174, 19.8889], [-16.380888, 19.888902], [-16.380883, 19.88836], [-16.380597, 19.888362], [-16.380601, 19.888904], [-16.380315, 19.888907], [-16.380317, 19.889178], [-16.380604, 19.889175], [-16.380606, 19.889446], [-16.381179, 19.889442]]]}, "properties": {"layer": "meadow", "year": 2025, "sat": "S2A", "date": "2025-06-17", "area_ha": 0.63}}, {"type": "Feature", "geometry": {"type": "Polygon", "coordinates": [[[-16.386358, 19.891841], [-16.386353, 19.891299], [-16.386639, 19.891297], [-16.386637, 19.891026], [-16.38635, 19.891028], [-16.386348, 19.890757], [-16.386635, 19.890755], [-16.386632, 19.890484], [-16.386919, 19.890481], [-16.386914, 19.889939], [-16.387201, 19.889937], [-16.387194, 19.889124], [-16.386907, 19.889126], [-16.386905, 19.888855], [-16.386618, 19.888858], [-16.386613, 19.888315], [-16.385181, 19.888327], [-16.385183, 19.888598], [-16.384897, 19.8886], [-16.384901, 19.889142], [-16.384615, 19.889144], [-16.38462, 19.889686], [-16.384906, 19.889684], [-16.384909, 19.889955], [-16.385195, 19.889953], [-16.385197, 19.890224], [-16.385484, 19.890222], [-16.385493, 19.891306], [-16.38578, 19.891303], [-16.385785, 19.891845], [-16.386358, 19.891841]], [[-16.385482, 19.889951], [-16.385195, 19.889953], [-16.385193, 19.889682], [-16.385479, 19.88968], [-16.385482, 19.889951]], [[-16.38662, 19.889129], [-16.385761, 19.889135], [-16.385756, 19.888593], [-16.386043, 19.888591], [-16.386045, 19.888862], [-16.386618, 19.888858], [-16.38662, 19.889129]]]}, "properties": {"layer": "meadow", "year": 2025, "sat": "S2A", "date": "2025-06-17", "area_ha": 5.85}}, {"type": "Feature", "geometry": {"type": "Polygon", "coordinates": [[[-16.379756, 19.890537], [-16.379749, 19.889724], [-16.379462, 19.889726], [-16.379455, 19.888913], [-16.379169, 19.888915], [-16.379167, 19.888644], [-16.378594, 19.888649], [-16.378591, 19.888378], [-16.378305, 19.88838], [-16.378302, 19.888109], [-16.377443, 19.888116], [-16.377445, 19.888387], [-16.377732, 19.888384], [-16.377734, 19.888655], [-16.378021, 19.888653], [-16.378023, 19.888924], [-16.378309, 19.888922], [-16.378314, 19.889464], [-16.378601, 19.889462], [-16.378603, 19.889733], [-16.378889, 19.889731], [-16.378892, 19.890002], [-16.379465, 19.889997], [-16.37947, 19.890539], [-16.379756, 19.890537]], [[-16.379174, 19.889457], [-16.378887, 19.88946], [-16.378885, 19.889189], [-16.379171, 19.889186], [-16.379174, 19.889457]]]}, "properties": {"layer": "meadow", "year": 2025, "sat": "S2A", "date": "2025-06-17", "area_ha": 2.25}}, {"type": "Feature", "geometry": {"type": "Polygon", "coordinates": [[[-16.315015, 19.892382], [-16.315012, 19.892111], [-16.315299, 19.892109], [-16.315292, 19.891296], [-16.315579, 19.891294], [-16.315577, 19.891023], [-16.31529, 19.891025], [-16.315283, 19.890212], [-16.31557, 19.89021], [-16.315568, 19.889939], [-16.315281, 19.889941], [-16.315272, 19.888857], [-16.314986, 19.888859], [-16.314983, 19.888588], [-16.314697, 19.88859], [-16.314701, 19.889132], [-16.314415, 19.889134], [-16.314419, 19.889676], [-16.314133, 19.889678], [-16.31413, 19.889407], [-16.313844, 19.88941], [-16.313846, 19.889681], [-16.31356, 19.889683], [-16.313562, 19.889954], [-16.313848, 19.889952], [-16.313851, 19.890223], [-16.313564, 19.890225], [-16.313566, 19.890496], [-16.31328, 19.890498], [-16.313284, 19.89104], [-16.312998, 19.891042], [-16.313, 19.891313], [-16.312141, 19.891319], [-16.312143, 19.89159], [-16.313575, 19.89158], [-16.313578, 19.891851], [-16.314151, 19.891847], [-16.314148, 19.891576], [-16.314721, 19.891571], [-16.314726, 19.892114], [-16.314439, 19.892116], [-16.314442, 19.892387], [-16.315015, 19.892382]], [[-16.314712, 19.890487], [-16.314426, 19.890489], [-16.314424, 19.890218], [-16.31471, 19.890216], [-16.314712, 19.890487]]]}, "properties": {"layer": "meadow", "year": 2025, "sat": "S2A", "date": "2025-06-17", "area_ha": 6.21}}, {"type": "Feature", "geometry": {"type": "Polygon", "coordinates": [[[-16.452237, 19.889418], [-16.452235, 19.889147], [-16.452521, 19.889145], [-16.452519, 19.888874], [-16.452805, 19.888872], [-16.452803, 19.888601], [-16.453089, 19.888598], [-16.453087, 19.888327], [-16.453373, 19.888325], [-16.453371, 19.888054], [-16.453657, 19.888052], [-16.453652, 19.88751], [-16.453366, 19.887512], [-16.453363, 19.887241], [-16.45279, 19.887246], [-16.452788, 19.886975], [-16.452501, 19.886977], [-16.452504, 19.887248], [-16.452217, 19.88725], [-16.452222, 19.887792], [-16.452509, 19.88779], [-16.452511, 19.888061], [-16.452225, 19.888063], [-16.452227, 19.888334], [-16.452514, 19.888332], [-16.452516, 19.888603], [-16.45223, 19.888605], [-16.452232, 19.888876], [-16.451659, 19.888881], [-16.451662, 19.889152], [-16.451948, 19.88915], [-16.451951, 19.889421], [-16.452237, 19.889418]]]}, "properties": {"layer": "meadow", "year": 2025, "sat": "S2A", "date": "2025-06-17", "area_ha": 2.34}}, {"type": "Feature", "geometry": {"type": "Polygon", "coordinates": [[[-16.274291, 19.888071], [-16.274289, 19.8878], [-16.274576, 19.887798], [-16.274573, 19.887527], [-16.275146, 19.887523], [-16.275144, 19.887252], [-16.272566, 19.88727], [-16.272568, 19.887541], [-16.272854, 19.887539], [-16.272856, 19.88781], [-16.273716, 19.887804], [-16.273718, 19.888075], [-16.274291, 19.888071]]]}, "properties": {"layer": "meadow", "year": 2025, "sat": "S2A", "date": "2025-06-17", "area_ha": 1.53}}, {"type": "Feature", "geometry": {"type": "Polygon", "coordinates": [[[-16.400695, 19.893084], [-16.400683, 19.891729], [-16.401256, 19.891724], [-16.401254, 19.891453], [-16.401827, 19.891449], [-16.401824, 19.891178], [-16.402111, 19.891176], [-16.402109, 19.890905], [-16.401822, 19.890907], [-16.40182, 19.890636], [-16.402106, 19.890633], [-16.402104, 19.890362], [-16.40239, 19.89036], [-16.402386, 19.889818], [-16.402672, 19.889816], [-16.40267, 19.889545], [-16.402956, 19.889543], [-16.402954, 19.889272], [-16.40324, 19.889269], [-16.403236, 19.888727], [-16.403522, 19.888725], [-16.40352, 19.888454], [-16.403806, 19.888452], [-16.403801, 19.88791], [-16.403515, 19.887912], [-16.403512, 19.887641], [-16.403799, 19.887639], [-16.403792, 19.886826], [-16.403219, 19.88683], [-16.403214, 19.886288], [-16.403501, 19.886286], [-16.403498, 19.886015], [-16.402925, 19.886019], [-16.402928, 19.88629], [-16.402641, 19.886293], [-16.402639, 19.886022], [-16.402352, 19.886024], [-16.402355, 19.886295], [-16.402068, 19.886297], [-16.402066, 19.886026], [-16.401779, 19.886028], [-16.401782, 19.886299], [-16.401209, 19.886304], [-16.401206, 19.886033], [-16.400347, 19.88604], [-16.400349, 19.886311], [-16.399203, 19.88632], [-16.39921, 19.887133], [-16.398637, 19.887137], [-16.398649, 19.888492], [-16.398363, 19.888495], [-16.398365, 19.888766], [-16.398651, 19.888763], [-16.398654, 19.889034], [-16.399227, 19.88903], [-16.399234, 19.889843], [-16.39952, 19.889841], [-16.399523, 19.890112], [-16.399809, 19.890109], [-16.399812, 19.890381], [-16.400098, 19.890378], [-16.400103, 19.89092], [-16.39953, 19.890925], [-16.399532, 19.891196], [-16.399819, 19.891194], [-16.399821, 19.891465], [-16.399535, 19.891467], [-16.399537, 19.891738], [-16.399251, 19.89174], [-16.399258, 19.892553], [-16.398971, 19.892555], [-16.398974, 19.892826], [-16.399547, 19.892822], [-16.399549, 19.893093], [-16.399836, 19.893091], [-16.399833, 19.89282], [-16.40012, 19.892817], [-16.400122, 19.893088], [-16.400695, 19.893084]], [[-16.400113, 19.892004], [-16.399826, 19.892007], [-16.399824, 19.891736], [-16.40011, 19.891733], [-16.400113, 19.892004]]]}, "properties": {"layer": "meadow", "year": 2025, "sat": "S2A", "date": "2025-06-17", "area_ha": 26.1}}, {"type": "Feature", "geometry": {"type": "Polygon", "coordinates": [[[-16.439041, 19.887628], [-16.439031, 19.886544], [-16.438745, 19.886547], [-16.43874, 19.886005], [-16.438453, 19.886007], [-16.438451, 19.885736], [-16.438737, 19.885734], [-16.438735, 19.885463], [-16.438448, 19.885465], [-16.438446, 19.885194], [-16.438159, 19.885196], [-16.438157, 19.884925], [-16.437298, 19.884932], [-16.4373, 19.885203], [-16.437587, 19.885201], [-16.437589, 19.885472], [-16.437302, 19.885474], [-16.437305, 19.885745], [-16.437591, 19.885743], [-16.437594, 19.886014], [-16.43788, 19.886011], [-16.437888, 19.886825], [-16.438174, 19.886822], [-16.438177, 19.887093], [-16.43789, 19.887096], [-16.437895, 19.887638], [-16.438468, 19.887633], [-16.438466, 19.887362], [-16.438752, 19.88736], [-16.438755, 19.887631], [-16.439041, 19.887628]]]}, "properties": {"layer": "meadow", "year": 2025, "sat": "S2A", "date": "2025-06-17", "area_ha": 3.06}}, {"type": "Feature", "geometry": {"type": "Polygon", "coordinates": [[[-16.283792, 19.893695], [-16.28379, 19.893424], [-16.284363, 19.893419], [-16.284361, 19.893148], [-16.284647, 19.893146], [-16.284643, 19.892604], [-16.285216, 19.8926], [-16.285212, 19.892058], [-16.284925, 19.89206], [-16.284927, 19.892331], [-16.284354, 19.892335], [-16.284352, 19.892064], [-16.284639, 19.892062], [-16.284637, 19.891791], [-16.28521, 19.891787], [-16.285207, 19.891516], [-16.285494, 19.891514], [-16.285496, 19.891785], [-16.285783, 19.891783], [-16.285778, 19.891241], [-16.285492, 19.891243], [-16.28549, 19.890972], [-16.284916, 19.890976], [-16.284914, 19.890705], [-16.285487, 19.890701], [-16.285481, 19.889888], [-16.285767, 19.889886], [-16.285765, 19.889615], [-16.286052, 19.889613], [-16.286047, 19.88907], [-16.28662, 19.889066], [-16.286622, 19.889337], [-16.286909, 19.889335], [-16.286907, 19.889064], [-16.287193, 19.889062], [-16.287189, 19.88852], [-16.287475, 19.888518], [-16.287469, 19.887705], [-16.286896, 19.887709], [-16.286891, 19.887167], [-16.287178, 19.887165], [-16.287176, 19.886894], [-16.287749, 19.88689], [-16.287744, 19.886348], [-16.288317, 19.886344], [-16.288313, 19.885801], [-16.288027, 19.885804], [-16.288024, 19.885532], [-16.287738, 19.885535], [-16.28774, 19.885806], [-16.287454, 19.885808], [-16.287456, 19.886079], [-16.286883, 19.886083], [-16.286885, 19.886354], [-16.286312, 19.886358], [-16.286314, 19.886629], [-16.285741, 19.886633], [-16.285743, 19.886904], [-16.28517, 19.886908], [-16.285172, 19.887179], [-16.284313, 19.887186], [-16.284315, 19.887457], [-16.284029, 19.887459], [-16.284042, 19.889085], [-16.284328, 19.889083], [-16.28433, 19.889354], [-16.283757, 19.889358], [-16.283759, 19.889629], [-16.283473, 19.889631], [-16.283475, 19.889902], [-16.283189, 19.889904], [-16.283191, 19.890175], [-16.282904, 19.890177], [-16.282906, 19.890448], [-16.28176, 19.890457], [-16.281758, 19.890186], [-16.280612, 19.890194], [-16.280619, 19.891007], [-16.280905, 19.891005], [-16.28091, 19.891547], [-16.282056, 19.891539], [-16.28206, 19.892081], [-16.282347, 19.892079], [-16.282349, 19.89235], [-16.282635, 19.892348], [-16.282642, 19.893161], [-16.282355, 19.893163], [-16.282357, 19.893434], [-16.282644, 19.893432], [-16.282646, 19.893703], [-16.283792, 19.893695]]]}, "properties": {"layer": "meadow", "year": 2025, "sat": "S2A", "date": "2025-06-17", "area_ha": 24.93}}, {"type": "Feature", "geometry": {"type": "Polygon", "coordinates": [[[-16.275991, 19.885619], [-16.275982, 19.884535], [-16.275696, 19.884537], [-16.275698, 19.884808], [-16.275411, 19.88481], [-16.275413, 19.885081], [-16.275127, 19.885083], [-16.275129, 19.885354], [-16.275416, 19.885352], [-16.275418, 19.885623], [-16.275991, 19.885619]]]}, "properties": {"layer": "meadow", "year": 2025, "sat": "S2A", "date": "2025-06-17", "area_ha": 0.72}}, {"type": "Feature", "geometry": {"type": "Polygon", "coordinates": [[[-16.26911, 19.885126], [-16.269106, 19.884584], [-16.269392, 19.884582], [-16.26939, 19.884311], [-16.269104, 19.884313], [-16.269102, 19.884042], [-16.267669, 19.884052], [-16.267671, 19.884323], [-16.267958, 19.884321], [-16.26796, 19.884592], [-16.268819, 19.884586], [-16.268824, 19.885128], [-16.26911, 19.885126]]]}, "properties": {"layer": "meadow", "year": 2025, "sat": "S2A", "date": "2025-06-17", "area_ha": 1.08}}, {"type": "Feature", "geometry": {"type": "Polygon", "coordinates": [[[-16.275127, 19.885083], [-16.275123, 19.884541], [-16.275696, 19.884537], [-16.275685, 19.883182], [-16.275398, 19.883184], [-16.2754, 19.883455], [-16.274254, 19.883463], [-16.274252, 19.883192], [-16.273679, 19.883196], [-16.27369, 19.884551], [-16.273977, 19.884549], [-16.273979, 19.88482], [-16.274552, 19.884816], [-16.274554, 19.885087], [-16.275127, 19.885083]], [[-16.274836, 19.884543], [-16.274263, 19.884547], [-16.274261, 19.884276], [-16.274547, 19.884274], [-16.274545, 19.884003], [-16.274832, 19.884001], [-16.274836, 19.884543]], [[-16.275405, 19.883997], [-16.274832, 19.884001], [-16.27483, 19.88373], [-16.275403, 19.883726], [-16.275405, 19.883997]]]}, "properties": {"layer": "meadow", "year": 2025, "sat": "S2A", "date": "2025-06-17", "area_ha": 2.88}}, {"type": "Feature", "geometry": {"type": "Polygon", "coordinates": [[[-16.263087, 19.884356], [-16.263083, 19.883814], [-16.263369, 19.883812], [-16.263367, 19.883541], [-16.26308, 19.883543], [-16.263076, 19.883001], [-16.263649, 19.882997], [-16.263647, 19.882726], [-16.263934, 19.882724], [-16.263929, 19.882181], [-16.263356, 19.882186], [-16.263361, 19.882728], [-16.262501, 19.882734], [-16.262514, 19.88436], [-16.263087, 19.884356]]]}, "properties": {"layer": "meadow", "year": 2025, "sat": "S2A", "date": "2025-06-17", "area_ha": 1.71}}, {"type": "Feature", "geometry": {"type": "Polygon", "coordinates": [[[-16.311783, 19.882649], [-16.311778, 19.882106], [-16.311492, 19.882109], [-16.311489, 19.881838], [-16.311203, 19.88184], [-16.311201, 19.881569], [-16.310628, 19.881573], [-16.31063, 19.881844], [-16.310916, 19.881842], [-16.310919, 19.882113], [-16.311205, 19.882111], [-16.311207, 19.882382], [-16.311494, 19.88238], [-16.311496, 19.882651], [-16.311783, 19.882649]]]}, "properties": {"layer": "meadow", "year": 2025, "sat": "S2A", "date": "2025-06-17", "area_ha": 0.63}}, {"type": "Feature", "geometry": {"type": "Polygon", "coordinates": [[[-16.282874, 19.886383], [-16.282869, 19.885841], [-16.283442, 19.885837], [-16.28344, 19.885566], [-16.283727, 19.885564], [-16.283731, 19.886106], [-16.284304, 19.886101], [-16.284302, 19.88583], [-16.284588, 19.885828], [-16.284586, 19.885557], [-16.284873, 19.885555], [-16.284871, 19.885284], [-16.28573, 19.885278], [-16.285726, 19.884736], [-16.286299, 19.884732], [-16.286301, 19.885003], [-16.28716, 19.884997], [-16.287156, 19.884455], [-16.288589, 19.884444], [-16.288586, 19.884173], [-16.289446, 19.884167], [-16.289444, 19.883896], [-16.289157, 19.883898], [-16.289151, 19.883085], [-16.289437, 19.883083], [-16.289442, 19.883625], [-16.289728, 19.883623], [-16.289724, 19.883081], [-16.29001, 19.883079], [-16.290006, 19.882537], [-16.290292, 19.882534], [-16.29029, 19.882263], [-16.290004, 19.882266], [-16.290001, 19.881995], [-16.289715, 19.881997], [-16.289713, 19.881726], [-16.28914, 19.88173], [-16.289142, 19.882001], [-16.288855, 19.882003], [-16.28886, 19.882545], [-16.288573, 19.882547], [-16.288576, 19.882818], [-16.288289, 19.88282], [-16.288287, 19.882549], [-16.287427, 19.882555], [-16.287429, 19.882826], [-16.287143, 19.882828], [-16.287145, 19.883099], [-16.286859, 19.883101], [-16.286854, 19.882559], [-16.286281, 19.882564], [-16.286283, 19.882835], [-16.28571, 19.882839], [-16.285717, 19.883652], [-16.285144, 19.883656], [-16.285146, 19.883927], [-16.284573, 19.883931], [-16.284571, 19.88366], [-16.281992, 19.883679], [-16.281997, 19.884221], [-16.282283, 19.884219], [-16.282288, 19.884761], [-16.281715, 19.884765], [-16.281719, 19.885307], [-16.281146, 19.885311], [-16.281144, 19.88504], [-16.280857, 19.885042], [-16.280855, 19.884771], [-16.279422, 19.884781], [-16.279425, 19.885052], [-16.279138, 19.885054], [-16.279136, 19.884783], [-16.278849, 19.884785], [-16.278854, 19.885328], [-16.27914, 19.885325], [-16.279142, 19.885597], [-16.279716, 19.885592], [-16.279713, 19.885321], [-16.28, 19.885319], [-16.280002, 19.88559], [-16.280289, 19.885588], [-16.280286, 19.885317], [-16.280573, 19.885315], [-16.280575, 19.885586], [-16.281148, 19.885582], [-16.281152, 19.886124], [-16.281439, 19.886122], [-16.281437, 19.885851], [-16.282296, 19.885845], [-16.282299, 19.886116], [-16.282585, 19.886114], [-16.282587, 19.886385], [-16.282874, 19.886383]], [[-16.283725, 19.885292], [-16.283151, 19.885297], [-16.283149, 19.885026], [-16.283722, 19.885021], [-16.283725, 19.885292]], [[-16.288005, 19.883093], [-16.287432, 19.883097], [-16.287429, 19.882826], [-16.288002, 19.882822], [-16.288005, 19.883093]]]}, "properties": {"layer": "meadow", "year": 2025, "sat": "S2A", "date": "2025-06-17", "area_ha": 20.25}}, {"type": "Feature", "geometry": {"type": "Polygon", "coordinates": [[[-16.269675, 19.884038], [-16.26967, 19.883496], [-16.269957, 19.883494], [-16.269952, 19.882952], [-16.270239, 19.88295], [-16.270237, 19.882679], [-16.270523, 19.882677], [-16.270521, 19.882406], [-16.270235, 19.882408], [-16.27023, 19.881866], [-16.269657, 19.88187], [-16.269659, 19.882141], [-16.269373, 19.882143], [-16.269377, 19.882685], [-16.269091, 19.882687], [-16.269102, 19.884042], [-16.269675, 19.884038]]]}, "properties": {"layer": "meadow", "year": 2025, "sat": "S2A", "date": "2025-06-17", "area_ha": 2.07}}, {"type": "Feature", "geometry": {"type": "Polygon", "coordinates": [[[-16.265353, 19.881087], [-16.265349, 19.880545], [-16.265062, 19.880547], [-16.26506, 19.880276], [-16.264487, 19.88028], [-16.264489, 19.880551], [-16.264203, 19.880553], [-16.264205, 19.880824], [-16.265065, 19.880818], [-16.265067, 19.881089], [-16.265353, 19.881087]]]}, "properties": {"layer": "meadow", "year": 2025, "sat": "S2A", "date": "2025-06-17", "area_ha": 0.63}}, {"type": "Feature", "geometry": {"type": "Polygon", "coordinates": [[[-16.497752, 19.884976], [-16.497747, 19.884434], [-16.49832, 19.884429], [-16.498317, 19.884158], [-16.49889, 19.884153], [-16.498893, 19.884424], [-16.499179, 19.884422], [-16.499177, 19.884151], [-16.499463, 19.884148], [-16.499466, 19.884419], [-16.499752, 19.884417], [-16.49975, 19.884146], [-16.500036, 19.884143], [-16.500039, 19.884414], [-16.500612, 19.88441], [-16.500604, 19.883597], [-16.501464, 19.883589], [-16.501461, 19.883318], [-16.501748, 19.883316], [-16.501745, 19.883045], [-16.502604, 19.883038], [-16.502602, 19.882767], [-16.502315, 19.882769], [-16.502313, 19.882498], [-16.50174, 19.882503], [-16.501732, 19.88169], [-16.502592, 19.881683], [-16.502594, 19.881954], [-16.502881, 19.881951], [-16.502886, 19.882493], [-16.503172, 19.882491], [-16.503175, 19.882762], [-16.503461, 19.882759], [-16.503454, 19.881946], [-16.50374, 19.881944], [-16.503738, 19.881673], [-16.503165, 19.881678], [-16.503162, 19.881407], [-16.502876, 19.881409], [-16.502868, 19.880596], [-16.502295, 19.880601], [-16.50229, 19.880059], [-16.502003, 19.880061], [-16.501996, 19.879248], [-16.502282, 19.879246], [-16.502277, 19.878704], [-16.502564, 19.878702], [-16.502561, 19.87843], [-16.501988, 19.878435], [-16.501985, 19.878164], [-16.501413, 19.878169], [-16.50141, 19.877898], [-16.501123, 19.877901], [-16.501129, 19.878443], [-16.500269, 19.87845], [-16.500267, 19.878179], [-16.500553, 19.878176], [-16.500551, 19.877905], [-16.499978, 19.87791], [-16.499975, 19.877639], [-16.499116, 19.877646], [-16.499118, 19.877917], [-16.497972, 19.877927], [-16.49797, 19.877656], [-16.497683, 19.877658], [-16.497693, 19.878743], [-16.49798, 19.87874], [-16.497982, 19.879011], [-16.497696, 19.879014], [-16.497701, 19.879556], [-16.497988, 19.879553], [-16.497993, 19.880095], [-16.498279, 19.880093], [-16.498284, 19.880635], [-16.498857, 19.88063], [-16.49886, 19.880901], [-16.498287, 19.880906], [-16.498289, 19.881177], [-16.498003, 19.881179], [-16.497998, 19.880637], [-16.497711, 19.88064], [-16.497709, 19.880369], [-16.497422, 19.880371], [-16.497425, 19.880642], [-16.497138, 19.880644], [-16.497141, 19.880915], [-16.497427, 19.880913], [-16.49743, 19.881184], [-16.497143, 19.881186], [-16.497146, 19.881457], [-16.496859, 19.88146], [-16.496872, 19.882815], [-16.497159, 19.882813], [-16.497161, 19.883084], [-16.497448, 19.883081], [-16.49745, 19.883352], [-16.497737, 19.88335], [-16.497739, 19.883621], [-16.497453, 19.883623], [-16.497455, 19.883894], [-16.497169, 19.883897], [-16.497171, 19.884168], [-16.496885, 19.88417], [-16.496887, 19.884441], [-16.496315, 19.884446], [-16.49632, 19.884988], [-16.496606, 19.884985], [-16.496604, 19.884714], [-16.497177, 19.88471], [-16.497179, 19.884981], [-16.497752, 19.884976]], [[-16.498599, 19.883613], [-16.498312, 19.883616], [-16.49831, 19.883345], [-16.498596, 19.883342], [-16.498599, 19.883613]], [[-16.500602, 19.883326], [-16.500029, 19.88333], [-16.500026, 19.883059], [-16.500599, 19.883055], [-16.500602, 19.883326]], [[-16.501172, 19.88305], [-16.500886, 19.883052], [-16.500883, 19.882781], [-16.501169, 19.882779], [-16.501172, 19.88305]], [[-16.500596, 19.882784], [-16.50031, 19.882786], [-16.500307, 19.882515], [-16.500594, 19.882513], [-16.500596, 19.882784]], [[-16.500852, 19.879529], [-16.500566, 19.879531], [-16.500563, 19.87926], [-16.50085, 19.879258], [-16.500852, 19.879529]], [[-16.498561, 19.879548], [-16.498274, 19.879551], [-16.498269, 19.879009], [-16.498555, 19.879006], [-16.498561, 19.879548]], [[-16.501993, 19.878977], [-16.501707, 19.87898], [-16.501704, 19.878709], [-16.501991, 19.878706], [-16.501993, 19.878977]], [[-16.500847, 19.878987], [-16.500561, 19.878989], [-16.500558, 19.878718], [-16.500845, 19.878716], [-16.500847, 19.878987]], [[-16.501704, 19.878709], [-16.501418, 19.878711], [-16.501415, 19.87844], [-16.501702, 19.878438], [-16.501704, 19.878709]], [[-16.499983, 19.878452], [-16.499696, 19.878455], [-16.499694, 19.878184], [-16.49998, 19.878181], [-16.499983, 19.878452]]]}, "properties": {"layer": "meadow", "year": 2025, "sat": "S2A", "date": "2025-06-17", "area_ha": 34.02}}, {"type": "Feature", "geometry": {"type": "Polygon", "coordinates": [[[-16.490565, 19.882326], [-16.490562, 19.882055], [-16.490848, 19.882052], [-16.490843, 19.88151], [-16.490557, 19.881513], [-16.490559, 19.881784], [-16.489986, 19.881789], [-16.489981, 19.881247], [-16.490268, 19.881244], [-16.490265, 19.880973], [-16.489979, 19.880976], [-16.489969, 19.879891], [-16.489682, 19.879894], [-16.489677, 19.879352], [-16.489964, 19.879349], [-16.489959, 19.878807], [-16.490245, 19.878805], [-16.490237, 19.877992], [-16.490524, 19.87799], [-16.490521, 19.877719], [-16.490808, 19.877716], [-16.4908, 19.876903], [-16.490514, 19.876906], [-16.490511, 19.876635], [-16.489938, 19.876639], [-16.489941, 19.87691], [-16.489654, 19.876913], [-16.489659, 19.877455], [-16.489373, 19.877457], [-16.489378, 19.877999], [-16.489092, 19.878002], [-16.489099, 19.878815], [-16.489386, 19.878812], [-16.489388, 19.879083], [-16.489102, 19.879086], [-16.489114, 19.880441], [-16.488828, 19.880443], [-16.48883, 19.880714], [-16.488544, 19.880716], [-16.488549, 19.881259], [-16.488263, 19.881261], [-16.488268, 19.881803], [-16.488841, 19.881798], [-16.488843, 19.882069], [-16.48913, 19.882067], [-16.489124, 19.881525], [-16.489411, 19.881522], [-16.489408, 19.881251], [-16.489695, 19.881249], [-16.489703, 19.882062], [-16.490275, 19.882057], [-16.490278, 19.882328], [-16.490565, 19.882326]]]}, "properties": {"layer": "meadow", "year": 2025, "sat": "S2A", "date": "2025-06-17", "area_ha": 6.93}}, {"type": "Feature", "geometry": {"type": "Polygon", "coordinates": [[[-16.261045, 19.879762], [-16.261041, 19.87922], [-16.261327, 19.879218], [-16.261323, 19.878676], [-16.261609, 19.878674], [-16.261607, 19.878403], [-16.260748, 19.878409], [-16.260752, 19.878951], [-16.260465, 19.878953], [-16.260468, 19.879224], [-16.260754, 19.879222], [-16.260758, 19.879764], [-16.261045, 19.879762]]]}, "properties": {"layer": "meadow", "year": 2025, "sat": "S2A", "date": "2025-06-17", "area_ha": 0.9}}, {"type": "Feature", "geometry": {"type": "Polygon", "coordinates": [[[-16.371619, 19.877319], [-16.371615, 19.876777], [-16.372188, 19.876772], [-16.372185, 19.876501], [-16.371326, 19.876508], [-16.371331, 19.87705], [-16.371044, 19.877052], [-16.371046, 19.877323], [-16.371619, 19.877319]]]}, "properties": {"layer": "meadow", "year": 2025, "sat": "S2A", "date": "2025-06-17", "area_ha": 0.54}}, {"type": "Feature", "geometry": {"type": "Polygon", "coordinates": [[[-16.263888, 19.877032], [-16.263884, 19.87649], [-16.263025, 19.876496], [-16.263029, 19.877038], [-16.263888, 19.877032]]]}, "properties": {"layer": "meadow", "year": 2025, "sat": "S2A", "date": "2025-06-17", "area_ha": 0.54}}, {"type": "Feature", "geometry": {"type": "Polygon", "coordinates": [[[-16.262176, 19.877857], [-16.262169, 19.877044], [-16.262456, 19.877042], [-16.262449, 19.876229], [-16.261876, 19.876233], [-16.261889, 19.877859], [-16.262176, 19.877857]]]}, "properties": {"layer": "meadow", "year": 2025, "sat": "S2A", "date": "2025-06-17", "area_ha": 0.81}}, {"type": "Feature", "geometry": {"type": "Polygon", "coordinates": [[[-16.27679, 19.878024], [-16.276787, 19.877753], [-16.27736, 19.877749], [-16.277358, 19.877478], [-16.277072, 19.87748], [-16.27707, 19.877209], [-16.276497, 19.877213], [-16.276492, 19.876671], [-16.277352, 19.876665], [-16.277343, 19.875581], [-16.277057, 19.875583], [-16.277059, 19.875854], [-16.276772, 19.875856], [-16.276774, 19.876127], [-16.275915, 19.876133], [-16.275917, 19.876404], [-16.275058, 19.87641], [-16.27506, 19.876681], [-16.2742, 19.876687], [-16.274198, 19.876416], [-16.273625, 19.87642], [-16.273621, 19.875878], [-16.273334, 19.87588], [-16.273332, 19.875609], [-16.273046, 19.875611], [-16.273048, 19.875882], [-16.272761, 19.875884], [-16.272763, 19.876155], [-16.272477, 19.876157], [-16.272479, 19.876428], [-16.271906, 19.876433], [-16.271904, 19.876162], [-16.271617, 19.876164], [-16.271624, 19.876977], [-16.27191, 19.876975], [-16.271915, 19.877517], [-16.272201, 19.877515], [-16.272206, 19.878057], [-16.272779, 19.878053], [-16.272776, 19.877782], [-16.273349, 19.877778], [-16.273347, 19.877506], [-16.274207, 19.8775], [-16.274205, 19.877229], [-16.274778, 19.877225], [-16.274775, 19.876954], [-16.275062, 19.876952], [-16.275066, 19.877494], [-16.275926, 19.877488], [-16.275928, 19.877759], [-16.276501, 19.877755], [-16.276503, 19.878026], [-16.27679, 19.878024]], [[-16.272488, 19.877513], [-16.272201, 19.877515], [-16.272199, 19.877244], [-16.272486, 19.877242], [-16.272488, 19.877513]]]}, "properties": {"layer": "meadow", "year": 2025, "sat": "S2A", "date": "2025-06-17", "area_ha": 8.28}}, {"type": "Feature", "geometry": {"type": "Polygon", "coordinates": [[[-16.286517, 19.876328], [-16.286515, 19.876057], [-16.287088, 19.876052], [-16.287086, 19.875781], [-16.287373, 19.875779], [-16.287368, 19.875237], [-16.286795, 19.875241], [-16.286797, 19.875512], [-16.286511, 19.875515], [-16.286513, 19.875786], [-16.286227, 19.875788], [-16.286231, 19.87633], [-16.286517, 19.876328]]]}, "properties": {"layer": "meadow", "year": 2025, "sat": "S2A", "date": "2025-06-17", "area_ha": 0.81}}, {"type": "Feature", "geometry": {"type": "Polygon", "coordinates": [[[-16.280505, 19.876913], [-16.280503, 19.876642], [-16.28079, 19.87664], [-16.280788, 19.876369], [-16.281074, 19.876367], [-16.28107, 19.875825], [-16.280783, 19.875827], [-16.280774, 19.874743], [-16.280201, 19.874747], [-16.280204, 19.875018], [-16.279917, 19.87502], [-16.279919, 19.875291], [-16.279346, 19.875295], [-16.279348, 19.875566], [-16.279062, 19.875568], [-16.27906, 19.875297], [-16.278773, 19.875299], [-16.278771, 19.875028], [-16.278485, 19.87503], [-16.278498, 19.876656], [-16.277925, 19.876661], [-16.277927, 19.876932], [-16.279932, 19.876917], [-16.27993, 19.876646], [-16.280217, 19.876644], [-16.280219, 19.876915], [-16.280505, 19.876913]]]}, "properties": {"layer": "meadow", "year": 2025, "sat": "S2A", "date": "2025-06-17", "area_ha": 4.95}}, {"type": "Feature", "geometry": {"type": "Polygon", "coordinates": [[[-16.49622, 19.874418], [-16.496215, 19.873876], [-16.495929, 19.873879], [-16.495926, 19.873608], [-16.49564, 19.87361], [-16.495637, 19.873339], [-16.495924, 19.873337], [-16.495921, 19.873066], [-16.495635, 19.873068], [-16.495632, 19.872797], [-16.494773, 19.872804], [-16.494775, 19.873075], [-16.495062, 19.873073], [-16.495069, 19.873886], [-16.495356, 19.873884], [-16.495358, 19.874155], [-16.495931, 19.87415], [-16.495934, 19.874421], [-16.49622, 19.874418]]]}, "properties": {"layer": "meadow", "year": 2025, "sat": "S2A", "date": "2025-06-17", "area_ha": 1.35}}, {"type": "Feature", "geometry": {"type": "Polygon", "coordinates": [[[-16.369593, 19.874895], [-16.369588, 19.874353], [-16.369875, 19.874351], [-16.36987, 19.873809], [-16.369011, 19.873815], [-16.369015, 19.874357], [-16.369302, 19.874355], [-16.369304, 19.874626], [-16.369018, 19.874628], [-16.36902, 19.874899], [-16.369593, 19.874895]]]}, "properties": {"layer": "meadow", "year": 2025, "sat": "S2A", "date": "2025-06-17", "area_ha": 0.81}}, {"type": "Feature", "geometry": {"type": "Polygon", "coordinates": [[[-16.373886, 19.87432], [-16.373883, 19.874049], [-16.37417, 19.874047], [-16.374165, 19.873505], [-16.373879, 19.873507], [-16.373874, 19.872965], [-16.373301, 19.872969], [-16.373303, 19.87324], [-16.37359, 19.873238], [-16.373592, 19.873509], [-16.373306, 19.873511], [-16.373308, 19.873782], [-16.373594, 19.87378], [-16.373599, 19.874322], [-16.373886, 19.87432]]]}, "properties": {"layer": "meadow", "year": 2025, "sat": "S2A", "date": "2025-06-17", "area_ha": 0.81}}, {"type": "Feature", "geometry": {"type": "Polygon", "coordinates": [[[-16.300258, 19.874873], [-16.300254, 19.874331], [-16.30054, 19.874328], [-16.300536, 19.873786], [-16.300249, 19.873788], [-16.300252, 19.874059], [-16.299965, 19.874062], [-16.299963, 19.873791], [-16.299103, 19.873797], [-16.299101, 19.873526], [-16.298815, 19.873528], [-16.29881, 19.872986], [-16.298237, 19.87299], [-16.298242, 19.873532], [-16.298528, 19.87353], [-16.29853, 19.873801], [-16.298817, 19.873799], [-16.298819, 19.87407], [-16.299106, 19.874068], [-16.299108, 19.874339], [-16.299681, 19.874335], [-16.299683, 19.874606], [-16.299969, 19.874604], [-16.299972, 19.874875], [-16.300258, 19.874873]]]}, "properties": {"layer": "meadow", "year": 2025, "sat": "S2A", "date": "2025-06-17", "area_ha": 1.71}}, {"type": "Feature", "geometry": {"type": "Polygon", "coordinates": [[[-16.362706, 19.873593], [-16.362701, 19.873051], [-16.362415, 19.873053], [-16.362412, 19.872782], [-16.362126, 19.872784], [-16.362124, 19.872513], [-16.361551, 19.872517], [-16.361553, 19.872788], [-16.361839, 19.872786], [-16.361842, 19.873057], [-16.361555, 19.873059], [-16.361558, 19.87333], [-16.36213, 19.873326], [-16.362133, 19.873597], [-16.362706, 19.873593]]]}, "properties": {"layer": "meadow", "year": 2025, "sat": "S2A", "date": "2025-06-17", "area_ha": 0.9}}, {"type": "Feature", "geometry": {"type": "Polygon", "coordinates": [[[-16.410257, 19.87268], [-16.410254, 19.872409], [-16.411114, 19.872403], [-16.411111, 19.872132], [-16.409679, 19.872143], [-16.409684, 19.872685], [-16.410257, 19.87268]]]}, "properties": {"layer": "meadow", "year": 2025, "sat": "S2A", "date": "2025-06-17", "area_ha": 0.63}}, {"type": "Feature", "geometry": {"type": "Polygon", "coordinates": [[[-16.371589, 19.873795], [-16.371582, 19.872982], [-16.371869, 19.87298], [-16.371866, 19.872709], [-16.372153, 19.872707], [-16.37215, 19.872436], [-16.371577, 19.87244], [-16.37158, 19.872711], [-16.370147, 19.872722], [-16.37015, 19.872993], [-16.369863, 19.872996], [-16.36987, 19.873809], [-16.370157, 19.873807], [-16.370154, 19.873535], [-16.3713, 19.873527], [-16.371303, 19.873798], [-16.371589, 19.873795]]]}, "properties": {"layer": "meadow", "year": 2025, "sat": "S2A", "date": "2025-06-17", "area_ha": 1.98}}, {"type": "Feature", "geometry": {"type": "Polygon", "coordinates": [[[-16.395954, 19.875232], [-16.395947, 19.874419], [-16.39652, 19.874415], [-16.396518, 19.874144], [-16.396804, 19.874142], [-16.396802, 19.873871], [-16.397375, 19.873866], [-16.397372, 19.873595], [-16.397659, 19.873593], [-16.397656, 19.873322], [-16.397943, 19.87332], [-16.397941, 19.873049], [-16.398227, 19.873046], [-16.398222, 19.872504], [-16.397936, 19.872507], [-16.397938, 19.872778], [-16.397652, 19.87278], [-16.397654, 19.873051], [-16.397368, 19.873053], [-16.397363, 19.872511], [-16.397076, 19.872513], [-16.397072, 19.871971], [-16.396212, 19.871978], [-16.396215, 19.872249], [-16.395928, 19.872251], [-16.395933, 19.872793], [-16.395646, 19.872795], [-16.395658, 19.874151], [-16.395372, 19.874153], [-16.395374, 19.874424], [-16.395661, 19.874422], [-16.395668, 19.875235], [-16.395954, 19.875232]]]}, "properties": {"layer": "meadow", "year": 2025, "sat": "S2A", "date": "2025-06-17", "area_ha": 4.77}}, {"type": "Feature", "geometry": {"type": "Polygon", "coordinates": [[[-16.497369, 19.87468], [-16.497366, 19.874409], [-16.49708, 19.874411], [-16.497077, 19.87414], [-16.498223, 19.874131], [-16.498221, 19.87386], [-16.498507, 19.873857], [-16.498504, 19.873586], [-16.498791, 19.873584], [-16.498788, 19.873313], [-16.499361, 19.873308], [-16.499346, 19.871682], [-16.49906, 19.871684], [-16.499057, 19.871413], [-16.49963, 19.871408], [-16.499627, 19.871137], [-16.499054, 19.871142], [-16.499049, 19.8706], [-16.498476, 19.870605], [-16.498479, 19.870876], [-16.497906, 19.870881], [-16.497909, 19.871152], [-16.497622, 19.871154], [-16.497627, 19.871696], [-16.497914, 19.871694], [-16.497916, 19.871965], [-16.49763, 19.871967], [-16.497632, 19.872238], [-16.497346, 19.872241], [-16.497348, 19.872512], [-16.497062, 19.872514], [-16.497059, 19.872243], [-16.496773, 19.872245], [-16.496786, 19.873601], [-16.496499, 19.873603], [-16.496502, 19.873874], [-16.496788, 19.873872], [-16.496791, 19.874143], [-16.496504, 19.874145], [-16.496509, 19.874687], [-16.497369, 19.87468]], [[-16.498783, 19.872771], [-16.49821, 19.872775], [-16.498208, 19.872504], [-16.498781, 19.8725], [-16.498783, 19.872771]], [[-16.499062, 19.871955], [-16.498776, 19.871958], [-16.498773, 19.871687], [-16.49906, 19.871684], [-16.499062, 19.871955]]]}, "properties": {"layer": "meadow", "year": 2025, "sat": "S2A", "date": "2025-06-17", "area_ha": 7.65}}, {"type": "Feature", "geometry": {"type": "Polygon", "coordinates": [[[-16.275047, 19.875055], [-16.275045, 19.874784], [-16.275331, 19.874782], [-16.275329, 19.874511], [-16.275615, 19.874509], [-16.275613, 19.874238], [-16.275327, 19.87424], [-16.275322, 19.873698], [-16.276182, 19.873691], [-16.27618, 19.87342], [-16.275893, 19.873422], [-16.275891, 19.873151], [-16.275605, 19.873153], [-16.2756, 19.872611], [-16.275027, 19.872616], [-16.275032, 19.873158], [-16.274745, 19.87316], [-16.274743, 19.872889], [-16.274456, 19.872891], [-16.274454, 19.87262], [-16.274741, 19.872618], [-16.274739, 19.872347], [-16.274166, 19.872351], [-16.274168, 19.872622], [-16.273881, 19.872624], [-16.273886, 19.873166], [-16.274172, 19.873164], [-16.274176, 19.873706], [-16.274463, 19.873704], [-16.274467, 19.874246], [-16.273894, 19.87425], [-16.273896, 19.874521], [-16.274183, 19.874519], [-16.274187, 19.875061], [-16.275047, 19.875055]]]}, "properties": {"layer": "meadow", "year": 2025, "sat": "S2A", "date": "2025-06-17", "area_ha": 3.87}}, {"type": "Feature", "geometry": {"type": "Polygon", "coordinates": [[[-16.292794, 19.87303], [-16.292792, 19.872759], [-16.293651, 19.872752], [-16.293649, 19.872481], [-16.292503, 19.87249], [-16.292501, 19.872219], [-16.292787, 19.872216], [-16.292785, 19.871945], [-16.291926, 19.871952], [-16.291928, 19.872223], [-16.291068, 19.872229], [-16.291073, 19.872771], [-16.291359, 19.872769], [-16.291357, 19.872498], [-16.29193, 19.872494], [-16.291935, 19.873036], [-16.292794, 19.87303]]]}, "properties": {"layer": "meadow", "year": 2025, "sat": "S2A", "date": "2025-06-17", "area_ha": 1.62}}, {"type": "Feature", "geometry": {"type": "Polygon", "coordinates": [[[-16.299954, 19.872706], [-16.299952, 19.872435], [-16.300525, 19.872431], [-16.300516, 19.871347], [-16.299943, 19.871351], [-16.299941, 19.87108], [-16.299654, 19.871082], [-16.299652, 19.870811], [-16.299366, 19.870813], [-16.299368, 19.871084], [-16.299081, 19.871086], [-16.299084, 19.871358], [-16.298511, 19.871362], [-16.298513, 19.871633], [-16.29794, 19.871637], [-16.297944, 19.872179], [-16.298517, 19.872175], [-16.298522, 19.872717], [-16.298808, 19.872715], [-16.298806, 19.872444], [-16.299092, 19.872442], [-16.299095, 19.872713], [-16.299954, 19.872706]]]}, "properties": {"layer": "meadow", "year": 2025, "sat": "S2A", "date": "2025-06-17", "area_ha": 3.6}}, {"type": "Feature", "geometry": {"type": "Polygon", "coordinates": [[[-16.29134, 19.87033], [-16.291337, 19.870059], [-16.29191, 19.870054], [-16.291908, 19.869783], [-16.290189, 19.869796], [-16.290191, 19.870067], [-16.291051, 19.870061], [-16.291053, 19.870332], [-16.29134, 19.87033]]]}, "properties": {"layer": "meadow", "year": 2025, "sat": "S2A", "date": "2025-06-17", "area_ha": 0.63}}, {"type": "Feature", "geometry": {"type": "Polygon", "coordinates": [[[-16.27272, 19.870735], [-16.272714, 19.869922], [-16.272427, 19.869924], [-16.272425, 19.869653], [-16.272138, 19.869655], [-16.272141, 19.869926], [-16.271568, 19.86993], [-16.27157, 19.870201], [-16.271856, 19.870199], [-16.271858, 19.87047], [-16.271286, 19.870474], [-16.271288, 19.870745], [-16.27272, 19.870735]]]}, "properties": {"layer": "meadow", "year": 2025, "sat": "S2A", "date": "2025-06-17", "area_ha": 1.17}}, {"type": "Feature", "geometry": {"type": "Polygon", "coordinates": [[[-16.294769, 19.869221], [-16.294762, 19.868407], [-16.294476, 19.868409], [-16.294469, 19.867596], [-16.294182, 19.867598], [-16.294196, 19.869225], [-16.294769, 19.869221]]]}, "properties": {"layer": "meadow", "year": 2025, "sat": "S2A", "date": "2025-06-17", "area_ha": 0.81}}, {"type": "Feature", "geometry": {"type": "Polygon", "coordinates": [[[-16.292184, 19.868426], [-16.292181, 19.868155], [-16.292468, 19.868153], [-16.292464, 19.867611], [-16.291891, 19.867615], [-16.291888, 19.867344], [-16.292175, 19.867342], [-16.292173, 19.867071], [-16.291886, 19.867073], [-16.291884, 19.866802], [-16.290738, 19.86681], [-16.290742, 19.867352], [-16.291029, 19.86735], [-16.291033, 19.867892], [-16.291606, 19.867888], [-16.291609, 19.868159], [-16.291895, 19.868157], [-16.291897, 19.868428], [-16.292184, 19.868426]], [[-16.291602, 19.867346], [-16.291315, 19.867348], [-16.291313, 19.867077], [-16.2916, 19.867075], [-16.291602, 19.867346]]]}, "properties": {"layer": "meadow", "year": 2025, "sat": "S2A", "date": "2025-06-17", "area_ha": 1.8}}, {"type": "Feature", "geometry": {"type": "Polygon", "coordinates": [[[-16.354622, 19.866336], [-16.35462, 19.866065], [-16.355193, 19.866061], [-16.35519, 19.86579], [-16.354904, 19.865792], [-16.354902, 19.865521], [-16.354615, 19.865523], [-16.354617, 19.865794], [-16.354331, 19.865796], [-16.354333, 19.866067], [-16.354047, 19.866069], [-16.354049, 19.86634], [-16.354622, 19.866336]]]}, "properties": {"layer": "meadow", "year": 2025, "sat": "S2A", "date": "2025-06-17", "area_ha": 0.54}}, {"type": "Feature", "geometry": {"type": "Polygon", "coordinates": [[[-16.357484, 19.866043], [-16.357482, 19.865772], [-16.357769, 19.86577], [-16.357766, 19.865499], [-16.35662, 19.865508], [-16.356625, 19.86605], [-16.357484, 19.866043]]]}, "properties": {"layer": "meadow", "year": 2025, "sat": "S2A", "date": "2025-06-17", "area_ha": 0.63}}, {"type": "Feature", "geometry": {"type": "Polygon", "coordinates": [[[-16.298786, 19.870004], [-16.298784, 19.869733], [-16.29907, 19.869731], [-16.299059, 19.868376], [-16.2982, 19.868382], [-16.298195, 19.86784], [-16.297909, 19.867842], [-16.297907, 19.867571], [-16.298193, 19.867569], [-16.298184, 19.866485], [-16.296465, 19.866498], [-16.296461, 19.865956], [-16.296175, 19.865958], [-16.29617, 19.865416], [-16.295311, 19.865422], [-16.295313, 19.865693], [-16.295599, 19.865691], [-16.295606, 19.866504], [-16.296179, 19.8665], [-16.296181, 19.866771], [-16.296468, 19.866769], [-16.29647, 19.86704], [-16.296756, 19.867038], [-16.296759, 19.867309], [-16.297045, 19.867307], [-16.297056, 19.868662], [-16.297343, 19.86866], [-16.297347, 19.869202], [-16.297633, 19.8692], [-16.297638, 19.869742], [-16.297924, 19.86974], [-16.297927, 19.870011], [-16.298786, 19.870004]], [[-16.298209, 19.869467], [-16.297922, 19.869469], [-16.297918, 19.868927], [-16.298204, 19.868924], [-16.298209, 19.869467]]]}, "properties": {"layer": "meadow", "year": 2025, "sat": "S2A", "date": "2025-06-17", "area_ha": 6.66}}, {"type": "Feature", "geometry": {"type": "Polygon", "coordinates": [[[-16.351466, 19.865818], [-16.351464, 19.865547], [-16.35175, 19.865545], [-16.351748, 19.865274], [-16.351175, 19.865278], [-16.351173, 19.865007], [-16.3506, 19.865011], [-16.350602, 19.865282], [-16.350889, 19.86528], [-16.350893, 19.865822], [-16.351466, 19.865818]]]}, "properties": {"layer": "meadow", "year": 2025, "sat": "S2A", "date": "2025-06-17", "area_ha": 0.63}}, {"type": "Feature", "geometry": {"type": "Polygon", "coordinates": [[[-16.274964, 19.864755], [-16.274962, 19.864484], [-16.274676, 19.864486], [-16.274674, 19.864215], [-16.274387, 19.864217], [-16.274385, 19.863946], [-16.273812, 19.863951], [-16.273814, 19.864222], [-16.274101, 19.86422], [-16.274103, 19.864491], [-16.273816, 19.864493], [-16.273818, 19.864764], [-16.274964, 19.864755]]]}, "properties": {"layer": "meadow", "year": 2025, "sat": "S2A", "date": "2025-06-17", "area_ha": 0.72}}, {"type": "Feature", "geometry": {"type": "Polygon", "coordinates": [[[-16.269523, 19.865065], [-16.269521, 19.864794], [-16.269808, 19.864792], [-16.269803, 19.86425], [-16.269517, 19.864252], [-16.269515, 19.863981], [-16.269228, 19.863983], [-16.269233, 19.864525], [-16.268946, 19.864527], [-16.268948, 19.864798], [-16.269235, 19.864796], [-16.269237, 19.865067], [-16.269523, 19.865065]]]}, "properties": {"layer": "meadow", "year": 2025, "sat": "S2A", "date": "2025-06-17", "area_ha": 0.63}}, {"type": "Feature", "geometry": {"type": "Polygon", "coordinates": [[[-16.289572, 19.864379], [-16.289564, 19.863295], [-16.289277, 19.863297], [-16.289282, 19.863839], [-16.288995, 19.863841], [-16.289, 19.864383], [-16.289572, 19.864379]]]}, "properties": {"layer": "meadow", "year": 2025, "sat": "S2A", "date": "2025-06-17", "area_ha": 0.54}}, {"type": "Feature", "geometry": {"type": "Polygon", "coordinates": [[[-16.345714, 19.863151], [-16.345712, 19.86288], [-16.345998, 19.862878], [-16.345996, 19.862607], [-16.345709, 19.862609], [-16.345707, 19.862338], [-16.345134, 19.862342], [-16.345132, 19.862071], [-16.344845, 19.862073], [-16.344848, 19.862344], [-16.344561, 19.862347], [-16.344566, 19.862889], [-16.344852, 19.862886], [-16.344855, 19.863157], [-16.345714, 19.863151]]]}, "properties": {"layer": "meadow", "year": 2025, "sat": "S2A", "date": "2025-06-17", "area_ha": 1.17}}, {"type": "Feature", "geometry": {"type": "Polygon", "coordinates": [[[-16.289275, 19.863026], [-16.289273, 19.862755], [-16.288986, 19.862757], [-16.288984, 19.862486], [-16.289271, 19.862484], [-16.289268, 19.862213], [-16.287836, 19.862223], [-16.287838, 19.862494], [-16.288125, 19.862492], [-16.288127, 19.862763], [-16.288413, 19.862761], [-16.288416, 19.863032], [-16.289275, 19.863026]]]}, "properties": {"layer": "meadow", "year": 2025, "sat": "S2A", "date": "2025-06-17", "area_ha": 0.99}}, {"type": "Feature", "geometry": {"type": "Polygon", "coordinates": [[[-16.265778, 19.862381], [-16.265776, 19.86211], [-16.266062, 19.862108], [-16.266056, 19.861295], [-16.265769, 19.861297], [-16.265773, 19.861839], [-16.265487, 19.861841], [-16.265485, 19.86157], [-16.265198, 19.861572], [-16.265203, 19.862114], [-16.265489, 19.862112], [-16.265491, 19.862383], [-16.265778, 19.862381]]]}, "properties": {"layer": "meadow", "year": 2025, "sat": "S2A", "date": "2025-06-17", "area_ha": 0.63}}, {"type": "Feature", "geometry": {"type": "Polygon", "coordinates": [[[-16.286135, 19.864404], [-16.286133, 19.864133], [-16.286706, 19.864129], [-16.286703, 19.863858], [-16.28699, 19.863856], [-16.286988, 19.863585], [-16.28842, 19.863574], [-16.288422, 19.863845], [-16.288995, 19.863841], [-16.288993, 19.86357], [-16.288706, 19.863572], [-16.288704, 19.863301], [-16.288418, 19.863303], [-16.288416, 19.863032], [-16.288129, 19.863034], [-16.288127, 19.862763], [-16.287554, 19.862768], [-16.287552, 19.862497], [-16.286979, 19.862501], [-16.286977, 19.86223], [-16.287836, 19.862223], [-16.287834, 19.861952], [-16.287547, 19.861954], [-16.287539, 19.86087], [-16.286679, 19.860877], [-16.286681, 19.861148], [-16.286968, 19.861145], [-16.28697, 19.861417], [-16.286684, 19.861419], [-16.286688, 19.861961], [-16.286402, 19.861963], [-16.286406, 19.862505], [-16.285833, 19.862509], [-16.285835, 19.86278], [-16.285549, 19.862782], [-16.285551, 19.863053], [-16.284978, 19.863057], [-16.284976, 19.862786], [-16.284403, 19.86279], [-16.284405, 19.863061], [-16.284119, 19.863063], [-16.284116, 19.862792], [-16.28383, 19.862794], [-16.283828, 19.862523], [-16.283541, 19.862525], [-16.283543, 19.862796], [-16.282397, 19.862805], [-16.282402, 19.863347], [-16.282975, 19.863343], [-16.282977, 19.863614], [-16.28355, 19.86361], [-16.283554, 19.864152], [-16.284127, 19.864148], [-16.284129, 19.864419], [-16.286135, 19.864404]], [[-16.287845, 19.863308], [-16.287558, 19.86331], [-16.287556, 19.863039], [-16.287843, 19.863037], [-16.287845, 19.863308]]]}, "properties": {"layer": "meadow", "year": 2025, "sat": "S2A", "date": "2025-06-17", "area_ha": 10.26}}, {"type": "Feature", "geometry": {"type": "Polygon", "coordinates": [[[-16.506676, 19.859152], [-16.506666, 19.858068], [-16.50638, 19.858071], [-16.506382, 19.858342], [-16.506096, 19.858344], [-16.506101, 19.858886], [-16.506387, 19.858884], [-16.50639, 19.859155], [-16.506676, 19.859152]]]}, "properties": {"layer": "meadow", "year": 2025, "sat": "S2A", "date": "2025-06-17", "area_ha": 0.54}}, {"type": "Feature", "geometry": {"type": "Polygon", "coordinates": [[[-16.447965, 19.860723], [-16.447963, 19.860452], [-16.448249, 19.86045], [-16.448247, 19.860179], [-16.448533, 19.860177], [-16.448531, 19.859906], [-16.449104, 19.859901], [-16.449101, 19.85963], [-16.449388, 19.859628], [-16.44938, 19.858814], [-16.449094, 19.858817], [-16.449091, 19.858546], [-16.448518, 19.85855], [-16.448516, 19.858279], [-16.448802, 19.858277], [-16.4488, 19.858006], [-16.448227, 19.858011], [-16.448225, 19.85774], [-16.44536, 19.857763], [-16.445358, 19.857492], [-16.444498, 19.857499], [-16.444501, 19.85777], [-16.443642, 19.857777], [-16.443646, 19.858319], [-16.443074, 19.858324], [-16.443076, 19.858595], [-16.442503, 19.858599], [-16.442506, 19.85887], [-16.442792, 19.858868], [-16.442794, 19.859139], [-16.442508, 19.859141], [-16.442513, 19.859683], [-16.442799, 19.859681], [-16.442802, 19.859952], [-16.443375, 19.859947], [-16.443377, 19.860218], [-16.444236, 19.860211], [-16.444239, 19.860482], [-16.445671, 19.860471], [-16.445674, 19.860742], [-16.447965, 19.860723]], [[-16.447671, 19.859913], [-16.447385, 19.859915], [-16.447382, 19.859644], [-16.447669, 19.859642], [-16.447671, 19.859913]], [[-16.445953, 19.859926], [-16.445666, 19.859929], [-16.445661, 19.859387], [-16.445948, 19.859384], [-16.445953, 19.859926]], [[-16.447666, 19.859371], [-16.447094, 19.859375], [-16.447089, 19.858833], [-16.447375, 19.858831], [-16.447378, 19.859102], [-16.447664, 19.859099], [-16.447666, 19.859371]], [[-16.445661, 19.859387], [-16.445375, 19.859389], [-16.44537, 19.858847], [-16.445656, 19.858845], [-16.445661, 19.859387]], [[-16.444516, 19.859396], [-16.443656, 19.859403], [-16.443654, 19.859132], [-16.444513, 19.859125], [-16.444516, 19.859396]], [[-16.4448, 19.859123], [-16.444513, 19.859125], [-16.444511, 19.858854], [-16.444797, 19.858852], [-16.4448, 19.859123]]]}, "properties": {"layer": "meadow", "year": 2025, "sat": "S2A", "date": "2025-06-17", "area_ha": 18.0}}, {"type": "Feature", "geometry": {"type": "Polygon", "coordinates": [[[-16.268944, 19.864256], [-16.268942, 19.863985], [-16.269228, 19.863983], [-16.269226, 19.863712], [-16.270372, 19.863704], [-16.270374, 19.863975], [-16.270661, 19.863973], [-16.270654, 19.86316], [-16.271227, 19.863156], [-16.271229, 19.863427], [-16.271516, 19.863425], [-16.271514, 19.863154], [-16.272087, 19.86315], [-16.272082, 19.862608], [-16.272369, 19.862606], [-16.272367, 19.862335], [-16.272653, 19.862332], [-16.272651, 19.862061], [-16.272937, 19.862059], [-16.272933, 19.861517], [-16.27236, 19.861521], [-16.272362, 19.861792], [-16.271789, 19.861797], [-16.271791, 19.862068], [-16.271219, 19.862072], [-16.271216, 19.861801], [-16.27093, 19.861803], [-16.270928, 19.861532], [-16.270355, 19.861536], [-16.270359, 19.862078], [-16.269786, 19.862082], [-16.269784, 19.861811], [-16.269498, 19.861813], [-16.269491, 19.861], [-16.269778, 19.860998], [-16.269775, 19.860727], [-16.270062, 19.860725], [-16.27006, 19.860454], [-16.272065, 19.860439], [-16.272063, 19.860168], [-16.272349, 19.860166], [-16.272343, 19.859353], [-16.272056, 19.859355], [-16.272043, 19.857729], [-16.271757, 19.857731], [-16.271755, 19.85746], [-16.271468, 19.857462], [-16.27147, 19.857733], [-16.271184, 19.857735], [-16.271195, 19.85909], [-16.271481, 19.859088], [-16.271483, 19.859359], [-16.271197, 19.859361], [-16.271201, 19.859903], [-16.270915, 19.859905], [-16.270917, 19.860176], [-16.27063, 19.860178], [-16.270628, 19.859907], [-16.270055, 19.859912], [-16.270053, 19.859641], [-16.269767, 19.859643], [-16.269771, 19.860185], [-16.269198, 19.860189], [-16.2692, 19.86046], [-16.268914, 19.860462], [-16.268927, 19.862088], [-16.26864, 19.86209], [-16.268642, 19.862361], [-16.269502, 19.862355], [-16.269504, 19.862626], [-16.270077, 19.862622], [-16.270079, 19.862893], [-16.269506, 19.862897], [-16.269508, 19.863168], [-16.269222, 19.86317], [-16.26922, 19.862899], [-16.268933, 19.862901], [-16.268938, 19.863443], [-16.268651, 19.863445], [-16.268658, 19.864258], [-16.268944, 19.864256]]]}, "properties": {"layer": "meadow", "year": 2025, "sat": "S2A", "date": "2025-06-17", "area_ha": 11.79}}, {"type": "Feature", "geometry": {"type": "Polygon", "coordinates": [[[-16.281501, 19.858203], [-16.281497, 19.857661], [-16.28121, 19.857663], [-16.281208, 19.857392], [-16.280922, 19.857394], [-16.280919, 19.857123], [-16.280347, 19.857127], [-16.280351, 19.857669], [-16.280637, 19.857667], [-16.280639, 19.857938], [-16.281212, 19.857934], [-16.281215, 19.858205], [-16.281501, 19.858203]]]}, "properties": {"layer": "meadow", "year": 2025, "sat": "S2A", "date": "2025-06-17", "area_ha": 0.81}}, {"type": "Feature", "geometry": {"type": "Polygon", "coordinates": [[[-16.473703, 19.855905], [-16.4737, 19.855634], [-16.473987, 19.855631], [-16.473982, 19.855089], [-16.473695, 19.855092], [-16.473693, 19.854821], [-16.47312, 19.854825], [-16.473115, 19.854283], [-16.471969, 19.854293], [-16.471972, 19.854564], [-16.472545, 19.854559], [-16.47255, 19.855101], [-16.472836, 19.855099], [-16.472839, 19.85537], [-16.473125, 19.855367], [-16.473123, 19.855096], [-16.473409, 19.855094], [-16.473417, 19.855907], [-16.473703, 19.855905]]]}, "properties": {"layer": "meadow", "year": 2025, "sat": "S2A", "date": "2025-06-17", "area_ha": 1.44}}, {"type": "Feature", "geometry": {"type": "Polygon", "coordinates": [[[-16.463678, 19.855987], [-16.46367, 19.855174], [-16.463957, 19.855172], [-16.463954, 19.854901], [-16.463668, 19.854903], [-16.463665, 19.854632], [-16.463379, 19.854635], [-16.463376, 19.854364], [-16.462803, 19.854368], [-16.462811, 19.855181], [-16.463097, 19.855179], [-16.4631, 19.85545], [-16.463386, 19.855448], [-16.463391, 19.85599], [-16.463678, 19.855987]]]}, "properties": {"layer": "meadow", "year": 2025, "sat": "S2A", "date": "2025-06-17", "area_ha": 1.17}}, {"type": "Feature", "geometry": {"type": "Polygon", "coordinates": [[[-16.495201, 19.857352], [-16.495193, 19.856539], [-16.495766, 19.856534], [-16.495764, 19.856263], [-16.496336, 19.856258], [-16.496326, 19.855174], [-16.49604, 19.855177], [-16.496037, 19.854906], [-16.495751, 19.854908], [-16.495748, 19.854637], [-16.496035, 19.854635], [-16.49603, 19.854092], [-16.496316, 19.85409], [-16.496314, 19.853819], [-16.495454, 19.853826], [-16.495457, 19.854097], [-16.494884, 19.854102], [-16.494887, 19.854373], [-16.4946, 19.854376], [-16.49461, 19.85546], [-16.494324, 19.855462], [-16.494329, 19.856004], [-16.494042, 19.856006], [-16.494048, 19.856548], [-16.493761, 19.856551], [-16.493759, 19.85628], [-16.493186, 19.856285], [-16.493188, 19.856556], [-16.492902, 19.856558], [-16.492907, 19.8571], [-16.493766, 19.857093], [-16.493764, 19.856822], [-16.49405, 19.856819], [-16.494053, 19.85709], [-16.494912, 19.857083], [-16.494914, 19.857354], [-16.495201, 19.857352]], [[-16.495191, 19.856268], [-16.494904, 19.85627], [-16.494899, 19.855728], [-16.495186, 19.855726], [-16.495191, 19.856268]], [[-16.496042, 19.855448], [-16.495756, 19.85545], [-16.495753, 19.855179], [-16.49604, 19.855177], [-16.496042, 19.855448]]]}, "properties": {"layer": "meadow", "year": 2025, "sat": "S2A", "date": "2025-06-17", "area_ha": 6.3}}, {"type": "Feature", "geometry": {"type": "Polygon", "coordinates": [[[-16.465668, 19.854345], [-16.465663, 19.853803], [-16.465949, 19.8538], [-16.465947, 19.853529], [-16.46566, 19.853532], [-16.465658, 19.853261], [-16.465371, 19.853263], [-16.465374, 19.853534], [-16.465087, 19.853536], [-16.465092, 19.854078], [-16.465379, 19.854076], [-16.465381, 19.854347], [-16.465668, 19.854345]]]}, "properties": {"layer": "meadow", "year": 2025, "sat": "S2A", "date": "2025-06-17", "area_ha": 0.63}}, {"type": "Feature", "geometry": {"type": "Polygon", "coordinates": [[[-16.270027, 19.856388], [-16.270025, 19.856117], [-16.271171, 19.856109], [-16.271169, 19.855838], [-16.272028, 19.855832], [-16.272024, 19.85529], [-16.271737, 19.855292], [-16.271725, 19.853665], [-16.271438, 19.853667], [-16.271436, 19.853396], [-16.271149, 19.853398], [-16.271152, 19.85367], [-16.270865, 19.853672], [-16.270878, 19.855298], [-16.270305, 19.855302], [-16.270303, 19.855031], [-16.26973, 19.855035], [-16.269741, 19.85639], [-16.270027, 19.856388]]]}, "properties": {"layer": "meadow", "year": 2025, "sat": "S2A", "date": "2025-06-17", "area_ha": 3.87}}, {"type": "Feature", "geometry": {"type": "Polygon", "coordinates": [[[-16.464604, 19.863298], [-16.464599, 19.862756], [-16.46374, 19.862763], [-16.463735, 19.862221], [-16.463162, 19.862225], [-16.463152, 19.861141], [-16.462866, 19.861144], [-16.462856, 19.86006], [-16.462569, 19.860062], [-16.462567, 19.859791], [-16.46228, 19.859793], [-16.462273, 19.85898], [-16.461986, 19.858983], [-16.461984, 19.858712], [-16.461697, 19.858714], [-16.461695, 19.858443], [-16.461981, 19.858441], [-16.461979, 19.85817], [-16.461406, 19.858174], [-16.461401, 19.857632], [-16.461115, 19.857635], [-16.461112, 19.857364], [-16.460826, 19.857366], [-16.460821, 19.856824], [-16.460534, 19.856826], [-16.460537, 19.857097], [-16.46025, 19.8571], [-16.460248, 19.856829], [-16.459961, 19.856831], [-16.459966, 19.857373], [-16.45968, 19.857375], [-16.459687, 19.858188], [-16.458542, 19.858198], [-16.458539, 19.857927], [-16.458253, 19.857929], [-16.458248, 19.857387], [-16.457961, 19.857389], [-16.457959, 19.857118], [-16.458245, 19.857116], [-16.45824, 19.856574], [-16.457954, 19.856576], [-16.457949, 19.856034], [-16.458235, 19.856032], [-16.458233, 19.855761], [-16.459092, 19.855754], [-16.45909, 19.855483], [-16.459376, 19.85548], [-16.459374, 19.855209], [-16.45966, 19.855207], [-16.459658, 19.854936], [-16.459944, 19.854934], [-16.459939, 19.854392], [-16.460225, 19.854389], [-16.460223, 19.854118], [-16.460509, 19.854116], [-16.460507, 19.853845], [-16.460793, 19.853843], [-16.460788, 19.853301], [-16.461075, 19.853298], [-16.461072, 19.853027], [-16.461359, 19.853025], [-16.461356, 19.852754], [-16.461643, 19.852752], [-16.461638, 19.85221], [-16.462211, 19.852205], [-16.462208, 19.851934], [-16.461635, 19.851938], [-16.461628, 19.851125], [-16.461341, 19.851128], [-16.461344, 19.851399], [-16.461057, 19.851401], [-16.46106, 19.851672], [-16.460774, 19.851675], [-16.460776, 19.851946], [-16.46049, 19.851948], [-16.460492, 19.852219], [-16.460206, 19.852221], [-16.460213, 19.853034], [-16.45964, 19.853039], [-16.459645, 19.853581], [-16.459359, 19.853583], [-16.459361, 19.853854], [-16.458788, 19.853859], [-16.458791, 19.85413], [-16.458218, 19.854135], [-16.458223, 19.854677], [-16.458509, 19.854674], [-16.458507, 19.854403], [-16.458793, 19.854401], [-16.458796, 19.854672], [-16.459082, 19.85467], [-16.459085, 19.854941], [-16.458512, 19.854945], [-16.458514, 19.855217], [-16.457655, 19.855224], [-16.45766, 19.855766], [-16.457373, 19.855768], [-16.457378, 19.85631], [-16.457092, 19.856312], [-16.457104, 19.857667], [-16.457391, 19.857665], [-16.457393, 19.857936], [-16.45682, 19.857941], [-16.456818, 19.85767], [-16.456531, 19.857672], [-16.456536, 19.858214], [-16.457396, 19.858207], [-16.457401, 19.858749], [-16.457687, 19.858747], [-16.45769, 19.859018], [-16.457403, 19.85902], [-16.457406, 19.859291], [-16.457692, 19.859289], [-16.457695, 19.85956], [-16.457981, 19.859557], [-16.457986, 19.860099], [-16.458272, 19.860097], [-16.458275, 19.860368], [-16.457988, 19.860371], [-16.457991, 19.860642], [-16.457704, 19.860644], [-16.457707, 19.860915], [-16.457993, 19.860913], [-16.458003, 19.861997], [-16.45829, 19.861994], [-16.458292, 19.862265], [-16.458865, 19.862261], [-16.45887, 19.862803], [-16.459157, 19.8628], [-16.459154, 19.862529], [-16.459441, 19.862527], [-16.459443, 19.862798], [-16.459729, 19.862796], [-16.459734, 19.863338], [-16.460021, 19.863335], [-16.460016, 19.862793], [-16.460302, 19.862791], [-16.4603, 19.86252], [-16.460586, 19.862518], [-16.460589, 19.862789], [-16.461162, 19.862784], [-16.461154, 19.861971], [-16.460868, 19.861973], [-16.460858, 19.860889], [-16.461144, 19.860887], [-16.461149, 19.861429], [-16.461436, 19.861426], [-16.461433, 19.861155], [-16.462006, 19.861151], [-16.462009, 19.861422], [-16.462295, 19.861419], [-16.462298, 19.86169], [-16.46287, 19.861686], [-16.462878, 19.862499], [-16.462305, 19.862503], [-16.462308, 19.862774], [-16.463167, 19.862767], [-16.463172, 19.863309], [-16.463745, 19.863305], [-16.463742, 19.863034], [-16.464315, 19.863029], [-16.464318, 19.8633], [-16.464604, 19.863298]], [[-16.460873, 19.862515], [-16.460586, 19.862518], [-16.460584, 19.862247], [-16.46087, 19.862244], [-16.460873, 19.862515]], [[-16.458267, 19.859555], [-16.457981, 19.859557], [-16.457979, 19.859286], [-16.458265, 19.859284], [-16.458267, 19.859555]], [[-16.461117, 19.857906], [-16.460831, 19.857908], [-16.460828, 19.857637], [-16.461115, 19.857635], [-16.461117, 19.857906]]]}, "properties": {"layer": "meadow", "year": 2025, "sat": "S2A", "date": "2025-06-17", "area_ha": 34.92}}, {"type": "Feature", "geometry": {"type": "Polygon", "coordinates": [[[-16.463922, 19.851378], [-16.463912, 19.850294], [-16.463339, 19.850298], [-16.463337, 19.850027], [-16.462764, 19.850032], [-16.462769, 19.850574], [-16.461909, 19.850581], [-16.461917, 19.851394], [-16.462203, 19.851392], [-16.462201, 19.851121], [-16.462774, 19.851116], [-16.462771, 19.850845], [-16.463344, 19.85084], [-16.463341, 19.850569], [-16.463628, 19.850567], [-16.463635, 19.85138], [-16.463922, 19.851378]]]}, "properties": {"layer": "meadow", "year": 2025, "sat": "S2A", "date": "2025-06-17", "area_ha": 1.62}}, {"type": "Feature", "geometry": {"type": "Polygon", "coordinates": [[[-16.468796, 19.85188], [-16.468794, 19.851609], [-16.468507, 19.851611], [-16.468505, 19.85134], [-16.468791, 19.851338], [-16.468789, 19.851067], [-16.468502, 19.851069], [-16.468497, 19.850527], [-16.468784, 19.850525], [-16.468781, 19.850254], [-16.468495, 19.850256], [-16.468492, 19.849985], [-16.468206, 19.849987], [-16.468213, 19.8508], [-16.467927, 19.850803], [-16.467937, 19.851887], [-16.468796, 19.85188]]]}, "properties": {"layer": "meadow", "year": 2025, "sat": "S2A", "date": "2025-06-17", "area_ha": 1.26}}, {"type": "Feature", "geometry": {"type": "Polygon", "coordinates": [[[-16.423857, 19.855768], [-16.423855, 19.855497], [-16.42586, 19.855481], [-16.425858, 19.85521], [-16.426144, 19.855207], [-16.426139, 19.854665], [-16.426426, 19.854663], [-16.426421, 19.854121], [-16.426134, 19.854123], [-16.42613, 19.853581], [-16.425557, 19.853586], [-16.425552, 19.853044], [-16.424979, 19.853048], [-16.424974, 19.852506], [-16.424401, 19.852511], [-16.424394, 19.851698], [-16.42468, 19.851696], [-16.424673, 19.850883], [-16.424387, 19.850885], [-16.424382, 19.850343], [-16.424095, 19.850345], [-16.424093, 19.850074], [-16.422661, 19.850085], [-16.422663, 19.850356], [-16.422377, 19.850359], [-16.422379, 19.85063], [-16.422093, 19.850632], [-16.422102, 19.851716], [-16.422389, 19.851714], [-16.422394, 19.852256], [-16.422107, 19.852258], [-16.42211, 19.852529], [-16.421537, 19.852534], [-16.421539, 19.852805], [-16.421253, 19.852807], [-16.421255, 19.853078], [-16.420969, 19.85308], [-16.420971, 19.853351], [-16.420685, 19.853354], [-16.420697, 19.854709], [-16.420983, 19.854707], [-16.420988, 19.855249], [-16.421275, 19.855246], [-16.421277, 19.855517], [-16.42185, 19.855513], [-16.421852, 19.855784], [-16.422139, 19.855781], [-16.422136, 19.85551], [-16.422996, 19.855504], [-16.422998, 19.855775], [-16.423857, 19.855768]]]}, "properties": {"layer": "meadow", "year": 2025, "sat": "S2A", "date": "2025-06-17", "area_ha": 23.49}}, {"type": "Feature", "geometry": {"type": "Polygon", "coordinates": [[[-16.376274, 19.852347], [-16.376272, 19.852076], [-16.376559, 19.852074], [-16.376556, 19.851803], [-16.377129, 19.851798], [-16.377127, 19.851527], [-16.377413, 19.851525], [-16.377411, 19.851254], [-16.377697, 19.851252], [-16.377695, 19.850981], [-16.377981, 19.850978], [-16.377977, 19.850436], [-16.377404, 19.850441], [-16.377406, 19.850712], [-16.37712, 19.850714], [-16.377122, 19.850985], [-16.376836, 19.850987], [-16.376838, 19.851258], [-16.376552, 19.851261], [-16.376554, 19.851532], [-16.376267, 19.851534], [-16.37627, 19.851805], [-16.375983, 19.851807], [-16.375986, 19.852078], [-16.375699, 19.85208], [-16.375702, 19.852351], [-16.376274, 19.852347]]]}, "properties": {"layer": "meadow", "year": 2025, "sat": "S2A", "date": "2025-06-17", "area_ha": 1.62}}, {"type": "Feature", "geometry": {"type": "Polygon", "coordinates": [[[-16.373128, 19.852913], [-16.373126, 19.852642], [-16.373412, 19.85264], [-16.37341, 19.852369], [-16.373696, 19.852367], [-16.373694, 19.852096], [-16.373981, 19.852094], [-16.373978, 19.851822], [-16.374265, 19.85182], [-16.374262, 19.851549], [-16.374549, 19.851547], [-16.374544, 19.851005], [-16.374831, 19.851003], [-16.374826, 19.850461], [-16.374253, 19.850465], [-16.374255, 19.850736], [-16.373969, 19.850738], [-16.373974, 19.85128], [-16.373687, 19.851283], [-16.37369, 19.851554], [-16.373403, 19.851556], [-16.373408, 19.852098], [-16.373121, 19.8521], [-16.373124, 19.852371], [-16.372837, 19.852373], [-16.372839, 19.852644], [-16.372553, 19.852647], [-16.372555, 19.852918], [-16.373128, 19.852913]]]}, "properties": {"layer": "meadow", "year": 2025, "sat": "S2A", "date": "2025-06-17", "area_ha": 1.89}}, {"type": "Feature", "geometry": {"type": "Polygon", "coordinates": [[[-16.465058, 19.850284], [-16.46505, 19.849471], [-16.465337, 19.849469], [-16.465334, 19.849198], [-16.465048, 19.8492], [-16.465045, 19.848929], [-16.464759, 19.848931], [-16.464761, 19.849202], [-16.464475, 19.849205], [-16.464485, 19.850289], [-16.465058, 19.850284]]]}, "properties": {"layer": "meadow", "year": 2025, "sat": "S2A", "date": "2025-06-17", "area_ha": 0.9}}, {"type": "Feature", "geometry": {"type": "Polygon", "coordinates": [[[-16.47364, 19.849129], [-16.473635, 19.848587], [-16.474208, 19.848583], [-16.474206, 19.848312], [-16.473919, 19.848314], [-16.473917, 19.848043], [-16.47363, 19.848045], [-16.473633, 19.848316], [-16.47306, 19.848321], [-16.473063, 19.848592], [-16.473349, 19.84859], [-16.473354, 19.849132], [-16.47364, 19.849129]]]}, "properties": {"layer": "meadow", "year": 2025, "sat": "S2A", "date": "2025-06-17", "area_ha": 0.63}}, {"type": "Feature", "geometry": {"type": "Polygon", "coordinates": [[[-16.269133, 19.852058], [-16.269131, 19.851787], [-16.269418, 19.851784], [-16.269416, 19.851513], [-16.270561, 19.851505], [-16.270559, 19.851234], [-16.270273, 19.851236], [-16.270269, 19.850694], [-16.269982, 19.850696], [-16.269976, 19.849883], [-16.269689, 19.849885], [-16.269687, 19.849614], [-16.269401, 19.849616], [-16.269398, 19.849345], [-16.268825, 19.849349], [-16.268828, 19.84962], [-16.268541, 19.849622], [-16.268545, 19.850164], [-16.268832, 19.850162], [-16.268836, 19.850704], [-16.26855, 19.850706], [-16.268552, 19.850977], [-16.268838, 19.850975], [-16.268841, 19.851246], [-16.268554, 19.851249], [-16.268558, 19.851791], [-16.268845, 19.851789], [-16.268847, 19.85206], [-16.269133, 19.852058]]]}, "properties": {"layer": "meadow", "year": 2025, "sat": "S2A", "date": "2025-06-17", "area_ha": 3.69}}, {"type": "Feature", "geometry": {"type": "Polygon", "coordinates": [[[-16.268528, 19.847996], [-16.268526, 19.847725], [-16.268813, 19.847723], [-16.268804, 19.846639], [-16.268517, 19.846641], [-16.268515, 19.84637], [-16.267083, 19.84638], [-16.267085, 19.846651], [-16.267372, 19.846649], [-16.267378, 19.847462], [-16.267665, 19.84746], [-16.267662, 19.847189], [-16.267949, 19.847187], [-16.267951, 19.847458], [-16.268237, 19.847456], [-16.268242, 19.847998], [-16.268528, 19.847996]]]}, "properties": {"layer": "meadow", "year": 2025, "sat": "S2A", "date": "2025-06-17", "area_ha": 1.98}}, {"type": "Feature", "geometry": {"type": "Polygon", "coordinates": [[[-16.510824, 19.843397], [-16.510821, 19.843126], [-16.511108, 19.843124], [-16.511105, 19.842853], [-16.510246, 19.84286], [-16.510249, 19.843131], [-16.509389, 19.843139], [-16.509392, 19.84341], [-16.510824, 19.843397]]]}, "properties": {"layer": "meadow", "year": 2025, "sat": "S2A", "date": "2025-06-17", "area_ha": 0.72}}, {"type": "Feature", "geometry": {"type": "Polygon", "coordinates": [[[-16.325199, 19.842163], [-16.325192, 19.84135], [-16.324906, 19.841352], [-16.324904, 19.841081], [-16.324617, 19.841083], [-16.324615, 19.840812], [-16.324329, 19.840814], [-16.324326, 19.840543], [-16.32404, 19.840545], [-16.324038, 19.840274], [-16.323751, 19.840276], [-16.323758, 19.841089], [-16.324045, 19.841087], [-16.324054, 19.842171], [-16.32434, 19.842169], [-16.324338, 19.841898], [-16.324624, 19.841896], [-16.324626, 19.842167], [-16.325199, 19.842163]]]}, "properties": {"layer": "meadow", "year": 2025, "sat": "S2A", "date": "2025-06-17", "area_ha": 1.8}}, {"type": "Feature", "geometry": {"type": "Polygon", "coordinates": [[[-16.266472, 19.841505], [-16.266469, 19.841234], [-16.266183, 19.841236], [-16.266181, 19.840965], [-16.265894, 19.840967], [-16.265892, 19.840696], [-16.265319, 19.8407], [-16.265321, 19.840971], [-16.265608, 19.840969], [-16.26561, 19.84124], [-16.265896, 19.841238], [-16.265899, 19.841509], [-16.266472, 19.841505]]]}, "properties": {"layer": "meadow", "year": 2025, "sat": "S2A", "date": "2025-06-17", "area_ha": 0.54}}, {"type": "Feature", "geometry": {"type": "Polygon", "coordinates": [[[-16.456652, 19.839512], [-16.45665, 19.839241], [-16.456936, 19.839238], [-16.456931, 19.838696], [-16.456645, 19.838699], [-16.456647, 19.83897], [-16.456361, 19.838972], [-16.456358, 19.838701], [-16.456072, 19.838703], [-16.456079, 19.839516], [-16.456652, 19.839512]]]}, "properties": {"layer": "meadow", "year": 2025, "sat": "S2A", "date": "2025-06-17", "area_ha": 0.63}}, {"type": "Feature", "geometry": {"type": "Polygon", "coordinates": [[[-16.506203, 19.839371], [-16.506201, 19.8391], [-16.50706, 19.839093], [-16.507057, 19.838822], [-16.506484, 19.838827], [-16.506482, 19.838556], [-16.506195, 19.838558], [-16.506193, 19.838287], [-16.506479, 19.838285], [-16.506474, 19.837743], [-16.506188, 19.837745], [-16.50619, 19.838016], [-16.505904, 19.838018], [-16.505909, 19.83856], [-16.505623, 19.838563], [-16.505625, 19.838834], [-16.505339, 19.838836], [-16.505341, 19.839107], [-16.505055, 19.83911], [-16.505058, 19.839381], [-16.506203, 19.839371]]]}, "properties": {"layer": "meadow", "year": 2025, "sat": "S2A", "date": "2025-06-17", "area_ha": 1.53}}, {"type": "Feature", "geometry": {"type": "Polygon", "coordinates": [[[-16.265319, 19.8407], [-16.265317, 19.840429], [-16.265604, 19.840427], [-16.265601, 19.840156], [-16.265315, 19.840158], [-16.265313, 19.839887], [-16.265026, 19.839889], [-16.265024, 19.839618], [-16.264738, 19.83962], [-16.264736, 19.839349], [-16.264163, 19.839353], [-16.264165, 19.839624], [-16.264451, 19.839622], [-16.264454, 19.839893], [-16.26474, 19.839891], [-16.264744, 19.840433], [-16.265031, 19.840431], [-16.265033, 19.840702], [-16.265319, 19.8407]]]}, "properties": {"layer": "meadow", "year": 2025, "sat": "S2A", "date": "2025-06-17", "area_ha": 0.9}}, {"type": "Feature", "geometry": {"type": "Polygon", "coordinates": [[[-16.455781, 19.838163], [-16.455776, 19.837621], [-16.456062, 19.837619], [-16.456057, 19.837077], [-16.455771, 19.837079], [-16.455773, 19.83735], [-16.455487, 19.837353], [-16.455484, 19.837082], [-16.454912, 19.837086], [-16.454914, 19.837357], [-16.4552, 19.837355], [-16.455203, 19.837626], [-16.454916, 19.837628], [-16.454921, 19.83817], [-16.455208, 19.838168], [-16.455205, 19.837897], [-16.455492, 19.837895], [-16.455494, 19.838166], [-16.455781, 19.838163]]]}, "properties": {"layer": "meadow", "year": 2025, "sat": "S2A", "date": "2025-06-17", "area_ha": 0.99}}, {"type": "Feature", "geometry": {"type": "Polygon", "coordinates": [[[-16.327202, 19.841877], [-16.327198, 19.841335], [-16.32777, 19.841331], [-16.327773, 19.841602], [-16.328059, 19.8416], [-16.328055, 19.841057], [-16.328341, 19.841055], [-16.328336, 19.840513], [-16.32805, 19.840515], [-16.328046, 19.839973], [-16.327759, 19.839975], [-16.32775, 19.838891], [-16.327464, 19.838893], [-16.327457, 19.83808], [-16.32717, 19.838083], [-16.327168, 19.837811], [-16.326309, 19.837818], [-16.326311, 19.838089], [-16.326598, 19.838087], [-16.326609, 19.839442], [-16.326322, 19.839444], [-16.326325, 19.839715], [-16.326611, 19.839713], [-16.326616, 19.840255], [-16.326902, 19.840253], [-16.326916, 19.841879], [-16.327202, 19.841877]]]}, "properties": {"layer": "meadow", "year": 2025, "sat": "S2A", "date": "2025-06-17", "area_ha": 4.95}}, {"type": "Feature", "geometry": {"type": "Polygon", "coordinates": [[[-16.506817, 19.843702], [-16.506814, 19.843431], [-16.508246, 19.843419], [-16.508241, 19.842877], [-16.508814, 19.842872], [-16.508809, 19.84233], [-16.508236, 19.842335], [-16.508234, 19.842064], [-16.507947, 19.842067], [-16.507942, 19.841525], [-16.508515, 19.84152], [-16.508517, 19.841791], [-16.508804, 19.841788], [-16.508806, 19.842059], [-16.509093, 19.842057], [-16.50909, 19.841786], [-16.509377, 19.841784], [-16.509374, 19.841513], [-16.509947, 19.841508], [-16.509944, 19.841237], [-16.510804, 19.841229], [-16.510798, 19.840687], [-16.511085, 19.840685], [-16.511077, 19.839872], [-16.511364, 19.839869], [-16.511361, 19.839598], [-16.511647, 19.839596], [-16.511645, 19.839325], [-16.511931, 19.839323], [-16.511929, 19.839052], [-16.512215, 19.839049], [-16.512212, 19.838778], [-16.513072, 19.838771], [-16.513069, 19.8385], [-16.513355, 19.838497], [-16.513353, 19.838226], [-16.513639, 19.838224], [-16.513644, 19.838766], [-16.513931, 19.838764], [-16.513923, 19.837951], [-16.51421, 19.837948], [-16.514207, 19.837677], [-16.514493, 19.837675], [-16.514488, 19.837133], [-16.513915, 19.837138], [-16.513918, 19.837409], [-16.513345, 19.837413], [-16.51334, 19.836871], [-16.513054, 19.836874], [-16.513049, 19.836332], [-16.51133, 19.836346], [-16.511333, 19.836617], [-16.511046, 19.83662], [-16.511049, 19.836891], [-16.511335, 19.836888], [-16.511338, 19.837159], [-16.510765, 19.837164], [-16.510768, 19.837435], [-16.509908, 19.837442], [-16.509914, 19.837985], [-16.509627, 19.837987], [-16.50963, 19.838258], [-16.509343, 19.83826], [-16.509346, 19.838531], [-16.509632, 19.838529], [-16.50964, 19.839342], [-16.510213, 19.839337], [-16.510215, 19.839608], [-16.510502, 19.839606], [-16.510504, 19.839877], [-16.510218, 19.839879], [-16.510228, 19.840963], [-16.509655, 19.840968], [-16.509658, 19.841239], [-16.509371, 19.841241], [-16.509369, 19.84097], [-16.50851, 19.840978], [-16.508507, 19.840707], [-16.508221, 19.840709], [-16.508216, 19.840167], [-16.507643, 19.840172], [-16.507635, 19.839359], [-16.507062, 19.839364], [-16.507065, 19.839635], [-16.505919, 19.839644], [-16.505927, 19.840458], [-16.505354, 19.840462], [-16.505357, 19.840733], [-16.504784, 19.840738], [-16.504786, 19.841009], [-16.504214, 19.841014], [-16.504216, 19.841285], [-16.503357, 19.841292], [-16.503354, 19.841021], [-16.502782, 19.841026], [-16.502787, 19.841568], [-16.503359, 19.841563], [-16.503362, 19.841834], [-16.503648, 19.841832], [-16.503651, 19.842103], [-16.503937, 19.842101], [-16.50394, 19.842372], [-16.505372, 19.842359], [-16.505375, 19.84263], [-16.505661, 19.842628], [-16.505666, 19.84317], [-16.506525, 19.843163], [-16.50653, 19.843705], [-16.506817, 19.843702]], [[-16.507656, 19.841527], [-16.507083, 19.841532], [-16.50708, 19.841261], [-16.507653, 19.841256], [-16.507656, 19.841527]], [[-16.507939, 19.841254], [-16.507653, 19.841256], [-16.50765, 19.840985], [-16.507364, 19.840987], [-16.507359, 19.840445], [-16.507932, 19.840441], [-16.507939, 19.841254]], [[-16.507078, 19.84099], [-16.506791, 19.840992], [-16.506789, 19.840721], [-16.507075, 19.840719], [-16.507078, 19.84099]], [[-16.511077, 19.839872], [-16.510791, 19.839874], [-16.510788, 19.839603], [-16.511075, 19.839601], [-16.511077, 19.839872]], [[-16.510203, 19.838253], [-16.509916, 19.838256], [-16.509914, 19.837985], [-16.5102, 19.837982], [-16.510203, 19.838253]]]}, "properties": {"layer": "meadow", "year": 2025, "sat": "S2A", "date": "2025-06-17", "area_ha": 28.26}}, {"type": "Feature", "geometry": {"type": "Polygon", "coordinates": [[[-16.458919, 19.836783], [-16.458914, 19.836241], [-16.458627, 19.836243], [-16.458625, 19.835972], [-16.459484, 19.835965], [-16.459482, 19.835694], [-16.458622, 19.835701], [-16.45862, 19.83543], [-16.458334, 19.835432], [-16.458346, 19.836787], [-16.458919, 19.836783]]]}, "properties": {"layer": "meadow", "year": 2025, "sat": "S2A", "date": "2025-06-17", "area_ha": 0.9}}, {"type": "Feature", "geometry": {"type": "Polygon", "coordinates": [[[-16.456052, 19.836535], [-16.456047, 19.835993], [-16.45662, 19.835988], [-16.456618, 19.835717], [-16.456045, 19.835722], [-16.456042, 19.835451], [-16.455756, 19.835453], [-16.455766, 19.836537], [-16.456052, 19.836535]]]}, "properties": {"layer": "meadow", "year": 2025, "sat": "S2A", "date": "2025-06-17", "area_ha": 0.54}}, {"type": "Feature", "geometry": {"type": "Polygon", "coordinates": [[[-16.324013, 19.837293], [-16.324011, 19.837022], [-16.32487, 19.837015], [-16.324868, 19.836744], [-16.325441, 19.83674], [-16.325438, 19.836469], [-16.324866, 19.836473], [-16.324863, 19.836202], [-16.324291, 19.836207], [-16.324288, 19.835936], [-16.323429, 19.835942], [-16.323427, 19.835671], [-16.32314, 19.835673], [-16.323138, 19.835402], [-16.322565, 19.835406], [-16.322568, 19.835677], [-16.322854, 19.835675], [-16.322865, 19.83703], [-16.323152, 19.837028], [-16.323154, 19.837299], [-16.324013, 19.837293]]]}, "properties": {"layer": "meadow", "year": 2025, "sat": "S2A", "date": "2025-06-17", "area_ha": 3.15}}, {"type": "Feature", "geometry": {"type": "Polygon", "coordinates": [[[-16.254736, 19.842673], [-16.254734, 19.842402], [-16.25502, 19.842399], [-16.255018, 19.842128], [-16.255305, 19.842126], [-16.2553, 19.841584], [-16.255587, 19.841582], [-16.255585, 19.841311], [-16.255871, 19.841309], [-16.255867, 19.840767], [-16.256153, 19.840765], [-16.256151, 19.840494], [-16.256438, 19.840492], [-16.256433, 19.83995], [-16.25672, 19.839948], [-16.256716, 19.839406], [-16.256429, 19.839408], [-16.256427, 19.839137], [-16.256141, 19.839139], [-16.256136, 19.838597], [-16.256423, 19.838595], [-16.256421, 19.838324], [-16.256707, 19.838322], [-16.256711, 19.838864], [-16.257284, 19.83886], [-16.25728, 19.838318], [-16.257566, 19.838316], [-16.257562, 19.837774], [-16.257276, 19.837776], [-16.257274, 19.837505], [-16.256414, 19.837511], [-16.256412, 19.83724], [-16.256699, 19.837238], [-16.256696, 19.836967], [-16.256983, 19.836965], [-16.256979, 19.836422], [-16.256119, 19.836429], [-16.256117, 19.836157], [-16.256404, 19.836155], [-16.256399, 19.835613], [-16.256113, 19.835615], [-16.256111, 19.835344], [-16.255824, 19.835346], [-16.255826, 19.835617], [-16.25554, 19.835619], [-16.255544, 19.836162], [-16.255831, 19.83616], [-16.255833, 19.836431], [-16.255546, 19.836433], [-16.255549, 19.836704], [-16.255262, 19.836706], [-16.255266, 19.837248], [-16.25498, 19.83725], [-16.254982, 19.837521], [-16.254696, 19.837523], [-16.254702, 19.838336], [-16.254988, 19.838334], [-16.254999, 19.839689], [-16.255572, 19.839685], [-16.255574, 19.839956], [-16.255861, 19.839954], [-16.255863, 19.840225], [-16.255003, 19.840231], [-16.255006, 19.840502], [-16.254433, 19.840506], [-16.254435, 19.840777], [-16.254148, 19.840779], [-16.25415, 19.84105], [-16.254437, 19.841048], [-16.254439, 19.841319], [-16.254153, 19.841321], [-16.254161, 19.842406], [-16.254448, 19.842404], [-16.25445, 19.842675], [-16.254736, 19.842673]], [[-16.255559, 19.838059], [-16.255273, 19.838061], [-16.255271, 19.83779], [-16.255557, 19.837788], [-16.255559, 19.838059]], [[-16.255844, 19.837786], [-16.255557, 19.837788], [-16.255555, 19.837517], [-16.255841, 19.837515], [-16.255844, 19.837786]]]}, "properties": {"layer": "meadow", "year": 2025, "sat": "S2A", "date": "2025-06-17", "area_ha": 11.61}}, {"type": "Feature", "geometry": {"type": "Polygon", "coordinates": [[[-16.25784, 19.836687], [-16.257834, 19.835874], [-16.25812, 19.835872], [-16.258118, 19.835601], [-16.257831, 19.835603], [-16.257821, 19.834248], [-16.257534, 19.83425], [-16.257532, 19.833979], [-16.257246, 19.833981], [-16.257248, 19.834252], [-16.256675, 19.834256], [-16.256671, 19.833714], [-16.256384, 19.833716], [-16.256387, 19.833987], [-16.2561, 19.833989], [-16.256102, 19.83426], [-16.255816, 19.834262], [-16.255818, 19.834533], [-16.256104, 19.834531], [-16.256106, 19.834802], [-16.256393, 19.8348], [-16.256397, 19.835342], [-16.256684, 19.83534], [-16.256686, 19.835611], [-16.256972, 19.835609], [-16.256974, 19.83588], [-16.257261, 19.835878], [-16.257265, 19.83642], [-16.257551, 19.836418], [-16.257554, 19.836689], [-16.25784, 19.836687]]]}, "properties": {"layer": "meadow", "year": 2025, "sat": "S2A", "date": "2025-06-17", "area_ha": 3.6}}, {"type": "Feature", "geometry": {"type": "Polygon", "coordinates": [[[-16.258691, 19.835597], [-16.258689, 19.835326], [-16.259261, 19.835322], [-16.259259, 19.835051], [-16.259546, 19.835049], [-16.259544, 19.834778], [-16.259257, 19.83478], [-16.259255, 19.834509], [-16.259828, 19.834505], [-16.259824, 19.833963], [-16.259251, 19.833967], [-16.259249, 19.833696], [-16.258676, 19.8337], [-16.258678, 19.833971], [-16.258105, 19.833975], [-16.258107, 19.834246], [-16.258394, 19.834244], [-16.258396, 19.834515], [-16.258109, 19.834517], [-16.258114, 19.835059], [-16.2584, 19.835057], [-16.258404, 19.835599], [-16.258691, 19.835597]], [[-16.258971, 19.834782], [-16.258684, 19.834784], [-16.258682, 19.834513], [-16.258969, 19.834511], [-16.258971, 19.834782]]]}, "properties": {"layer": "meadow", "year": 2025, "sat": "S2A", "date": "2025-06-17", "area_ha": 2.25}}, {"type": "Feature", "geometry": {"type": "Polygon", "coordinates": [[[-16.458334, 19.835432], [-16.458331, 19.835161], [-16.458617, 19.835159], [-16.458615, 19.834888], [-16.458329, 19.83489], [-16.458326, 19.834619], [-16.459185, 19.834612], [-16.45919, 19.835154], [-16.459477, 19.835152], [-16.459469, 19.834339], [-16.459756, 19.834336], [-16.459748, 19.833523], [-16.460035, 19.833521], [-16.460037, 19.833792], [-16.460324, 19.83379], [-16.460326, 19.834061], [-16.460612, 19.834058], [-16.460615, 19.834329], [-16.460328, 19.834332], [-16.460333, 19.834874], [-16.46062, 19.834871], [-16.460617, 19.8346], [-16.46119, 19.834596], [-16.461185, 19.834054], [-16.461758, 19.834049], [-16.461756, 19.833778], [-16.461183, 19.833783], [-16.461178, 19.833241], [-16.460891, 19.833243], [-16.460889, 19.832972], [-16.461175, 19.83297], [-16.461173, 19.832699], [-16.460886, 19.832701], [-16.460884, 19.83243], [-16.460598, 19.832432], [-16.460593, 19.83189], [-16.460306, 19.831893], [-16.460311, 19.832435], [-16.460025, 19.832437], [-16.460027, 19.832708], [-16.459741, 19.83271], [-16.459743, 19.832981], [-16.459457, 19.832984], [-16.459459, 19.833255], [-16.459173, 19.833257], [-16.459178, 19.833799], [-16.458892, 19.833801], [-16.458894, 19.834072], [-16.458608, 19.834075], [-16.458605, 19.833804], [-16.458319, 19.833806], [-16.458324, 19.834348], [-16.458037, 19.834351], [-16.458047, 19.835435], [-16.458334, 19.835432]], [[-16.459469, 19.834339], [-16.459183, 19.834341], [-16.45918, 19.83407], [-16.459467, 19.834068], [-16.459469, 19.834339]], [[-16.460899, 19.834056], [-16.460612, 19.834058], [-16.46061, 19.833787], [-16.460896, 19.833785], [-16.460899, 19.834056]]]}, "properties": {"layer": "meadow", "year": 2025, "sat": "S2A", "date": "2025-06-17", "area_ha": 5.13}}, {"type": "Feature", "geometry": {"type": "Polygon", "coordinates": [[[-16.466903, 19.832923], [-16.466901, 19.832652], [-16.467474, 19.832647], [-16.467471, 19.832376], [-16.467757, 19.832374], [-16.467752, 19.831832], [-16.468039, 19.831829], [-16.468031, 19.831016], [-16.467745, 19.831018], [-16.467747, 19.83129], [-16.467461, 19.831292], [-16.467466, 19.831834], [-16.466893, 19.831839], [-16.466896, 19.83211], [-16.466323, 19.832114], [-16.466325, 19.832385], [-16.466612, 19.832383], [-16.466617, 19.832925], [-16.466903, 19.832923]]]}, "properties": {"layer": "meadow", "year": 2025, "sat": "S2A", "date": "2025-06-17", "area_ha": 1.53}}, {"type": "Feature", "geometry": {"type": "Polygon", "coordinates": [[[-16.465735, 19.830493], [-16.465733, 19.830222], [-16.466878, 19.830213], [-16.466876, 19.829941], [-16.467162, 19.829939], [-16.467152, 19.828855], [-16.467439, 19.828853], [-16.467434, 19.828311], [-16.46772, 19.828308], [-16.467713, 19.827495], [-16.467999, 19.827493], [-16.468002, 19.827764], [-16.468288, 19.827762], [-16.468283, 19.82722], [-16.467997, 19.827222], [-16.467992, 19.82668], [-16.468278, 19.826678], [-16.468273, 19.826135], [-16.468559, 19.826133], [-16.468557, 19.825862], [-16.46827, 19.825864], [-16.468268, 19.825593], [-16.467982, 19.825596], [-16.467984, 19.825867], [-16.467698, 19.825869], [-16.467705, 19.826682], [-16.467419, 19.826685], [-16.467421, 19.826956], [-16.467135, 19.826958], [-16.46714, 19.8275], [-16.466853, 19.827502], [-16.466861, 19.828315], [-16.466575, 19.828318], [-16.46658, 19.82886], [-16.466293, 19.828862], [-16.466296, 19.829133], [-16.466009, 19.829135], [-16.466012, 19.829407], [-16.465725, 19.829409], [-16.465728, 19.82968], [-16.465441, 19.829682], [-16.465446, 19.830224], [-16.46516, 19.830227], [-16.465162, 19.830498], [-16.465735, 19.830493]], [[-16.466587, 19.829673], [-16.466301, 19.829675], [-16.466298, 19.829404], [-16.466584, 19.829402], [-16.466587, 19.829673]]]}, "properties": {"layer": "meadow", "year": 2025, "sat": "S2A", "date": "2025-06-17", "area_ha": 5.13}}, {"type": "Feature", "geometry": {"type": "Polygon", "coordinates": [[[-16.288973, 19.825623], [-16.288971, 19.825352], [-16.289257, 19.82535], [-16.289255, 19.825079], [-16.289542, 19.825077], [-16.289539, 19.824806], [-16.290112, 19.824802], [-16.290106, 19.823989], [-16.289819, 19.823991], [-16.289817, 19.82372], [-16.289531, 19.823722], [-16.289526, 19.82318], [-16.28924, 19.823182], [-16.289246, 19.823995], [-16.28896, 19.823997], [-16.288967, 19.82481], [-16.28868, 19.824812], [-16.288678, 19.824541], [-16.288392, 19.824543], [-16.288389, 19.824272], [-16.288103, 19.824274], [-16.288101, 19.824003], [-16.287814, 19.824005], [-16.287817, 19.824276], [-16.28753, 19.824278], [-16.287532, 19.824549], [-16.287819, 19.824547], [-16.287821, 19.824818], [-16.288107, 19.824816], [-16.288112, 19.825358], [-16.288398, 19.825356], [-16.2884, 19.825627], [-16.288973, 19.825623]]]}, "properties": {"layer": "meadow", "year": 2025, "sat": "S2A", "date": "2025-06-17", "area_ha": 3.06}}, {"type": "Feature", "geometry": {"type": "Polygon", "coordinates": [[[-16.479397, 19.821165], [-16.479392, 19.820623], [-16.479965, 19.820618], [-16.479959, 19.820076], [-16.479673, 19.820079], [-16.479676, 19.82035], [-16.479103, 19.820354], [-16.47911, 19.821167], [-16.479397, 19.821165]]]}, "properties": {"layer": "meadow", "year": 2025, "sat": "S2A", "date": "2025-06-17", "area_ha": 0.54}}, {"type": "Feature", "geometry": {"type": "Polygon", "coordinates": [[[-16.471072, 19.819065], [-16.471067, 19.818523], [-16.47164, 19.818519], [-16.471635, 19.817977], [-16.470776, 19.817984], [-16.470771, 19.817442], [-16.470484, 19.817444], [-16.470487, 19.817715], [-16.4702, 19.817717], [-16.470203, 19.817988], [-16.470489, 19.817986], [-16.470492, 19.818257], [-16.470205, 19.818259], [-16.470208, 19.818531], [-16.470494, 19.818528], [-16.470497, 19.818799], [-16.470783, 19.818797], [-16.470786, 19.819068], [-16.471072, 19.819065]]]}, "properties": {"layer": "meadow", "year": 2025, "sat": "S2A", "date": "2025-06-17", "area_ha": 1.35}}, {"type": "Feature", "geometry": {"type": "Polygon", "coordinates": [[[-16.442136, 19.817946], [-16.442134, 19.817675], [-16.441561, 19.81768], [-16.441558, 19.817409], [-16.441272, 19.817411], [-16.44127, 19.81714], [-16.440983, 19.817143], [-16.440986, 19.817414], [-16.440413, 19.817418], [-16.440415, 19.817689], [-16.440702, 19.817687], [-16.440704, 19.817958], [-16.44099, 19.817956], [-16.440988, 19.817685], [-16.441274, 19.817682], [-16.441277, 19.817953], [-16.442136, 19.817946]]]}, "properties": {"layer": "meadow", "year": 2025, "sat": "S2A", "date": "2025-06-17", "area_ha": 0.81}}, {"type": "Feature", "geometry": {"type": "Polygon", "coordinates": [[[-16.319276, 19.818625], [-16.319271, 19.818083], [-16.319558, 19.818081], [-16.319553, 19.817539], [-16.31984, 19.817537], [-16.319838, 19.817266], [-16.319551, 19.817268], [-16.319549, 19.816997], [-16.318976, 19.817001], [-16.318974, 19.81673], [-16.318401, 19.816735], [-16.318403, 19.817006], [-16.318117, 19.817008], [-16.318119, 19.817279], [-16.317833, 19.817281], [-16.31784, 19.818094], [-16.318412, 19.81809], [-16.318415, 19.818361], [-16.318987, 19.818357], [-16.31899, 19.818628], [-16.319276, 19.818625]], [[-16.318408, 19.817548], [-16.318121, 19.81755], [-16.318119, 19.817279], [-16.318406, 19.817277], [-16.318408, 19.817548]]]}, "properties": {"layer": "meadow", "year": 2025, "sat": "S2A", "date": "2025-06-17", "area_ha": 2.61}}, {"type": "Feature", "geometry": {"type": "Polygon", "coordinates": [[[-16.474197, 19.816329], [-16.47419, 19.815516], [-16.474476, 19.815514], [-16.474471, 19.814972], [-16.474185, 19.814974], [-16.474187, 19.815245], [-16.473328, 19.815252], [-16.473333, 19.815794], [-16.473047, 19.815797], [-16.473049, 19.816068], [-16.473335, 19.816065], [-16.473338, 19.816336], [-16.473624, 19.816334], [-16.473622, 19.816063], [-16.473908, 19.816061], [-16.473911, 19.816332], [-16.474197, 19.816329]]]}, "properties": {"layer": "meadow", "year": 2025, "sat": "S2A", "date": "2025-06-17", "area_ha": 1.26}}, {"type": "Feature", "geometry": {"type": "Polygon", "coordinates": [[[-16.315251, 19.816758], [-16.315246, 19.816216], [-16.314674, 19.81622], [-16.314676, 19.816491], [-16.314103, 19.816495], [-16.314105, 19.816766], [-16.315251, 19.816758]]]}, "properties": {"layer": "meadow", "year": 2025, "sat": "S2A", "date": "2025-06-17", "area_ha": 0.54}}, {"type": "Feature", "geometry": {"type": "Polygon", "coordinates": [[[-16.3321, 19.810941], [-16.332098, 19.81067], [-16.332384, 19.810668], [-16.332382, 19.810397], [-16.331809, 19.810401], [-16.331807, 19.81013], [-16.331234, 19.810134], [-16.331237, 19.810405], [-16.330664, 19.810409], [-16.330666, 19.810681], [-16.331239, 19.810676], [-16.331241, 19.810947], [-16.3321, 19.810941]]]}, "properties": {"layer": "meadow", "year": 2025, "sat": "S2A", "date": "2025-06-17", "area_ha": 0.99}}, {"type": "Feature", "geometry": {"type": "Polygon", "coordinates": [[[-16.255746, 19.825318], [-16.255741, 19.824776], [-16.256028, 19.824774], [-16.256026, 19.824503], [-16.256312, 19.824501], [-16.25631, 19.82423], [-16.256883, 19.824226], [-16.256881, 19.823955], [-16.257167, 19.823953], [-16.257165, 19.823682], [-16.257451, 19.82368], [-16.257449, 19.823409], [-16.257735, 19.823407], [-16.257733, 19.823135], [-16.258306, 19.823131], [-16.258304, 19.82286], [-16.258018, 19.822862], [-16.258011, 19.822049], [-16.258298, 19.822047], [-16.258293, 19.821505], [-16.25858, 19.821503], [-16.258573, 19.82069], [-16.25886, 19.820688], [-16.258858, 19.820417], [-16.25943, 19.820413], [-16.259433, 19.820684], [-16.259719, 19.820682], [-16.259721, 19.820953], [-16.260007, 19.820951], [-16.26002, 19.822577], [-16.259447, 19.822581], [-16.259452, 19.823123], [-16.258879, 19.823127], [-16.258881, 19.823398], [-16.259167, 19.823396], [-16.25917, 19.823667], [-16.259456, 19.823665], [-16.259454, 19.823394], [-16.25974, 19.823392], [-16.259742, 19.823663], [-16.260029, 19.823661], [-16.260025, 19.823119], [-16.260311, 19.823117], [-16.260307, 19.822575], [-16.260593, 19.822573], [-16.260589, 19.822031], [-16.260875, 19.822029], [-16.260858, 19.819861], [-16.260572, 19.819863], [-16.260567, 19.819321], [-16.260854, 19.819319], [-16.260852, 19.819048], [-16.259993, 19.819054], [-16.25999, 19.818783], [-16.259418, 19.818787], [-16.259415, 19.818516], [-16.259702, 19.818514], [-16.2597, 19.818243], [-16.260559, 19.818237], [-16.260557, 19.817965], [-16.260843, 19.817963], [-16.260841, 19.817692], [-16.261127, 19.81769], [-16.261125, 19.817419], [-16.260839, 19.817421], [-16.260835, 19.816879], [-16.261121, 19.816877], [-16.261115, 19.816064], [-16.261401, 19.816062], [-16.261395, 19.815249], [-16.262254, 19.815243], [-16.262252, 19.814972], [-16.262538, 19.81497], [-16.262527, 19.813615], [-16.262241, 19.813617], [-16.262239, 19.813346], [-16.262525, 19.813344], [-16.262523, 19.813073], [-16.262809, 19.813071], [-16.262805, 19.812529], [-16.262519, 19.812531], [-16.262517, 19.812259], [-16.261657, 19.812266], [-16.261655, 19.811995], [-16.261369, 19.811997], [-16.261367, 19.811726], [-16.26108, 19.811728], [-16.261076, 19.811185], [-16.26079, 19.811187], [-16.260788, 19.810916], [-16.260501, 19.810918], [-16.260499, 19.810647], [-16.260213, 19.810649], [-16.260211, 19.810378], [-16.259638, 19.810382], [-16.259651, 19.812009], [-16.259937, 19.812007], [-16.259952, 19.813904], [-16.259666, 19.813906], [-16.259676, 19.815261], [-16.25939, 19.815263], [-16.259401, 19.816618], [-16.259114, 19.81662], [-16.259118, 19.817162], [-16.258832, 19.817164], [-16.258834, 19.817436], [-16.259121, 19.817434], [-16.259125, 19.817976], [-16.258838, 19.817978], [-16.258841, 19.818249], [-16.258554, 19.818251], [-16.258563, 19.819335], [-16.258276, 19.819337], [-16.258278, 19.819608], [-16.257992, 19.81961], [-16.257996, 19.820152], [-16.25771, 19.820154], [-16.257718, 19.821238], [-16.257432, 19.82124], [-16.257436, 19.821782], [-16.25715, 19.821784], [-16.257154, 19.822326], [-16.256868, 19.822328], [-16.25687, 19.822599], [-16.256583, 19.822601], [-16.256588, 19.823144], [-16.256015, 19.823148], [-16.256019, 19.82369], [-16.255733, 19.823692], [-16.255735, 19.823963], [-16.255448, 19.823965], [-16.255451, 19.824236], [-16.255164, 19.824238], [-16.255171, 19.825051], [-16.255457, 19.825049], [-16.255459, 19.82532], [-16.255746, 19.825318]], [[-16.259415, 19.818516], [-16.259129, 19.818518], [-16.259127, 19.818247], [-16.259413, 19.818245], [-16.259415, 19.818516]], [[-16.260822, 19.815253], [-16.260535, 19.815255], [-16.260531, 19.814713], [-16.259958, 19.814717], [-16.259956, 19.814446], [-16.260529, 19.814442], [-16.260523, 19.813629], [-16.260809, 19.813627], [-16.260807, 19.813356], [-16.261093, 19.813354], [-16.261091, 19.813083], [-16.261377, 19.813081], [-16.261375, 19.81281], [-16.261948, 19.812806], [-16.26195, 19.813077], [-16.261664, 19.813079], [-16.261675, 19.814434], [-16.261388, 19.814436], [-16.26139, 19.814707], [-16.261104, 19.814709], [-16.261106, 19.81498], [-16.26082, 19.814982], [-16.260822, 19.815253]]]}, "properties": {"layer": "meadow", "year": 2025, "sat": "S2A", "date": "2025-06-17", "area_ha": 30.96}}, {"type": "Feature", "geometry": {"type": "Polygon", "coordinates": [[[-16.451216, 19.808657], [-16.451214, 19.808386], [-16.4515, 19.808384], [-16.451495, 19.807842], [-16.451209, 19.807844], [-16.451206, 19.807573], [-16.45092, 19.807576], [-16.450915, 19.807034], [-16.450342, 19.807038], [-16.45034, 19.806767], [-16.450054, 19.80677], [-16.450049, 19.806228], [-16.449476, 19.806232], [-16.449474, 19.805961], [-16.448901, 19.805966], [-16.448906, 19.806508], [-16.448619, 19.80651], [-16.448622, 19.806781], [-16.448336, 19.806784], [-16.448338, 19.807055], [-16.448624, 19.807052], [-16.448629, 19.807594], [-16.448916, 19.807592], [-16.448918, 19.807863], [-16.449204, 19.807861], [-16.449209, 19.808403], [-16.449782, 19.808398], [-16.449785, 19.808669], [-16.451216, 19.808657]]]}, "properties": {"layer": "meadow", "year": 2025, "sat": "S2A", "date": "2025-06-17", "area_ha": 5.67}}, {"type": "Feature", "geometry": {"type": "Polygon", "coordinates": [[[-16.345526, 19.806774], [-16.345523, 19.806503], [-16.34581, 19.806501], [-16.345803, 19.805688], [-16.344944, 19.805695], [-16.344946, 19.805966], [-16.34466, 19.805968], [-16.344662, 19.806239], [-16.344376, 19.806241], [-16.344378, 19.806512], [-16.344664, 19.80651], [-16.344666, 19.806781], [-16.345526, 19.806774]]]}, "properties": {"layer": "meadow", "year": 2025, "sat": "S2A", "date": "2025-06-17", "area_ha": 1.35}}, {"type": "Feature", "geometry": {"type": "Polygon", "coordinates": [[[-16.260187, 19.807397], [-16.260183, 19.806855], [-16.260469, 19.806853], [-16.260461, 19.805769], [-16.260747, 19.805767], [-16.260745, 19.805496], [-16.260172, 19.8055], [-16.260168, 19.804958], [-16.259595, 19.804962], [-16.259606, 19.806317], [-16.259892, 19.806315], [-16.259894, 19.806586], [-16.259608, 19.806588], [-16.259612, 19.80713], [-16.259899, 19.807128], [-16.259901, 19.807399], [-16.260187, 19.807397]]]}, "properties": {"layer": "meadow", "year": 2025, "sat": "S2A", "date": "2025-06-17", "area_ha": 1.98}}, {"type": "Feature", "geometry": {"type": "Polygon", "coordinates": [[[-16.261888, 19.805216], [-16.26188, 19.804132], [-16.262166, 19.80413], [-16.262162, 19.803588], [-16.261875, 19.80359], [-16.261878, 19.803861], [-16.261591, 19.803863], [-16.261598, 19.804676], [-16.261025, 19.80468], [-16.261027, 19.804952], [-16.261313, 19.804949], [-16.261316, 19.805221], [-16.261888, 19.805216]]]}, "properties": {"layer": "meadow", "year": 2025, "sat": "S2A", "date": "2025-06-17", "area_ha": 0.9}}, {"type": "Feature", "geometry": {"type": "Polygon", "coordinates": [[[-16.310293, 19.805952], [-16.310291, 19.805681], [-16.310864, 19.805677], [-16.31086, 19.805135], [-16.310573, 19.805137], [-16.31056, 19.803511], [-16.310274, 19.803513], [-16.310267, 19.8027], [-16.30998, 19.802702], [-16.309978, 19.802431], [-16.309119, 19.802437], [-16.309121, 19.802708], [-16.309408, 19.802706], [-16.30941, 19.802977], [-16.309696, 19.802975], [-16.309705, 19.804059], [-16.309419, 19.804061], [-16.309421, 19.804332], [-16.309994, 19.804328], [-16.309996, 19.804599], [-16.30971, 19.804601], [-16.309712, 19.804872], [-16.309998, 19.80487], [-16.31, 19.805141], [-16.310287, 19.805139], [-16.310289, 19.80541], [-16.310003, 19.805412], [-16.310007, 19.805954], [-16.310293, 19.805952]]]}, "properties": {"layer": "meadow", "year": 2025, "sat": "S2A", "date": "2025-06-17", "area_ha": 2.97}}, {"type": "Feature", "geometry": {"type": "Polygon", "coordinates": [[[-16.264226, 19.811163], [-16.26422, 19.81035], [-16.264506, 19.810348], [-16.264504, 19.810077], [-16.264791, 19.810075], [-16.264776, 19.808178], [-16.265348, 19.808174], [-16.265346, 19.807903], [-16.26506, 19.807905], [-16.265058, 19.807634], [-16.265917, 19.807627], [-16.26591, 19.806814], [-16.266197, 19.806812], [-16.266195, 19.806541], [-16.266481, 19.806539], [-16.266477, 19.805997], [-16.266763, 19.805995], [-16.266761, 19.805724], [-16.266474, 19.805726], [-16.266468, 19.804913], [-16.266182, 19.804915], [-16.26618, 19.804644], [-16.265893, 19.804646], [-16.265895, 19.804917], [-16.265609, 19.804919], [-16.265607, 19.804648], [-16.265034, 19.804652], [-16.265032, 19.804381], [-16.264746, 19.804383], [-16.264741, 19.803841], [-16.265028, 19.803839], [-16.265025, 19.803568], [-16.265312, 19.803566], [-16.265305, 19.802753], [-16.265019, 19.802755], [-16.265017, 19.802484], [-16.264731, 19.802486], [-16.264733, 19.802757], [-16.263874, 19.802763], [-16.263878, 19.803305], [-16.263591, 19.803307], [-16.263589, 19.803036], [-16.263303, 19.803038], [-16.263305, 19.803309], [-16.263019, 19.803311], [-16.263021, 19.803582], [-16.262735, 19.803584], [-16.262739, 19.804126], [-16.262452, 19.804128], [-16.262459, 19.804941], [-16.262172, 19.804943], [-16.262175, 19.805214], [-16.261888, 19.805216], [-16.261907, 19.807656], [-16.261621, 19.807658], [-16.261615, 19.806845], [-16.261328, 19.806847], [-16.261333, 19.807389], [-16.261046, 19.807391], [-16.261048, 19.807662], [-16.260762, 19.807664], [-16.260766, 19.808206], [-16.26048, 19.808208], [-16.260478, 19.807937], [-16.260191, 19.807939], [-16.260193, 19.80821], [-16.259907, 19.808212], [-16.259909, 19.808483], [-16.260196, 19.808481], [-16.2602, 19.809023], [-16.260486, 19.809021], [-16.260497, 19.810376], [-16.26107, 19.810372], [-16.261074, 19.810914], [-16.261647, 19.81091], [-16.261645, 19.810639], [-16.261931, 19.810637], [-16.261935, 19.811179], [-16.264226, 19.811163]], [[-16.261352, 19.809828], [-16.260779, 19.809832], [-16.260775, 19.80929], [-16.261061, 19.809288], [-16.261057, 19.808746], [-16.26163, 19.808742], [-16.261634, 19.809284], [-16.261348, 19.809286], [-16.261352, 19.809828]], [[-16.263339, 19.807646], [-16.26248, 19.807652], [-16.262478, 19.807381], [-16.262764, 19.807379], [-16.262762, 19.807108], [-16.262476, 19.80711], [-16.262467, 19.806026], [-16.262754, 19.806024], [-16.262747, 19.80521], [-16.263034, 19.805208], [-16.263038, 19.80575], [-16.263324, 19.805748], [-16.263327, 19.806019], [-16.263613, 19.806017], [-16.263619, 19.806831], [-16.263047, 19.806835], [-16.263051, 19.807377], [-16.263337, 19.807375], [-16.263339, 19.807646]], [[-16.265908, 19.806543], [-16.265622, 19.806545], [-16.26562, 19.806274], [-16.265906, 19.806272], [-16.265908, 19.806543]], [[-16.265613, 19.805461], [-16.265327, 19.805463], [-16.265323, 19.804921], [-16.265609, 19.804919], [-16.265613, 19.805461]], [[-16.263316, 19.804664], [-16.263029, 19.804666], [-16.263025, 19.804124], [-16.263312, 19.804122], [-16.263316, 19.804664]]]}, "properties": {"layer": "meadow", "year": 2025, "sat": "S2A", "date": "2025-06-17", "area_ha": 33.3}}, {"type": "Feature", "geometry": {"type": "Polygon", "coordinates": [[[-16.467168, 19.799312], [-16.46716, 19.798499], [-16.466588, 19.798504], [-16.466585, 19.798232], [-16.466299, 19.798235], [-16.466304, 19.798777], [-16.466017, 19.798779], [-16.46602, 19.79905], [-16.466306, 19.799048], [-16.466309, 19.799319], [-16.467168, 19.799312]], [[-16.466879, 19.799043], [-16.466593, 19.799046], [-16.46659, 19.798775], [-16.466876, 19.798772], [-16.466879, 19.799043]]]}, "properties": {"layer": "meadow", "year": 2025, "sat": "S2A", "date": "2025-06-17", "area_ha": 0.9}}, {"type": "Feature", "geometry": {"type": "Polygon", "coordinates": [[[-16.315111, 19.799683], [-16.315106, 19.799141], [-16.315679, 19.799136], [-16.315674, 19.798594], [-16.315388, 19.798596], [-16.31539, 19.798867], [-16.314817, 19.798872], [-16.314822, 19.799414], [-16.314536, 19.799416], [-16.314538, 19.799687], [-16.315111, 19.799683]]]}, "properties": {"layer": "meadow", "year": 2025, "sat": "S2A", "date": "2025-06-17", "area_ha": 0.63}}, {"type": "Feature", "geometry": {"type": "Polygon", "coordinates": [[[-16.272424, 19.797552], [-16.272421, 19.797281], [-16.272135, 19.797283], [-16.272131, 19.796741], [-16.271844, 19.796743], [-16.271842, 19.796472], [-16.271556, 19.796474], [-16.27156, 19.797016], [-16.271274, 19.797018], [-16.271276, 19.797289], [-16.271562, 19.797287], [-16.271565, 19.797558], [-16.272424, 19.797552]]]}, "properties": {"layer": "meadow", "year": 2025, "sat": "S2A", "date": "2025-06-17", "area_ha": 0.81}}, {"type": "Feature", "geometry": {"type": "Polygon", "coordinates": [[[-16.450242, 19.795927], [-16.450239, 19.795656], [-16.450812, 19.795651], [-16.45081, 19.79538], [-16.451096, 19.795378], [-16.451093, 19.795107], [-16.450807, 19.795109], [-16.450805, 19.794838], [-16.450518, 19.79484], [-16.450523, 19.795382], [-16.449951, 19.795387], [-16.449953, 19.795658], [-16.449667, 19.79566], [-16.449669, 19.795931], [-16.450242, 19.795927]]]}, "properties": {"layer": "meadow", "year": 2025, "sat": "S2A", "date": "2025-06-17", "area_ha": 0.72}}, {"type": "Feature", "geometry": {"type": "Polygon", "coordinates": [[[-16.262405, 19.798165], [-16.262403, 19.797894], [-16.262976, 19.79789], [-16.262974, 19.797619], [-16.26326, 19.797617], [-16.263262, 19.797888], [-16.263549, 19.797886], [-16.263544, 19.797344], [-16.263831, 19.797342], [-16.263827, 19.7968], [-16.264399, 19.796796], [-16.264397, 19.796525], [-16.26497, 19.796521], [-16.264968, 19.79625], [-16.265254, 19.796248], [-16.265252, 19.795977], [-16.265538, 19.795975], [-16.265536, 19.795704], [-16.26525, 19.795706], [-16.265248, 19.795435], [-16.265534, 19.795433], [-16.265532, 19.795162], [-16.264386, 19.79517], [-16.264389, 19.795441], [-16.263816, 19.795445], [-16.263818, 19.795716], [-16.263532, 19.795718], [-16.263534, 19.795989], [-16.263247, 19.795991], [-16.26325, 19.796262], [-16.262677, 19.796266], [-16.262681, 19.796808], [-16.262395, 19.79681], [-16.262399, 19.797352], [-16.262113, 19.797354], [-16.262119, 19.798167], [-16.262405, 19.798165]]]}, "properties": {"layer": "meadow", "year": 2025, "sat": "S2A", "date": "2025-06-17", "area_ha": 5.13}}, {"type": "Feature", "geometry": {"type": "Polygon", "coordinates": [[[-16.312833, 19.801326], [-16.312831, 19.801055], [-16.313403, 19.80105], [-16.313392, 19.799695], [-16.313106, 19.799697], [-16.313104, 19.799426], [-16.31339, 19.799424], [-16.313377, 19.797798], [-16.31309, 19.7978], [-16.313088, 19.797529], [-16.313375, 19.797527], [-16.313372, 19.797256], [-16.312227, 19.797264], [-16.312218, 19.79618], [-16.312504, 19.796178], [-16.312502, 19.795907], [-16.312789, 19.795905], [-16.31278, 19.794821], [-16.312207, 19.794825], [-16.312205, 19.794554], [-16.311918, 19.794556], [-16.311923, 19.795098], [-16.312209, 19.795096], [-16.312211, 19.795367], [-16.311639, 19.795371], [-16.311643, 19.795913], [-16.311357, 19.795915], [-16.311352, 19.795373], [-16.311066, 19.795376], [-16.311064, 19.795104], [-16.310491, 19.795109], [-16.310489, 19.794838], [-16.309916, 19.794842], [-16.309914, 19.794571], [-16.309628, 19.794573], [-16.30963, 19.794844], [-16.309343, 19.794846], [-16.309341, 19.794575], [-16.309055, 19.794577], [-16.309053, 19.794306], [-16.308766, 19.794308], [-16.308775, 19.795392], [-16.309062, 19.79539], [-16.309068, 19.796203], [-16.309355, 19.796201], [-16.309366, 19.797556], [-16.309652, 19.797554], [-16.309654, 19.797825], [-16.310227, 19.797821], [-16.310234, 19.798634], [-16.31052, 19.798632], [-16.310522, 19.798903], [-16.310809, 19.798901], [-16.310813, 19.799443], [-16.311099, 19.799441], [-16.311102, 19.799712], [-16.311961, 19.799706], [-16.311956, 19.799164], [-16.312529, 19.79916], [-16.312527, 19.798888], [-16.312813, 19.798886], [-16.31282, 19.799699], [-16.312247, 19.799704], [-16.312249, 19.799975], [-16.312536, 19.799973], [-16.312538, 19.800244], [-16.312251, 19.800246], [-16.312256, 19.800788], [-16.312542, 19.800786], [-16.312547, 19.801328], [-16.312833, 19.801326]]]}, "properties": {"layer": "meadow", "year": 2025, "sat": "S2A", "date": "2025-06-17", "area_ha": 18.54}}, {"type": "Feature", "geometry": {"type": "Polygon", "coordinates": [[[-16.26812, 19.796499], [-16.268115, 19.795957], [-16.268402, 19.795954], [-16.2684, 19.795683], [-16.268113, 19.795685], [-16.268111, 19.795414], [-16.268397, 19.795412], [-16.268387, 19.794057], [-16.2681, 19.794059], [-16.268105, 19.794601], [-16.267532, 19.794605], [-16.267534, 19.794876], [-16.266961, 19.79488], [-16.266964, 19.795152], [-16.266391, 19.795156], [-16.266395, 19.795698], [-16.265822, 19.795702], [-16.265825, 19.795973], [-16.266111, 19.795971], [-16.266113, 19.796242], [-16.266399, 19.79624], [-16.266402, 19.796511], [-16.266688, 19.796509], [-16.266686, 19.796238], [-16.266972, 19.796236], [-16.26697, 19.795965], [-16.267256, 19.795963], [-16.267261, 19.796505], [-16.26812, 19.796499]], [[-16.267543, 19.795961], [-16.267256, 19.795963], [-16.267252, 19.795421], [-16.267538, 19.795418], [-16.267543, 19.795961]], [[-16.267825, 19.795416], [-16.267538, 19.795418], [-16.267536, 19.795147], [-16.267823, 19.795145], [-16.267825, 19.795416]]]}, "properties": {"layer": "meadow", "year": 2025, "sat": "S2A", "date": "2025-06-17", "area_ha": 3.51}}, {"type": "Feature", "geometry": {"type": "Polygon", "coordinates": [[[-16.311918, 19.794556], [-16.311916, 19.794285], [-16.31163, 19.794287], [-16.311625, 19.793745], [-16.311339, 19.793747], [-16.311335, 19.793205], [-16.311048, 19.793207], [-16.311044, 19.792665], [-16.311903, 19.792659], [-16.311901, 19.792388], [-16.312187, 19.792386], [-16.312178, 19.791302], [-16.313037, 19.791295], [-16.313033, 19.790753], [-16.313319, 19.790751], [-16.313317, 19.79048], [-16.312171, 19.790488], [-16.312174, 19.79076], [-16.311887, 19.790762], [-16.31189, 19.791033], [-16.311603, 19.791035], [-16.311605, 19.791306], [-16.311319, 19.791308], [-16.311321, 19.791579], [-16.311035, 19.791581], [-16.311037, 19.791852], [-16.310178, 19.791858], [-16.310174, 19.791316], [-16.31046, 19.791314], [-16.310453, 19.790501], [-16.310167, 19.790503], [-16.310165, 19.790232], [-16.310451, 19.79023], [-16.310449, 19.789959], [-16.310163, 19.789961], [-16.31016, 19.78969], [-16.309874, 19.789692], [-16.309881, 19.790505], [-16.309594, 19.790507], [-16.309599, 19.791049], [-16.309312, 19.791052], [-16.309315, 19.791323], [-16.309028, 19.791325], [-16.309031, 19.791596], [-16.308744, 19.791598], [-16.308742, 19.791327], [-16.308169, 19.791331], [-16.308172, 19.791602], [-16.308458, 19.7916], [-16.30846, 19.791871], [-16.308174, 19.791873], [-16.308176, 19.792144], [-16.308462, 19.792142], [-16.308467, 19.792684], [-16.308753, 19.792682], [-16.30876, 19.793495], [-16.310478, 19.793482], [-16.31048, 19.793754], [-16.310766, 19.793751], [-16.310769, 19.794022], [-16.311055, 19.79402], [-16.311059, 19.794562], [-16.311918, 19.794556]]]}, "properties": {"layer": "meadow", "year": 2025, "sat": "S2A", "date": "2025-06-17", "area_ha": 10.89}}, {"type": "Feature", "geometry": {"type": "Polygon", "coordinates": [[[-16.448416, 19.784016], [-16.448411, 19.783474], [-16.448697, 19.783471], [-16.448695, 19.7832], [-16.44755, 19.783209], [-16.447552, 19.783481], [-16.447838, 19.783478], [-16.447843, 19.78402], [-16.448416, 19.784016]]]}, "properties": {"layer": "meadow", "year": 2025, "sat": "S2A", "date": "2025-06-17", "area_ha": 0.72}}, {"type": "Feature", "geometry": {"type": "Polygon", "coordinates": [[[-16.448404, 19.78266], [-16.448396, 19.781847], [-16.44811, 19.78185], [-16.448108, 19.781579], [-16.447821, 19.781581], [-16.447824, 19.781852], [-16.447537, 19.781854], [-16.447545, 19.782667], [-16.448404, 19.78266]]]}, "properties": {"layer": "meadow", "year": 2025, "sat": "S2A", "date": "2025-06-17", "area_ha": 0.9}}, {"type": "Feature", "geometry": {"type": "Polygon", "coordinates": [[[-16.438137, 19.819063], [-16.438129, 19.81825], [-16.438416, 19.818247], [-16.438418, 19.818518], [-16.439277, 19.818512], [-16.439275, 19.81824], [-16.439561, 19.818238], [-16.439559, 19.817967], [-16.439845, 19.817965], [-16.43984, 19.817423], [-16.439267, 19.817427], [-16.439262, 19.816885], [-16.439549, 19.816883], [-16.439544, 19.816341], [-16.440689, 19.816332], [-16.440692, 19.816603], [-16.440978, 19.816601], [-16.440976, 19.816329], [-16.441262, 19.816327], [-16.441257, 19.815785], [-16.441544, 19.815783], [-16.441539, 19.815241], [-16.441825, 19.815238], [-16.441823, 19.814967], [-16.442395, 19.814963], [-16.442398, 19.815234], [-16.442684, 19.815232], [-16.442692, 19.816045], [-16.442405, 19.816047], [-16.442403, 19.815776], [-16.442116, 19.815778], [-16.442114, 19.815507], [-16.441828, 19.81551], [-16.441835, 19.816323], [-16.441549, 19.816325], [-16.441551, 19.816596], [-16.441837, 19.816594], [-16.44184, 19.816865], [-16.441267, 19.816869], [-16.44127, 19.81714], [-16.442129, 19.817133], [-16.442126, 19.816862], [-16.442413, 19.81686], [-16.44241, 19.816589], [-16.442697, 19.816587], [-16.442699, 19.816858], [-16.442985, 19.816855], [-16.442988, 19.817126], [-16.443274, 19.817124], [-16.443277, 19.817395], [-16.443563, 19.817393], [-16.443565, 19.817664], [-16.443852, 19.817661], [-16.443849, 19.81739], [-16.444136, 19.817388], [-16.444133, 19.817117], [-16.443847, 19.817119], [-16.443842, 19.816577], [-16.444128, 19.816575], [-16.444121, 19.815762], [-16.444407, 19.81576], [-16.444402, 19.815218], [-16.444689, 19.815215], [-16.444699, 19.816299], [-16.444985, 19.816297], [-16.444983, 19.816026], [-16.445269, 19.816024], [-16.445257, 19.814669], [-16.44497, 19.814671], [-16.444965, 19.814129], [-16.445252, 19.814127], [-16.445249, 19.813856], [-16.445536, 19.813853], [-16.445528, 19.81304], [-16.446101, 19.813036], [-16.446104, 19.813307], [-16.44639, 19.813304], [-16.446385, 19.812762], [-16.446671, 19.81276], [-16.446676, 19.813302], [-16.446963, 19.8133], [-16.446965, 19.813571], [-16.447251, 19.813568], [-16.447249, 19.813297], [-16.447535, 19.813295], [-16.447533, 19.813024], [-16.447247, 19.813026], [-16.447239, 19.812213], [-16.446953, 19.812216], [-16.446945, 19.811403], [-16.446086, 19.811409], [-16.446084, 19.811138], [-16.44637, 19.811136], [-16.446365, 19.810594], [-16.447224, 19.810587], [-16.447215, 19.809503], [-16.446928, 19.809505], [-16.446926, 19.809234], [-16.447212, 19.809232], [-16.44721, 19.808961], [-16.447496, 19.808959], [-16.447494, 19.808688], [-16.447207, 19.80869], [-16.447202, 19.808148], [-16.447489, 19.808146], [-16.447484, 19.807604], [-16.446911, 19.807608], [-16.446914, 19.807879], [-16.446627, 19.807882], [-16.44663, 19.808153], [-16.446343, 19.808155], [-16.446348, 19.808697], [-16.446062, 19.808699], [-16.446064, 19.80897], [-16.445778, 19.808973], [-16.445766, 19.807618], [-16.445479, 19.80762], [-16.445477, 19.807349], [-16.445191, 19.807351], [-16.445181, 19.806267], [-16.444894, 19.806269], [-16.444892, 19.805998], [-16.444319, 19.806003], [-16.444317, 19.805732], [-16.444603, 19.80573], [-16.444601, 19.805459], [-16.444887, 19.805456], [-16.444882, 19.804914], [-16.445169, 19.804912], [-16.445166, 19.804641], [-16.445452, 19.804639], [-16.445455, 19.80491], [-16.445741, 19.804907], [-16.445739, 19.804636], [-16.446312, 19.804632], [-16.446309, 19.804361], [-16.446882, 19.804356], [-16.446879, 19.804085], [-16.447738, 19.804078], [-16.447741, 19.804349], [-16.448027, 19.804347], [-16.44802, 19.803534], [-16.447161, 19.803541], [-16.447156, 19.802999], [-16.446869, 19.803001], [-16.446867, 19.80273], [-16.446581, 19.802732], [-16.446573, 19.801919], [-16.44686, 19.801917], [-16.44685, 19.800833], [-16.446564, 19.800835], [-16.446561, 19.800564], [-16.446847, 19.800562], [-16.446843, 19.80002], [-16.446556, 19.800022], [-16.446546, 19.798938], [-16.44626, 19.79894], [-16.446258, 19.798669], [-16.445971, 19.798672], [-16.445966, 19.798129], [-16.446539, 19.798125], [-16.446534, 19.797583], [-16.447107, 19.797578], [-16.447104, 19.797307], [-16.447677, 19.797303], [-16.447675, 19.797032], [-16.447961, 19.797029], [-16.447958, 19.796758], [-16.448531, 19.796754], [-16.448529, 19.796483], [-16.449388, 19.796476], [-16.449375, 19.79512], [-16.449089, 19.795123], [-16.449087, 19.794852], [-16.449373, 19.794849], [-16.449371, 19.794578], [-16.449084, 19.794581], [-16.449077, 19.793768], [-16.448791, 19.79377], [-16.448788, 19.793499], [-16.448502, 19.793501], [-16.448497, 19.792959], [-16.448783, 19.792957], [-16.448781, 19.792686], [-16.448494, 19.792688], [-16.448485, 19.791604], [-16.448198, 19.791606], [-16.448193, 19.791064], [-16.447907, 19.791067], [-16.447887, 19.788899], [-16.447601, 19.788901], [-16.447599, 19.78863], [-16.447885, 19.788628], [-16.447883, 19.788357], [-16.448169, 19.788354], [-16.448166, 19.788083], [-16.447307, 19.78809], [-16.447305, 19.787819], [-16.447878, 19.787815], [-16.447873, 19.787272], [-16.448159, 19.78727], [-16.448152, 19.786457], [-16.448438, 19.786455], [-16.448436, 19.786184], [-16.448722, 19.786181], [-16.448719, 19.78591], [-16.448433, 19.785913], [-16.448431, 19.785642], [-16.448717, 19.785639], [-16.448707, 19.784555], [-16.448421, 19.784558], [-16.448428, 19.785371], [-16.448142, 19.785373], [-16.448144, 19.785644], [-16.446999, 19.785653], [-16.446992, 19.78484], [-16.446133, 19.784847], [-16.446138, 19.785389], [-16.445851, 19.785392], [-16.445854, 19.785663], [-16.446426, 19.785658], [-16.446429, 19.785929], [-16.446143, 19.785931], [-16.446145, 19.786202], [-16.445572, 19.786207], [-16.44557, 19.785936], [-16.444997, 19.785941], [-16.444988, 19.784856], [-16.444701, 19.784859], [-16.444699, 19.784588], [-16.444412, 19.78459], [-16.444405, 19.783777], [-16.444119, 19.783779], [-16.444114, 19.783237], [-16.443828, 19.78324], [-16.443825, 19.782969], [-16.444111, 19.782966], [-16.444109, 19.782695], [-16.443823, 19.782698], [-16.44382, 19.782427], [-16.444107, 19.782424], [-16.444104, 19.782153], [-16.444677, 19.782149], [-16.444674, 19.781878], [-16.444388, 19.78188], [-16.444386, 19.781609], [-16.443813, 19.781613], [-16.443811, 19.781342], [-16.443524, 19.781345], [-16.443522, 19.781074], [-16.443808, 19.781071], [-16.443806, 19.7808], [-16.443233, 19.780805], [-16.44324, 19.781618], [-16.442954, 19.78162], [-16.442956, 19.781891], [-16.44267, 19.781894], [-16.442675, 19.782436], [-16.443534, 19.782429], [-16.443536, 19.7827], [-16.44325, 19.782702], [-16.443255, 19.783244], [-16.442969, 19.783247], [-16.442974, 19.783789], [-16.442687, 19.783791], [-16.44269, 19.784062], [-16.442976, 19.78406], [-16.442978, 19.784331], [-16.442692, 19.784333], [-16.442695, 19.784604], [-16.442981, 19.784602], [-16.442983, 19.784873], [-16.442697, 19.784875], [-16.442702, 19.785417], [-16.442416, 19.785419], [-16.44242, 19.785961], [-16.442134, 19.785964], [-16.44212, 19.784338], [-16.442406, 19.784335], [-16.442396, 19.783251], [-16.44211, 19.783253], [-16.442107, 19.782982], [-16.440962, 19.782992], [-16.440969, 19.783805], [-16.440683, 19.783807], [-16.440686, 19.784078], [-16.440399, 19.78408], [-16.440402, 19.784351], [-16.440688, 19.784349], [-16.44069, 19.78462], [-16.439831, 19.784627], [-16.439829, 19.784356], [-16.439543, 19.784358], [-16.43954, 19.784087], [-16.438109, 19.784099], [-16.438104, 19.783557], [-16.437818, 19.783559], [-16.437815, 19.783288], [-16.437529, 19.78329], [-16.437524, 19.782748], [-16.438097, 19.782744], [-16.438094, 19.782473], [-16.437521, 19.782477], [-16.437519, 19.782206], [-16.437805, 19.782204], [-16.437803, 19.781933], [-16.43723, 19.781938], [-16.43724, 19.783022], [-16.436667, 19.783026], [-16.436665, 19.782755], [-16.435233, 19.782767], [-16.435243, 19.783851], [-16.434957, 19.783853], [-16.434959, 19.784124], [-16.435246, 19.784122], [-16.43525, 19.784664], [-16.435537, 19.784662], [-16.435534, 19.784391], [-16.435821, 19.784388], [-16.435818, 19.784117], [-16.436104, 19.784115], [-16.4361, 19.783573], [-16.436386, 19.783571], [-16.436398, 19.784926], [-16.436112, 19.784928], [-16.436114, 19.785199], [-16.436401, 19.785197], [-16.436408, 19.78601], [-16.436694, 19.786007], [-16.436699, 19.786549], [-16.436985, 19.786547], [-16.43699, 19.787089], [-16.437277, 19.787087], [-16.437286, 19.788171], [-16.437, 19.788173], [-16.437005, 19.788715], [-16.437291, 19.788713], [-16.437296, 19.789255], [-16.437582, 19.789253], [-16.43758, 19.788982], [-16.437866, 19.788979], [-16.437864, 19.788708], [-16.438723, 19.788702], [-16.438725, 19.788973], [-16.439584, 19.788966], [-16.439582, 19.788695], [-16.439868, 19.788692], [-16.439875, 19.789505], [-16.439589, 19.789508], [-16.439594, 19.79005], [-16.43988, 19.790047], [-16.43989, 19.791132], [-16.440176, 19.791129], [-16.440179, 19.7914], [-16.441038, 19.791393], [-16.44104, 19.791664], [-16.441899, 19.791657], [-16.441902, 19.791928], [-16.442188, 19.791926], [-16.44219, 19.792197], [-16.442477, 19.792195], [-16.442481, 19.792737], [-16.442195, 19.792739], [-16.442193, 19.792468], [-16.441334, 19.792475], [-16.441336, 19.792746], [-16.440764, 19.792751], [-16.440766, 19.793022], [-16.44048, 19.793024], [-16.440482, 19.793295], [-16.440768, 19.793293], [-16.440773, 19.793835], [-16.440487, 19.793837], [-16.440497, 19.794921], [-16.440783, 19.794919], [-16.44079, 19.795732], [-16.440504, 19.795734], [-16.440506, 19.796005], [-16.441365, 19.795998], [-16.441368, 19.796269], [-16.441082, 19.796272], [-16.441084, 19.796543], [-16.440798, 19.796545], [-16.440795, 19.796274], [-16.440509, 19.796276], [-16.440511, 19.796547], [-16.440225, 19.79655], [-16.440227, 19.796821], [-16.439941, 19.796823], [-16.439946, 19.797365], [-16.440232, 19.797363], [-16.440237, 19.797905], [-16.439665, 19.797909], [-16.43966, 19.797367], [-16.439087, 19.797372], [-16.439092, 19.797914], [-16.439378, 19.797912], [-16.439388, 19.798996], [-16.438815, 19.799], [-16.43882, 19.799542], [-16.438534, 19.799545], [-16.438541, 19.800358], [-16.438255, 19.80036], [-16.438257, 19.800631], [-16.437971, 19.800633], [-16.437976, 19.801175], [-16.437403, 19.80118], [-16.437393, 19.800096], [-16.43768, 19.800094], [-16.437677, 19.799823], [-16.437105, 19.799827], [-16.437102, 19.799556], [-16.435957, 19.799565], [-16.435959, 19.799836], [-16.435386, 19.799841], [-16.435389, 19.800112], [-16.434244, 19.800121], [-16.434241, 19.79985], [-16.433668, 19.799855], [-16.433673, 19.800397], [-16.433387, 19.800399], [-16.433392, 19.800941], [-16.433105, 19.800944], [-16.433113, 19.801757], [-16.432826, 19.801759], [-16.432834, 19.802572], [-16.43312, 19.80257], [-16.43313, 19.803654], [-16.433702, 19.803649], [-16.4337, 19.803378], [-16.434273, 19.803374], [-16.43427, 19.803103], [-16.435129, 19.803096], [-16.435127, 19.802825], [-16.435413, 19.802822], [-16.435411, 19.802551], [-16.435124, 19.802554], [-16.435112, 19.801198], [-16.435685, 19.801194], [-16.435687, 19.801465], [-16.43626, 19.80146], [-16.436263, 19.801731], [-16.435976, 19.801734], [-16.435979, 19.802005], [-16.436551, 19.802], [-16.436561, 19.803084], [-16.436275, 19.803086], [-16.43628, 19.803628], [-16.435993, 19.803631], [-16.435996, 19.803902], [-16.43485, 19.803911], [-16.434858, 19.804724], [-16.434285, 19.804729], [-16.43429, 19.805271], [-16.434003, 19.805273], [-16.434006, 19.805544], [-16.433719, 19.805546], [-16.433722, 19.805817], [-16.434295, 19.805813], [-16.434299, 19.806355], [-16.433727, 19.806359], [-16.433724, 19.806088], [-16.433438, 19.806091], [-16.43344, 19.806362], [-16.433154, 19.806364], [-16.433149, 19.805822], [-16.432863, 19.805824], [-16.432865, 19.806095], [-16.432579, 19.806098], [-16.432584, 19.80664], [-16.433156, 19.806635], [-16.433159, 19.806906], [-16.433445, 19.806904], [-16.433443, 19.806633], [-16.435447, 19.806617], [-16.43545, 19.806888], [-16.436022, 19.806883], [-16.43602, 19.806612], [-16.436593, 19.806607], [-16.436595, 19.806878], [-16.437454, 19.806871], [-16.437457, 19.807142], [-16.438029, 19.807138], [-16.438027, 19.806867], [-16.438313, 19.806865], [-16.438311, 19.806594], [-16.436879, 19.806605], [-16.436869, 19.805521], [-16.437156, 19.805519], [-16.437148, 19.804706], [-16.437721, 19.804701], [-16.437719, 19.80443], [-16.438578, 19.804423], [-16.438585, 19.805236], [-16.438299, 19.805238], [-16.438301, 19.805509], [-16.438587, 19.805507], [-16.43859, 19.805778], [-16.438303, 19.80578], [-16.438308, 19.806323], [-16.438595, 19.80632], [-16.438597, 19.806591], [-16.43917, 19.806587], [-16.439182, 19.807942], [-16.438896, 19.807944], [-16.438898, 19.808215], [-16.437466, 19.808227], [-16.437471, 19.808769], [-16.437758, 19.808766], [-16.437765, 19.809579], [-16.438051, 19.809577], [-16.438059, 19.81039], [-16.437772, 19.810392], [-16.437775, 19.810663], [-16.437488, 19.810666], [-16.437486, 19.810395], [-16.437199, 19.810397], [-16.437197, 19.810126], [-16.436911, 19.810128], [-16.436906, 19.809586], [-16.436619, 19.809589], [-16.436617, 19.809318], [-16.436331, 19.80932], [-16.436316, 19.807694], [-16.435457, 19.807701], [-16.435459, 19.807972], [-16.435173, 19.807974], [-16.435171, 19.807703], [-16.434598, 19.807708], [-16.4346, 19.807979], [-16.434314, 19.807981], [-16.434316, 19.808252], [-16.434603, 19.80825], [-16.434612, 19.809334], [-16.434899, 19.809331], [-16.434901, 19.809602], [-16.434615, 19.809605], [-16.434617, 19.809876], [-16.434904, 19.809873], [-16.434906, 19.810144], [-16.43462, 19.810147], [-16.434622, 19.810418], [-16.434336, 19.81042], [-16.434338, 19.810691], [-16.434911, 19.810686], [-16.434913, 19.810958], [-16.435486, 19.810953], [-16.435489, 19.811224], [-16.436061, 19.811219], [-16.436064, 19.81149], [-16.43635, 19.811488], [-16.436348, 19.811217], [-16.436634, 19.811215], [-16.436636, 19.811486], [-16.436923, 19.811483], [-16.43693, 19.812296], [-16.436644, 19.812299], [-16.436646, 19.81257], [-16.436933, 19.812568], [-16.436935, 19.812839], [-16.437221, 19.812836], [-16.437224, 19.813107], [-16.436937, 19.81311], [-16.43694, 19.813381], [-16.437226, 19.813378], [-16.437229, 19.813649], [-16.436942, 19.813652], [-16.43695, 19.814465], [-16.436377, 19.814469], [-16.436374, 19.814198], [-16.436088, 19.814201], [-16.436083, 19.813659], [-16.435797, 19.813661], [-16.435794, 19.81339], [-16.435508, 19.813392], [-16.435506, 19.813121], [-16.435219, 19.813123], [-16.435222, 19.813394], [-16.434935, 19.813397], [-16.43494, 19.813939], [-16.434654, 19.813941], [-16.434656, 19.814212], [-16.43437, 19.814214], [-16.434375, 19.814756], [-16.434661, 19.814754], [-16.434666, 19.815296], [-16.434952, 19.815294], [-16.434955, 19.815565], [-16.435241, 19.815563], [-16.435236, 19.815021], [-16.435523, 19.815018], [-16.435527, 19.81556], [-16.435814, 19.815558], [-16.435816, 19.815829], [-16.436103, 19.815827], [-16.436095, 19.815014], [-16.436382, 19.815011], [-16.436387, 19.815553], [-16.436673, 19.815551], [-16.436671, 19.81528], [-16.436957, 19.815278], [-16.436959, 19.815549], [-16.437246, 19.815546], [-16.437248, 19.815817], [-16.436962, 19.81582], [-16.436967, 19.816362], [-16.437253, 19.81636], [-16.437255, 19.816631], [-16.437542, 19.816628], [-16.437544, 19.816899], [-16.437258, 19.816902], [-16.43726, 19.817173], [-16.436974, 19.817175], [-16.436976, 19.817446], [-16.43669, 19.817448], [-16.436692, 19.817719], [-16.436979, 19.817717], [-16.436984, 19.818259], [-16.43727, 19.818257], [-16.437273, 19.818528], [-16.437559, 19.818525], [-16.437554, 19.817983], [-16.43784, 19.817981], [-16.437848, 19.818794], [-16.437561, 19.818796], [-16.437564, 19.819067], [-16.438137, 19.819063]], [[-16.438988, 19.818243], [-16.438702, 19.818245], [-16.438695, 19.817432], [-16.438408, 19.817434], [-16.438403, 19.816892], [-16.43869, 19.81689], [-16.438692, 19.817161], [-16.438979, 19.817159], [-16.438988, 19.818243]], [[-16.438413, 19.817976], [-16.438127, 19.817979], [-16.438124, 19.817708], [-16.438411, 19.817705], [-16.438413, 19.817976]], [[-16.437838, 19.81771], [-16.437552, 19.817712], [-16.437549, 19.817441], [-16.437836, 19.817439], [-16.437838, 19.81771]], [[-16.438122, 19.817437], [-16.437836, 19.817439], [-16.437831, 19.816897], [-16.438117, 19.816895], [-16.438122, 19.817437]], [[-16.443269, 19.816582], [-16.442983, 19.816584], [-16.442978, 19.816042], [-16.443551, 19.816038], [-16.443553, 19.816309], [-16.443267, 19.816311], [-16.443269, 19.816582]], [[-16.44241, 19.816589], [-16.442124, 19.816591], [-16.442121, 19.81632], [-16.442408, 19.816318], [-16.44241, 19.816589]], [[-16.439544, 19.816341], [-16.439258, 19.816343], [-16.439255, 19.816072], [-16.439542, 19.81607], [-16.439544, 19.816341]], [[-16.438112, 19.816353], [-16.437539, 19.816357], [-16.437537, 19.816086], [-16.43811, 19.816082], [-16.438112, 19.816353]], [[-16.440973, 19.816058], [-16.440114, 19.816065], [-16.440112, 19.815794], [-16.440398, 19.815792], [-16.440396, 19.815521], [-16.440682, 19.815519], [-16.440685, 19.81579], [-16.440971, 19.815787], [-16.440973, 19.816058]], [[-16.444121, 19.815762], [-16.443548, 19.815767], [-16.443546, 19.815496], [-16.443832, 19.815493], [-16.443827, 19.814951], [-16.444114, 19.814949], [-16.444121, 19.815762]], [[-16.443546, 19.815496], [-16.443259, 19.815498], [-16.443255, 19.814956], [-16.443541, 19.814954], [-16.443546, 19.815496]], [[-16.4381, 19.814997], [-16.437814, 19.815], [-16.437811, 19.814729], [-16.438098, 19.814726], [-16.4381, 19.814997]], [[-16.435809, 19.815016], [-16.435523, 19.815018], [-16.43552, 19.814747], [-16.435807, 19.814745], [-16.435809, 19.815016]], [[-16.43552, 19.814747], [-16.435234, 19.81475], [-16.435229, 19.814207], [-16.435515, 19.814205], [-16.43552, 19.814747]], [[-16.438665, 19.81418], [-16.438379, 19.814182], [-16.438377, 19.813911], [-16.437231, 19.81392], [-16.437229, 19.813649], [-16.437515, 19.813647], [-16.437513, 19.813376], [-16.437799, 19.813374], [-16.437797, 19.813103], [-16.438942, 19.813093], [-16.438949, 19.813906], [-16.438663, 19.813909], [-16.438665, 19.81418]], [[-16.444104, 19.813865], [-16.443818, 19.813867], [-16.443815, 19.813596], [-16.444101, 19.813594], [-16.444104, 19.813865]], [[-16.442958, 19.813874], [-16.442386, 19.813879], [-16.442383, 19.813608], [-16.442097, 19.81361], [-16.442087, 19.812526], [-16.441801, 19.812528], [-16.441798, 19.812257], [-16.442657, 19.81225], [-16.44266, 19.812521], [-16.442946, 19.812519], [-16.442941, 19.811977], [-16.443228, 19.811975], [-16.44322, 19.811162], [-16.444652, 19.81115], [-16.444657, 19.811692], [-16.444371, 19.811694], [-16.444373, 19.811965], [-16.443514, 19.811972], [-16.443521, 19.812785], [-16.443235, 19.812788], [-16.443242, 19.813601], [-16.442956, 19.813603], [-16.442958, 19.813874]], [[-16.445242, 19.813043], [-16.444956, 19.813045], [-16.444953, 19.812774], [-16.44524, 19.812772], [-16.445242, 19.813043]], [[-16.438641, 19.81147], [-16.438355, 19.811472], [-16.438352, 19.811201], [-16.438639, 19.811199], [-16.438641, 19.81147]], [[-16.439498, 19.811192], [-16.439211, 19.811194], [-16.439209, 19.810923], [-16.438636, 19.810928], [-16.438634, 19.810657], [-16.439493, 19.81065], [-16.439498, 19.811192]], [[-16.441497, 19.810633], [-16.441211, 19.810636], [-16.441208, 19.810365], [-16.441495, 19.810362], [-16.441497, 19.810633]], [[-16.438634, 19.810657], [-16.438347, 19.810659], [-16.438345, 19.810388], [-16.438631, 19.810386], [-16.438634, 19.810657]], [[-16.446936, 19.810318], [-16.446363, 19.810323], [-16.446361, 19.810052], [-16.446074, 19.810054], [-16.446072, 19.809783], [-16.446644, 19.809779], [-16.446647, 19.81005], [-16.446933, 19.810047], [-16.446936, 19.810318]], [[-16.44264, 19.810353], [-16.442068, 19.810358], [-16.442065, 19.810087], [-16.441206, 19.810094], [-16.441204, 19.809823], [-16.440917, 19.809825], [-16.440915, 19.809554], [-16.441201, 19.809552], [-16.441196, 19.80901], [-16.44091, 19.809012], [-16.440895, 19.807386], [-16.440609, 19.807388], [-16.440606, 19.807117], [-16.440893, 19.807115], [-16.440888, 19.806573], [-16.441174, 19.80657], [-16.441172, 19.806299], [-16.441745, 19.806295], [-16.441752, 19.807108], [-16.442325, 19.807103], [-16.442327, 19.807374], [-16.442613, 19.807372], [-16.442616, 19.807643], [-16.443189, 19.807638], [-16.443191, 19.807909], [-16.442905, 19.807912], [-16.442914, 19.808996], [-16.442628, 19.808998], [-16.442631, 19.809269], [-16.442917, 19.809267], [-16.442919, 19.809538], [-16.443206, 19.809535], [-16.443208, 19.809807], [-16.442922, 19.809809], [-16.442924, 19.81008], [-16.442638, 19.810082], [-16.44264, 19.810353]], [[-16.435481, 19.810411], [-16.434909, 19.810415], [-16.434906, 19.810144], [-16.435479, 19.81014], [-16.435481, 19.810411]], [[-16.446637, 19.808966], [-16.446351, 19.808968], [-16.446348, 19.808697], [-16.446635, 19.808695], [-16.446637, 19.808966]], [[-16.443468, 19.806823], [-16.442895, 19.806828], [-16.44289, 19.806286], [-16.443176, 19.806283], [-16.443179, 19.806554], [-16.443465, 19.806552], [-16.443468, 19.806823]], [[-16.442601, 19.806017], [-16.442315, 19.806019], [-16.442312, 19.805748], [-16.442599, 19.805746], [-16.442601, 19.806017]], [[-16.443458, 19.805739], [-16.443171, 19.805741], [-16.443169, 19.80547], [-16.443455, 19.805468], [-16.443458, 19.805739]], [[-16.442594, 19.805204], [-16.442307, 19.805206], [-16.442305, 19.804935], [-16.442019, 19.804937], [-16.442016, 19.804666], [-16.442303, 19.804664], [-16.4423, 19.804393], [-16.441727, 19.804398], [-16.441725, 19.804127], [-16.442011, 19.804124], [-16.442009, 19.803853], [-16.442582, 19.803849], [-16.442587, 19.804391], [-16.443159, 19.804386], [-16.443162, 19.804657], [-16.442875, 19.804659], [-16.442878, 19.80493], [-16.442591, 19.804933], [-16.442594, 19.805204]], [[-16.436005, 19.804986], [-16.43486, 19.804995], [-16.434858, 19.804724], [-16.43543, 19.804719], [-16.435425, 19.804177], [-16.436284, 19.80417], [-16.436282, 19.803899], [-16.437141, 19.803893], [-16.437146, 19.804435], [-16.436573, 19.804439], [-16.436576, 19.80471], [-16.436003, 19.804715], [-16.436005, 19.804986]], [[-16.44172, 19.803585], [-16.441434, 19.803587], [-16.441429, 19.803045], [-16.441715, 19.803043], [-16.44172, 19.803585]], [[-16.438284, 19.803612], [-16.437139, 19.803622], [-16.437136, 19.803351], [-16.43685, 19.803353], [-16.436845, 19.802811], [-16.437131, 19.802808], [-16.437126, 19.802266], [-16.437413, 19.802264], [-16.43741, 19.801993], [-16.437697, 19.801991], [-16.437694, 19.80172], [-16.437981, 19.801717], [-16.437983, 19.801988], [-16.438269, 19.801986], [-16.438272, 19.802257], [-16.437985, 19.80226], [-16.437993, 19.803073], [-16.438279, 19.80307], [-16.438284, 19.803612]], [[-16.443149, 19.803302], [-16.442863, 19.803304], [-16.442861, 19.803033], [-16.443147, 19.803031], [-16.443149, 19.803302]], [[-16.44229, 19.803309], [-16.442004, 19.803311], [-16.442002, 19.80304], [-16.442288, 19.803038], [-16.44229, 19.803309]], [[-16.444292, 19.803022], [-16.444006, 19.803024], [-16.444001, 19.802482], [-16.444287, 19.80248], [-16.444292, 19.803022]], [[-16.442574, 19.803036], [-16.442288, 19.803038], [-16.442283, 19.802496], [-16.441997, 19.802498], [-16.441994, 19.802227], [-16.442281, 19.802225], [-16.442278, 19.801954], [-16.441992, 19.801956], [-16.441989, 19.801685], [-16.441703, 19.801687], [-16.441701, 19.801416], [-16.441987, 19.801414], [-16.441985, 19.801143], [-16.44313, 19.801134], [-16.443132, 19.801405], [-16.443705, 19.8014], [-16.44371, 19.801942], [-16.443424, 19.801945], [-16.443426, 19.802216], [-16.44314, 19.802218], [-16.443137, 19.801947], [-16.442851, 19.801949], [-16.442856, 19.802491], [-16.442569, 19.802494], [-16.442574, 19.803036]], [[-16.44543, 19.802199], [-16.445144, 19.802202], [-16.445142, 19.801931], [-16.445428, 19.801928], [-16.44543, 19.802199]], [[-16.443999, 19.802211], [-16.443712, 19.802213], [-16.44371, 19.801942], [-16.443996, 19.80194], [-16.443999, 19.802211]], [[-16.444853, 19.801662], [-16.443994, 19.801669], [-16.443986, 19.800856], [-16.444559, 19.800851], [-16.444562, 19.801122], [-16.444848, 19.80112], [-16.444853, 19.801662]], [[-16.436546, 19.801458], [-16.43626, 19.80146], [-16.436255, 19.800918], [-16.436542, 19.800916], [-16.436546, 19.801458]], [[-16.443416, 19.801132], [-16.44313, 19.801134], [-16.443125, 19.800592], [-16.443411, 19.80059], [-16.443416, 19.801132]], [[-16.442555, 19.800867], [-16.441982, 19.800872], [-16.44198, 19.800601], [-16.442266, 19.800599], [-16.442259, 19.799786], [-16.442545, 19.799783], [-16.44255, 19.800325], [-16.443123, 19.800321], [-16.443125, 19.800592], [-16.442552, 19.800596], [-16.442555, 19.800867]], [[-16.439116, 19.800624], [-16.43883, 19.800626], [-16.438827, 19.800355], [-16.439114, 19.800353], [-16.439116, 19.800624]], [[-16.439398, 19.80008], [-16.438825, 19.800084], [-16.438823, 19.799813], [-16.439395, 19.799809], [-16.439398, 19.80008]], [[-16.439677, 19.799264], [-16.43939, 19.799267], [-16.439388, 19.798996], [-16.439674, 19.798993], [-16.439677, 19.799264]], [[-16.445107, 19.798136], [-16.444535, 19.798141], [-16.444532, 19.79787], [-16.444819, 19.797868], [-16.444809, 19.796784], [-16.445381, 19.796779], [-16.445386, 19.797321], [-16.4451, 19.797323], [-16.445107, 19.798136]], [[-16.445964, 19.797858], [-16.445678, 19.797861], [-16.445673, 19.797319], [-16.445959, 19.797316], [-16.445964, 19.797858]], [[-16.444532, 19.79787], [-16.444246, 19.797872], [-16.444243, 19.797601], [-16.44453, 19.797599], [-16.444532, 19.79787]], [[-16.444241, 19.79733], [-16.443955, 19.797333], [-16.443952, 19.797062], [-16.444239, 19.797059], [-16.444241, 19.79733]], [[-16.442523, 19.797344], [-16.442237, 19.797347], [-16.442234, 19.797076], [-16.442521, 19.797073], [-16.442523, 19.797344]], [[-16.442807, 19.797071], [-16.442521, 19.797073], [-16.442518, 19.796802], [-16.442232, 19.796804], [-16.442229, 19.796533], [-16.442516, 19.796531], [-16.442511, 19.795989], [-16.442797, 19.795987], [-16.442807, 19.797071]], [[-16.442222, 19.79572], [-16.441936, 19.795723], [-16.441931, 19.795181], [-16.442217, 19.795178], [-16.442222, 19.79572]], [[-16.441069, 19.794917], [-16.440783, 19.794919], [-16.440778, 19.794377], [-16.441064, 19.794375], [-16.441069, 19.794917]], [[-16.441625, 19.793015], [-16.441339, 19.793017], [-16.441336, 19.792746], [-16.441623, 19.792744], [-16.441625, 19.793015]], [[-16.445908, 19.791625], [-16.445621, 19.791627], [-16.445619, 19.791356], [-16.445905, 19.791354], [-16.445908, 19.791625]], [[-16.442753, 19.791108], [-16.442467, 19.791111], [-16.442464, 19.79084], [-16.442751, 19.790837], [-16.442753, 19.791108]], [[-16.445886, 19.789186], [-16.445599, 19.789188], [-16.445597, 19.788917], [-16.445883, 19.788915], [-16.445886, 19.789186]], [[-16.441018, 19.789225], [-16.440732, 19.789227], [-16.440729, 19.788956], [-16.441016, 19.788954], [-16.441018, 19.789225]], [[-16.440727, 19.788685], [-16.440154, 19.78869], [-16.440152, 19.788419], [-16.440438, 19.788417], [-16.440431, 19.787604], [-16.440145, 19.787606], [-16.440142, 19.787335], [-16.439856, 19.787337], [-16.439848, 19.786524], [-16.440707, 19.786517], [-16.440727, 19.788685]], [[-16.445592, 19.788375], [-16.445306, 19.788377], [-16.445303, 19.788106], [-16.44559, 19.788104], [-16.445592, 19.788375]], [[-16.439866, 19.788421], [-16.439579, 19.788424], [-16.439577, 19.788153], [-16.439863, 19.78815], [-16.439866, 19.788421]], [[-16.439004, 19.788157], [-16.438718, 19.78816], [-16.438715, 19.787888], [-16.438429, 19.787891], [-16.438419, 19.786807], [-16.438706, 19.786804], [-16.438703, 19.786533], [-16.439562, 19.786526], [-16.439565, 19.786797], [-16.439278, 19.7868], [-16.439288, 19.787884], [-16.439002, 19.787886], [-16.439004, 19.788157]], [[-16.441579, 19.787865], [-16.441292, 19.787868], [-16.44129, 19.787597], [-16.441576, 19.787594], [-16.441579, 19.787865]], [[-16.446441, 19.787284], [-16.446155, 19.787286], [-16.446152, 19.787015], [-16.446439, 19.787013], [-16.446441, 19.787284]], [[-16.446152, 19.787015], [-16.445293, 19.787022], [-16.445291, 19.786751], [-16.44615, 19.786744], [-16.446152, 19.787015]], [[-16.444425, 19.785945], [-16.444138, 19.785947], [-16.444133, 19.785405], [-16.444706, 19.785401], [-16.444709, 19.785672], [-16.444422, 19.785674], [-16.444425, 19.785945]], [[-16.44013, 19.78598], [-16.439844, 19.785982], [-16.439841, 19.785711], [-16.440128, 19.785709], [-16.44013, 19.78598]], [[-16.437839, 19.785998], [-16.437267, 19.786003], [-16.437262, 19.785461], [-16.436976, 19.785463], [-16.436968, 19.78465], [-16.437255, 19.784648], [-16.437257, 19.784919], [-16.43783, 19.784914], [-16.437832, 19.785185], [-16.438405, 19.785181], [-16.438407, 19.785452], [-16.437835, 19.785456], [-16.437839, 19.785998]], [[-16.440414, 19.785706], [-16.440128, 19.785709], [-16.440125, 19.785438], [-16.440411, 19.785435], [-16.440414, 19.785706]], [[-16.441841, 19.785153], [-16.441554, 19.785155], [-16.441549, 19.784613], [-16.441836, 19.784611], [-16.441841, 19.785153]], [[-16.438691, 19.785178], [-16.438405, 19.785181], [-16.4384, 19.784639], [-16.438686, 19.784636], [-16.438691, 19.785178]], [[-16.440979, 19.784889], [-16.440693, 19.784891], [-16.44069, 19.78462], [-16.440977, 19.784618], [-16.440979, 19.784889]], [[-16.441263, 19.784615], [-16.440977, 19.784618], [-16.440972, 19.784076], [-16.441258, 19.784073], [-16.441263, 19.784615]], [[-16.436963, 19.784108], [-16.436677, 19.78411], [-16.436675, 19.783839], [-16.436961, 19.783837], [-16.436963, 19.784108]], [[-16.436672, 19.783568], [-16.436386, 19.783571], [-16.436384, 19.7833], [-16.43667, 19.783297], [-16.436672, 19.783568]], [[-16.444104, 19.782153], [-16.443818, 19.782155], [-16.443815, 19.781884], [-16.444102, 19.781882], [-16.444104, 19.782153]], [[-16.443529, 19.781887], [-16.443243, 19.781889], [-16.44324, 19.781618], [-16.443527, 19.781616], [-16.443529, 19.781887]]]}, "properties": {"layer": "meadow", "year": 2025, "sat": "S2A", "date": "2025-06-17", "area_ha": 338.22}}, {"type": "Feature", "geometry": {"type": "Polygon", "coordinates": [[[-16.25913, 19.782196], [-16.259125, 19.781654], [-16.259412, 19.781652], [-16.259405, 19.780839], [-16.259119, 19.780841], [-16.259123, 19.781383], [-16.258837, 19.781385], [-16.258843, 19.782198], [-16.25913, 19.782196]]]}, "properties": {"layer": "meadow", "year": 2025, "sat": "S2A", "date": "2025-06-17", "area_ha": 0.54}}, {"type": "Feature", "geometry": {"type": "Polygon", "coordinates": [[[-16.314429, 19.786406], [-16.314427, 19.786135], [-16.315286, 19.786129], [-16.315283, 19.785858], [-16.315856, 19.785854], [-16.315852, 19.785311], [-16.316138, 19.785309], [-16.316133, 19.784767], [-16.31642, 19.784765], [-16.316413, 19.783952], [-16.315268, 19.78396], [-16.31527, 19.784232], [-16.314984, 19.784234], [-16.314986, 19.784505], [-16.313841, 19.784513], [-16.313838, 19.784242], [-16.313552, 19.784244], [-16.31355, 19.783973], [-16.312977, 19.783977], [-16.312975, 19.783706], [-16.312689, 19.783708], [-16.312682, 19.782895], [-16.312968, 19.782893], [-16.312966, 19.782622], [-16.313252, 19.78262], [-16.313248, 19.782078], [-16.314107, 19.782072], [-16.314109, 19.782343], [-16.314968, 19.782336], [-16.314961, 19.781523], [-16.315248, 19.781521], [-16.315241, 19.780708], [-16.314668, 19.780712], [-16.314664, 19.78017], [-16.313805, 19.780177], [-16.313809, 19.780719], [-16.313523, 19.780721], [-16.313525, 19.780992], [-16.312953, 19.780996], [-16.312957, 19.781538], [-16.312384, 19.781542], [-16.312387, 19.781813], [-16.3121, 19.781815], [-16.312107, 19.782628], [-16.311821, 19.782631], [-16.311823, 19.782902], [-16.311537, 19.782904], [-16.311539, 19.783175], [-16.311252, 19.783177], [-16.31125, 19.782906], [-16.310105, 19.782914], [-16.310096, 19.78183], [-16.30981, 19.781832], [-16.309812, 19.782103], [-16.309526, 19.782105], [-16.309532, 19.782918], [-16.309246, 19.78292], [-16.309259, 19.784547], [-16.308973, 19.784549], [-16.308975, 19.78482], [-16.309261, 19.784818], [-16.309268, 19.785631], [-16.309554, 19.785629], [-16.309559, 19.786171], [-16.309845, 19.786169], [-16.309847, 19.78644], [-16.310706, 19.786433], [-16.310704, 19.786162], [-16.310991, 19.78616], [-16.310988, 19.785889], [-16.311847, 19.785883], [-16.311852, 19.786425], [-16.312711, 19.786419], [-16.312709, 19.786148], [-16.313854, 19.786139], [-16.313856, 19.78641], [-16.314429, 19.786406]], [[-16.310132, 19.786167], [-16.309845, 19.786169], [-16.309841, 19.785627], [-16.310127, 19.785625], [-16.310132, 19.786167]], [[-16.312134, 19.785881], [-16.311847, 19.785883], [-16.311845, 19.785612], [-16.312131, 19.78561], [-16.312134, 19.785881]]]}, "properties": {"layer": "meadow", "year": 2025, "sat": "S2A", "date": "2025-06-17", "area_ha": 26.82}}, {"type": "Feature", "geometry": {"type": "Polygon", "coordinates": [[[-16.442068, 19.778646], [-16.442066, 19.778375], [-16.442925, 19.778368], [-16.442917, 19.777555], [-16.442631, 19.777557], [-16.442636, 19.778099], [-16.442063, 19.778104], [-16.442061, 19.777833], [-16.441775, 19.777835], [-16.441782, 19.778648], [-16.442068, 19.778646]]]}, "properties": {"layer": "meadow", "year": 2025, "sat": "S2A", "date": "2025-06-17", "area_ha": 0.72}}, {"type": "Feature", "geometry": {"type": "Polygon", "coordinates": [[[-16.314655, 19.779086], [-16.314639, 19.777189], [-16.314353, 19.777191], [-16.314355, 19.777462], [-16.314069, 19.777464], [-16.314071, 19.777735], [-16.313785, 19.777737], [-16.313787, 19.778008], [-16.31436, 19.778004], [-16.314364, 19.778546], [-16.313792, 19.77855], [-16.313794, 19.778821], [-16.314367, 19.778817], [-16.314369, 19.779088], [-16.314655, 19.779086]]]}, "properties": {"layer": "meadow", "year": 2025, "sat": "S2A", "date": "2025-06-17", "area_ha": 1.08}}, {"type": "Feature", "geometry": {"type": "Polygon", "coordinates": [[[-16.310078, 19.779662], [-16.310076, 19.779391], [-16.310362, 19.779389], [-16.31036, 19.779118], [-16.310933, 19.779113], [-16.310931, 19.778842], [-16.311503, 19.778838], [-16.311506, 19.779109], [-16.311792, 19.779107], [-16.31179, 19.778836], [-16.312362, 19.778832], [-16.31236, 19.778561], [-16.313505, 19.778552], [-16.313496, 19.777468], [-16.313783, 19.777466], [-16.313781, 19.777195], [-16.312922, 19.777201], [-16.312924, 19.777472], [-16.312638, 19.777475], [-16.312635, 19.777204], [-16.312349, 19.777206], [-16.312351, 19.777477], [-16.312065, 19.777479], [-16.312063, 19.777208], [-16.31149, 19.777212], [-16.311492, 19.777483], [-16.31092, 19.777487], [-16.310917, 19.777216], [-16.310058, 19.777222], [-16.310061, 19.777493], [-16.309774, 19.777496], [-16.309779, 19.778038], [-16.309492, 19.77804], [-16.309497, 19.778582], [-16.309211, 19.778584], [-16.309215, 19.779126], [-16.309501, 19.779124], [-16.309506, 19.779666], [-16.310078, 19.779662]]]}, "properties": {"layer": "meadow", "year": 2025, "sat": "S2A", "date": "2025-06-17", "area_ha": 7.74}}, {"type": "Feature", "geometry": {"type": "Polygon", "coordinates": [[[-16.442059, 19.777562], [-16.442056, 19.777291], [-16.442629, 19.777286], [-16.442626, 19.777015], [-16.44234, 19.777018], [-16.442328, 19.775663], [-16.442041, 19.775665], [-16.442046, 19.776207], [-16.44176, 19.776209], [-16.441762, 19.77648], [-16.441476, 19.776483], [-16.441479, 19.776754], [-16.441192, 19.776756], [-16.4412, 19.777569], [-16.442059, 19.777562]], [[-16.442056, 19.777291], [-16.44177, 19.777293], [-16.441767, 19.777022], [-16.442054, 19.77702], [-16.442056, 19.777291]]]}, "properties": {"layer": "meadow", "year": 2025, "sat": "S2A", "date": "2025-06-17", "area_ha": 1.62}}, {"type": "Feature", "geometry": {"type": "Polygon", "coordinates": [[[-16.437512, 19.781393], [-16.437509, 19.781122], [-16.438082, 19.781118], [-16.438075, 19.780304], [-16.437788, 19.780307], [-16.437786, 19.780036], [-16.438072, 19.780033], [-16.438067, 19.779491], [-16.438354, 19.779489], [-16.438351, 19.779218], [-16.438638, 19.779216], [-16.438633, 19.778674], [-16.438919, 19.778671], [-16.438907, 19.777316], [-16.439193, 19.777314], [-16.439183, 19.77623], [-16.43947, 19.776228], [-16.439465, 19.775686], [-16.43832, 19.775695], [-16.438322, 19.775966], [-16.438608, 19.775964], [-16.438611, 19.776235], [-16.438038, 19.776239], [-16.438033, 19.775697], [-16.437747, 19.775699], [-16.437749, 19.77597], [-16.437463, 19.775973], [-16.437466, 19.776244], [-16.437179, 19.776246], [-16.437194, 19.777872], [-16.436908, 19.777875], [-16.436912, 19.778417], [-16.436626, 19.778419], [-16.436638, 19.779774], [-16.437497, 19.779767], [-16.437502, 19.780309], [-16.437216, 19.780311], [-16.437218, 19.780582], [-16.437791, 19.780578], [-16.437793, 19.780849], [-16.437221, 19.780853], [-16.437225, 19.781395], [-16.437512, 19.781393]], [[-16.438344, 19.778405], [-16.438058, 19.778407], [-16.438055, 19.778136], [-16.438341, 19.778134], [-16.438344, 19.778405]]]}, "properties": {"layer": "meadow", "year": 2025, "sat": "S2A", "date": "2025-06-17", "area_ha": 9.63}}, {"type": "Feature", "geometry": {"type": "Polygon", "coordinates": [[[-16.264527, 19.776737], [-16.264525, 19.776466], [-16.264811, 19.776464], [-16.264809, 19.776193], [-16.265382, 19.776189], [-16.26538, 19.775918], [-16.264807, 19.775922], [-16.264805, 19.775651], [-16.264519, 19.775653], [-16.264517, 19.775382], [-16.263944, 19.775386], [-16.263948, 19.775928], [-16.264234, 19.775926], [-16.264239, 19.776468], [-16.263952, 19.77647], [-16.263955, 19.776741], [-16.264527, 19.776737]]]}, "properties": {"layer": "meadow", "year": 2025, "sat": "S2A", "date": "2025-06-17", "area_ha": 1.17}}, {"type": "Feature", "geometry": {"type": "Polygon", "coordinates": [[[-16.266237, 19.775641], [-16.266234, 19.77537], [-16.266521, 19.775368], [-16.266519, 19.775097], [-16.266805, 19.775095], [-16.266803, 19.774823], [-16.267089, 19.774821], [-16.267087, 19.77455], [-16.267946, 19.774544], [-16.267944, 19.774273], [-16.26823, 19.774271], [-16.268228, 19.774], [-16.267655, 19.774004], [-16.267653, 19.773733], [-16.267367, 19.773735], [-16.267369, 19.774006], [-16.266796, 19.77401], [-16.266801, 19.774552], [-16.266228, 19.774556], [-16.266226, 19.774285], [-16.265653, 19.774289], [-16.265655, 19.774561], [-16.265942, 19.774559], [-16.265948, 19.775372], [-16.265662, 19.775374], [-16.265664, 19.775645], [-16.266237, 19.775641]]]}, "properties": {"layer": "meadow", "year": 2025, "sat": "S2A", "date": "2025-06-17", "area_ha": 2.07}}, {"type": "Feature", "geometry": {"type": "Polygon", "coordinates": [[[-16.312618, 19.775035], [-16.312615, 19.774764], [-16.313188, 19.77476], [-16.313186, 19.774489], [-16.313472, 19.774487], [-16.313465, 19.773674], [-16.313752, 19.773672], [-16.313749, 19.773401], [-16.313463, 19.773403], [-16.313456, 19.77259], [-16.31317, 19.772592], [-16.313168, 19.772321], [-16.312882, 19.772323], [-16.312884, 19.772594], [-16.312598, 19.772596], [-16.312602, 19.773138], [-16.312316, 19.77314], [-16.312318, 19.773411], [-16.311745, 19.773415], [-16.311747, 19.773686], [-16.311461, 19.773688], [-16.311466, 19.774231], [-16.311179, 19.774233], [-16.311182, 19.774504], [-16.311754, 19.774499], [-16.311756, 19.77477], [-16.312043, 19.774768], [-16.312045, 19.775039], [-16.312618, 19.775035]]]}, "properties": {"layer": "meadow", "year": 2025, "sat": "S2A", "date": "2025-06-17", "area_ha": 4.23}}, {"type": "Feature", "geometry": {"type": "Polygon", "coordinates": [[[-16.335225, 19.773513], [-16.33522, 19.772971], [-16.334934, 19.772973], [-16.334925, 19.771889], [-16.335211, 19.771886], [-16.335209, 19.771615], [-16.335495, 19.771613], [-16.335493, 19.771342], [-16.336066, 19.771338], [-16.336068, 19.771609], [-16.335782, 19.771611], [-16.335784, 19.771882], [-16.335498, 19.771884], [-16.3355, 19.772155], [-16.335214, 19.772157], [-16.335218, 19.7727], [-16.335504, 19.772697], [-16.335507, 19.772968], [-16.335793, 19.772966], [-16.335791, 19.772695], [-16.337222, 19.772685], [-16.33722, 19.772414], [-16.337793, 19.772409], [-16.33779, 19.772138], [-16.337504, 19.77214], [-16.337502, 19.771869], [-16.337788, 19.771867], [-16.337786, 19.771596], [-16.338072, 19.771594], [-16.33807, 19.771323], [-16.338356, 19.771321], [-16.338352, 19.770779], [-16.337779, 19.770783], [-16.337781, 19.771054], [-16.337495, 19.771056], [-16.337488, 19.770243], [-16.337202, 19.770245], [-16.337197, 19.769703], [-16.336911, 19.769705], [-16.336916, 19.770247], [-16.336629, 19.77025], [-16.336631, 19.770521], [-16.336345, 19.770523], [-16.336347, 19.770794], [-16.335489, 19.7708], [-16.335491, 19.771071], [-16.334918, 19.771075], [-16.334923, 19.771618], [-16.334636, 19.77162], [-16.334639, 19.771891], [-16.334352, 19.771893], [-16.334355, 19.772164], [-16.333782, 19.772168], [-16.333786, 19.77271], [-16.3335, 19.772712], [-16.333502, 19.772983], [-16.333216, 19.772986], [-16.333214, 19.772714], [-16.332928, 19.772717], [-16.332925, 19.772446], [-16.332353, 19.77245], [-16.33235, 19.772179], [-16.332064, 19.772181], [-16.33206, 19.771639], [-16.331773, 19.771641], [-16.331771, 19.77137], [-16.331198, 19.771374], [-16.331196, 19.771103], [-16.33091, 19.771105], [-16.330917, 19.771918], [-16.331203, 19.771916], [-16.331207, 19.772458], [-16.331494, 19.772456], [-16.331496, 19.772727], [-16.332069, 19.772723], [-16.332071, 19.772994], [-16.33293, 19.772988], [-16.332932, 19.773259], [-16.334364, 19.773248], [-16.334366, 19.773519], [-16.335225, 19.773513]]]}, "properties": {"layer": "meadow", "year": 2025, "sat": "S2A", "date": "2025-06-17", "area_ha": 10.98}}, {"type": "Feature", "geometry": {"type": "Polygon", "coordinates": [[[-16.276527, 19.773399], [-16.276525, 19.773128], [-16.277097, 19.773124], [-16.277093, 19.772582], [-16.277666, 19.772578], [-16.277663, 19.772307], [-16.27795, 19.772305], [-16.277948, 19.772034], [-16.278234, 19.772032], [-16.278232, 19.771761], [-16.277945, 19.771763], [-16.277941, 19.771221], [-16.277655, 19.771223], [-16.277653, 19.770952], [-16.277939, 19.770949], [-16.277935, 19.770407], [-16.277648, 19.770409], [-16.277646, 19.770138], [-16.277073, 19.770142], [-16.277076, 19.770414], [-16.276789, 19.770416], [-16.276794, 19.770958], [-16.276507, 19.77096], [-16.27651, 19.771231], [-16.276796, 19.771229], [-16.276802, 19.772042], [-16.276516, 19.772044], [-16.276518, 19.772315], [-16.275946, 19.772319], [-16.275948, 19.77259], [-16.275661, 19.772592], [-16.275666, 19.773134], [-16.275952, 19.773132], [-16.275954, 19.773403], [-16.276527, 19.773399]]]}, "properties": {"layer": "meadow", "year": 2025, "sat": "S2A", "date": "2025-06-17", "area_ha": 4.5}}, {"type": "Feature", "geometry": {"type": "Polygon", "coordinates": [[[-16.330331, 19.770297], [-16.330326, 19.769754], [-16.33004, 19.769757], [-16.330038, 19.769486], [-16.329179, 19.769492], [-16.329176, 19.769221], [-16.32889, 19.769223], [-16.328892, 19.769494], [-16.328606, 19.769496], [-16.328608, 19.769767], [-16.329181, 19.769763], [-16.329183, 19.770034], [-16.329756, 19.77003], [-16.329758, 19.770301], [-16.330331, 19.770297]]]}, "properties": {"layer": "meadow", "year": 2025, "sat": "S2A", "date": "2025-06-17", "area_ha": 1.08}}, {"type": "Feature", "geometry": {"type": "Polygon", "coordinates": [[[-16.309404, 19.767198], [-16.309399, 19.766656], [-16.308827, 19.76666], [-16.308825, 19.766389], [-16.308252, 19.766394], [-16.308259, 19.767207], [-16.309404, 19.767198]]]}, "properties": {"layer": "meadow", "year": 2025, "sat": "S2A", "date": "2025-06-17", "area_ha": 0.9}}, {"type": "Feature", "geometry": {"type": "Polygon", "coordinates": [[[-16.34405, 19.767483], [-16.344048, 19.767212], [-16.344334, 19.76721], [-16.344332, 19.766939], [-16.344618, 19.766937], [-16.344616, 19.766666], [-16.344902, 19.766664], [-16.3449, 19.766393], [-16.345186, 19.766391], [-16.345182, 19.765849], [-16.344896, 19.765851], [-16.344884, 19.764496], [-16.344598, 19.764498], [-16.344596, 19.764227], [-16.343164, 19.764238], [-16.343162, 19.763966], [-16.342017, 19.763975], [-16.342014, 19.763704], [-16.341156, 19.76371], [-16.34116, 19.764253], [-16.341446, 19.76425], [-16.341449, 19.764521], [-16.341735, 19.764519], [-16.34174, 19.765061], [-16.342026, 19.765059], [-16.342028, 19.76533], [-16.342314, 19.765328], [-16.342317, 19.765599], [-16.342603, 19.765597], [-16.342605, 19.765868], [-16.342892, 19.765866], [-16.342889, 19.765595], [-16.343176, 19.765593], [-16.343185, 19.766677], [-16.343471, 19.766675], [-16.343473, 19.766946], [-16.343759, 19.766944], [-16.343764, 19.767486], [-16.34405, 19.767483]]]}, "properties": {"layer": "meadow", "year": 2025, "sat": "S2A", "date": "2025-06-17", "area_ha": 8.64}}, {"type": "Feature", "geometry": {"type": "Polygon", "coordinates": [[[-16.328315, 19.768956], [-16.328313, 19.768685], [-16.329172, 19.768679], [-16.329167, 19.768137], [-16.329454, 19.768135], [-16.329456, 19.768406], [-16.330315, 19.768399], [-16.330317, 19.76867], [-16.331749, 19.76866], [-16.331746, 19.768389], [-16.332033, 19.768386], [-16.33203, 19.768115], [-16.331744, 19.768118], [-16.33174, 19.767576], [-16.332026, 19.767573], [-16.332024, 19.767302], [-16.33231, 19.7673], [-16.332308, 19.767029], [-16.33288, 19.767025], [-16.332885, 19.767567], [-16.333171, 19.767565], [-16.333169, 19.767294], [-16.333455, 19.767292], [-16.333453, 19.767021], [-16.333739, 19.767019], [-16.333735, 19.766476], [-16.334307, 19.766472], [-16.334305, 19.766201], [-16.333732, 19.766205], [-16.333728, 19.765663], [-16.334014, 19.765661], [-16.334012, 19.76539], [-16.334298, 19.765388], [-16.334296, 19.765117], [-16.334869, 19.765113], [-16.334864, 19.764571], [-16.33515, 19.764569], [-16.335148, 19.764297], [-16.334289, 19.764304], [-16.334291, 19.764575], [-16.334005, 19.764577], [-16.333998, 19.763764], [-16.334285, 19.763762], [-16.334282, 19.763491], [-16.334569, 19.763489], [-16.334566, 19.763218], [-16.333994, 19.763222], [-16.333996, 19.763493], [-16.33371, 19.763495], [-16.333705, 19.762953], [-16.333419, 19.762955], [-16.333428, 19.764039], [-16.333142, 19.764041], [-16.333135, 19.763228], [-16.332562, 19.763233], [-16.33256, 19.762962], [-16.332274, 19.762964], [-16.332269, 19.762422], [-16.331983, 19.762424], [-16.331992, 19.763508], [-16.331706, 19.76351], [-16.331704, 19.763239], [-16.330845, 19.763245], [-16.330842, 19.762974], [-16.329411, 19.762985], [-16.329413, 19.763256], [-16.329127, 19.763258], [-16.329125, 19.762987], [-16.328838, 19.762989], [-16.328836, 19.762718], [-16.32855, 19.76272], [-16.328552, 19.762991], [-16.328266, 19.762993], [-16.328261, 19.762451], [-16.327975, 19.762454], [-16.327973, 19.762182], [-16.326828, 19.762191], [-16.32683, 19.762462], [-16.326257, 19.762466], [-16.32626, 19.762737], [-16.325401, 19.762744], [-16.325403, 19.763015], [-16.32483, 19.763019], [-16.324828, 19.762748], [-16.323969, 19.762754], [-16.323967, 19.762483], [-16.323681, 19.762485], [-16.323683, 19.762756], [-16.323397, 19.762758], [-16.323399, 19.76303], [-16.323113, 19.763032], [-16.323119, 19.763845], [-16.323406, 19.763843], [-16.32341, 19.764385], [-16.323696, 19.764383], [-16.323699, 19.764654], [-16.323985, 19.764651], [-16.323989, 19.765194], [-16.325135, 19.765185], [-16.325137, 19.765456], [-16.325423, 19.765454], [-16.325421, 19.765183], [-16.325707, 19.765181], [-16.325705, 19.76491], [-16.325991, 19.764908], [-16.325993, 19.765179], [-16.32628, 19.765177], [-16.326282, 19.765448], [-16.327427, 19.765439], [-16.327425, 19.765168], [-16.327711, 19.765166], [-16.327709, 19.764895], [-16.327995, 19.764893], [-16.328002, 19.765706], [-16.327716, 19.765708], [-16.327718, 19.765979], [-16.327432, 19.765981], [-16.327436, 19.766523], [-16.32715, 19.766525], [-16.327152, 19.766796], [-16.326866, 19.766799], [-16.32687, 19.767341], [-16.326584, 19.767343], [-16.326588, 19.767885], [-16.326875, 19.767883], [-16.326879, 19.768425], [-16.327166, 19.768423], [-16.32717, 19.768965], [-16.328315, 19.768956]], [[-16.329733, 19.767319], [-16.329447, 19.767322], [-16.329445, 19.76705], [-16.329158, 19.767053], [-16.329156, 19.766782], [-16.329729, 19.766777], [-16.329733, 19.767319]], [[-16.333167, 19.767023], [-16.33288, 19.767025], [-16.332878, 19.766754], [-16.333164, 19.766752], [-16.333167, 19.767023]], [[-16.333451, 19.76675], [-16.333164, 19.766752], [-16.333162, 19.766481], [-16.333448, 19.766479], [-16.333451, 19.76675]], [[-16.333442, 19.765665], [-16.333155, 19.765668], [-16.333153, 19.765397], [-16.333439, 19.765394], [-16.333442, 19.765665]], [[-16.332296, 19.765674], [-16.33201, 19.765676], [-16.332008, 19.765405], [-16.332294, 19.765403], [-16.332296, 19.765674]], [[-16.328861, 19.7657], [-16.328575, 19.765702], [-16.328572, 19.765431], [-16.328286, 19.765433], [-16.328284, 19.765162], [-16.328856, 19.765157], [-16.328861, 19.7657]], [[-16.33258, 19.765401], [-16.332294, 19.765403], [-16.33229, 19.764861], [-16.332576, 19.764859], [-16.332574, 19.764588], [-16.33286, 19.764586], [-16.332864, 19.765128], [-16.332578, 19.76513], [-16.33258, 19.765401]], [[-16.327702, 19.764082], [-16.327416, 19.764084], [-16.327409, 19.763271], [-16.327696, 19.763269], [-16.327702, 19.764082]]]}, "properties": {"layer": "meadow", "year": 2025, "sat": "S2A", "date": "2025-06-17", "area_ha": 51.66}}, {"type": "Feature", "geometry": {"type": "Polygon", "coordinates": [[[-16.333989, 19.76268], [-16.333987, 19.762409], [-16.334273, 19.762407], [-16.334269, 19.761865], [-16.333983, 19.761867], [-16.333985, 19.762138], [-16.333126, 19.762144], [-16.333128, 19.762415], [-16.333701, 19.762411], [-16.333703, 19.762682], [-16.333989, 19.76268]]]}, "properties": {"layer": "meadow", "year": 2025, "sat": "S2A", "date": "2025-06-17", "area_ha": 0.54}}, {"type": "Feature", "geometry": {"type": "Polygon", "coordinates": [[[-16.452512, 19.762028], [-16.452509, 19.761757], [-16.452223, 19.761759], [-16.452213, 19.760675], [-16.451927, 19.760678], [-16.451929, 19.760949], [-16.451643, 19.760951], [-16.451646, 19.761222], [-16.451932, 19.76122], [-16.451934, 19.761491], [-16.451648, 19.761493], [-16.45165, 19.761764], [-16.451364, 19.761766], [-16.451367, 19.762037], [-16.452512, 19.762028]]]}, "properties": {"layer": "meadow", "year": 2025, "sat": "S2A", "date": "2025-06-17", "area_ha": 0.9}}, {"type": "Feature", "geometry": {"type": "Polygon", "coordinates": [[[-16.335141, 19.763484], [-16.335137, 19.762942], [-16.335423, 19.76294], [-16.335421, 19.762669], [-16.335993, 19.762665], [-16.335987, 19.761852], [-16.336273, 19.76185], [-16.336268, 19.761308], [-16.336841, 19.761303], [-16.336843, 19.761574], [-16.336557, 19.761576], [-16.336568, 19.762932], [-16.337141, 19.762927], [-16.337139, 19.762656], [-16.336852, 19.762658], [-16.336848, 19.762116], [-16.337134, 19.762114], [-16.337123, 19.760759], [-16.337409, 19.760757], [-16.337407, 19.760486], [-16.336834, 19.76049], [-16.336836, 19.760761], [-16.33655, 19.760763], [-16.336552, 19.761034], [-16.335407, 19.761043], [-16.335412, 19.761585], [-16.335125, 19.761587], [-16.335128, 19.761858], [-16.334555, 19.761862], [-16.334562, 19.762676], [-16.334276, 19.762678], [-16.334278, 19.762949], [-16.33485, 19.762944], [-16.334855, 19.763487], [-16.335141, 19.763484]]]}, "properties": {"layer": "meadow", "year": 2025, "sat": "S2A", "date": "2025-06-17", "area_ha": 4.23}}, {"type": "Feature", "geometry": {"type": "Polygon", "coordinates": [[[-16.340874, 19.764255], [-16.340867, 19.763442], [-16.341153, 19.763439], [-16.341151, 19.763168], [-16.341437, 19.763166], [-16.341435, 19.762895], [-16.341721, 19.762893], [-16.341724, 19.763164], [-16.342296, 19.76316], [-16.342289, 19.762347], [-16.342003, 19.762349], [-16.342001, 19.762078], [-16.341715, 19.76208], [-16.341712, 19.761809], [-16.341426, 19.761811], [-16.341424, 19.76154], [-16.340565, 19.761546], [-16.340558, 19.760733], [-16.340844, 19.760731], [-16.340835, 19.759647], [-16.340549, 19.759649], [-16.340554, 19.760191], [-16.339981, 19.760196], [-16.339977, 19.759654], [-16.33969, 19.759656], [-16.339692, 19.759927], [-16.339406, 19.759929], [-16.339411, 19.760471], [-16.339124, 19.760473], [-16.33914, 19.76237], [-16.339427, 19.762368], [-16.339433, 19.763181], [-16.340006, 19.763177], [-16.340008, 19.763448], [-16.339722, 19.76345], [-16.339724, 19.763721], [-16.340297, 19.763717], [-16.340299, 19.763988], [-16.340585, 19.763986], [-16.340588, 19.764257], [-16.340874, 19.764255]]]}, "properties": {"layer": "meadow", "year": 2025, "sat": "S2A", "date": "2025-06-17", "area_ha": 8.82}}, {"type": "Feature", "geometry": {"type": "Polygon", "coordinates": [[[-16.496281, 19.758415], [-16.496275, 19.757873], [-16.496562, 19.757871], [-16.496559, 19.7576], [-16.496273, 19.757602], [-16.49627, 19.757331], [-16.495984, 19.757333], [-16.495987, 19.757604], [-16.4957, 19.757607], [-16.495708, 19.75842], [-16.496281, 19.758415]]]}, "properties": {"layer": "meadow", "year": 2025, "sat": "S2A", "date": "2025-06-17", "area_ha": 0.72}}, {"type": "Feature", "geometry": {"type": "Polygon", "coordinates": [[[-16.346827, 19.757163], [-16.346824, 19.756892], [-16.346252, 19.756896], [-16.346243, 19.755812], [-16.345957, 19.755814], [-16.345961, 19.756356], [-16.345675, 19.756358], [-16.345679, 19.7569], [-16.345393, 19.756902], [-16.345395, 19.757173], [-16.346827, 19.757163]]]}, "properties": {"layer": "meadow", "year": 2025, "sat": "S2A", "date": "2025-06-17", "area_ha": 0.99}}, {"type": "Feature", "geometry": {"type": "Polygon", "coordinates": [[[-16.27562, 19.767442], [-16.275618, 19.767171], [-16.275905, 19.767169], [-16.275898, 19.766356], [-16.276184, 19.766354], [-16.276187, 19.766625], [-16.276759, 19.766621], [-16.276755, 19.766079], [-16.277327, 19.766075], [-16.277325, 19.765804], [-16.278184, 19.765798], [-16.278182, 19.765527], [-16.278468, 19.765525], [-16.278466, 19.765254], [-16.278752, 19.765252], [-16.278742, 19.763896], [-16.279028, 19.763894], [-16.279021, 19.763081], [-16.278735, 19.763083], [-16.278731, 19.762541], [-16.279303, 19.762537], [-16.279299, 19.761995], [-16.279585, 19.761993], [-16.279581, 19.761451], [-16.279867, 19.761449], [-16.279857, 19.760094], [-16.280143, 19.760092], [-16.280141, 19.75982], [-16.280427, 19.759818], [-16.280425, 19.759547], [-16.280997, 19.759543], [-16.280995, 19.759272], [-16.281281, 19.75927], [-16.281279, 19.758999], [-16.280993, 19.759001], [-16.280991, 19.75873], [-16.281277, 19.758728], [-16.281275, 19.758457], [-16.280702, 19.758461], [-16.280694, 19.757377], [-16.280407, 19.757379], [-16.280405, 19.757108], [-16.280692, 19.757106], [-16.280689, 19.756835], [-16.280403, 19.756837], [-16.280401, 19.756566], [-16.280115, 19.756568], [-16.280113, 19.756297], [-16.279826, 19.756299], [-16.279822, 19.755757], [-16.279249, 19.755761], [-16.279252, 19.756032], [-16.278965, 19.756034], [-16.27897, 19.756576], [-16.278683, 19.756578], [-16.278688, 19.75712], [-16.278401, 19.757122], [-16.278403, 19.757393], [-16.278117, 19.757395], [-16.278122, 19.757938], [-16.277835, 19.75794], [-16.277837, 19.758211], [-16.277551, 19.758213], [-16.277553, 19.758484], [-16.278698, 19.758476], [-16.278701, 19.758747], [-16.278414, 19.758749], [-16.278421, 19.759562], [-16.277562, 19.759568], [-16.277566, 19.76011], [-16.277853, 19.760108], [-16.277855, 19.760379], [-16.277568, 19.760381], [-16.277575, 19.761194], [-16.277289, 19.761196], [-16.277293, 19.761738], [-16.277007, 19.76174], [-16.277013, 19.762553], [-16.27644, 19.762557], [-16.276443, 19.762829], [-16.27587, 19.762833], [-16.275872, 19.763104], [-16.275586, 19.763106], [-16.275588, 19.763377], [-16.275015, 19.763381], [-16.27502, 19.763923], [-16.274733, 19.763925], [-16.274736, 19.764196], [-16.275022, 19.764194], [-16.275024, 19.764465], [-16.274738, 19.764467], [-16.27474, 19.764738], [-16.274454, 19.76474], [-16.274456, 19.765011], [-16.274742, 19.765009], [-16.274749, 19.765822], [-16.275035, 19.76582], [-16.275046, 19.767175], [-16.274759, 19.767177], [-16.274761, 19.767448], [-16.27562, 19.767442]], [[-16.279837, 19.757654], [-16.278978, 19.75766], [-16.278976, 19.757389], [-16.279835, 19.757383], [-16.279837, 19.757654]], [[-16.280121, 19.757381], [-16.279835, 19.757383], [-16.279833, 19.757112], [-16.280119, 19.75711], [-16.280121, 19.757381]]]}, "properties": {"layer": "meadow", "year": 2025, "sat": "S2A", "date": "2025-06-17", "area_ha": 33.66}}, {"type": "Feature", "geometry": {"type": "Polygon", "coordinates": [[[-16.464471, 19.754884], [-16.464466, 19.754342], [-16.465038, 19.754337], [-16.465033, 19.753795], [-16.464175, 19.753802], [-16.464182, 19.754615], [-16.463896, 19.754617], [-16.463898, 19.754888], [-16.464471, 19.754884]]]}, "properties": {"layer": "meadow", "year": 2025, "sat": "S2A", "date": "2025-06-17", "area_ha": 0.81}}, {"type": "Feature", "geometry": {"type": "Polygon", "coordinates": [[[-16.445284, 19.754226], [-16.445279, 19.753684], [-16.445565, 19.753682], [-16.445561, 19.75314], [-16.445274, 19.753142], [-16.445277, 19.753413], [-16.44499, 19.753416], [-16.444993, 19.753687], [-16.444707, 19.753689], [-16.444709, 19.75396], [-16.444995, 19.753958], [-16.444998, 19.754229], [-16.445284, 19.754226]]]}, "properties": {"layer": "meadow", "year": 2025, "sat": "S2A", "date": "2025-06-17", "area_ha": 0.54}}, {"type": "Feature", "geometry": {"type": "Polygon", "coordinates": [[[-16.340815, 19.757208], [-16.340813, 19.756937], [-16.341099, 19.756935], [-16.341097, 19.756664], [-16.341383, 19.756661], [-16.341378, 19.756119], [-16.341092, 19.756122], [-16.34109, 19.755851], [-16.341376, 19.755848], [-16.341374, 19.755577], [-16.34166, 19.755575], [-16.341644, 19.753678], [-16.340786, 19.753684], [-16.340788, 19.753955], [-16.340502, 19.753958], [-16.340504, 19.754229], [-16.340218, 19.754231], [-16.34022, 19.754502], [-16.339647, 19.754506], [-16.339649, 19.754777], [-16.340795, 19.754769], [-16.340797, 19.75504], [-16.339079, 19.755052], [-16.339081, 19.755323], [-16.338795, 19.755326], [-16.338793, 19.755055], [-16.33822, 19.755059], [-16.338218, 19.754788], [-16.337932, 19.75479], [-16.33793, 19.754519], [-16.337643, 19.754521], [-16.337646, 19.754792], [-16.337359, 19.754794], [-16.337362, 19.755065], [-16.337075, 19.755067], [-16.337078, 19.755338], [-16.33765, 19.755334], [-16.337652, 19.755605], [-16.33708, 19.755609], [-16.337082, 19.75588], [-16.337368, 19.755878], [-16.337371, 19.756149], [-16.338229, 19.756143], [-16.338227, 19.755872], [-16.339372, 19.755863], [-16.339375, 19.756134], [-16.339661, 19.756132], [-16.339663, 19.756403], [-16.339949, 19.756401], [-16.339954, 19.756943], [-16.34024, 19.756941], [-16.340242, 19.757212], [-16.340815, 19.757208]], [[-16.341367, 19.754764], [-16.341081, 19.754766], [-16.341076, 19.754224], [-16.341363, 19.754222], [-16.341367, 19.754764]]]}, "properties": {"layer": "meadow", "year": 2025, "sat": "S2A", "date": "2025-06-17", "area_ha": 8.46}}, {"type": "Feature", "geometry": {"type": "Polygon", "coordinates": [[[-16.34854, 19.756608], [-16.348538, 19.756337], [-16.348824, 19.756334], [-16.348822, 19.756063], [-16.349394, 19.756059], [-16.349387, 19.755246], [-16.349674, 19.755244], [-16.349669, 19.754702], [-16.350242, 19.754698], [-16.350235, 19.753884], [-16.350807, 19.75388], [-16.3508, 19.753067], [-16.350514, 19.753069], [-16.350516, 19.75334], [-16.35023, 19.753342], [-16.350232, 19.753613], [-16.349946, 19.753616], [-16.349951, 19.754158], [-16.349664, 19.75416], [-16.349667, 19.754431], [-16.34938, 19.754433], [-16.349385, 19.754975], [-16.349099, 19.754977], [-16.349101, 19.755248], [-16.348815, 19.75525], [-16.348817, 19.755521], [-16.348531, 19.755524], [-16.348533, 19.755795], [-16.348247, 19.755797], [-16.348251, 19.756339], [-16.347965, 19.756341], [-16.347967, 19.756612], [-16.34854, 19.756608]]]}, "properties": {"layer": "meadow", "year": 2025, "sat": "S2A", "date": "2025-06-17", "area_ha": 2.52}}, {"type": "Feature", "geometry": {"type": "Polygon", "coordinates": [[[-16.294127, 19.75457], [-16.294123, 19.754028], [-16.294982, 19.754022], [-16.294977, 19.753479], [-16.294118, 19.753486], [-16.294121, 19.753757], [-16.293548, 19.753761], [-16.29355, 19.754032], [-16.293264, 19.754034], [-16.293266, 19.754305], [-16.293552, 19.754303], [-16.293555, 19.754574], [-16.294127, 19.75457]]]}, "properties": {"layer": "meadow", "year": 2025, "sat": "S2A", "date": "2025-06-17", "area_ha": 1.17}}, {"type": "Feature", "geometry": {"type": "Polygon", "coordinates": [[[-16.347945, 19.753902], [-16.347942, 19.753631], [-16.348515, 19.753626], [-16.34851, 19.753084], [-16.348797, 19.753082], [-16.348794, 19.752811], [-16.348222, 19.752815], [-16.348226, 19.753357], [-16.347654, 19.753362], [-16.347658, 19.753904], [-16.347945, 19.753902]]]}, "properties": {"layer": "meadow", "year": 2025, "sat": "S2A", "date": "2025-06-17", "area_ha": 0.63}}, {"type": "Feature", "geometry": {"type": "Polygon", "coordinates": [[[-16.432972, 19.754054], [-16.43297, 19.753783], [-16.433256, 19.753781], [-16.433251, 19.753239], [-16.433824, 19.753234], [-16.433826, 19.753505], [-16.434113, 19.753503], [-16.43411, 19.753232], [-16.434396, 19.75323], [-16.434399, 19.753501], [-16.434971, 19.753496], [-16.434969, 19.753225], [-16.435255, 19.753223], [-16.435258, 19.753494], [-16.43583, 19.753489], [-16.435828, 19.753218], [-16.436114, 19.753216], [-16.436116, 19.753487], [-16.436403, 19.753485], [-16.436398, 19.752943], [-16.436684, 19.75294], [-16.436682, 19.752669], [-16.436968, 19.752667], [-16.436963, 19.752125], [-16.437249, 19.752123], [-16.437247, 19.751852], [-16.437533, 19.751849], [-16.437523, 19.750765], [-16.436951, 19.75077], [-16.436953, 19.751041], [-16.43724, 19.751039], [-16.437242, 19.75131], [-16.436956, 19.751312], [-16.436958, 19.751583], [-16.436672, 19.751585], [-16.436677, 19.752127], [-16.436391, 19.75213], [-16.436395, 19.752672], [-16.435823, 19.752676], [-16.435825, 19.752947], [-16.432963, 19.75297], [-16.432965, 19.753241], [-16.432679, 19.753244], [-16.432686, 19.754057], [-16.432972, 19.754054]]]}, "properties": {"layer": "meadow", "year": 2025, "sat": "S2A", "date": "2025-06-17", "area_ha": 3.6}}, {"type": "Feature", "geometry": {"type": "Polygon", "coordinates": [[[-16.336512, 19.756156], [-16.336505, 19.755343], [-16.336219, 19.755345], [-16.336214, 19.754803], [-16.335928, 19.754805], [-16.335926, 19.754534], [-16.335353, 19.754538], [-16.335349, 19.753996], [-16.335062, 19.753998], [-16.33506, 19.753727], [-16.334488, 19.753731], [-16.334483, 19.753189], [-16.334197, 19.753192], [-16.334195, 19.75292], [-16.333908, 19.752923], [-16.333906, 19.752652], [-16.333333, 19.752656], [-16.333329, 19.752114], [-16.333043, 19.752116], [-16.333038, 19.751574], [-16.332752, 19.751576], [-16.33275, 19.751305], [-16.332463, 19.751307], [-16.332472, 19.752391], [-16.332759, 19.752389], [-16.332761, 19.75266], [-16.333047, 19.752658], [-16.333049, 19.752929], [-16.332477, 19.752933], [-16.332475, 19.752662], [-16.332188, 19.752664], [-16.332186, 19.752393], [-16.331614, 19.752398], [-16.331618, 19.75294], [-16.331904, 19.752938], [-16.331907, 19.753209], [-16.332193, 19.753206], [-16.332195, 19.753477], [-16.332481, 19.753475], [-16.332486, 19.754017], [-16.3322, 19.75402], [-16.332206, 19.754833], [-16.33192, 19.754835], [-16.331925, 19.755377], [-16.331638, 19.755379], [-16.331641, 19.75565], [-16.331354, 19.755652], [-16.331357, 19.755923], [-16.331643, 19.755921], [-16.331645, 19.756192], [-16.333363, 19.756179], [-16.33336, 19.755908], [-16.333647, 19.755906], [-16.333649, 19.756177], [-16.336512, 19.756156]], [[-16.332781, 19.755099], [-16.332209, 19.755104], [-16.332206, 19.754833], [-16.332493, 19.754831], [-16.33249, 19.754559], [-16.332777, 19.754557], [-16.332781, 19.755099]], [[-16.33449, 19.754002], [-16.334204, 19.754005], [-16.334201, 19.753734], [-16.334488, 19.753731], [-16.33449, 19.754002]], [[-16.333338, 19.753198], [-16.333052, 19.7532], [-16.333049, 19.752929], [-16.333336, 19.752927], [-16.333338, 19.753198]]]}, "properties": {"layer": "meadow", "year": 2025, "sat": "S2A", "date": "2025-06-17", "area_ha": 14.49}}, {"type": "Feature", "geometry": {"type": "Polygon", "coordinates": [[[-16.349932, 19.751989], [-16.349928, 19.751447], [-16.350214, 19.751445], [-16.350207, 19.750632], [-16.349921, 19.750634], [-16.349926, 19.751176], [-16.349639, 19.751178], [-16.349646, 19.751992], [-16.349932, 19.751989]]]}, "properties": {"layer": "meadow", "year": 2025, "sat": "S2A", "date": "2025-06-17", "area_ha": 0.54}}, {"type": "Feature", "geometry": {"type": "Polygon", "coordinates": [[[-16.342808, 19.755838], [-16.342805, 19.755567], [-16.343092, 19.755564], [-16.343089, 19.755293], [-16.343376, 19.755291], [-16.343373, 19.75502], [-16.34366, 19.755018], [-16.343657, 19.754747], [-16.343944, 19.754745], [-16.343941, 19.754474], [-16.344228, 19.754472], [-16.344225, 19.754201], [-16.344512, 19.754199], [-16.344509, 19.753928], [-16.345082, 19.753923], [-16.34508, 19.753652], [-16.345366, 19.75365], [-16.345364, 19.753379], [-16.34565, 19.753377], [-16.345645, 19.752835], [-16.345932, 19.752833], [-16.345929, 19.752562], [-16.346216, 19.752559], [-16.346213, 19.752288], [-16.3465, 19.752286], [-16.346497, 19.752015], [-16.346784, 19.752013], [-16.346781, 19.751742], [-16.347068, 19.75174], [-16.347065, 19.751469], [-16.347352, 19.751467], [-16.347349, 19.751196], [-16.347063, 19.751198], [-16.347061, 19.750927], [-16.34792, 19.75092], [-16.347917, 19.750649], [-16.348204, 19.750647], [-16.348201, 19.750376], [-16.348487, 19.750374], [-16.348485, 19.750103], [-16.348771, 19.750101], [-16.348767, 19.749559], [-16.348194, 19.749563], [-16.348199, 19.750105], [-16.34734, 19.750112], [-16.347345, 19.750654], [-16.346486, 19.75066], [-16.346488, 19.750931], [-16.346202, 19.750933], [-16.346204, 19.751204], [-16.345918, 19.751206], [-16.34592, 19.751477], [-16.345634, 19.75148], [-16.345636, 19.751751], [-16.34535, 19.751753], [-16.345352, 19.752024], [-16.345066, 19.752026], [-16.345068, 19.752297], [-16.344782, 19.752299], [-16.344784, 19.75257], [-16.344498, 19.752572], [-16.3445, 19.752843], [-16.344214, 19.752846], [-16.344216, 19.753117], [-16.34393, 19.753119], [-16.343932, 19.75339], [-16.343646, 19.753392], [-16.34365, 19.753934], [-16.343364, 19.753936], [-16.343366, 19.754207], [-16.34308, 19.754209], [-16.343082, 19.75448], [-16.342796, 19.754482], [-16.342801, 19.755025], [-16.342514, 19.755027], [-16.342521, 19.75584], [-16.342808, 19.755838]]]}, "properties": {"layer": "meadow", "year": 2025, "sat": "S2A", "date": "2025-06-17", "area_ha": 8.28}}, {"type": "Feature", "geometry": {"type": "Polygon", "coordinates": [[[-16.442106, 19.751], [-16.442104, 19.750729], [-16.44239, 19.750726], [-16.442385, 19.750184], [-16.442671, 19.750182], [-16.442669, 19.749911], [-16.442955, 19.749909], [-16.442943, 19.748553], [-16.443802, 19.748547], [-16.443799, 19.748276], [-16.442654, 19.748285], [-16.442657, 19.748556], [-16.44237, 19.748558], [-16.442365, 19.748016], [-16.442079, 19.748018], [-16.442084, 19.74856], [-16.441798, 19.748563], [-16.441803, 19.749105], [-16.441516, 19.749107], [-16.441514, 19.748836], [-16.440942, 19.748841], [-16.440944, 19.749112], [-16.439799, 19.749121], [-16.439801, 19.749392], [-16.439515, 19.749394], [-16.439518, 19.749665], [-16.439804, 19.749663], [-16.439806, 19.749934], [-16.440092, 19.749932], [-16.440095, 19.750203], [-16.440381, 19.7502], [-16.440384, 19.750471], [-16.441242, 19.750464], [-16.44124, 19.750193], [-16.441812, 19.750189], [-16.441815, 19.75046], [-16.441529, 19.750462], [-16.441533, 19.751004], [-16.442106, 19.751]]]}, "properties": {"layer": "meadow", "year": 2025, "sat": "S2A", "date": "2025-06-17", "area_ha": 6.21}}, {"type": "Feature", "geometry": {"type": "Polygon", "coordinates": [[[-16.283774, 19.748681], [-16.283765, 19.747597], [-16.283192, 19.747601], [-16.283194, 19.747872], [-16.283481, 19.74787], [-16.283483, 19.748141], [-16.283197, 19.748143], [-16.283199, 19.748414], [-16.283485, 19.748412], [-16.283487, 19.748683], [-16.283774, 19.748681]]]}, "properties": {"layer": "meadow", "year": 2025, "sat": "S2A", "date": "2025-06-17", "area_ha": 0.54}}, {"type": "Feature", "geometry": {"type": "Polygon", "coordinates": [[[-16.482129, 19.744981], [-16.482126, 19.74471], [-16.482412, 19.744708], [-16.48241, 19.744437], [-16.482696, 19.744434], [-16.482694, 19.744163], [-16.483552, 19.744156], [-16.48355, 19.743885], [-16.483836, 19.743883], [-16.483838, 19.744154], [-16.484983, 19.744144], [-16.484981, 19.743873], [-16.485267, 19.743871], [-16.485265, 19.7436], [-16.484978, 19.743602], [-16.484976, 19.743331], [-16.48469, 19.743334], [-16.484692, 19.743605], [-16.48412, 19.743609], [-16.484117, 19.743338], [-16.483545, 19.743343], [-16.483547, 19.743614], [-16.482689, 19.743621], [-16.482684, 19.743079], [-16.481539, 19.743089], [-16.481541, 19.74336], [-16.480969, 19.743364], [-16.480966, 19.743093], [-16.48068, 19.743096], [-16.480685, 19.743638], [-16.480399, 19.74364], [-16.480404, 19.744182], [-16.48069, 19.74418], [-16.480692, 19.744451], [-16.481265, 19.744446], [-16.481267, 19.744717], [-16.48184, 19.744712], [-16.481842, 19.744983], [-16.482129, 19.744981]], [[-16.482121, 19.744168], [-16.481835, 19.74417], [-16.48183, 19.743628], [-16.482116, 19.743626], [-16.482121, 19.744168]], [[-16.48126, 19.743904], [-16.480974, 19.743906], [-16.480971, 19.743635], [-16.481257, 19.743633], [-16.48126, 19.743904]]]}, "properties": {"layer": "meadow", "year": 2025, "sat": "S2A", "date": "2025-06-17", "area_ha": 5.04}}, {"type": "Feature", "geometry": {"type": "Polygon", "coordinates": [[[-16.480399, 19.74364], [-16.480396, 19.743369], [-16.48011, 19.743371], [-16.480107, 19.7431], [-16.480394, 19.743098], [-16.480391, 19.742827], [-16.479532, 19.742834], [-16.479537, 19.743376], [-16.479824, 19.743374], [-16.479826, 19.743645], [-16.480399, 19.74364]]]}, "properties": {"layer": "meadow", "year": 2025, "sat": "S2A", "date": "2025-06-17", "area_ha": 0.63}}, {"type": "Feature", "geometry": {"type": "Polygon", "coordinates": [[[-16.349903, 19.748466], [-16.349898, 19.747924], [-16.350185, 19.747922], [-16.35018, 19.74738], [-16.350466, 19.747377], [-16.350462, 19.746835], [-16.350748, 19.746833], [-16.350753, 19.747375], [-16.351039, 19.747373], [-16.351034, 19.746831], [-16.35132, 19.746829], [-16.351316, 19.746287], [-16.351602, 19.746285], [-16.3516, 19.746014], [-16.351886, 19.746012], [-16.351879, 19.745198], [-16.352166, 19.745196], [-16.352168, 19.745467], [-16.352454, 19.745465], [-16.352456, 19.745736], [-16.352743, 19.745734], [-16.352738, 19.745192], [-16.353024, 19.74519], [-16.353011, 19.743564], [-16.353297, 19.743561], [-16.353292, 19.743019], [-16.353006, 19.743022], [-16.353004, 19.74275], [-16.352718, 19.742753], [-16.35272, 19.743024], [-16.352434, 19.743026], [-16.352431, 19.742755], [-16.352145, 19.742757], [-16.352147, 19.743028], [-16.351861, 19.74303], [-16.351863, 19.743301], [-16.351577, 19.743303], [-16.351579, 19.743574], [-16.351293, 19.743577], [-16.351295, 19.743848], [-16.351009, 19.74385], [-16.351016, 19.744663], [-16.351588, 19.744659], [-16.351591, 19.74493], [-16.351304, 19.744932], [-16.351311, 19.745745], [-16.351025, 19.745747], [-16.351027, 19.746018], [-16.350741, 19.74602], [-16.350737, 19.745478], [-16.350164, 19.745482], [-16.350171, 19.746296], [-16.349885, 19.746298], [-16.349887, 19.746569], [-16.349601, 19.746571], [-16.349605, 19.747113], [-16.349891, 19.747111], [-16.349896, 19.747653], [-16.34961, 19.747655], [-16.349617, 19.748468], [-16.349903, 19.748466]], [[-16.352452, 19.745194], [-16.352166, 19.745196], [-16.352163, 19.744925], [-16.35245, 19.744923], [-16.352452, 19.745194]], [[-16.352727, 19.743837], [-16.35244, 19.743839], [-16.352436, 19.743297], [-16.352722, 19.743295], [-16.352727, 19.743837]]]}, "properties": {"layer": "meadow", "year": 2025, "sat": "S2A", "date": "2025-06-17", "area_ha": 8.1}}, {"type": "Feature", "geometry": {"type": "Polygon", "coordinates": [[[-16.286079, 19.750562], [-16.286072, 19.749749], [-16.286645, 19.749745], [-16.286643, 19.749474], [-16.287215, 19.74947], [-16.287217, 19.749741], [-16.28779, 19.749737], [-16.287788, 19.749466], [-16.287502, 19.749468], [-16.287499, 19.749197], [-16.287786, 19.749194], [-16.287781, 19.748652], [-16.288068, 19.74865], [-16.288065, 19.748379], [-16.288352, 19.748377], [-16.288354, 19.748648], [-16.28864, 19.748646], [-16.288636, 19.748104], [-16.288922, 19.748102], [-16.288918, 19.74756], [-16.289776, 19.747554], [-16.289779, 19.747825], [-16.290351, 19.747821], [-16.290349, 19.74755], [-16.290063, 19.747552], [-16.290061, 19.747281], [-16.289488, 19.747285], [-16.289484, 19.746743], [-16.290056, 19.746739], [-16.290054, 19.746468], [-16.289768, 19.74647], [-16.289763, 19.745928], [-16.289477, 19.74593], [-16.289475, 19.745659], [-16.289761, 19.745657], [-16.289757, 19.745114], [-16.289471, 19.745117], [-16.289468, 19.744846], [-16.289755, 19.744843], [-16.28975, 19.744301], [-16.290037, 19.744299], [-16.290034, 19.744028], [-16.289748, 19.74403], [-16.289746, 19.743759], [-16.290032, 19.743757], [-16.29003, 19.743486], [-16.290316, 19.743484], [-16.290314, 19.743213], [-16.290028, 19.743215], [-16.290023, 19.742673], [-16.289451, 19.742677], [-16.289449, 19.742406], [-16.288304, 19.742414], [-16.28831, 19.743228], [-16.287738, 19.743232], [-16.287736, 19.742961], [-16.287163, 19.742965], [-16.287161, 19.742694], [-16.286588, 19.742698], [-16.286591, 19.742969], [-16.286304, 19.742971], [-16.286302, 19.7427], [-16.286016, 19.742702], [-16.286014, 19.742431], [-16.285727, 19.742433], [-16.28573, 19.742704], [-16.285443, 19.742706], [-16.285439, 19.742164], [-16.284867, 19.742168], [-16.284871, 19.74271], [-16.284298, 19.742714], [-16.284296, 19.742443], [-16.28401, 19.742445], [-16.284006, 19.741903], [-16.283719, 19.741905], [-16.283721, 19.742176], [-16.283149, 19.74218], [-16.283153, 19.742722], [-16.282581, 19.742727], [-16.282583, 19.742998], [-16.282297, 19.743], [-16.282301, 19.743542], [-16.282015, 19.743544], [-16.282017, 19.743815], [-16.282589, 19.743811], [-16.282592, 19.744082], [-16.282878, 19.74408], [-16.28288, 19.744351], [-16.282594, 19.744353], [-16.282596, 19.744624], [-16.282023, 19.744628], [-16.282026, 19.744899], [-16.281739, 19.744901], [-16.281752, 19.746527], [-16.282039, 19.746525], [-16.282045, 19.747338], [-16.282331, 19.747336], [-16.282336, 19.747878], [-16.282908, 19.747874], [-16.282906, 19.747603], [-16.283192, 19.747601], [-16.28319, 19.74733], [-16.282904, 19.747332], [-16.282895, 19.746248], [-16.282323, 19.746252], [-16.282316, 19.745439], [-16.282602, 19.745437], [-16.282598, 19.744895], [-16.283171, 19.744891], [-16.283173, 19.745162], [-16.283459, 19.74516], [-16.283463, 19.745702], [-16.28375, 19.7457], [-16.283752, 19.745971], [-16.284611, 19.745965], [-16.284613, 19.746236], [-16.284899, 19.746234], [-16.284901, 19.746505], [-16.285187, 19.746503], [-16.285205, 19.748671], [-16.285491, 19.748669], [-16.285498, 19.749482], [-16.285784, 19.74948], [-16.285793, 19.750564], [-16.286079, 19.750562]], [[-16.288636, 19.748104], [-16.288349, 19.748106], [-16.288347, 19.747835], [-16.288634, 19.747833], [-16.288636, 19.748104]], [[-16.288913, 19.747018], [-16.288627, 19.74702], [-16.288625, 19.746749], [-16.288911, 19.746747], [-16.288913, 19.747018]], [[-16.288625, 19.746749], [-16.288339, 19.746751], [-16.288336, 19.74648], [-16.28805, 19.746482], [-16.288046, 19.74594], [-16.288618, 19.745936], [-16.28862, 19.746207], [-16.289479, 19.746201], [-16.289481, 19.746472], [-16.288623, 19.746478], [-16.288625, 19.746749]], [[-16.288052, 19.746753], [-16.287766, 19.746755], [-16.287764, 19.746484], [-16.28805, 19.746482], [-16.288052, 19.746753]], [[-16.288044, 19.745669], [-16.287757, 19.745671], [-16.287751, 19.744858], [-16.288037, 19.744856], [-16.288044, 19.745669]], [[-16.284036, 19.745698], [-16.28375, 19.7457], [-16.283743, 19.744887], [-16.283457, 19.744889], [-16.283453, 19.744347], [-16.283166, 19.744349], [-16.283162, 19.743807], [-16.282876, 19.743809], [-16.282871, 19.743267], [-16.283444, 19.743262], [-16.283446, 19.743533], [-16.283732, 19.743531], [-16.283741, 19.744616], [-16.284027, 19.744614], [-16.284029, 19.744885], [-16.284316, 19.744883], [-16.28432, 19.745425], [-16.284034, 19.745427], [-16.284036, 19.745698]], [[-16.287165, 19.743236], [-16.286879, 19.743238], [-16.286877, 19.742967], [-16.287163, 19.742965], [-16.287165, 19.743236]]]}, "properties": {"layer": "meadow", "year": 2025, "sat": "S2A", "date": "2025-06-17", "area_ha": 43.74}}, {"type": "Feature", "geometry": {"type": "Polygon", "coordinates": [[[-16.492109, 19.740833], [-16.492107, 19.740561], [-16.492393, 19.740559], [-16.49239, 19.740288], [-16.492677, 19.740286], [-16.492671, 19.739744], [-16.492099, 19.739748], [-16.492104, 19.74029], [-16.491818, 19.740293], [-16.491823, 19.740835], [-16.492109, 19.740833]]]}, "properties": {"layer": "meadow", "year": 2025, "sat": "S2A", "date": "2025-06-17", "area_ha": 0.63}}, {"type": "Feature", "geometry": {"type": "Polygon", "coordinates": [[[-16.295458, 19.742092], [-16.295456, 19.741821], [-16.295742, 19.741819], [-16.29574, 19.741548], [-16.295454, 19.74155], [-16.295451, 19.741279], [-16.294879, 19.741283], [-16.294881, 19.741554], [-16.294595, 19.741556], [-16.294599, 19.742098], [-16.295458, 19.742092]]]}, "properties": {"layer": "meadow", "year": 2025, "sat": "S2A", "date": "2025-06-17", "area_ha": 0.81}}, {"type": "Feature", "geometry": {"type": "Polygon", "coordinates": [[[-16.28458, 19.74217], [-16.284572, 19.741086], [-16.283999, 19.74109], [-16.283997, 19.740819], [-16.283711, 19.740821], [-16.283715, 19.741363], [-16.284287, 19.741359], [-16.284294, 19.742172], [-16.28458, 19.74217]]]}, "properties": {"layer": "meadow", "year": 2025, "sat": "S2A", "date": "2025-06-17", "area_ha": 0.63}}, {"type": "Feature", "geometry": {"type": "Polygon", "coordinates": [[[-16.329594, 19.750515], [-16.329592, 19.750244], [-16.330164, 19.75024], [-16.330162, 19.749969], [-16.330448, 19.749967], [-16.330446, 19.749696], [-16.330732, 19.749694], [-16.33073, 19.749423], [-16.331303, 19.749418], [-16.331305, 19.749689], [-16.331591, 19.749687], [-16.331593, 19.749958], [-16.33188, 19.749956], [-16.331882, 19.750227], [-16.332168, 19.750225], [-16.332164, 19.749683], [-16.331877, 19.749685], [-16.331875, 19.749414], [-16.331589, 19.749416], [-16.331587, 19.749145], [-16.3313, 19.749147], [-16.331296, 19.748605], [-16.330723, 19.748609], [-16.330721, 19.748338], [-16.331007, 19.748336], [-16.331003, 19.747794], [-16.330717, 19.747796], [-16.330714, 19.747525], [-16.331001, 19.747523], [-16.330996, 19.746981], [-16.331282, 19.746979], [-16.331273, 19.745895], [-16.330987, 19.745897], [-16.330985, 19.745626], [-16.330699, 19.745628], [-16.330694, 19.745086], [-16.330408, 19.745088], [-16.330397, 19.743733], [-16.330969, 19.743729], [-16.330967, 19.743458], [-16.331253, 19.743456], [-16.331246, 19.742642], [-16.331819, 19.742638], [-16.331817, 19.742367], [-16.332389, 19.742363], [-16.332382, 19.74155], [-16.332669, 19.741548], [-16.332666, 19.741277], [-16.332953, 19.741275], [-16.33295, 19.741003], [-16.332378, 19.741008], [-16.332376, 19.740737], [-16.331231, 19.740745], [-16.331228, 19.740474], [-16.330656, 19.740478], [-16.330654, 19.740207], [-16.330367, 19.74021], [-16.33037, 19.740481], [-16.330083, 19.740483], [-16.330086, 19.740754], [-16.330372, 19.740752], [-16.330379, 19.741565], [-16.330092, 19.741567], [-16.330095, 19.741838], [-16.329808, 19.74184], [-16.329806, 19.741569], [-16.32952, 19.741571], [-16.329518, 19.7413], [-16.329231, 19.741302], [-16.329229, 19.741031], [-16.328943, 19.741033], [-16.328947, 19.741575], [-16.328661, 19.741577], [-16.328659, 19.741306], [-16.328373, 19.741309], [-16.328375, 19.74158], [-16.328089, 19.741582], [-16.328093, 19.742124], [-16.327807, 19.742126], [-16.327802, 19.741584], [-16.327516, 19.741586], [-16.327514, 19.741315], [-16.327228, 19.741317], [-16.327225, 19.741046], [-16.326653, 19.74105], [-16.326655, 19.741321], [-16.326369, 19.741323], [-16.326373, 19.741865], [-16.326087, 19.741868], [-16.326089, 19.742139], [-16.325803, 19.742141], [-16.325808, 19.742683], [-16.325521, 19.742685], [-16.325524, 19.742956], [-16.325237, 19.742958], [-16.32524, 19.743229], [-16.325526, 19.743227], [-16.325528, 19.743498], [-16.326673, 19.74349], [-16.326675, 19.743761], [-16.326389, 19.743763], [-16.326398, 19.744847], [-16.326684, 19.744845], [-16.326687, 19.745116], [-16.327545, 19.745109], [-16.327548, 19.74538], [-16.327834, 19.745378], [-16.327836, 19.745649], [-16.328122, 19.745647], [-16.32812, 19.745376], [-16.328406, 19.745374], [-16.328404, 19.745103], [-16.32869, 19.745101], [-16.328704, 19.746727], [-16.328131, 19.746731], [-16.328127, 19.746189], [-16.327841, 19.746191], [-16.327843, 19.746462], [-16.326984, 19.746469], [-16.326979, 19.745927], [-16.326693, 19.745929], [-16.326698, 19.746471], [-16.326411, 19.746473], [-16.326409, 19.746202], [-16.325837, 19.746206], [-16.325832, 19.745664], [-16.325546, 19.745666], [-16.325544, 19.745395], [-16.325257, 19.745397], [-16.325255, 19.745126], [-16.324969, 19.745128], [-16.324978, 19.746213], [-16.325264, 19.746211], [-16.325266, 19.746482], [-16.32498, 19.746484], [-16.324987, 19.747297], [-16.324701, 19.747299], [-16.324705, 19.747841], [-16.324419, 19.747843], [-16.324421, 19.748114], [-16.324707, 19.748112], [-16.324712, 19.748654], [-16.325571, 19.748648], [-16.325568, 19.748377], [-16.325855, 19.748375], [-16.325852, 19.748104], [-16.326139, 19.748101], [-16.326141, 19.748372], [-16.326427, 19.74837], [-16.326429, 19.748641], [-16.327861, 19.748631], [-16.327863, 19.748902], [-16.328435, 19.748898], [-16.328444, 19.749982], [-16.328731, 19.74998], [-16.328735, 19.750522], [-16.329594, 19.750515]], [[-16.329871, 19.749429], [-16.329585, 19.749431], [-16.329583, 19.74916], [-16.329296, 19.749162], [-16.329294, 19.748891], [-16.329581, 19.748889], [-16.329572, 19.747805], [-16.329858, 19.747803], [-16.329856, 19.747532], [-16.329283, 19.747536], [-16.329281, 19.747265], [-16.33014, 19.747259], [-16.330142, 19.74753], [-16.330428, 19.747527], [-16.330433, 19.74807], [-16.330146, 19.748072], [-16.330155, 19.749156], [-16.329869, 19.749158], [-16.329871, 19.749429]], [[-16.329258, 19.744555], [-16.328972, 19.744557], [-16.32897, 19.744286], [-16.329256, 19.744284], [-16.329258, 19.744555]], [[-16.328686, 19.744559], [-16.328113, 19.744563], [-16.328111, 19.744292], [-16.327825, 19.744294], [-16.327823, 19.744023], [-16.328681, 19.744017], [-16.328686, 19.744559]], [[-16.328391, 19.743477], [-16.328104, 19.743479], [-16.3281, 19.742937], [-16.327527, 19.742941], [-16.327525, 19.74267], [-16.327811, 19.742668], [-16.327809, 19.742397], [-16.328095, 19.742395], [-16.328098, 19.742666], [-16.328384, 19.742664], [-16.328391, 19.743477]]]}, "properties": {"layer": "meadow", "year": 2025, "sat": "S2A", "date": "2025-06-17", "area_ha": 47.43}}, {"type": "Feature", "geometry": {"type": "Polygon", "coordinates": [[[-16.49238, 19.739204], [-16.492378, 19.738933], [-16.492664, 19.738931], [-16.492659, 19.738389], [-16.493231, 19.738384], [-16.493224, 19.737571], [-16.492938, 19.737573], [-16.49294, 19.737844], [-16.492654, 19.737847], [-16.492656, 19.738118], [-16.49237, 19.73812], [-16.492375, 19.738662], [-16.492089, 19.738664], [-16.492094, 19.739206], [-16.49238, 19.739204]]]}, "properties": {"layer": "meadow", "year": 2025, "sat": "S2A", "date": "2025-06-17", "area_ha": 0.9}}, {"type": "Feature", "geometry": {"type": "Polygon", "coordinates": [[[-16.282015, 19.743544], [-16.282, 19.741646], [-16.281713, 19.741648], [-16.281711, 19.741377], [-16.281997, 19.741375], [-16.281993, 19.740833], [-16.282279, 19.740831], [-16.282269, 19.739476], [-16.281982, 19.739478], [-16.28198, 19.739207], [-16.281408, 19.739211], [-16.281414, 19.740024], [-16.2817, 19.740022], [-16.281707, 19.740835], [-16.281421, 19.740837], [-16.281418, 19.740566], [-16.281132, 19.740568], [-16.281134, 19.740839], [-16.280848, 19.740842], [-16.28085, 19.741113], [-16.280564, 19.741115], [-16.28056, 19.740573], [-16.280273, 19.740575], [-16.280276, 19.740846], [-16.279989, 19.740848], [-16.279987, 19.740577], [-16.279701, 19.740579], [-16.279699, 19.740308], [-16.279413, 19.74031], [-16.27941, 19.740039], [-16.279983, 19.740035], [-16.279979, 19.739492], [-16.279692, 19.739495], [-16.279694, 19.739766], [-16.279408, 19.739768], [-16.279404, 19.739226], [-16.278831, 19.73923], [-16.278834, 19.739501], [-16.278547, 19.739503], [-16.278556, 19.740587], [-16.278842, 19.740585], [-16.278844, 19.740856], [-16.279131, 19.740854], [-16.279133, 19.741125], [-16.279419, 19.741123], [-16.279421, 19.741394], [-16.279707, 19.741392], [-16.279705, 19.741121], [-16.279992, 19.741119], [-16.28, 19.742203], [-16.280573, 19.742199], [-16.280575, 19.74247], [-16.281147, 19.742466], [-16.281152, 19.743008], [-16.281438, 19.743006], [-16.281436, 19.742735], [-16.281722, 19.742733], [-16.281729, 19.743546], [-16.282015, 19.743544]], [[-16.280566, 19.741386], [-16.28028, 19.741388], [-16.280278, 19.741117], [-16.280564, 19.741115], [-16.280566, 19.741386]]]}, "properties": {"layer": "meadow", "year": 2025, "sat": "S2A", "date": "2025-06-17", "area_ha": 7.74}}, {"type": "Feature", "geometry": {"type": "Polygon", "coordinates": [[[-16.319195, 19.739208], [-16.31919, 19.738666], [-16.319477, 19.738664], [-16.319474, 19.738393], [-16.319761, 19.738391], [-16.319758, 19.73812], [-16.318613, 19.738128], [-16.318618, 19.73867], [-16.318332, 19.738672], [-16.318336, 19.739214], [-16.319195, 19.739208]]]}, "properties": {"layer": "meadow", "year": 2025, "sat": "S2A", "date": "2025-06-17", "area_ha": 1.17}}, {"type": "Feature", "geometry": {"type": "Polygon", "coordinates": [[[-16.311471, 19.739807], [-16.311468, 19.739536], [-16.311755, 19.739534], [-16.311752, 19.739263], [-16.312325, 19.739258], [-16.312318, 19.738445], [-16.312604, 19.738443], [-16.312602, 19.738172], [-16.31203, 19.738176], [-16.312036, 19.738989], [-16.311464, 19.738994], [-16.311466, 19.739265], [-16.31118, 19.739267], [-16.311184, 19.739809], [-16.311471, 19.739807]]]}, "properties": {"layer": "meadow", "year": 2025, "sat": "S2A", "date": "2025-06-17", "area_ha": 0.9}}, {"type": "Feature", "geometry": {"type": "Polygon", "coordinates": [[[-16.316614, 19.738685], [-16.316612, 19.738414], [-16.317184, 19.73841], [-16.317182, 19.738139], [-16.317755, 19.738134], [-16.317752, 19.737863], [-16.318611, 19.737857], [-16.318609, 19.737586], [-16.318895, 19.737584], [-16.318897, 19.737855], [-16.319184, 19.737853], [-16.319179, 19.737311], [-16.31832, 19.737317], [-16.318323, 19.737588], [-16.317464, 19.737594], [-16.317466, 19.737865], [-16.316894, 19.73787], [-16.316891, 19.737599], [-16.316605, 19.737601], [-16.316607, 19.737872], [-16.315462, 19.73788], [-16.315467, 19.738422], [-16.315753, 19.73842], [-16.315755, 19.738691], [-16.316614, 19.738685]]]}, "properties": {"layer": "meadow", "year": 2025, "sat": "S2A", "date": "2025-06-17", "area_ha": 2.34}}, {"type": "Feature", "geometry": {"type": "Polygon", "coordinates": [[[-16.493796, 19.737566], [-16.493791, 19.737024], [-16.494077, 19.737022], [-16.494075, 19.736751], [-16.494361, 19.736748], [-16.494356, 19.736206], [-16.494642, 19.736204], [-16.49464, 19.735933], [-16.494067, 19.735938], [-16.49407, 19.736209], [-16.493784, 19.736211], [-16.493789, 19.736753], [-16.493502, 19.736755], [-16.493505, 19.737026], [-16.493219, 19.737029], [-16.493224, 19.737571], [-16.493796, 19.737566]]]}, "properties": {"layer": "meadow", "year": 2025, "sat": "S2A", "date": "2025-06-17", "area_ha": 1.08}}, {"type": "Feature", "geometry": {"type": "Polygon", "coordinates": [[[-16.310885, 19.738185], [-16.31088, 19.737643], [-16.312312, 19.737632], [-16.312309, 19.737361], [-16.312023, 19.737363], [-16.312021, 19.737092], [-16.311448, 19.737096], [-16.311451, 19.737367], [-16.310592, 19.737374], [-16.310594, 19.737645], [-16.310308, 19.737647], [-16.31031, 19.737918], [-16.310024, 19.73792], [-16.310026, 19.738191], [-16.310885, 19.738185]]]}, "properties": {"layer": "meadow", "year": 2025, "sat": "S2A", "date": "2025-06-17", "area_ha": 1.17}}, {"type": "Feature", "geometry": {"type": "Polygon", "coordinates": [[[-16.295792, 19.748053], [-16.29579, 19.747781], [-16.296076, 19.747779], [-16.296074, 19.747508], [-16.297219, 19.7475], [-16.297217, 19.747229], [-16.297503, 19.747227], [-16.297499, 19.746685], [-16.298072, 19.746681], [-16.298069, 19.74641], [-16.298642, 19.746406], [-16.29864, 19.746135], [-16.298926, 19.746132], [-16.298917, 19.745048], [-16.299203, 19.745046], [-16.299201, 19.744775], [-16.299488, 19.744773], [-16.299485, 19.744502], [-16.299772, 19.7445], [-16.299767, 19.743958], [-16.300053, 19.743956], [-16.300051, 19.743685], [-16.300338, 19.743683], [-16.300335, 19.743412], [-16.300622, 19.74341], [-16.300619, 19.743139], [-16.300906, 19.743136], [-16.300901, 19.742594], [-16.301187, 19.742592], [-16.301185, 19.742321], [-16.301472, 19.742319], [-16.301467, 19.741777], [-16.301753, 19.741775], [-16.301756, 19.742046], [-16.302614, 19.74204], [-16.302612, 19.741769], [-16.303471, 19.741763], [-16.303469, 19.741492], [-16.3049, 19.741481], [-16.304898, 19.74121], [-16.305184, 19.741208], [-16.305182, 19.740937], [-16.306041, 19.740931], [-16.306043, 19.741202], [-16.306329, 19.7412], [-16.306333, 19.741742], [-16.30662, 19.74174], [-16.306622, 19.742011], [-16.306908, 19.742009], [-16.306906, 19.741738], [-16.307192, 19.741735], [-16.30719, 19.741464], [-16.307476, 19.741462], [-16.307472, 19.74092], [-16.307758, 19.740918], [-16.307756, 19.740647], [-16.308042, 19.740645], [-16.30804, 19.740374], [-16.308326, 19.740372], [-16.308322, 19.73983], [-16.308894, 19.739826], [-16.30889, 19.739284], [-16.309462, 19.739279], [-16.30946, 19.739008], [-16.309746, 19.739006], [-16.309744, 19.738735], [-16.308885, 19.738741], [-16.308883, 19.73847], [-16.309169, 19.738468], [-16.309167, 19.738197], [-16.30974, 19.738193], [-16.309738, 19.737922], [-16.310024, 19.73792], [-16.310019, 19.737378], [-16.310306, 19.737376], [-16.310303, 19.737105], [-16.309731, 19.737109], [-16.309733, 19.73738], [-16.308588, 19.737388], [-16.30859, 19.737659], [-16.308877, 19.737657], [-16.308881, 19.738199], [-16.308022, 19.738206], [-16.308025, 19.738477], [-16.307452, 19.738481], [-16.307454, 19.738752], [-16.306595, 19.738758], [-16.306598, 19.739029], [-16.306311, 19.739031], [-16.306309, 19.73876], [-16.306023, 19.738762], [-16.306025, 19.739033], [-16.305739, 19.739035], [-16.305737, 19.738764], [-16.30545, 19.738767], [-16.305448, 19.738495], [-16.305162, 19.738498], [-16.305164, 19.738769], [-16.304019, 19.738777], [-16.304021, 19.739048], [-16.303735, 19.73905], [-16.303737, 19.739321], [-16.303451, 19.739323], [-16.303456, 19.739865], [-16.302597, 19.739872], [-16.302595, 19.7396], [-16.302022, 19.739605], [-16.302024, 19.739876], [-16.301738, 19.739878], [-16.30174, 19.740149], [-16.300023, 19.740161], [-16.300025, 19.740432], [-16.299166, 19.740439], [-16.299168, 19.74071], [-16.298596, 19.740714], [-16.298598, 19.740985], [-16.297739, 19.740991], [-16.297741, 19.741262], [-16.298028, 19.74126], [-16.29803, 19.741531], [-16.297744, 19.741533], [-16.297746, 19.741804], [-16.297173, 19.741808], [-16.297176, 19.742079], [-16.296603, 19.742083], [-16.296601, 19.741812], [-16.296315, 19.741814], [-16.296312, 19.741543], [-16.296026, 19.741546], [-16.296031, 19.742088], [-16.295458, 19.742092], [-16.295462, 19.742634], [-16.295749, 19.742632], [-16.295753, 19.743174], [-16.295467, 19.743176], [-16.295471, 19.743718], [-16.294899, 19.743722], [-16.294905, 19.744535], [-16.294619, 19.744537], [-16.294621, 19.744808], [-16.294049, 19.744812], [-16.294044, 19.74427], [-16.293472, 19.744275], [-16.293467, 19.743732], [-16.293754, 19.74373], [-16.293749, 19.743188], [-16.293463, 19.74319], [-16.293461, 19.742919], [-16.293747, 19.742917], [-16.293743, 19.742375], [-16.293456, 19.742377], [-16.293454, 19.742106], [-16.292882, 19.74211], [-16.292884, 19.742381], [-16.292598, 19.742383], [-16.2926, 19.742654], [-16.292314, 19.742657], [-16.292316, 19.742928], [-16.292029, 19.74293], [-16.292027, 19.742659], [-16.291741, 19.742661], [-16.291732, 19.741577], [-16.291446, 19.741579], [-16.291444, 19.741308], [-16.290871, 19.741312], [-16.290874, 19.741583], [-16.290015, 19.741589], [-16.290017, 19.74186], [-16.290303, 19.741858], [-16.290305, 19.742129], [-16.290592, 19.742127], [-16.290596, 19.742669], [-16.290882, 19.742667], [-16.290884, 19.742938], [-16.291457, 19.742934], [-16.291459, 19.743205], [-16.291745, 19.743203], [-16.29175, 19.743745], [-16.291463, 19.743747], [-16.291466, 19.744018], [-16.291179, 19.74402], [-16.291182, 19.744291], [-16.291468, 19.744289], [-16.29147, 19.74456], [-16.290898, 19.744564], [-16.290895, 19.744293], [-16.290609, 19.744295], [-16.290613, 19.744837], [-16.290041, 19.744841], [-16.290045, 19.745383], [-16.290904, 19.745377], [-16.290902, 19.745106], [-16.291188, 19.745104], [-16.291186, 19.744833], [-16.291472, 19.744831], [-16.291477, 19.745373], [-16.291763, 19.745371], [-16.291761, 19.7451], [-16.292047, 19.745098], [-16.292049, 19.745369], [-16.292335, 19.745367], [-16.292338, 19.745638], [-16.29291, 19.745634], [-16.292912, 19.745905], [-16.293485, 19.745901], [-16.293489, 19.746443], [-16.293203, 19.746445], [-16.293205, 19.746716], [-16.293491, 19.746714], [-16.293498, 19.747527], [-16.29407, 19.747523], [-16.294073, 19.747794], [-16.294931, 19.747788], [-16.294934, 19.748059], [-16.295792, 19.748053]], [[-16.298069, 19.74641], [-16.297783, 19.746412], [-16.297779, 19.74587], [-16.298065, 19.745868], [-16.298069, 19.74641]], [[-16.296636, 19.746149], [-16.29635, 19.746151], [-16.296347, 19.74588], [-16.295775, 19.745884], [-16.29577, 19.745342], [-16.295484, 19.745344], [-16.295478, 19.744531], [-16.295764, 19.744529], [-16.295766, 19.7448], [-16.296339, 19.744796], [-16.296343, 19.745338], [-16.296629, 19.745336], [-16.296636, 19.746149]], [[-16.297202, 19.745332], [-16.296916, 19.745334], [-16.296913, 19.745063], [-16.2972, 19.745061], [-16.297202, 19.745332]], [[-16.292327, 19.744283], [-16.291754, 19.744287], [-16.291752, 19.744016], [-16.292324, 19.744012], [-16.292327, 19.744283]], [[-16.290878, 19.742125], [-16.290592, 19.742127], [-16.290589, 19.741856], [-16.290876, 19.741854], [-16.290878, 19.742125]]]}, "properties": {"layer": "meadow", "year": 2025, "sat": "S2A", "date": "2025-06-17", "area_ha": 70.56}}, {"type": "Feature", "geometry": {"type": "Polygon", "coordinates": [[[-16.333518, 19.740457], [-16.333516, 19.740186], [-16.334089, 19.740182], [-16.334084, 19.73964], [-16.334657, 19.739636], [-16.334654, 19.739364], [-16.335227, 19.73936], [-16.335222, 19.738818], [-16.335509, 19.738816], [-16.3355, 19.737732], [-16.335786, 19.73773], [-16.335784, 19.737459], [-16.33607, 19.737457], [-16.336065, 19.736915], [-16.335779, 19.736917], [-16.335777, 19.736646], [-16.335491, 19.736648], [-16.335488, 19.736377], [-16.335202, 19.736379], [-16.3352, 19.736108], [-16.334341, 19.736114], [-16.334339, 19.735843], [-16.332621, 19.735856], [-16.332624, 19.736127], [-16.332337, 19.736129], [-16.33234, 19.7364], [-16.332053, 19.736402], [-16.332056, 19.736673], [-16.331483, 19.736678], [-16.331474, 19.735593], [-16.330902, 19.735598], [-16.330904, 19.735869], [-16.330332, 19.735873], [-16.330336, 19.736415], [-16.33005, 19.736417], [-16.330052, 19.736688], [-16.329766, 19.73669], [-16.32977, 19.737232], [-16.329484, 19.737235], [-16.329486, 19.737506], [-16.3292, 19.737508], [-16.329207, 19.738321], [-16.329779, 19.738317], [-16.329781, 19.738588], [-16.330354, 19.738583], [-16.330356, 19.738854], [-16.330642, 19.738852], [-16.33064, 19.738581], [-16.331213, 19.738577], [-16.33121, 19.738306], [-16.331497, 19.738304], [-16.331492, 19.737762], [-16.332065, 19.737757], [-16.332074, 19.738842], [-16.33236, 19.738839], [-16.332364, 19.739382], [-16.332078, 19.739384], [-16.332076, 19.739113], [-16.331503, 19.739117], [-16.33151, 19.73993], [-16.331224, 19.739932], [-16.331226, 19.740203], [-16.331799, 19.740199], [-16.331801, 19.74047], [-16.332087, 19.740468], [-16.332085, 19.740197], [-16.33323, 19.740188], [-16.333232, 19.740459], [-16.333518, 19.740457]], [[-16.334645, 19.73828], [-16.333787, 19.738287], [-16.333782, 19.737745], [-16.334927, 19.737736], [-16.334929, 19.738007], [-16.334643, 19.738009], [-16.334645, 19.73828]]]}, "properties": {"layer": "meadow", "year": 2025, "sat": "S2A", "date": "2025-06-17", "area_ha": 22.41}}, {"type": "Feature", "geometry": {"type": "Polygon", "coordinates": [[[-16.279107, 19.737872], [-16.279105, 19.737601], [-16.279391, 19.737599], [-16.279384, 19.736786], [-16.279671, 19.736784], [-16.279669, 19.736513], [-16.279955, 19.736511], [-16.279957, 19.736782], [-16.280529, 19.736778], [-16.280527, 19.736507], [-16.280241, 19.736509], [-16.280239, 19.736238], [-16.279953, 19.73624], [-16.27995, 19.735969], [-16.279378, 19.735973], [-16.279374, 19.735431], [-16.279087, 19.735433], [-16.27909, 19.735704], [-16.278803, 19.735706], [-16.278805, 19.735977], [-16.279092, 19.735975], [-16.279094, 19.736246], [-16.278808, 19.736248], [-16.278814, 19.737061], [-16.2791, 19.737059], [-16.279103, 19.73733], [-16.278816, 19.737332], [-16.278821, 19.737874], [-16.279107, 19.737872]]]}, "properties": {"layer": "meadow", "year": 2025, "sat": "S2A", "date": "2025-06-17", "area_ha": 1.98}}, {"type": "Feature", "geometry": {"type": "Polygon", "coordinates": [[[-16.354953, 19.736231], [-16.354948, 19.735688], [-16.355234, 19.735686], [-16.35523, 19.735144], [-16.355516, 19.735142], [-16.355511, 19.7346], [-16.355225, 19.734602], [-16.355227, 19.734873], [-16.354941, 19.734875], [-16.354943, 19.735146], [-16.354657, 19.735149], [-16.354666, 19.736233], [-16.354953, 19.736231]]]}, "properties": {"layer": "meadow", "year": 2025, "sat": "S2A", "date": "2025-06-17", "area_ha": 0.81}}, {"type": "Feature", "geometry": {"type": "Polygon", "coordinates": [[[-16.355218, 19.733789], [-16.355214, 19.733247], [-16.3555, 19.733245], [-16.355495, 19.732703], [-16.354923, 19.732707], [-16.354927, 19.733249], [-16.354641, 19.733251], [-16.354644, 19.733522], [-16.35493, 19.73352], [-16.354932, 19.733791], [-16.355218, 19.733789]]]}, "properties": {"layer": "meadow", "year": 2025, "sat": "S2A", "date": "2025-06-17", "area_ha": 0.63}}, {"type": "Feature", "geometry": {"type": "Polygon", "coordinates": [[[-16.495483, 19.734299], [-16.495478, 19.733757], [-16.495764, 19.733755], [-16.495762, 19.733484], [-16.496048, 19.733482], [-16.496043, 19.73294], [-16.496329, 19.732937], [-16.496324, 19.732395], [-16.49661, 19.732393], [-16.496605, 19.731851], [-16.496892, 19.731848], [-16.496889, 19.731577], [-16.497175, 19.731575], [-16.497165, 19.730491], [-16.497451, 19.730489], [-16.497449, 19.730218], [-16.497735, 19.730215], [-16.49773, 19.729673], [-16.498016, 19.729671], [-16.498011, 19.729129], [-16.498297, 19.729126], [-16.498295, 19.728855], [-16.498581, 19.728853], [-16.498574, 19.72804], [-16.498001, 19.728045], [-16.498006, 19.728587], [-16.49772, 19.728589], [-16.497722, 19.72886], [-16.497436, 19.728862], [-16.497446, 19.729947], [-16.49716, 19.729949], [-16.497163, 19.73022], [-16.496876, 19.730222], [-16.496882, 19.730764], [-16.496595, 19.730767], [-16.4966, 19.731309], [-16.496314, 19.731311], [-16.496317, 19.731582], [-16.49603, 19.731585], [-16.496036, 19.732127], [-16.495749, 19.732129], [-16.495759, 19.733213], [-16.495473, 19.733215], [-16.495476, 19.733486], [-16.495189, 19.733489], [-16.495197, 19.734302], [-16.495483, 19.734299]]]}, "properties": {"layer": "meadow", "year": 2025, "sat": "S2A", "date": "2025-06-17", "area_ha": 4.14}}, {"type": "Feature", "geometry": {"type": "Polygon", "coordinates": [[[-16.330859, 19.730448], [-16.330846, 19.728822], [-16.330273, 19.728826], [-16.330275, 19.729097], [-16.329989, 19.729099], [-16.33, 19.730454], [-16.330859, 19.730448]]]}, "properties": {"layer": "meadow", "year": 2025, "sat": "S2A", "date": "2025-06-17", "area_ha": 1.53}}, {"type": "Feature", "geometry": {"type": "Polygon", "coordinates": [[[-16.333467, 19.734223], [-16.333464, 19.733952], [-16.334037, 19.733948], [-16.334035, 19.733677], [-16.334607, 19.733673], [-16.3346, 19.73286], [-16.334887, 19.732858], [-16.334884, 19.732586], [-16.335171, 19.732584], [-16.335164, 19.731771], [-16.33545, 19.731769], [-16.335443, 19.730956], [-16.33573, 19.730954], [-16.335727, 19.730683], [-16.336013, 19.730681], [-16.336009, 19.730139], [-16.336295, 19.730137], [-16.336288, 19.729323], [-16.336575, 19.729321], [-16.33657, 19.728779], [-16.336284, 19.728781], [-16.336279, 19.728239], [-16.335993, 19.728241], [-16.335989, 19.727699], [-16.335416, 19.727704], [-16.335418, 19.727975], [-16.335132, 19.727977], [-16.335139, 19.72879], [-16.334853, 19.728792], [-16.33486, 19.729605], [-16.334573, 19.729607], [-16.334578, 19.730149], [-16.334292, 19.730151], [-16.334298, 19.730965], [-16.334012, 19.730967], [-16.334017, 19.731509], [-16.33373, 19.731511], [-16.333735, 19.732053], [-16.333449, 19.732055], [-16.333453, 19.732597], [-16.333167, 19.732599], [-16.333169, 19.73287], [-16.332883, 19.732872], [-16.332887, 19.733415], [-16.332601, 19.733417], [-16.332606, 19.733959], [-16.333178, 19.733954], [-16.33318, 19.734225], [-16.333467, 19.734223]]]}, "properties": {"layer": "meadow", "year": 2025, "sat": "S2A", "date": "2025-06-17", "area_ha": 11.07}}, {"type": "Feature", "geometry": {"type": "Polygon", "coordinates": [[[-16.499703, 19.726404], [-16.499701, 19.726133], [-16.499987, 19.726131], [-16.499984, 19.72586], [-16.500843, 19.725853], [-16.500838, 19.725311], [-16.501124, 19.725308], [-16.501119, 19.724766], [-16.500833, 19.724768], [-16.50083, 19.724497], [-16.500544, 19.7245], [-16.500547, 19.724771], [-16.50026, 19.724773], [-16.500263, 19.725044], [-16.499977, 19.725047], [-16.499979, 19.725318], [-16.499693, 19.72532], [-16.499698, 19.725862], [-16.499412, 19.725865], [-16.499417, 19.726407], [-16.499703, 19.726404]]]}, "properties": {"layer": "meadow", "year": 2025, "sat": "S2A", "date": "2025-06-17", "area_ha": 1.71}}, {"type": "Feature", "geometry": {"type": "Polygon", "coordinates": [[[-16.33712, 19.726065], [-16.337113, 19.725251], [-16.336541, 19.725256], [-16.336548, 19.726069], [-16.33712, 19.726065]]]}, "properties": {"layer": "meadow", "year": 2025, "sat": "S2A", "date": "2025-06-17", "area_ha": 0.54}}, {"type": "Feature", "geometry": {"type": "Polygon", "coordinates": [[[-16.334474, 19.717682], [-16.334472, 19.717411], [-16.335044, 19.717406], [-16.335042, 19.717135], [-16.33447, 19.71714], [-16.334468, 19.716869], [-16.334181, 19.716871], [-16.334184, 19.717142], [-16.333897, 19.717144], [-16.333902, 19.717686], [-16.334474, 19.717682]]]}, "properties": {"layer": "meadow", "year": 2025, "sat": "S2A", "date": "2025-06-17", "area_ha": 0.63}}, {"type": "Feature", "geometry": {"type": "Polygon", "coordinates": [[[-16.336471, 19.716854], [-16.336464, 19.716041], [-16.335892, 19.716045], [-16.33589, 19.715774], [-16.335317, 19.715778], [-16.335322, 19.71632], [-16.335608, 19.716318], [-16.33561, 19.716589], [-16.336183, 19.716585], [-16.336185, 19.716856], [-16.336471, 19.716854]]]}, "properties": {"layer": "meadow", "year": 2025, "sat": "S2A", "date": "2025-06-17", "area_ha": 0.9}}, {"type": "Feature", "geometry": {"type": "Polygon", "coordinates": [[[-16.334754, 19.716866], [-16.334749, 19.716324], [-16.335035, 19.716322], [-16.335031, 19.71578], [-16.334459, 19.715784], [-16.334468, 19.716869], [-16.334754, 19.716866]]]}, "properties": {"layer": "meadow", "year": 2025, "sat": "S2A", "date": "2025-06-17", "area_ha": 0.54}}, {"type": "Feature", "geometry": {"type": "Polygon", "coordinates": [[[-16.335024, 19.714967], [-16.335022, 19.714696], [-16.335594, 19.714692], [-16.335583, 19.713337], [-16.335869, 19.713334], [-16.335867, 19.713063], [-16.336153, 19.713061], [-16.336149, 19.712519], [-16.335576, 19.712523], [-16.335581, 19.713066], [-16.335295, 19.713068], [-16.335299, 19.71361], [-16.335013, 19.713612], [-16.33502, 19.714425], [-16.334734, 19.714427], [-16.334738, 19.714969], [-16.335024, 19.714967]]]}, "properties": {"layer": "meadow", "year": 2025, "sat": "S2A", "date": "2025-06-17", "area_ha": 1.53}}, {"type": "Feature", "geometry": {"type": "Polygon", "coordinates": [[[-16.343894, 19.71463], [-16.343892, 19.714359], [-16.344178, 19.714357], [-16.344176, 19.714086], [-16.344462, 19.714083], [-16.344458, 19.713541], [-16.344744, 19.713539], [-16.344741, 19.713268], [-16.344169, 19.713272], [-16.344165, 19.71273], [-16.344737, 19.712726], [-16.344735, 19.712455], [-16.343876, 19.712461], [-16.343878, 19.712733], [-16.343592, 19.712735], [-16.343601, 19.713819], [-16.343315, 19.713821], [-16.34332, 19.714363], [-16.343606, 19.714361], [-16.343608, 19.714632], [-16.343894, 19.71463]]]}, "properties": {"layer": "meadow", "year": 2025, "sat": "S2A", "date": "2025-06-17", "area_ha": 1.98}}, {"type": "Feature", "geometry": {"type": "Polygon", "coordinates": [[[-16.503925, 19.71878], [-16.503923, 19.718509], [-16.504495, 19.718504], [-16.504493, 19.718233], [-16.504779, 19.718231], [-16.504776, 19.71796], [-16.505062, 19.717957], [-16.50506, 19.717686], [-16.505346, 19.717684], [-16.505341, 19.717142], [-16.505913, 19.717137], [-16.505908, 19.716595], [-16.506194, 19.716592], [-16.506177, 19.714695], [-16.506463, 19.714693], [-16.506458, 19.714151], [-16.506744, 19.714148], [-16.506739, 19.713606], [-16.507025, 19.713604], [-16.507022, 19.713333], [-16.507309, 19.713331], [-16.507301, 19.712518], [-16.507587, 19.712515], [-16.50758, 19.711702], [-16.507866, 19.7117], [-16.507861, 19.711158], [-16.508147, 19.711155], [-16.508144, 19.710884], [-16.507572, 19.710889], [-16.507569, 19.710618], [-16.507283, 19.71062], [-16.507281, 19.710349], [-16.506136, 19.710359], [-16.506139, 19.71063], [-16.505566, 19.710635], [-16.505571, 19.711177], [-16.504713, 19.711184], [-16.50471, 19.710913], [-16.504138, 19.710918], [-16.504135, 19.710647], [-16.504422, 19.710644], [-16.504419, 19.710373], [-16.50585, 19.710361], [-16.505845, 19.709819], [-16.505559, 19.709822], [-16.505551, 19.709009], [-16.505837, 19.709006], [-16.50584, 19.709277], [-16.506412, 19.709273], [-16.506407, 19.708731], [-16.506693, 19.708728], [-16.506688, 19.708186], [-16.50726, 19.708181], [-16.507255, 19.707639], [-16.506969, 19.707642], [-16.506967, 19.707371], [-16.50668, 19.707373], [-16.506686, 19.707915], [-16.506399, 19.707918], [-16.506389, 19.706833], [-16.506675, 19.706831], [-16.506673, 19.70656], [-16.506959, 19.706558], [-16.506962, 19.706829], [-16.507248, 19.706826], [-16.507243, 19.706284], [-16.506956, 19.706287], [-16.506951, 19.705745], [-16.507524, 19.70574], [-16.507521, 19.705469], [-16.507235, 19.705471], [-16.507232, 19.7052], [-16.506946, 19.705203], [-16.506941, 19.704661], [-16.506369, 19.704665], [-16.506366, 19.704394], [-16.506653, 19.704392], [-16.50665, 19.704121], [-16.506078, 19.704126], [-16.506073, 19.703584], [-16.506359, 19.703581], [-16.506361, 19.703852], [-16.506647, 19.70385], [-16.506645, 19.703579], [-16.506931, 19.703576], [-16.506926, 19.703034], [-16.507212, 19.703032], [-16.507207, 19.70249], [-16.506921, 19.702492], [-16.506916, 19.70195], [-16.507202, 19.701948], [-16.507199, 19.701677], [-16.506913, 19.701679], [-16.506906, 19.700866], [-16.507764, 19.700859], [-16.507767, 19.70113], [-16.508053, 19.701128], [-16.508048, 19.700586], [-16.507762, 19.700588], [-16.507757, 19.700046], [-16.507184, 19.700051], [-16.507182, 19.69978], [-16.507468, 19.699777], [-16.50746, 19.698964], [-16.507174, 19.698967], [-16.507172, 19.698696], [-16.507458, 19.698693], [-16.507453, 19.698151], [-16.507166, 19.698154], [-16.507164, 19.697883], [-16.506878, 19.697885], [-16.506865, 19.69653], [-16.506579, 19.696532], [-16.506564, 19.694906], [-16.506278, 19.694909], [-16.506273, 19.694367], [-16.505986, 19.694369], [-16.505981, 19.693827], [-16.505409, 19.693832], [-16.505396, 19.692477], [-16.50511, 19.692479], [-16.505108, 19.692208], [-16.504822, 19.692211], [-16.504819, 19.69194], [-16.504533, 19.691942], [-16.504525, 19.691129], [-16.504239, 19.691131], [-16.504237, 19.69086], [-16.50395, 19.690863], [-16.503948, 19.690592], [-16.503376, 19.690597], [-16.503386, 19.691681], [-16.503672, 19.691678], [-16.503674, 19.691949], [-16.503388, 19.691952], [-16.503393, 19.692494], [-16.503107, 19.692496], [-16.503115, 19.693309], [-16.503401, 19.693307], [-16.503396, 19.692765], [-16.503682, 19.692762], [-16.503687, 19.693304], [-16.503973, 19.693302], [-16.503981, 19.694115], [-16.503695, 19.694117], [-16.503712, 19.696014], [-16.503999, 19.696012], [-16.504006, 19.696825], [-16.504292, 19.696823], [-16.5043, 19.697636], [-16.504586, 19.697633], [-16.504591, 19.698175], [-16.504877, 19.698173], [-16.504882, 19.698715], [-16.505168, 19.698713], [-16.505171, 19.698984], [-16.504885, 19.698986], [-16.50489, 19.699528], [-16.504604, 19.69953], [-16.504611, 19.700343], [-16.504898, 19.700341], [-16.504908, 19.701425], [-16.504622, 19.701428], [-16.504629, 19.702241], [-16.504343, 19.702243], [-16.504353, 19.703327], [-16.504067, 19.703329], [-16.504075, 19.704143], [-16.503788, 19.704145], [-16.503798, 19.705229], [-16.503512, 19.705231], [-16.503517, 19.705773], [-16.503231, 19.705776], [-16.503236, 19.706318], [-16.50295, 19.70632], [-16.502953, 19.706591], [-16.503239, 19.706589], [-16.503249, 19.707673], [-16.503535, 19.707671], [-16.50354, 19.708213], [-16.503254, 19.708215], [-16.503259, 19.708757], [-16.502401, 19.708764], [-16.502413, 19.710119], [-16.502699, 19.710117], [-16.502704, 19.710659], [-16.503277, 19.710654], [-16.503279, 19.710925], [-16.503566, 19.710923], [-16.503568, 19.711194], [-16.503854, 19.711191], [-16.503859, 19.711733], [-16.503573, 19.711736], [-16.503583, 19.71282], [-16.504156, 19.712815], [-16.504166, 19.713899], [-16.50388, 19.713901], [-16.503885, 19.714444], [-16.503598, 19.714446], [-16.503609, 19.71553], [-16.503895, 19.715528], [-16.503907, 19.716883], [-16.504194, 19.71688], [-16.504196, 19.717151], [-16.50391, 19.717154], [-16.503915, 19.717696], [-16.503629, 19.717698], [-16.503639, 19.718782], [-16.503925, 19.71878]], [[-16.504493, 19.718233], [-16.504206, 19.718235], [-16.504204, 19.717964], [-16.50449, 19.717962], [-16.504493, 19.718233]], [[-16.502986, 19.710114], [-16.502699, 19.710117], [-16.502697, 19.709846], [-16.502983, 19.709843], [-16.502986, 19.710114]], [[-16.504383, 19.706579], [-16.503811, 19.706584], [-16.503806, 19.706042], [-16.504378, 19.706037], [-16.504383, 19.706579]], [[-16.504951, 19.706032], [-16.504665, 19.706035], [-16.50466, 19.705493], [-16.504946, 19.70549], [-16.504951, 19.706032]], [[-16.506663, 19.705476], [-16.506377, 19.705478], [-16.506371, 19.704936], [-16.506658, 19.704934], [-16.506663, 19.705476]], [[-16.506642, 19.703308], [-16.50607, 19.703313], [-16.506068, 19.703042], [-16.506354, 19.703039], [-16.506351, 19.702768], [-16.506637, 19.702766], [-16.506642, 19.703308]], [[-16.506328, 19.700329], [-16.506042, 19.700331], [-16.506032, 19.699247], [-16.505746, 19.69925], [-16.505741, 19.698708], [-16.506313, 19.698703], [-16.506316, 19.698974], [-16.506602, 19.698972], [-16.506612, 19.700056], [-16.506326, 19.700058], [-16.506328, 19.700329]]]}, "properties": {"layer": "meadow", "year": 2025, "sat": "S2A", "date": "2025-06-17", "area_ha": 84.06}}, {"type": "Feature", "geometry": {"type": "Polygon", "coordinates": [[[-16.371185, 19.692739], [-16.37118, 19.692197], [-16.371466, 19.692195], [-16.371464, 19.691924], [-16.372036, 19.69192], [-16.372034, 19.691649], [-16.37232, 19.691646], [-16.372315, 19.691104], [-16.372029, 19.691106], [-16.372025, 19.690564], [-16.372311, 19.690562], [-16.372308, 19.690291], [-16.372595, 19.690289], [-16.372592, 19.690018], [-16.37202, 19.690022], [-16.372018, 19.689751], [-16.372304, 19.689749], [-16.372301, 19.689478], [-16.371729, 19.689482], [-16.371741, 19.690838], [-16.371455, 19.69084], [-16.371461, 19.691653], [-16.371175, 19.691655], [-16.371178, 19.691926], [-16.370891, 19.691928], [-16.370898, 19.692741], [-16.371185, 19.692739]]]}, "properties": {"layer": "meadow", "year": 2025, "sat": "S2A", "date": "2025-06-17", "area_ha": 2.16}}, {"type": "Feature", "geometry": {"type": "Polygon", "coordinates": [[[-16.480402, 19.681843], [-16.4804, 19.681572], [-16.480686, 19.68157], [-16.480683, 19.681299], [-16.480969, 19.681296], [-16.480965, 19.680754], [-16.480392, 19.680759], [-16.480385, 19.679946], [-16.480099, 19.679948], [-16.480116, 19.681846], [-16.480402, 19.681843]]]}, "properties": {"layer": "meadow", "year": 2025, "sat": "S2A", "date": "2025-06-17", "area_ha": 1.08}}, {"type": "Feature", "geometry": {"type": "Polygon", "coordinates": [[[-16.501003, 19.681672], [-16.50098, 19.679233], [-16.500694, 19.679235], [-16.500689, 19.678693], [-16.500403, 19.678696], [-16.500428, 19.681406], [-16.500715, 19.681403], [-16.500717, 19.681675], [-16.501003, 19.681672]]]}, "properties": {"layer": "meadow", "year": 2025, "sat": "S2A", "date": "2025-06-17", "area_ha": 1.71}}, {"type": "Feature", "geometry": {"type": "Polygon", "coordinates": [[[-16.378774, 19.676689], [-16.378772, 19.676418], [-16.37963, 19.676412], [-16.379623, 19.675598], [-16.379337, 19.675601], [-16.379335, 19.67533], [-16.378762, 19.675334], [-16.37876, 19.675063], [-16.378474, 19.675065], [-16.378472, 19.674794], [-16.378185, 19.674796], [-16.378181, 19.674254], [-16.377895, 19.674256], [-16.377899, 19.674799], [-16.377613, 19.674801], [-16.37762, 19.675614], [-16.378192, 19.675609], [-16.37819, 19.675338], [-16.378476, 19.675336], [-16.378486, 19.67642], [-16.378199, 19.676423], [-16.378202, 19.676694], [-16.378774, 19.676689]]]}, "properties": {"layer": "meadow", "year": 2025, "sat": "S2A", "date": "2025-06-17", "area_ha": 2.52}}, {"type": "Feature", "geometry": {"type": "Polygon", "coordinates": [[[-16.484639, 19.675845], [-16.484637, 19.675574], [-16.485495, 19.675567], [-16.485493, 19.675296], [-16.485779, 19.675294], [-16.485771, 19.674481], [-16.485199, 19.674485], [-16.485201, 19.674756], [-16.484915, 19.674759], [-16.48491, 19.674217], [-16.484624, 19.674219], [-16.484622, 19.673948], [-16.484049, 19.673953], [-16.484047, 19.673682], [-16.483761, 19.673684], [-16.483756, 19.673142], [-16.48347, 19.673145], [-16.483472, 19.673416], [-16.483186, 19.673418], [-16.483199, 19.674773], [-16.483485, 19.674771], [-16.48349, 19.675313], [-16.484062, 19.675308], [-16.484064, 19.675579], [-16.483778, 19.675581], [-16.483781, 19.675852], [-16.484639, 19.675845]], [[-16.48549, 19.675025], [-16.485204, 19.675028], [-16.485201, 19.674756], [-16.485488, 19.674754], [-16.48549, 19.675025]]]}, "properties": {"layer": "meadow", "year": 2025, "sat": "S2A", "date": "2025-06-17", "area_ha": 4.32}}, {"type": "Feature", "geometry": {"type": "Polygon", "coordinates": [[[-16.38335, 19.676383], [-16.383345, 19.675841], [-16.383059, 19.675843], [-16.383052, 19.67503], [-16.383338, 19.675028], [-16.383336, 19.674757], [-16.38305, 19.674759], [-16.383043, 19.673946], [-16.38247, 19.67395], [-16.382477, 19.674763], [-16.382191, 19.674766], [-16.382196, 19.675308], [-16.382482, 19.675305], [-16.382484, 19.675576], [-16.38277, 19.675574], [-16.382775, 19.676116], [-16.383061, 19.676114], [-16.383064, 19.676385], [-16.38335, 19.676383]]]}, "properties": {"layer": "meadow", "year": 2025, "sat": "S2A", "date": "2025-06-17", "area_ha": 1.71}}, {"type": "Feature", "geometry": {"type": "Polygon", "coordinates": [[[-16.486627, 19.674203], [-16.486624, 19.673932], [-16.486911, 19.673929], [-16.486908, 19.673658], [-16.487194, 19.673656], [-16.487192, 19.673385], [-16.486619, 19.67339], [-16.486614, 19.672848], [-16.486328, 19.67285], [-16.486326, 19.672579], [-16.48604, 19.672581], [-16.486045, 19.673123], [-16.4849, 19.673133], [-16.484905, 19.673675], [-16.485191, 19.673672], [-16.485194, 19.673943], [-16.485766, 19.673939], [-16.485764, 19.673668], [-16.48605, 19.673665], [-16.486047, 19.673394], [-16.486333, 19.673392], [-16.486341, 19.674205], [-16.486627, 19.674203]], [[-16.485478, 19.67367], [-16.485191, 19.673672], [-16.485189, 19.673401], [-16.485475, 19.673399], [-16.485478, 19.67367]]]}, "properties": {"layer": "meadow", "year": 2025, "sat": "S2A", "date": "2025-06-17", "area_ha": 1.8}}, {"type": "Feature", "geometry": {"type": "Polygon", "coordinates": [[[-16.474314, 19.67322], [-16.474312, 19.672949], [-16.474598, 19.672947], [-16.47459, 19.672134], [-16.474018, 19.672138], [-16.474013, 19.671596], [-16.473727, 19.671599], [-16.47374, 19.672954], [-16.474026, 19.672951], [-16.474028, 19.673222], [-16.474314, 19.67322]]]}, "properties": {"layer": "meadow", "year": 2025, "sat": "S2A", "date": "2025-06-17", "area_ha": 1.08}}, {"type": "Feature", "geometry": {"type": "Polygon", "coordinates": [[[-16.484883, 19.671236], [-16.48488, 19.670965], [-16.485166, 19.670962], [-16.485164, 19.670691], [-16.485736, 19.670686], [-16.485731, 19.670144], [-16.484587, 19.670154], [-16.484589, 19.670425], [-16.484303, 19.670427], [-16.484306, 19.670698], [-16.483733, 19.670703], [-16.483738, 19.671245], [-16.484025, 19.671243], [-16.484022, 19.670972], [-16.484308, 19.670969], [-16.484311, 19.67124], [-16.484883, 19.671236]]]}, "properties": {"layer": "meadow", "year": 2025, "sat": "S2A", "date": "2025-06-17", "area_ha": 1.53}}, {"type": "Feature", "geometry": {"type": "Polygon", "coordinates": [[[-16.490886, 19.670644], [-16.490884, 19.670373], [-16.49117, 19.67037], [-16.491167, 19.670099], [-16.490595, 19.670104], [-16.490597, 19.670375], [-16.490311, 19.670378], [-16.490309, 19.670107], [-16.490023, 19.670109], [-16.490028, 19.670651], [-16.490886, 19.670644]]]}, "properties": {"layer": "meadow", "year": 2025, "sat": "S2A", "date": "2025-06-17", "area_ha": 0.54}}, {"type": "Feature", "geometry": {"type": "Polygon", "coordinates": [[[-16.496899, 19.671136], [-16.496894, 19.670594], [-16.496608, 19.670596], [-16.496606, 19.670325], [-16.49632, 19.670328], [-16.496317, 19.670057], [-16.496889, 19.670052], [-16.496892, 19.670323], [-16.497178, 19.67032], [-16.497175, 19.670049], [-16.497461, 19.670047], [-16.497459, 19.669776], [-16.496887, 19.669781], [-16.496884, 19.66951], [-16.496312, 19.669515], [-16.496314, 19.669786], [-16.495456, 19.669793], [-16.495459, 19.670064], [-16.494886, 19.670068], [-16.494884, 19.669797], [-16.494598, 19.6698], [-16.494603, 19.670342], [-16.494031, 19.670347], [-16.494033, 19.670618], [-16.495178, 19.670608], [-16.49518, 19.670879], [-16.496611, 19.670867], [-16.496613, 19.671138], [-16.496899, 19.671136]], [[-16.496033, 19.67033], [-16.495747, 19.670332], [-16.495745, 19.670061], [-16.496031, 19.670059], [-16.496033, 19.67033]]]}, "properties": {"layer": "meadow", "year": 2025, "sat": "S2A", "date": "2025-06-17", "area_ha": 2.88}}, {"type": "Feature", "geometry": {"type": "Polygon", "coordinates": [[[-16.486323, 19.672308], [-16.486316, 19.671495], [-16.48746, 19.671485], [-16.487465, 19.672027], [-16.487751, 19.672025], [-16.487746, 19.671483], [-16.488032, 19.671481], [-16.488035, 19.671752], [-16.488321, 19.671749], [-16.488314, 19.670936], [-16.489172, 19.670929], [-16.489167, 19.670387], [-16.489453, 19.670385], [-16.489456, 19.670656], [-16.489742, 19.670653], [-16.489737, 19.670111], [-16.489451, 19.670114], [-16.489448, 19.669843], [-16.489734, 19.66984], [-16.489732, 19.669569], [-16.488873, 19.669576], [-16.488876, 19.669847], [-16.48859, 19.66985], [-16.488587, 19.669579], [-16.488301, 19.669581], [-16.488299, 19.66931], [-16.488012, 19.669312], [-16.48801, 19.669041], [-16.487724, 19.669044], [-16.487721, 19.668773], [-16.487435, 19.668775], [-16.487438, 19.669046], [-16.487152, 19.669049], [-16.487154, 19.66932], [-16.486868, 19.669322], [-16.486871, 19.669593], [-16.486584, 19.669595], [-16.486587, 19.669866], [-16.486015, 19.669871], [-16.48602, 19.670413], [-16.486306, 19.670411], [-16.486303, 19.67014], [-16.487162, 19.670133], [-16.487164, 19.670404], [-16.48745, 19.670401], [-16.487453, 19.670672], [-16.487167, 19.670675], [-16.487169, 19.670946], [-16.486883, 19.670948], [-16.486881, 19.670677], [-16.486594, 19.670679], [-16.486597, 19.67095], [-16.486311, 19.670953], [-16.486313, 19.671224], [-16.485741, 19.671229], [-16.485744, 19.6715], [-16.48603, 19.671497], [-16.486037, 19.67231], [-16.486323, 19.672308]], [[-16.488314, 19.670936], [-16.488027, 19.670939], [-16.48802, 19.670125], [-16.487734, 19.670128], [-16.487731, 19.669857], [-16.488304, 19.669852], [-16.488309, 19.670394], [-16.488595, 19.670392], [-16.488592, 19.670121], [-16.488878, 19.670118], [-16.488883, 19.67066], [-16.488311, 19.670665], [-16.488314, 19.670936]], [[-16.487741, 19.670941], [-16.487455, 19.670943], [-16.487453, 19.670672], [-16.487739, 19.67067], [-16.487741, 19.670941]]]}, "properties": {"layer": "meadow", "year": 2025, "sat": "S2A", "date": "2025-06-17", "area_ha": 6.21}}, {"type": "Feature", "geometry": {"type": "Polygon", "coordinates": [[[-16.476571, 19.669678], [-16.476563, 19.668865], [-16.476849, 19.668862], [-16.476847, 19.668591], [-16.476561, 19.668594], [-16.476558, 19.668323], [-16.476272, 19.668325], [-16.476285, 19.66968], [-16.476571, 19.669678]]]}, "properties": {"layer": "meadow", "year": 2025, "sat": "S2A", "date": "2025-06-17", "area_ha": 0.54}}, {"type": "Feature", "geometry": {"type": "Polygon", "coordinates": [[[-16.473424, 19.669704], [-16.473419, 19.669162], [-16.473705, 19.669159], [-16.473702, 19.668888], [-16.473416, 19.668891], [-16.473414, 19.66862], [-16.4737, 19.668617], [-16.473697, 19.668346], [-16.473125, 19.668351], [-16.473133, 19.669164], [-16.472847, 19.669166], [-16.472849, 19.669437], [-16.473135, 19.669435], [-16.473138, 19.669706], [-16.473424, 19.669704]]]}, "properties": {"layer": "meadow", "year": 2025, "sat": "S2A", "date": "2025-06-17", "area_ha": 0.72}}, {"type": "Feature", "geometry": {"type": "Polygon", "coordinates": [[[-16.471416, 19.669178], [-16.471411, 19.668636], [-16.471697, 19.668634], [-16.47169, 19.667821], [-16.470831, 19.667828], [-16.470836, 19.66837], [-16.471122, 19.668367], [-16.471125, 19.668638], [-16.470839, 19.668641], [-16.470844, 19.669183], [-16.471416, 19.669178]]]}, "properties": {"layer": "meadow", "year": 2025, "sat": "S2A", "date": "2025-06-17", "area_ha": 1.08}}, {"type": "Feature", "geometry": {"type": "Polygon", "coordinates": [[[-16.477126, 19.667776], [-16.477123, 19.667505], [-16.477409, 19.667503], [-16.477407, 19.667232], [-16.477693, 19.667229], [-16.477685, 19.666416], [-16.478258, 19.666412], [-16.478253, 19.665869], [-16.477967, 19.665872], [-16.477969, 19.666143], [-16.477397, 19.666148], [-16.477402, 19.66669], [-16.477116, 19.666692], [-16.477118, 19.666963], [-16.476832, 19.666965], [-16.47684, 19.667778], [-16.477126, 19.667776]]]}, "properties": {"layer": "meadow", "year": 2025, "sat": "S2A", "date": "2025-06-17", "area_ha": 1.17}}, {"type": "Feature", "geometry": {"type": "Polygon", "coordinates": [[[-16.489413, 19.666048], [-16.48941, 19.665777], [-16.489697, 19.665775], [-16.489692, 19.665233], [-16.489119, 19.665238], [-16.489117, 19.664967], [-16.488831, 19.664969], [-16.488838, 19.665782], [-16.489124, 19.66578], [-16.489127, 19.666051], [-16.489413, 19.666048]]]}, "properties": {"layer": "meadow", "year": 2025, "sat": "S2A", "date": "2025-06-17", "area_ha": 0.72}}, {"type": "Feature", "geometry": {"type": "Polygon", "coordinates": [[[-16.45756, 19.655739], [-16.457543, 19.653842], [-16.457257, 19.653844], [-16.457274, 19.655741], [-16.45756, 19.655739]]]}, "properties": {"layer": "meadow", "year": 2025, "sat": "S2A", "date": "2025-06-17", "area_ha": 0.63}}, {"type": "Feature", "geometry": {"type": "Polygon", "coordinates": [[[-16.487576, 19.653054], [-16.487574, 19.652783], [-16.487288, 19.652785], [-16.487283, 19.652243], [-16.485566, 19.652257], [-16.485571, 19.652799], [-16.48643, 19.652792], [-16.486432, 19.653063], [-16.487576, 19.653054]]]}, "properties": {"layer": "meadow", "year": 2025, "sat": "S2A", "date": "2025-06-17", "area_ha": 1.44}}, {"type": "Feature", "geometry": {"type": "Polygon", "coordinates": [[[-16.45579, 19.64979], [-16.455783, 19.648977], [-16.455497, 19.64898], [-16.455494, 19.648709], [-16.455208, 19.648711], [-16.455203, 19.648169], [-16.454917, 19.648171], [-16.454927, 19.649255], [-16.455213, 19.649253], [-16.455216, 19.649524], [-16.455502, 19.649522], [-16.455504, 19.649793], [-16.45579, 19.64979]]]}, "properties": {"layer": "meadow", "year": 2025, "sat": "S2A", "date": "2025-06-17", "area_ha": 0.9}}, {"type": "Feature", "geometry": {"type": "Polygon", "coordinates": [[[-16.401431, 19.64968], [-16.401429, 19.649409], [-16.402001, 19.649405], [-16.401996, 19.648863], [-16.402282, 19.64886], [-16.402275, 19.648047], [-16.402847, 19.648043], [-16.402835, 19.646688], [-16.402549, 19.64669], [-16.402547, 19.646419], [-16.402833, 19.646417], [-16.402828, 19.645875], [-16.402542, 19.645877], [-16.402545, 19.646148], [-16.401686, 19.646154], [-16.401694, 19.646968], [-16.401407, 19.64697], [-16.401403, 19.646428], [-16.401117, 19.64643], [-16.401121, 19.646972], [-16.400835, 19.646974], [-16.400847, 19.648329], [-16.400561, 19.648332], [-16.400563, 19.648603], [-16.400849, 19.6486], [-16.400854, 19.649142], [-16.400568, 19.649145], [-16.40057, 19.649416], [-16.401143, 19.649411], [-16.401145, 19.649682], [-16.401431, 19.64968]], [[-16.401412, 19.647512], [-16.401126, 19.647514], [-16.401124, 19.647243], [-16.40141, 19.647241], [-16.401412, 19.647512]]]}, "properties": {"layer": "meadow", "year": 2025, "sat": "S2A", "date": "2025-06-17", "area_ha": 6.03}}, {"type": "Feature", "geometry": {"type": "Polygon", "coordinates": [[[-16.453458, 19.64493], [-16.453438, 19.642762], [-16.453152, 19.642765], [-16.453172, 19.644933], [-16.453458, 19.64493]]]}, "properties": {"layer": "meadow", "year": 2025, "sat": "S2A", "date": "2025-06-17", "area_ha": 0.72}}, {"type": "Feature", "geometry": {"type": "Polygon", "coordinates": [[[-16.453147, 19.642222], [-16.45314, 19.641409], [-16.452854, 19.641412], [-16.452849, 19.64087], [-16.452563, 19.640872], [-16.452558, 19.64033], [-16.452272, 19.640332], [-16.452267, 19.63979], [-16.451981, 19.639792], [-16.451976, 19.63925], [-16.45169, 19.639253], [-16.451678, 19.637898], [-16.451106, 19.637902], [-16.451111, 19.638444], [-16.450825, 19.638447], [-16.450827, 19.638718], [-16.451113, 19.638715], [-16.451118, 19.639257], [-16.451404, 19.639255], [-16.451409, 19.639797], [-16.451695, 19.639795], [-16.451697, 19.640066], [-16.451983, 19.640064], [-16.451991, 19.640877], [-16.452277, 19.640874], [-16.452279, 19.641145], [-16.452565, 19.641143], [-16.45257, 19.641685], [-16.452856, 19.641683], [-16.452861, 19.642225], [-16.453147, 19.642222]]]}, "properties": {"layer": "meadow", "year": 2025, "sat": "S2A", "date": "2025-06-17", "area_ha": 2.61}}, {"type": "Feature", "geometry": {"type": "Polygon", "coordinates": [[[-16.394683, 19.630217], [-16.39468, 19.629946], [-16.394966, 19.629944], [-16.394962, 19.629402], [-16.395248, 19.6294], [-16.395245, 19.629128], [-16.395531, 19.629126], [-16.395529, 19.628855], [-16.395243, 19.628857], [-16.395241, 19.628586], [-16.395527, 19.628584], [-16.395522, 19.628042], [-16.395236, 19.628044], [-16.395231, 19.627502], [-16.395517, 19.6275], [-16.395515, 19.627229], [-16.395229, 19.627231], [-16.395224, 19.626689], [-16.394938, 19.626691], [-16.394936, 19.62642], [-16.394364, 19.626425], [-16.394357, 19.625612], [-16.394071, 19.625614], [-16.394068, 19.625343], [-16.393782, 19.625345], [-16.39378, 19.625074], [-16.393208, 19.625079], [-16.393213, 19.625621], [-16.392927, 19.625623], [-16.392934, 19.626436], [-16.39322, 19.626434], [-16.393222, 19.626705], [-16.392936, 19.626707], [-16.392943, 19.62752], [-16.392657, 19.627522], [-16.392662, 19.628064], [-16.392376, 19.628067], [-16.392385, 19.629151], [-16.392671, 19.629148], [-16.392676, 19.62969], [-16.39239, 19.629693], [-16.392392, 19.629964], [-16.392964, 19.629959], [-16.392959, 19.629417], [-16.393245, 19.629415], [-16.39325, 19.629957], [-16.393822, 19.629953], [-16.39382, 19.629682], [-16.394106, 19.629679], [-16.394101, 19.629137], [-16.394387, 19.629135], [-16.394385, 19.628864], [-16.394671, 19.628862], [-16.394676, 19.629404], [-16.39439, 19.629406], [-16.394397, 19.630219], [-16.394683, 19.630217]], [[-16.393815, 19.62914], [-16.393243, 19.629144], [-16.393238, 19.628602], [-16.393524, 19.6286], [-16.393527, 19.628871], [-16.393813, 19.628869], [-16.393815, 19.62914]], [[-16.394385, 19.628864], [-16.394099, 19.628866], [-16.394092, 19.628053], [-16.394378, 19.628051], [-16.394385, 19.628864]], [[-16.394659, 19.627507], [-16.394087, 19.627511], [-16.394085, 19.62724], [-16.394657, 19.627236], [-16.394659, 19.627507]]]}, "properties": {"layer": "meadow", "year": 2025, "sat": "S2A", "date": "2025-06-17", "area_ha": 11.07}}, {"type": "Feature", "geometry": {"type": "Polygon", "coordinates": [[[-16.399733, 19.618794], [-16.399731, 19.618523], [-16.400589, 19.618516], [-16.400586, 19.618245], [-16.401158, 19.618241], [-16.401156, 19.61797], [-16.401728, 19.617965], [-16.401726, 19.617694], [-16.402012, 19.617692], [-16.402009, 19.617421], [-16.402581, 19.617416], [-16.402579, 19.617145], [-16.402865, 19.617143], [-16.402863, 19.616872], [-16.403149, 19.61687], [-16.403146, 19.616599], [-16.403432, 19.616597], [-16.40343, 19.616326], [-16.403716, 19.616323], [-16.403714, 19.616052], [-16.404286, 19.616048], [-16.404283, 19.615777], [-16.404855, 19.615772], [-16.404853, 19.615501], [-16.405425, 19.615497], [-16.405418, 19.614684], [-16.405704, 19.614682], [-16.405702, 19.61441], [-16.406274, 19.614406], [-16.406269, 19.613864], [-16.406555, 19.613862], [-16.406553, 19.613591], [-16.406839, 19.613588], [-16.406836, 19.613317], [-16.407122, 19.613315], [-16.407113, 19.612231], [-16.407399, 19.612229], [-16.407385, 19.610603], [-16.407957, 19.610598], [-16.407952, 19.610056], [-16.407666, 19.610058], [-16.407664, 19.609787], [-16.40795, 19.609785], [-16.407947, 19.609514], [-16.408233, 19.609512], [-16.408236, 19.609783], [-16.408522, 19.609781], [-16.408519, 19.60951], [-16.408805, 19.609507], [-16.408796, 19.608423], [-16.409082, 19.608421], [-16.40908, 19.60815], [-16.408794, 19.608152], [-16.408791, 19.607881], [-16.408219, 19.607886], [-16.408217, 19.607615], [-16.407645, 19.607619], [-16.40765, 19.608161], [-16.407364, 19.608163], [-16.407373, 19.609248], [-16.407087, 19.60925], [-16.407089, 19.609521], [-16.406803, 19.609523], [-16.406806, 19.609794], [-16.40652, 19.609796], [-16.406524, 19.610338], [-16.406238, 19.610341], [-16.406243, 19.610883], [-16.405671, 19.610887], [-16.405673, 19.611158], [-16.405387, 19.61116], [-16.40539, 19.611431], [-16.405104, 19.611434], [-16.405106, 19.611705], [-16.40482, 19.611707], [-16.404822, 19.611978], [-16.404536, 19.61198], [-16.404539, 19.612251], [-16.403681, 19.612258], [-16.403678, 19.611987], [-16.401962, 19.612], [-16.401965, 19.612271], [-16.401679, 19.612273], [-16.401686, 19.613087], [-16.4014, 19.613089], [-16.401397, 19.612818], [-16.400825, 19.612822], [-16.400835, 19.613906], [-16.400263, 19.613911], [-16.400277, 19.615537], [-16.399705, 19.615541], [-16.399707, 19.615812], [-16.399421, 19.615815], [-16.399423, 19.616086], [-16.399137, 19.616088], [-16.399144, 19.616901], [-16.39943, 19.616899], [-16.399428, 19.616628], [-16.400572, 19.616619], [-16.40057, 19.616348], [-16.401142, 19.616343], [-16.401144, 19.616614], [-16.40143, 19.616612], [-16.401428, 19.616341], [-16.401714, 19.616339], [-16.401719, 19.616881], [-16.401433, 19.616883], [-16.401435, 19.617154], [-16.401149, 19.617156], [-16.401151, 19.617427], [-16.400865, 19.61743], [-16.400868, 19.617701], [-16.400296, 19.617705], [-16.400298, 19.617976], [-16.399726, 19.617981], [-16.399728, 19.618252], [-16.399156, 19.618256], [-16.399158, 19.618527], [-16.399444, 19.618525], [-16.399447, 19.618796], [-16.399733, 19.618794]], [[-16.403142, 19.616057], [-16.402856, 19.616059], [-16.402849, 19.615246], [-16.403421, 19.615241], [-16.403416, 19.614699], [-16.403702, 19.614697], [-16.403697, 19.614155], [-16.404555, 19.614148], [-16.404553, 19.613877], [-16.404839, 19.613875], [-16.404837, 19.613604], [-16.405123, 19.613602], [-16.40512, 19.613331], [-16.405406, 19.613329], [-16.405402, 19.612787], [-16.405974, 19.612782], [-16.405983, 19.613866], [-16.405411, 19.613871], [-16.405413, 19.614142], [-16.404841, 19.614146], [-16.404846, 19.614688], [-16.40456, 19.61469], [-16.404562, 19.614961], [-16.404276, 19.614964], [-16.404279, 19.615235], [-16.403993, 19.615237], [-16.403995, 19.615508], [-16.403137, 19.615515], [-16.403142, 19.616057]], [[-16.402844, 19.614704], [-16.402272, 19.614708], [-16.402269, 19.614437], [-16.401697, 19.614442], [-16.4017, 19.614713], [-16.401414, 19.614715], [-16.401409, 19.614173], [-16.401695, 19.614171], [-16.40169, 19.613629], [-16.402262, 19.613624], [-16.40226, 19.613353], [-16.402546, 19.613351], [-16.402544, 19.61308], [-16.403116, 19.613075], [-16.403118, 19.613346], [-16.40369, 19.613342], [-16.403692, 19.613613], [-16.403406, 19.613615], [-16.403411, 19.614157], [-16.403125, 19.61416], [-16.403128, 19.614431], [-16.402841, 19.614433], [-16.402844, 19.614704]], [[-16.403113, 19.612804], [-16.402255, 19.612811], [-16.402253, 19.61254], [-16.403111, 19.612533], [-16.403113, 19.612804]], [[-16.406252, 19.611967], [-16.40568, 19.611971], [-16.405678, 19.6117], [-16.405392, 19.611702], [-16.40539, 19.611431], [-16.406534, 19.611422], [-16.406536, 19.611693], [-16.40625, 19.611696], [-16.406252, 19.611967]], [[-16.408231, 19.609241], [-16.407945, 19.609243], [-16.407938, 19.60843], [-16.408224, 19.608428], [-16.408231, 19.609241]]]}, "properties": {"layer": "meadow", "year": 2025, "sat": "S2A", "date": "2025-06-17", "area_ha": 32.76}}, {"type": "Feature", "geometry": {"type": "Polygon", "coordinates": [[[-16.391352, 19.60883], [-16.391345, 19.608017], [-16.391631, 19.608015], [-16.391626, 19.607473], [-16.39134, 19.607475], [-16.391343, 19.607746], [-16.391057, 19.607748], [-16.391061, 19.60829], [-16.390489, 19.608294], [-16.390491, 19.608565], [-16.390778, 19.608563], [-16.39078, 19.608834], [-16.391352, 19.60883]]]}, "properties": {"layer": "meadow", "year": 2025, "sat": "S2A", "date": "2025-06-17", "area_ha": 0.81}}, {"type": "Feature", "geometry": {"type": "Polygon", "coordinates": [[[-16.39191, 19.607199], [-16.391898, 19.605844], [-16.391612, 19.605846], [-16.391615, 19.606117], [-16.391329, 19.60612], [-16.391331, 19.606391], [-16.391045, 19.606393], [-16.391047, 19.606664], [-16.390761, 19.606666], [-16.390766, 19.607208], [-16.391052, 19.607206], [-16.39105, 19.606935], [-16.391622, 19.60693], [-16.391624, 19.607201], [-16.39191, 19.607199]]]}, "properties": {"layer": "meadow", "year": 2025, "sat": "S2A", "date": "2025-06-17", "area_ha": 1.08}}, {"type": "Feature", "geometry": {"type": "Polygon", "coordinates": [[[-16.422796, 19.606687], [-16.422793, 19.606416], [-16.423651, 19.606409], [-16.423649, 19.606138], [-16.423935, 19.606136], [-16.423933, 19.605865], [-16.424219, 19.605863], [-16.424216, 19.605592], [-16.423644, 19.605596], [-16.423647, 19.605867], [-16.423361, 19.605869], [-16.423363, 19.60614], [-16.422505, 19.606147], [-16.422507, 19.606418], [-16.421935, 19.606423], [-16.421938, 19.606694], [-16.422796, 19.606687]]]}, "properties": {"layer": "meadow", "year": 2025, "sat": "S2A", "date": "2025-06-17", "area_ha": 0.99}}, {"type": "Feature", "geometry": {"type": "Polygon", "coordinates": [[[-16.418785, 19.605905], [-16.41878, 19.605363], [-16.419066, 19.605361], [-16.419061, 19.604819], [-16.419347, 19.604817], [-16.419342, 19.604275], [-16.419628, 19.604272], [-16.419621, 19.603459], [-16.419049, 19.603464], [-16.419059, 19.604548], [-16.418773, 19.60455], [-16.418778, 19.605092], [-16.418492, 19.605095], [-16.418496, 19.605637], [-16.41821, 19.605639], [-16.418213, 19.60591], [-16.418785, 19.605905]]]}, "properties": {"layer": "meadow", "year": 2025, "sat": "S2A", "date": "2025-06-17", "area_ha": 1.35}}, {"type": "Feature", "geometry": {"type": "Polygon", "coordinates": [[[-16.424791, 19.605858], [-16.424788, 19.605587], [-16.425074, 19.605585], [-16.425069, 19.605043], [-16.425355, 19.60504], [-16.425348, 19.604227], [-16.425634, 19.604225], [-16.425627, 19.603412], [-16.425913, 19.60341], [-16.425911, 19.603139], [-16.426197, 19.603136], [-16.426192, 19.602594], [-16.425906, 19.602597], [-16.425908, 19.602868], [-16.425622, 19.60287], [-16.425625, 19.603141], [-16.425339, 19.603143], [-16.425341, 19.603414], [-16.425055, 19.603416], [-16.425062, 19.60423], [-16.42449, 19.604234], [-16.424493, 19.604505], [-16.424207, 19.604507], [-16.424216, 19.605592], [-16.424502, 19.605589], [-16.424505, 19.60586], [-16.424791, 19.605858]]]}, "properties": {"layer": "meadow", "year": 2025, "sat": "S2A", "date": "2025-06-17", "area_ha": 2.61}}, {"type": "Feature", "geometry": {"type": "Polygon", "coordinates": [[[-16.404173, 19.603038], [-16.40417, 19.602767], [-16.404456, 19.602765], [-16.404454, 19.602494], [-16.40474, 19.602492], [-16.404731, 19.601408], [-16.403301, 19.601419], [-16.403305, 19.601961], [-16.403019, 19.601963], [-16.403024, 19.602505], [-16.402738, 19.602507], [-16.40274, 19.602778], [-16.403312, 19.602774], [-16.403315, 19.603045], [-16.404173, 19.603038]]]}, "properties": {"layer": "meadow", "year": 2025, "sat": "S2A", "date": "2025-06-17", "area_ha": 2.79}}, {"type": "Feature", "geometry": {"type": "Polygon", "coordinates": [[[-16.405596, 19.602214], [-16.405593, 19.601943], [-16.405879, 19.601941], [-16.40587, 19.600857], [-16.405584, 19.600859], [-16.405591, 19.601672], [-16.405305, 19.601674], [-16.40531, 19.602216], [-16.405596, 19.602214]]]}, "properties": {"layer": "meadow", "year": 2025, "sat": "S2A", "date": "2025-06-17", "area_ha": 0.54}}, {"type": "Feature", "geometry": {"type": "Polygon", "coordinates": [[[-16.39414, 19.600406], [-16.394123, 19.598509], [-16.394409, 19.598506], [-16.394404, 19.597964], [-16.393833, 19.597969], [-16.393842, 19.599053], [-16.393556, 19.599055], [-16.393561, 19.599597], [-16.393275, 19.599599], [-16.393282, 19.600412], [-16.39414, 19.600406]]]}, "properties": {"layer": "meadow", "year": 2025, "sat": "S2A", "date": "2025-06-17", "area_ha": 1.71}}, {"type": "Feature", "geometry": {"type": "Polygon", "coordinates": [[[-16.425622, 19.60287], [-16.42562, 19.602599], [-16.425906, 19.602597], [-16.425904, 19.602326], [-16.426476, 19.602321], [-16.426473, 19.60205], [-16.426759, 19.602048], [-16.426754, 19.601506], [-16.426468, 19.601508], [-16.426464, 19.600966], [-16.42675, 19.600964], [-16.426745, 19.600422], [-16.427031, 19.600419], [-16.427026, 19.599877], [-16.427312, 19.599875], [-16.427307, 19.599333], [-16.428165, 19.599326], [-16.428163, 19.599055], [-16.427591, 19.59906], [-16.427588, 19.598789], [-16.42816, 19.598784], [-16.428158, 19.598513], [-16.429302, 19.598504], [-16.42929, 19.597149], [-16.429004, 19.597151], [-16.429002, 19.59688], [-16.428144, 19.596887], [-16.428139, 19.596345], [-16.427567, 19.596349], [-16.427569, 19.59662], [-16.427283, 19.596623], [-16.427281, 19.596352], [-16.426709, 19.596356], [-16.426711, 19.596627], [-16.426997, 19.596625], [-16.427002, 19.597167], [-16.427288, 19.597165], [-16.427302, 19.598791], [-16.427016, 19.598793], [-16.427012, 19.598251], [-16.426726, 19.598253], [-16.426733, 19.599066], [-16.426447, 19.599069], [-16.426449, 19.59934], [-16.427021, 19.599335], [-16.427024, 19.599606], [-16.426452, 19.599611], [-16.426459, 19.600424], [-16.426173, 19.600426], [-16.426178, 19.600968], [-16.425892, 19.60097], [-16.425887, 19.600428], [-16.425601, 19.600431], [-16.425603, 19.600702], [-16.425317, 19.600704], [-16.42532, 19.600975], [-16.424748, 19.60098], [-16.424752, 19.601522], [-16.424466, 19.601524], [-16.424469, 19.601795], [-16.424183, 19.601797], [-16.424188, 19.602339], [-16.423902, 19.602341], [-16.423904, 19.602612], [-16.423332, 19.602617], [-16.423334, 19.602888], [-16.425622, 19.60287]], [[-16.426473, 19.60205], [-16.426187, 19.602052], [-16.426185, 19.601781], [-16.426471, 19.601779], [-16.426473, 19.60205]], [[-16.425043, 19.602061], [-16.424757, 19.602064], [-16.424755, 19.601793], [-16.425041, 19.60179], [-16.425043, 19.602061]], [[-16.428158, 19.598513], [-16.427872, 19.598515], [-16.427867, 19.597973], [-16.428725, 19.597966], [-16.42872, 19.597424], [-16.429006, 19.597422], [-16.429014, 19.598235], [-16.428156, 19.598242], [-16.428158, 19.598513]]]}, "properties": {"layer": "meadow", "year": 2025, "sat": "S2A", "date": "2025-06-17", "area_ha": 10.98}}, {"type": "Feature", "geometry": {"type": "Polygon", "coordinates": [[[-16.42811, 19.593093], [-16.428108, 19.592821], [-16.428394, 19.592819], [-16.428391, 19.592548], [-16.428963, 19.592544], [-16.428961, 19.592273], [-16.428675, 19.592275], [-16.428673, 19.592004], [-16.428387, 19.592006], [-16.428389, 19.592277], [-16.428103, 19.592279], [-16.428105, 19.59255], [-16.427819, 19.592553], [-16.427824, 19.593095], [-16.42811, 19.593093]]]}, "properties": {"layer": "meadow", "year": 2025, "sat": "S2A", "date": "2025-06-17", "area_ha": 0.63}}, {"type": "Feature", "geometry": {"type": "Polygon", "coordinates": [[[-16.424383, 19.592038], [-16.424381, 19.591767], [-16.424953, 19.591762], [-16.424948, 19.59122], [-16.424376, 19.591225], [-16.424378, 19.591496], [-16.424092, 19.591498], [-16.424097, 19.59204], [-16.424383, 19.592038]]]}, "properties": {"layer": "meadow", "year": 2025, "sat": "S2A", "date": "2025-06-17", "area_ha": 0.54}}, {"type": "Feature", "geometry": {"type": "Polygon", "coordinates": [[[-16.429247, 19.59227], [-16.429245, 19.591999], [-16.429816, 19.591995], [-16.429812, 19.591453], [-16.430098, 19.59145], [-16.430093, 19.590908], [-16.430379, 19.590906], [-16.430374, 19.590364], [-16.429802, 19.590369], [-16.429807, 19.590911], [-16.429521, 19.590913], [-16.429528, 19.591726], [-16.42867, 19.591733], [-16.428673, 19.592004], [-16.428959, 19.592002], [-16.428961, 19.592273], [-16.429247, 19.59227]]]}, "properties": {"layer": "meadow", "year": 2025, "sat": "S2A", "date": "2025-06-17", "area_ha": 1.26}}, {"type": "Feature", "geometry": {"type": "Polygon", "coordinates": [[[-16.406643, 19.591093], [-16.406629, 19.589467], [-16.406915, 19.589465], [-16.406903, 19.588109], [-16.406617, 19.588112], [-16.406615, 19.587841], [-16.406329, 19.587843], [-16.406324, 19.587301], [-16.40661, 19.587299], [-16.406608, 19.587027], [-16.406322, 19.58703], [-16.406319, 19.586759], [-16.405748, 19.586763], [-16.405743, 19.586221], [-16.405171, 19.586226], [-16.405169, 19.585954], [-16.404883, 19.585957], [-16.404878, 19.585415], [-16.405736, 19.585408], [-16.405733, 19.585137], [-16.406305, 19.585132], [-16.406301, 19.58459], [-16.406587, 19.584588], [-16.406589, 19.584859], [-16.406875, 19.584857], [-16.406873, 19.584586], [-16.407159, 19.584584], [-16.407161, 19.584855], [-16.407447, 19.584853], [-16.407449, 19.585124], [-16.407735, 19.585121], [-16.40774, 19.585663], [-16.407454, 19.585666], [-16.407456, 19.585937], [-16.408028, 19.585932], [-16.408021, 19.585119], [-16.408593, 19.585115], [-16.408591, 19.584844], [-16.408305, 19.584846], [-16.4083, 19.584304], [-16.408014, 19.584306], [-16.408005, 19.583222], [-16.406861, 19.583231], [-16.40687, 19.584315], [-16.405726, 19.584324], [-16.405729, 19.584595], [-16.405157, 19.584599], [-16.405159, 19.58487], [-16.404587, 19.584875], [-16.40459, 19.585146], [-16.404304, 19.585148], [-16.404311, 19.585961], [-16.403167, 19.58597], [-16.403162, 19.585428], [-16.402876, 19.58543], [-16.402878, 19.585701], [-16.402592, 19.585704], [-16.402595, 19.585975], [-16.402309, 19.585977], [-16.402316, 19.58679], [-16.40203, 19.586792], [-16.402032, 19.587063], [-16.402318, 19.587061], [-16.402321, 19.587332], [-16.402607, 19.58733], [-16.402609, 19.587601], [-16.403753, 19.587592], [-16.40375, 19.587321], [-16.404322, 19.587316], [-16.404329, 19.588129], [-16.404615, 19.588127], [-16.40462, 19.588669], [-16.404906, 19.588667], [-16.404915, 19.589751], [-16.404629, 19.589753], [-16.404632, 19.590024], [-16.404918, 19.590022], [-16.40492, 19.590293], [-16.405492, 19.590289], [-16.405494, 19.59056], [-16.406066, 19.590555], [-16.406064, 19.590284], [-16.40635, 19.590282], [-16.406357, 19.591095], [-16.406643, 19.591093]], [[-16.407728, 19.584308], [-16.407156, 19.584313], [-16.407154, 19.584042], [-16.40744, 19.584039], [-16.407437, 19.583768], [-16.407723, 19.583766], [-16.407728, 19.584308]]]}, "properties": {"layer": "meadow", "year": 2025, "sat": "S2A", "date": "2025-06-17", "area_ha": 18.72}}, {"type": "Feature", "geometry": {"type": "Polygon", "coordinates": [[[-16.410562, 19.581305], [-16.410559, 19.581034], [-16.411131, 19.581029], [-16.411127, 19.580487], [-16.411413, 19.580485], [-16.411415, 19.580756], [-16.411987, 19.580751], [-16.411989, 19.581022], [-16.412561, 19.581018], [-16.412554, 19.580205], [-16.411982, 19.580209], [-16.41198, 19.579938], [-16.41055, 19.579949], [-16.410552, 19.58022], [-16.409694, 19.580227], [-16.409702, 19.58104], [-16.409416, 19.581042], [-16.409418, 19.581313], [-16.410562, 19.581305]]]}, "properties": {"layer": "meadow", "year": 2025, "sat": "S2A", "date": "2025-06-17", "area_ha": 3.15}}, {"type": "Feature", "geometry": {"type": "Polygon", "coordinates": [[[-16.415692, 19.579367], [-16.415685, 19.578554], [-16.415399, 19.578556], [-16.415397, 19.578285], [-16.415969, 19.578281], [-16.415966, 19.57801], [-16.415395, 19.578014], [-16.415392, 19.577743], [-16.415106, 19.577745], [-16.415109, 19.578016], [-16.414823, 19.578019], [-16.41483, 19.578832], [-16.415402, 19.578827], [-16.415406, 19.579369], [-16.415692, 19.579367]]]}, "properties": {"layer": "meadow", "year": 2025, "sat": "S2A", "date": "2025-06-17", "area_ha": 1.08}}, {"type": "Feature", "geometry": {"type": "Polygon", "coordinates": [[[-16.427871, 19.56599], [-16.427869, 19.565719], [-16.428155, 19.565716], [-16.42815, 19.565174], [-16.428436, 19.565172], [-16.428431, 19.56463], [-16.428145, 19.564632], [-16.428148, 19.564903], [-16.427576, 19.564908], [-16.427578, 19.565179], [-16.42672, 19.565186], [-16.426725, 19.565728], [-16.427011, 19.565725], [-16.427014, 19.565996], [-16.427871, 19.56599]]]}, "properties": {"layer": "meadow", "year": 2025, "sat": "S2A", "date": "2025-06-17", "area_ha": 1.53}}, {"type": "Feature", "geometry": {"type": "Polygon", "coordinates": [[[-16.425818, 19.527517], [-16.425813, 19.526975], [-16.42667, 19.526968], [-16.426668, 19.526697], [-16.426954, 19.526695], [-16.426952, 19.526424], [-16.427237, 19.526422], [-16.42723, 19.525608], [-16.427516, 19.525606], [-16.427511, 19.525064], [-16.427797, 19.525062], [-16.42779, 19.524249], [-16.427504, 19.524251], [-16.427502, 19.52398], [-16.427216, 19.523982], [-16.427214, 19.523711], [-16.426928, 19.523714], [-16.426925, 19.523442], [-16.426354, 19.523447], [-16.426344, 19.522363], [-16.426058, 19.522365], [-16.426054, 19.521823], [-16.425768, 19.521825], [-16.425791, 19.524536], [-16.426077, 19.524533], [-16.426082, 19.525075], [-16.425796, 19.525078], [-16.425806, 19.526162], [-16.42552, 19.526164], [-16.425532, 19.527519], [-16.425818, 19.527517]]]}, "properties": {"layer": "meadow", "year": 2025, "sat": "S2A", "date": "2025-06-17", "area_ha": 7.47}}]}