{"type": "FeatureCollection", "features": [{"type": "Feature", "geometry": {"type": "Polygon", "coordinates": [[[-16.261235, 20.11964], [-16.261233, 20.119369], [-16.26152, 20.119367], [-16.261518, 20.119096], [-16.260083, 20.119106], [-16.260085, 20.119378], [-16.260659, 20.119373], [-16.260661, 20.119644], [-16.261235, 20.11964]]]}, "properties": {"layer": "meadow", "year": 2026, "sat": "S2B", "date": "2026-06-05", "area_ha": 0.63}}, {"type": "Feature", "geometry": {"type": "Polygon", "coordinates": [[[-16.259216, 20.1183], [-16.259213, 20.118029], [-16.260074, 20.118022], [-16.26007, 20.11748], [-16.259783, 20.117482], [-16.259785, 20.117753], [-16.259211, 20.117757], [-16.259207, 20.117215], [-16.25892, 20.117217], [-16.258918, 20.116946], [-16.258344, 20.116951], [-16.25835, 20.117764], [-16.258924, 20.11776], [-16.258929, 20.118302], [-16.259216, 20.1183]]]}, "properties": {"layer": "meadow", "year": 2026, "sat": "S2B", "date": "2026-06-05", "area_ha": 1.26}}, {"type": "Feature", "geometry": {"type": "Polygon", "coordinates": [[[-16.243674, 20.076126], [-16.243668, 20.075313], [-16.243381, 20.075315], [-16.243379, 20.075044], [-16.243092, 20.075046], [-16.2431, 20.07613], [-16.243674, 20.076126]]]}, "properties": {"layer": "meadow", "year": 2026, "sat": "S2B", "date": "2026-06-05", "area_ha": 0.63}}, {"type": "Feature", "geometry": {"type": "Polygon", "coordinates": [[[-16.24832, 20.083141], [-16.248317, 20.08287], [-16.248891, 20.082866], [-16.248889, 20.082595], [-16.249176, 20.082593], [-16.249172, 20.082051], [-16.248885, 20.082053], [-16.24888, 20.081511], [-16.249167, 20.081508], [-16.249165, 20.081237], [-16.248878, 20.081239], [-16.24887, 20.080155], [-16.249157, 20.080153], [-16.24915, 20.07934], [-16.248863, 20.079342], [-16.248846, 20.077174], [-16.249133, 20.077172], [-16.249131, 20.076901], [-16.248844, 20.076903], [-16.248837, 20.07609], [-16.248551, 20.076092], [-16.248546, 20.07555], [-16.248259, 20.075552], [-16.248255, 20.07501], [-16.247968, 20.075012], [-16.247966, 20.074741], [-16.247106, 20.074747], [-16.247103, 20.074476], [-16.24653, 20.07448], [-16.246534, 20.075022], [-16.246247, 20.075024], [-16.246251, 20.075566], [-16.245965, 20.075568], [-16.245984, 20.078007], [-16.246558, 20.078003], [-16.246564, 20.078816], [-16.246277, 20.078818], [-16.246279, 20.079089], [-16.246566, 20.079087], [-16.24657, 20.07963], [-16.245997, 20.079634], [-16.245992, 20.079091], [-16.245419, 20.079096], [-16.245414, 20.078553], [-16.245128, 20.078555], [-16.245125, 20.078284], [-16.244839, 20.078286], [-16.244836, 20.078015], [-16.24455, 20.078017], [-16.244552, 20.078288], [-16.244265, 20.078291], [-16.244261, 20.077748], [-16.244547, 20.077746], [-16.244545, 20.077475], [-16.244258, 20.077477], [-16.244254, 20.076935], [-16.24368, 20.076939], [-16.243678, 20.076668], [-16.243104, 20.076672], [-16.243113, 20.077757], [-16.2434, 20.077755], [-16.243404, 20.078297], [-16.243691, 20.078295], [-16.243693, 20.078566], [-16.242833, 20.078572], [-16.24283, 20.078301], [-16.242544, 20.078303], [-16.242539, 20.077761], [-16.242252, 20.077763], [-16.242255, 20.078034], [-16.241968, 20.078036], [-16.241972, 20.078578], [-16.241398, 20.078582], [-16.241396, 20.078311], [-16.241109, 20.078313], [-16.241103, 20.0775], [-16.24139, 20.077498], [-16.241383, 20.076684], [-16.240523, 20.076691], [-16.240525, 20.076962], [-16.240238, 20.076964], [-16.240247, 20.078048], [-16.239386, 20.078054], [-16.239384, 20.077783], [-16.239097, 20.077785], [-16.23911, 20.079411], [-16.239397, 20.079409], [-16.239399, 20.07968], [-16.239686, 20.079678], [-16.239683, 20.079407], [-16.240544, 20.079401], [-16.240546, 20.079672], [-16.240833, 20.07967], [-16.240835, 20.079941], [-16.241983, 20.079933], [-16.241985, 20.080204], [-16.242559, 20.0802], [-16.242573, 20.082097], [-16.243434, 20.082091], [-16.243423, 20.080736], [-16.244571, 20.080728], [-16.244569, 20.080457], [-16.245143, 20.080453], [-16.245138, 20.079911], [-16.244851, 20.079913], [-16.244847, 20.079371], [-16.245134, 20.079369], [-16.245136, 20.07964], [-16.24571, 20.079636], [-16.245712, 20.079907], [-16.245999, 20.079905], [-16.246005, 20.080718], [-16.245718, 20.08072], [-16.245723, 20.081262], [-16.244575, 20.08127], [-16.244577, 20.081541], [-16.244864, 20.081539], [-16.244868, 20.082081], [-16.245729, 20.082075], [-16.245731, 20.082346], [-16.245157, 20.08235], [-16.24516, 20.082621], [-16.244586, 20.082625], [-16.244588, 20.082896], [-16.247457, 20.082876], [-16.247459, 20.083147], [-16.24832, 20.083141]]]}, "properties": {"layer": "meadow", "year": 2026, "sat": "S2B", "date": "2026-06-05", "area_ha": 46.98}}, {"type": "Feature", "geometry": {"type": "Polygon", "coordinates": [[[-16.240516, 20.075877], [-16.240514, 20.075606], [-16.240801, 20.075604], [-16.240797, 20.075062], [-16.24051, 20.075064], [-16.240504, 20.074251], [-16.240217, 20.074253], [-16.240219, 20.074524], [-16.239932, 20.074526], [-16.239934, 20.074797], [-16.240221, 20.074795], [-16.240223, 20.075066], [-16.239936, 20.075068], [-16.239943, 20.075881], [-16.240516, 20.075877]]]}, "properties": {"layer": "meadow", "year": 2026, "sat": "S2B", "date": "2026-06-05", "area_ha": 1.08}}, {"type": "Feature", "geometry": {"type": "Polygon", "coordinates": [[[-16.248538, 20.074466], [-16.248531, 20.073653], [-16.247671, 20.073659], [-16.247673, 20.07393], [-16.24796, 20.073928], [-16.247964, 20.07447], [-16.248538, 20.074466]]]}, "properties": {"layer": "meadow", "year": 2026, "sat": "S2B", "date": "2026-06-05", "area_ha": 0.63}}, {"type": "Feature", "geometry": {"type": "Polygon", "coordinates": [[[-16.248232, 20.072028], [-16.248229, 20.071757], [-16.248516, 20.071755], [-16.248514, 20.071484], [-16.248227, 20.071486], [-16.248223, 20.070944], [-16.24851, 20.070942], [-16.248508, 20.070671], [-16.249081, 20.070667], [-16.249075, 20.069854], [-16.248788, 20.069856], [-16.248786, 20.069585], [-16.247925, 20.069591], [-16.247928, 20.069862], [-16.24678, 20.06987], [-16.246782, 20.070141], [-16.246495, 20.070143], [-16.2465, 20.070685], [-16.246787, 20.070683], [-16.246789, 20.070954], [-16.247076, 20.070952], [-16.247084, 20.072037], [-16.248232, 20.072028]]]}, "properties": {"layer": "meadow", "year": 2026, "sat": "S2B", "date": "2026-06-05", "area_ha": 4.68}}, {"type": "Feature", "geometry": {"type": "Polygon", "coordinates": [[[-16.250464, 20.064152], [-16.25046, 20.06361], [-16.250747, 20.063608], [-16.250744, 20.063337], [-16.251031, 20.063335], [-16.251027, 20.062793], [-16.25074, 20.062795], [-16.250738, 20.062524], [-16.249878, 20.06253], [-16.24988, 20.062801], [-16.249306, 20.062805], [-16.24931, 20.063347], [-16.249597, 20.063345], [-16.249599, 20.063616], [-16.249312, 20.063618], [-16.249315, 20.063889], [-16.248741, 20.063893], [-16.248737, 20.063351], [-16.24845, 20.063353], [-16.248456, 20.064166], [-16.250464, 20.064152]]]}, "properties": {"layer": "meadow", "year": 2026, "sat": "S2B", "date": "2026-06-05", "area_ha": 2.88}}, {"type": "Feature", "geometry": {"type": "Polygon", "coordinates": [[[-16.246224, 20.072043], [-16.246217, 20.071229], [-16.246504, 20.071227], [-16.2465, 20.070685], [-16.245639, 20.070691], [-16.245637, 20.07042], [-16.24535, 20.070422], [-16.245348, 20.070151], [-16.245061, 20.070153], [-16.245059, 20.069882], [-16.244772, 20.069884], [-16.244768, 20.069342], [-16.244481, 20.069344], [-16.244479, 20.069073], [-16.244192, 20.069075], [-16.24419, 20.068804], [-16.244477, 20.068802], [-16.244475, 20.068531], [-16.245622, 20.068523], [-16.245624, 20.068794], [-16.246772, 20.068786], [-16.246769, 20.068515], [-16.247056, 20.068513], [-16.247052, 20.067971], [-16.246765, 20.067973], [-16.246763, 20.067702], [-16.24705, 20.0677], [-16.247046, 20.067158], [-16.246472, 20.067162], [-16.24647, 20.066891], [-16.246183, 20.066893], [-16.246181, 20.066622], [-16.245607, 20.066626], [-16.245605, 20.066355], [-16.245318, 20.066357], [-16.245314, 20.065815], [-16.245887, 20.065811], [-16.245885, 20.06554], [-16.246172, 20.065538], [-16.24617, 20.065267], [-16.247317, 20.065259], [-16.247315, 20.064988], [-16.247028, 20.06499], [-16.247016, 20.063363], [-16.247302, 20.063361], [-16.247296, 20.062548], [-16.247009, 20.06255], [-16.247007, 20.062279], [-16.247294, 20.062277], [-16.247292, 20.062006], [-16.247005, 20.062008], [-16.247003, 20.061737], [-16.246429, 20.061741], [-16.246425, 20.061199], [-16.246998, 20.061195], [-16.246996, 20.060924], [-16.247283, 20.060922], [-16.247281, 20.060651], [-16.247568, 20.060649], [-16.247566, 20.060378], [-16.247279, 20.06038], [-16.247277, 20.060109], [-16.24699, 20.060111], [-16.246988, 20.05984], [-16.246414, 20.059844], [-16.246408, 20.059031], [-16.247268, 20.059025], [-16.247264, 20.058483], [-16.247551, 20.058481], [-16.247549, 20.05821], [-16.247835, 20.058208], [-16.247831, 20.057666], [-16.247544, 20.057668], [-16.247542, 20.057397], [-16.246968, 20.057401], [-16.246966, 20.05713], [-16.246679, 20.057132], [-16.246675, 20.05659], [-16.246388, 20.056592], [-16.246386, 20.056321], [-16.246099, 20.056323], [-16.246097, 20.056052], [-16.245524, 20.056056], [-16.245521, 20.055785], [-16.245235, 20.055787], [-16.24523, 20.055245], [-16.244657, 20.055249], [-16.244652, 20.054706], [-16.244939, 20.054704], [-16.244941, 20.054976], [-16.245228, 20.054973], [-16.245226, 20.054702], [-16.245513, 20.0547], [-16.245511, 20.054429], [-16.245798, 20.054427], [-16.2458, 20.054698], [-16.247521, 20.054686], [-16.247516, 20.054144], [-16.24723, 20.054146], [-16.247225, 20.053604], [-16.247512, 20.053602], [-16.24751, 20.053331], [-16.248084, 20.053327], [-16.248077, 20.052514], [-16.248364, 20.052512], [-16.248362, 20.052241], [-16.248936, 20.052237], [-16.248938, 20.052508], [-16.249224, 20.052506], [-16.249227, 20.052777], [-16.2498, 20.052773], [-16.249794, 20.05196], [-16.249507, 20.051962], [-16.249503, 20.05142], [-16.248929, 20.051424], [-16.248931, 20.051695], [-16.248644, 20.051697], [-16.248647, 20.051968], [-16.24836, 20.05197], [-16.248358, 20.051699], [-16.247784, 20.051703], [-16.247786, 20.051974], [-16.246926, 20.05198], [-16.246919, 20.051167], [-16.247206, 20.051165], [-16.247202, 20.050623], [-16.247489, 20.050621], [-16.247482, 20.049808], [-16.247769, 20.049806], [-16.247767, 20.049535], [-16.248054, 20.049533], [-16.248049, 20.048991], [-16.247763, 20.048993], [-16.24776, 20.048721], [-16.247474, 20.048724], [-16.247476, 20.048995], [-16.246328, 20.049003], [-16.246326, 20.048732], [-16.24604, 20.048734], [-16.246037, 20.048463], [-16.245177, 20.048469], [-16.245181, 20.049011], [-16.245468, 20.049009], [-16.245474, 20.049822], [-16.245761, 20.04982], [-16.245766, 20.050362], [-16.245479, 20.050364], [-16.245477, 20.050093], [-16.24519, 20.050095], [-16.245186, 20.049553], [-16.244325, 20.049559], [-16.244327, 20.04983], [-16.244614, 20.049828], [-16.244618, 20.05037], [-16.244905, 20.050368], [-16.244909, 20.05091], [-16.244623, 20.050912], [-16.244625, 20.051183], [-16.244051, 20.051187], [-16.244055, 20.051729], [-16.243769, 20.051731], [-16.243771, 20.052002], [-16.243484, 20.052004], [-16.243486, 20.052275], [-16.243199, 20.052277], [-16.243201, 20.052548], [-16.242914, 20.05255], [-16.242917, 20.052821], [-16.24263, 20.052823], [-16.242632, 20.053094], [-16.242058, 20.053098], [-16.24206, 20.053369], [-16.241774, 20.053371], [-16.241778, 20.053914], [-16.242065, 20.053912], [-16.242067, 20.054183], [-16.244075, 20.054168], [-16.244085, 20.055524], [-16.244372, 20.055522], [-16.244374, 20.055793], [-16.244661, 20.055791], [-16.244663, 20.056062], [-16.24495, 20.05606], [-16.244956, 20.056873], [-16.24467, 20.056875], [-16.244667, 20.056604], [-16.244381, 20.056606], [-16.244378, 20.056335], [-16.244092, 20.056337], [-16.244094, 20.056608], [-16.243807, 20.05661], [-16.243809, 20.056881], [-16.244096, 20.056879], [-16.244098, 20.05715], [-16.244385, 20.057148], [-16.244387, 20.057419], [-16.244674, 20.057417], [-16.244678, 20.057959], [-16.244965, 20.057957], [-16.244971, 20.05877], [-16.244685, 20.058772], [-16.244687, 20.059043], [-16.2444, 20.059045], [-16.244402, 20.059316], [-16.244115, 20.059318], [-16.244117, 20.059589], [-16.24383, 20.059591], [-16.243841, 20.060946], [-16.243554, 20.060948], [-16.243563, 20.062033], [-16.242989, 20.062037], [-16.242991, 20.062308], [-16.243278, 20.062306], [-16.24328, 20.062577], [-16.243567, 20.062575], [-16.243569, 20.062846], [-16.243282, 20.062848], [-16.243285, 20.063119], [-16.242998, 20.063121], [-16.243004, 20.063934], [-16.243578, 20.06393], [-16.24358, 20.064201], [-16.243006, 20.064205], [-16.243008, 20.064476], [-16.242722, 20.064478], [-16.242719, 20.064207], [-16.241572, 20.064215], [-16.241578, 20.065028], [-16.241865, 20.065026], [-16.241872, 20.065839], [-16.241585, 20.065841], [-16.241587, 20.066112], [-16.2413, 20.066114], [-16.241311, 20.067469], [-16.241024, 20.067471], [-16.241026, 20.067742], [-16.240739, 20.067744], [-16.24075, 20.0691], [-16.241897, 20.069092], [-16.241899, 20.069363], [-16.242473, 20.069359], [-16.242471, 20.069087], [-16.242758, 20.069085], [-16.242756, 20.068814], [-16.243043, 20.068812], [-16.24304, 20.068541], [-16.243327, 20.068539], [-16.243336, 20.069623], [-16.243623, 20.069621], [-16.243621, 20.06935], [-16.243907, 20.069348], [-16.243914, 20.070162], [-16.243627, 20.070164], [-16.243629, 20.070435], [-16.244203, 20.070431], [-16.244205, 20.070702], [-16.244492, 20.0707], [-16.244494, 20.070971], [-16.244781, 20.070969], [-16.244779, 20.070698], [-16.245352, 20.070693], [-16.245361, 20.071778], [-16.245935, 20.071774], [-16.245937, 20.072045], [-16.246224, 20.072043]], [[-16.245003, 20.062836], [-16.244717, 20.062838], [-16.244714, 20.062566], [-16.245001, 20.062564], [-16.245003, 20.062836]], [[-16.246945, 20.054419], [-16.246658, 20.054421], [-16.246656, 20.05415], [-16.246943, 20.054148], [-16.246945, 20.054419]]]}, "properties": {"layer": "meadow", "year": 2026, "sat": "S2B", "date": "2026-06-05", "area_ha": 89.19}}, {"type": "Feature", "geometry": {"type": "Polygon", "coordinates": [[[-16.243996, 20.04414], [-16.243993, 20.043869], [-16.244567, 20.043865], [-16.244565, 20.043594], [-16.242844, 20.043606], [-16.242848, 20.044148], [-16.243996, 20.04414]]]}, "properties": {"layer": "meadow", "year": 2026, "sat": "S2B", "date": "2026-06-05", "area_ha": 0.9}}, {"type": "Feature", "geometry": {"type": "Polygon", "coordinates": [[[-16.250883, 20.044634], [-16.250881, 20.044363], [-16.250594, 20.044365], [-16.250592, 20.044094], [-16.250305, 20.044096], [-16.250303, 20.043825], [-16.250016, 20.043827], [-16.250014, 20.043556], [-16.249727, 20.043558], [-16.249725, 20.043287], [-16.249152, 20.043291], [-16.249149, 20.04302], [-16.248863, 20.043022], [-16.248861, 20.042751], [-16.248, 20.042757], [-16.248002, 20.043028], [-16.247715, 20.04303], [-16.247722, 20.043843], [-16.248582, 20.043837], [-16.248584, 20.044108], [-16.248871, 20.044106], [-16.248873, 20.044377], [-16.249447, 20.044373], [-16.249445, 20.044102], [-16.249732, 20.0441], [-16.249734, 20.044371], [-16.250307, 20.044367], [-16.25031, 20.044638], [-16.250883, 20.044634]]]}, "properties": {"layer": "meadow", "year": 2026, "sat": "S2B", "date": "2026-06-05", "area_ha": 3.24}}, {"type": "Feature", "geometry": {"type": "Polygon", "coordinates": [[[-16.255545, 20.053816], [-16.255543, 20.053545], [-16.25583, 20.053543], [-16.255828, 20.053272], [-16.256115, 20.05327], [-16.256112, 20.052999], [-16.256399, 20.052997], [-16.256397, 20.052726], [-16.256971, 20.052722], [-16.256969, 20.052451], [-16.257542, 20.052447], [-16.25754, 20.052176], [-16.257827, 20.052174], [-16.257825, 20.051903], [-16.258112, 20.051901], [-16.258109, 20.05163], [-16.258683, 20.051626], [-16.258681, 20.051355], [-16.259254, 20.051351], [-16.259252, 20.051079], [-16.259539, 20.051077], [-16.259537, 20.050806], [-16.25925, 20.050808], [-16.259237, 20.049182], [-16.25895, 20.049184], [-16.258944, 20.048371], [-16.259518, 20.048367], [-16.259515, 20.048096], [-16.259229, 20.048098], [-16.259226, 20.047827], [-16.25894, 20.047829], [-16.258937, 20.047558], [-16.258651, 20.04756], [-16.258648, 20.047289], [-16.258935, 20.047287], [-16.258933, 20.047016], [-16.258646, 20.047018], [-16.258644, 20.046747], [-16.258071, 20.046751], [-16.258066, 20.046209], [-16.257779, 20.046211], [-16.257775, 20.045669], [-16.258062, 20.045667], [-16.258055, 20.044854], [-16.257482, 20.044858], [-16.257484, 20.045129], [-16.25691, 20.045133], [-16.256908, 20.044862], [-16.257195, 20.04486], [-16.257191, 20.044318], [-16.256904, 20.04432], [-16.256902, 20.044049], [-16.257189, 20.044047], [-16.257186, 20.043776], [-16.257473, 20.043774], [-16.257465, 20.04269], [-16.257178, 20.042692], [-16.257173, 20.04215], [-16.256887, 20.042152], [-16.256884, 20.041881], [-16.256598, 20.041883], [-16.256596, 20.041612], [-16.256882, 20.04161], [-16.25688, 20.041339], [-16.257167, 20.041337], [-16.257165, 20.041066], [-16.256878, 20.041068], [-16.256874, 20.040525], [-16.2563, 20.04053], [-16.256304, 20.041072], [-16.256591, 20.04107], [-16.256593, 20.041341], [-16.25602, 20.041345], [-16.256013, 20.040532], [-16.255726, 20.040534], [-16.255724, 20.040263], [-16.254004, 20.040275], [-16.254008, 20.040817], [-16.254295, 20.040815], [-16.254301, 20.041628], [-16.254588, 20.041626], [-16.254592, 20.042168], [-16.255166, 20.042164], [-16.255168, 20.042435], [-16.255455, 20.042433], [-16.255461, 20.043246], [-16.255748, 20.043244], [-16.255755, 20.044057], [-16.256041, 20.044055], [-16.256043, 20.044326], [-16.256617, 20.044322], [-16.256619, 20.044593], [-16.256332, 20.044595], [-16.256348, 20.046492], [-16.256634, 20.04649], [-16.256639, 20.047032], [-16.256925, 20.04703], [-16.256934, 20.048114], [-16.25636, 20.048119], [-16.256363, 20.04839], [-16.256076, 20.048392], [-16.256074, 20.048121], [-16.2555, 20.048125], [-16.255504, 20.048667], [-16.255218, 20.048669], [-16.255226, 20.049753], [-16.254653, 20.049757], [-16.254655, 20.050028], [-16.255515, 20.050022], [-16.255517, 20.050293], [-16.255804, 20.050291], [-16.255806, 20.050562], [-16.255519, 20.050564], [-16.255522, 20.050835], [-16.255235, 20.050837], [-16.255237, 20.051108], [-16.25495, 20.05111], [-16.254957, 20.051923], [-16.255243, 20.051921], [-16.25525, 20.052734], [-16.254963, 20.052736], [-16.254967, 20.053278], [-16.254394, 20.053282], [-16.254396, 20.053553], [-16.254683, 20.053551], [-16.254685, 20.053822], [-16.254972, 20.05382], [-16.254969, 20.053549], [-16.255256, 20.053547], [-16.255258, 20.053818], [-16.255545, 20.053816]]]}, "properties": {"layer": "meadow", "year": 2026, "sat": "S2B", "date": "2026-06-05", "area_ha": 36.45}}, {"type": "Feature", "geometry": {"type": "Polygon", "coordinates": [[[-16.238238, 20.04147], [-16.238236, 20.041199], [-16.238523, 20.041197], [-16.238519, 20.040655], [-16.238232, 20.040657], [-16.238228, 20.040115], [-16.237654, 20.040119], [-16.237656, 20.04039], [-16.236796, 20.040396], [-16.236798, 20.040667], [-16.237085, 20.040665], [-16.237089, 20.041207], [-16.237376, 20.041205], [-16.237378, 20.041476], [-16.238238, 20.04147]]]}, "properties": {"layer": "meadow", "year": 2026, "sat": "S2B", "date": "2026-06-05", "area_ha": 1.8}}, {"type": "Feature", "geometry": {"type": "Polygon", "coordinates": [[[-16.249104, 20.037328], [-16.2491, 20.036786], [-16.248813, 20.036788], [-16.248809, 20.036246], [-16.248522, 20.036248], [-16.24852, 20.035977], [-16.247947, 20.035981], [-16.247949, 20.036252], [-16.248236, 20.03625], [-16.24824, 20.036792], [-16.248527, 20.03679], [-16.248529, 20.037061], [-16.248816, 20.037059], [-16.248818, 20.03733], [-16.249104, 20.037328]]]}, "properties": {"layer": "meadow", "year": 2026, "sat": "S2B", "date": "2026-06-05", "area_ha": 0.81}}, {"type": "Feature", "geometry": {"type": "Polygon", "coordinates": [[[-16.245948, 20.037079], [-16.245945, 20.036808], [-16.246519, 20.036804], [-16.246517, 20.036533], [-16.246804, 20.036531], [-16.246793, 20.035176], [-16.246506, 20.035178], [-16.246502, 20.034636], [-16.245928, 20.03464], [-16.245933, 20.035182], [-16.245646, 20.035184], [-16.245648, 20.035455], [-16.245361, 20.035457], [-16.245363, 20.035728], [-16.245077, 20.03573], [-16.245085, 20.036814], [-16.245659, 20.03681], [-16.245661, 20.037081], [-16.245948, 20.037079]]]}, "properties": {"layer": "meadow", "year": 2026, "sat": "S2B", "date": "2026-06-05", "area_ha": 3.33}}, {"type": "Feature", "geometry": {"type": "Polygon", "coordinates": [[[-16.252582, 20.041911], [-16.25258, 20.04164], [-16.252867, 20.041638], [-16.252865, 20.041367], [-16.253152, 20.041365], [-16.25315, 20.041094], [-16.253436, 20.041092], [-16.253428, 20.040008], [-16.254288, 20.040002], [-16.254282, 20.039189], [-16.254569, 20.039187], [-16.254566, 20.038916], [-16.254853, 20.038914], [-16.254851, 20.038642], [-16.254564, 20.038645], [-16.25456, 20.038102], [-16.254847, 20.0381], [-16.254845, 20.037829], [-16.254271, 20.037833], [-16.254267, 20.037291], [-16.254553, 20.037289], [-16.254551, 20.037018], [-16.254838, 20.037016], [-16.254834, 20.036474], [-16.255121, 20.036472], [-16.255118, 20.036201], [-16.255405, 20.036199], [-16.255403, 20.035928], [-16.25483, 20.035932], [-16.254832, 20.036203], [-16.253971, 20.036209], [-16.253973, 20.03648], [-16.253113, 20.036486], [-16.253102, 20.035131], [-16.253389, 20.035129], [-16.253391, 20.0354], [-16.254252, 20.035394], [-16.254249, 20.035123], [-16.254823, 20.035119], [-16.254819, 20.034577], [-16.254532, 20.034579], [-16.25453, 20.034308], [-16.254817, 20.034306], [-16.254806, 20.032951], [-16.254519, 20.032953], [-16.254521, 20.033224], [-16.253374, 20.033232], [-16.253376, 20.033503], [-16.252803, 20.033507], [-16.252813, 20.034862], [-16.252527, 20.034864], [-16.252529, 20.035135], [-16.252242, 20.035137], [-16.252244, 20.035408], [-16.251957, 20.03541], [-16.251959, 20.035681], [-16.251386, 20.035685], [-16.251388, 20.035957], [-16.250814, 20.035961], [-16.250812, 20.03569], [-16.250239, 20.035694], [-16.250237, 20.035423], [-16.24995, 20.035425], [-16.249948, 20.035154], [-16.249661, 20.035156], [-16.249667, 20.035969], [-16.249954, 20.035967], [-16.249961, 20.03678], [-16.250247, 20.036778], [-16.250249, 20.037049], [-16.250536, 20.037047], [-16.250538, 20.037318], [-16.250825, 20.037316], [-16.250827, 20.037587], [-16.250541, 20.037589], [-16.250547, 20.038402], [-16.251121, 20.038398], [-16.251123, 20.038669], [-16.25141, 20.038667], [-16.251412, 20.038938], [-16.251125, 20.03894], [-16.251127, 20.039211], [-16.251414, 20.039209], [-16.251418, 20.039751], [-16.251705, 20.039749], [-16.251707, 20.04002], [-16.252281, 20.040016], [-16.252285, 20.040558], [-16.252572, 20.040556], [-16.252574, 20.040827], [-16.252861, 20.040825], [-16.252863, 20.041096], [-16.252289, 20.0411], [-16.252294, 20.041642], [-16.252007, 20.041644], [-16.252009, 20.041915], [-16.252582, 20.041911]]]}, "properties": {"layer": "meadow", "year": 2026, "sat": "S2B", "date": "2026-06-05", "area_ha": 25.65}}, {"type": "Feature", "geometry": {"type": "Polygon", "coordinates": [[[-16.254797, 20.031867], [-16.254793, 20.031325], [-16.254506, 20.031327], [-16.254504, 20.031056], [-16.254217, 20.031058], [-16.254215, 20.030787], [-16.253928, 20.030789], [-16.253933, 20.031331], [-16.254219, 20.031329], [-16.254224, 20.031871], [-16.254797, 20.031867]]]}, "properties": {"layer": "meadow", "year": 2026, "sat": "S2B", "date": "2026-06-05", "area_ha": 0.63}}, {"type": "Feature", "geometry": {"type": "Polygon", "coordinates": [[[-16.251634, 20.030805], [-16.251632, 20.030534], [-16.251919, 20.030532], [-16.251912, 20.029719], [-16.251625, 20.029721], [-16.251628, 20.029992], [-16.251341, 20.029994], [-16.251343, 20.030265], [-16.251056, 20.030267], [-16.251058, 20.030538], [-16.251345, 20.030536], [-16.251347, 20.030807], [-16.251634, 20.030805]]]}, "properties": {"layer": "meadow", "year": 2026, "sat": "S2B", "date": "2026-06-05", "area_ha": 0.63}}, {"type": "Feature", "geometry": {"type": "Polygon", "coordinates": [[[-16.240511, 20.038744], [-16.240509, 20.038473], [-16.240796, 20.038471], [-16.24079, 20.037657], [-16.241363, 20.037653], [-16.241361, 20.037382], [-16.243082, 20.03737], [-16.243078, 20.036828], [-16.242791, 20.03683], [-16.242789, 20.036559], [-16.243075, 20.036557], [-16.243067, 20.035473], [-16.24278, 20.035475], [-16.242778, 20.035204], [-16.242491, 20.035206], [-16.242485, 20.034393], [-16.242772, 20.034391], [-16.242769, 20.03412], [-16.242483, 20.034122], [-16.242468, 20.032225], [-16.241894, 20.032229], [-16.241892, 20.031958], [-16.241605, 20.03196], [-16.24161, 20.032502], [-16.241323, 20.032504], [-16.241316, 20.031691], [-16.241603, 20.031689], [-16.241599, 20.031147], [-16.241312, 20.031149], [-16.241308, 20.030607], [-16.242168, 20.0306], [-16.242164, 20.030058], [-16.242737, 20.030054], [-16.242735, 20.029783], [-16.243022, 20.029781], [-16.24302, 20.02951], [-16.241586, 20.02952], [-16.241582, 20.028978], [-16.241008, 20.028982], [-16.24101, 20.029253], [-16.240724, 20.029255], [-16.240732, 20.03034], [-16.240445, 20.030342], [-16.240443, 20.03007], [-16.240156, 20.030072], [-16.240167, 20.031428], [-16.23988, 20.03143], [-16.239885, 20.031972], [-16.240171, 20.03197], [-16.240184, 20.033596], [-16.239611, 20.0336], [-16.239606, 20.033058], [-16.239319, 20.03306], [-16.239322, 20.033331], [-16.239035, 20.033333], [-16.239041, 20.034146], [-16.238754, 20.034148], [-16.238752, 20.033877], [-16.238466, 20.033879], [-16.238463, 20.033608], [-16.237603, 20.033614], [-16.237609, 20.034427], [-16.237323, 20.034429], [-16.237327, 20.034971], [-16.23704, 20.034973], [-16.237042, 20.035244], [-16.236755, 20.035246], [-16.236758, 20.035517], [-16.236471, 20.035519], [-16.236469, 20.035248], [-16.236182, 20.03525], [-16.23618, 20.034979], [-16.235893, 20.034981], [-16.235891, 20.03471], [-16.235604, 20.034712], [-16.235615, 20.036067], [-16.235901, 20.036065], [-16.235904, 20.036336], [-16.23619, 20.036334], [-16.236203, 20.037961], [-16.236777, 20.037957], [-16.236779, 20.038228], [-16.237066, 20.038226], [-16.237061, 20.037684], [-16.237922, 20.037678], [-16.237924, 20.037949], [-16.238211, 20.037947], [-16.238213, 20.038218], [-16.2385, 20.038216], [-16.238502, 20.038487], [-16.239649, 20.038479], [-16.239647, 20.038208], [-16.24022, 20.038204], [-16.240225, 20.038746], [-16.240511, 20.038744]], [[-16.237059, 20.037413], [-16.236772, 20.037415], [-16.236768, 20.036872], [-16.237055, 20.03687], [-16.237059, 20.037413]], [[-16.240777, 20.036031], [-16.24049, 20.036033], [-16.240488, 20.035762], [-16.240775, 20.03576], [-16.240777, 20.036031]], [[-16.239343, 20.036041], [-16.239056, 20.036043], [-16.239054, 20.035772], [-16.238767, 20.035774], [-16.238765, 20.035503], [-16.238191, 20.035507], [-16.238185, 20.034694], [-16.239619, 20.034684], [-16.239623, 20.035226], [-16.239337, 20.035228], [-16.239343, 20.036041]], [[-16.240482, 20.034949], [-16.240195, 20.034951], [-16.240193, 20.03468], [-16.240479, 20.034678], [-16.240482, 20.034949]]]}, "properties": {"layer": "meadow", "year": 2026, "sat": "S2B", "date": "2026-06-05", "area_ha": 39.06}}, {"type": "Feature", "geometry": {"type": "Polygon", "coordinates": [[[-16.236702, 20.02847], [-16.236692, 20.027115], [-16.236979, 20.027113], [-16.236976, 20.026842], [-16.237837, 20.026836], [-16.237833, 20.026294], [-16.238693, 20.026288], [-16.238691, 20.026017], [-16.238404, 20.026019], [-16.238402, 20.025748], [-16.238689, 20.025746], [-16.238686, 20.025475], [-16.238973, 20.025473], [-16.23898, 20.026286], [-16.239266, 20.026284], [-16.239262, 20.025742], [-16.239836, 20.025738], [-16.239829, 20.024925], [-16.240403, 20.024921], [-16.240399, 20.024379], [-16.240112, 20.024381], [-16.240114, 20.024652], [-16.239827, 20.024654], [-16.239825, 20.024383], [-16.238965, 20.024389], [-16.238967, 20.02466], [-16.237533, 20.02467], [-16.237535, 20.024941], [-16.237248, 20.024943], [-16.23725, 20.025214], [-16.236964, 20.025216], [-16.236966, 20.025487], [-16.236392, 20.025491], [-16.236394, 20.025762], [-16.235821, 20.025766], [-16.235823, 20.026037], [-16.235536, 20.026039], [-16.235538, 20.02631], [-16.235252, 20.026312], [-16.235254, 20.026583], [-16.234967, 20.026585], [-16.234969, 20.026856], [-16.234395, 20.02686], [-16.234398, 20.027131], [-16.234111, 20.027133], [-16.234113, 20.027404], [-16.2344, 20.027402], [-16.234406, 20.028215], [-16.234693, 20.028213], [-16.234695, 20.028484], [-16.236129, 20.028474], [-16.236127, 20.028203], [-16.236413, 20.028201], [-16.236416, 20.028472], [-16.236702, 20.02847]]]}, "properties": {"layer": "meadow", "year": 2026, "sat": "S2B", "date": "2026-06-05", "area_ha": 11.97}}, {"type": "Feature", "geometry": {"type": "Polygon", "coordinates": [[[-16.239235, 20.022218], [-16.239232, 20.021947], [-16.239806, 20.021943], [-16.2398, 20.02113], [-16.239513, 20.021132], [-16.239511, 20.020861], [-16.239224, 20.020863], [-16.239226, 20.021134], [-16.238652, 20.021138], [-16.238655, 20.021409], [-16.238081, 20.021413], [-16.238083, 20.021684], [-16.237796, 20.021686], [-16.237801, 20.022229], [-16.239235, 20.022218]]]}, "properties": {"layer": "meadow", "year": 2026, "sat": "S2B", "date": "2026-06-05", "area_ha": 2.07}}, {"type": "Feature", "geometry": {"type": "Polygon", "coordinates": [[[-16.239502, 20.019777], [-16.2395, 20.019506], [-16.24036, 20.0195], [-16.240358, 20.019229], [-16.240645, 20.019227], [-16.240643, 20.018956], [-16.240356, 20.018958], [-16.240348, 20.017874], [-16.240061, 20.017876], [-16.240059, 20.017605], [-16.239772, 20.017607], [-16.23977, 20.017336], [-16.239196, 20.01734], [-16.239194, 20.017069], [-16.239481, 20.017067], [-16.239472, 20.015983], [-16.239186, 20.015985], [-16.239184, 20.015714], [-16.238897, 20.015716], [-16.238895, 20.015445], [-16.238321, 20.015449], [-16.23833, 20.016533], [-16.238043, 20.016535], [-16.238047, 20.017077], [-16.237474, 20.017081], [-16.237472, 20.01681], [-16.237185, 20.016812], [-16.237178, 20.015999], [-16.236892, 20.016001], [-16.23689, 20.01573], [-16.236029, 20.015736], [-16.236027, 20.015465], [-16.23574, 20.015467], [-16.235743, 20.015738], [-16.235456, 20.01574], [-16.235458, 20.016011], [-16.235171, 20.016013], [-16.235169, 20.015742], [-16.234309, 20.015748], [-16.234311, 20.016019], [-16.234024, 20.016021], [-16.23403, 20.016834], [-16.235177, 20.016826], [-16.235175, 20.016555], [-16.235462, 20.016553], [-16.235464, 20.016824], [-16.235751, 20.016822], [-16.235757, 20.017635], [-16.236044, 20.017633], [-16.236053, 20.018717], [-16.236339, 20.018715], [-16.236341, 20.018986], [-16.236628, 20.018984], [-16.23663, 20.019255], [-16.236344, 20.019257], [-16.236348, 20.019799], [-16.237208, 20.019793], [-16.237206, 20.019522], [-16.237779, 20.019518], [-16.237782, 20.019789], [-16.238355, 20.019785], [-16.238353, 20.019514], [-16.23864, 20.019512], [-16.238642, 20.019783], [-16.239502, 20.019777]], [[-16.239203, 20.018153], [-16.238916, 20.018155], [-16.23891, 20.017342], [-16.239196, 20.01734], [-16.239203, 20.018153]], [[-16.238342, 20.018159], [-16.238056, 20.018161], [-16.238054, 20.01789], [-16.23834, 20.017888], [-16.238342, 20.018159]]]}, "properties": {"layer": "meadow", "year": 2026, "sat": "S2B", "date": "2026-06-05", "area_ha": 18.09}}, {"type": "Feature", "geometry": {"type": "Polygon", "coordinates": [[[-16.239746, 20.014354], [-16.239742, 20.013812], [-16.239455, 20.013814], [-16.239453, 20.013543], [-16.240027, 20.013539], [-16.240025, 20.013268], [-16.240311, 20.013266], [-16.240309, 20.012995], [-16.240023, 20.012997], [-16.240016, 20.012184], [-16.240303, 20.012182], [-16.240301, 20.011911], [-16.240014, 20.011913], [-16.240001, 20.010287], [-16.239428, 20.010291], [-16.239426, 20.01002], [-16.239712, 20.010018], [-16.239708, 20.009476], [-16.239421, 20.009478], [-16.239419, 20.009207], [-16.239706, 20.009205], [-16.239695, 20.00785], [-16.239409, 20.007852], [-16.239407, 20.007581], [-16.23912, 20.007583], [-16.239118, 20.007311], [-16.239404, 20.007309], [-16.2394, 20.006767], [-16.238827, 20.006771], [-16.238825, 20.0065], [-16.239111, 20.006498], [-16.239107, 20.005956], [-16.23882, 20.005958], [-16.238818, 20.005687], [-16.238532, 20.005689], [-16.238529, 20.005418], [-16.238243, 20.00542], [-16.238245, 20.005691], [-16.237958, 20.005693], [-16.23796, 20.005964], [-16.237673, 20.005966], [-16.237678, 20.006508], [-16.237391, 20.00651], [-16.237389, 20.006239], [-16.236529, 20.006245], [-16.236527, 20.005974], [-16.2371, 20.00597], [-16.237098, 20.005699], [-16.237671, 20.005695], [-16.237669, 20.005424], [-16.237956, 20.005422], [-16.237954, 20.005151], [-16.238527, 20.005147], [-16.238512, 20.00325], [-16.237939, 20.003254], [-16.237937, 20.002983], [-16.238224, 20.002981], [-16.238217, 20.002168], [-16.237931, 20.00217], [-16.237933, 20.002441], [-16.237072, 20.002447], [-16.237075, 20.002718], [-16.236788, 20.00272], [-16.236792, 20.003262], [-16.237079, 20.00326], [-16.237081, 20.003531], [-16.236794, 20.003533], [-16.236798, 20.004075], [-16.235938, 20.004081], [-16.23594, 20.004352], [-16.235367, 20.004356], [-16.235369, 20.004627], [-16.236516, 20.004619], [-16.236518, 20.00489], [-16.235658, 20.004896], [-16.23566, 20.005167], [-16.235373, 20.005169], [-16.235384, 20.006524], [-16.23481, 20.006528], [-16.234815, 20.00707], [-16.233954, 20.007076], [-16.233952, 20.006805], [-16.233665, 20.006807], [-16.233661, 20.006265], [-16.233375, 20.006267], [-16.233372, 20.005996], [-16.233086, 20.005998], [-16.23309, 20.00654], [-16.232803, 20.006542], [-16.232807, 20.007084], [-16.233094, 20.007082], [-16.233103, 20.008167], [-16.233389, 20.008165], [-16.233391, 20.008436], [-16.233678, 20.008434], [-16.23368, 20.008705], [-16.233394, 20.008707], [-16.233402, 20.009791], [-16.233689, 20.009789], [-16.233691, 20.01006], [-16.233978, 20.010058], [-16.233984, 20.010871], [-16.234271, 20.010869], [-16.234275, 20.011411], [-16.234562, 20.011409], [-16.234557, 20.010867], [-16.234844, 20.010865], [-16.234831, 20.009239], [-16.235405, 20.009235], [-16.235411, 20.010048], [-16.235125, 20.01005], [-16.235127, 20.010321], [-16.235413, 20.010319], [-16.235418, 20.010861], [-16.235704, 20.010859], [-16.235707, 20.01113], [-16.23628, 20.011126], [-16.236293, 20.012752], [-16.236866, 20.012748], [-16.236868, 20.013019], [-16.237442, 20.013015], [-16.23744, 20.012744], [-16.2383, 20.012738], [-16.238311, 20.014093], [-16.238597, 20.014091], [-16.238595, 20.01382], [-16.238882, 20.013818], [-16.238886, 20.01436], [-16.239173, 20.014358], [-16.239171, 20.014087], [-16.239458, 20.014085], [-16.23946, 20.014356], [-16.239746, 20.014354]], [[-16.235991, 20.010857], [-16.235704, 20.010859], [-16.235698, 20.010046], [-16.235985, 20.010044], [-16.235991, 20.010857]], [[-16.238283, 20.01057], [-16.237996, 20.010572], [-16.237992, 20.01003], [-16.238279, 20.010028], [-16.238283, 20.01057]], [[-16.237701, 20.00949], [-16.237414, 20.009492], [-16.237412, 20.009221], [-16.237699, 20.009219], [-16.237701, 20.00949]], [[-16.237412, 20.009221], [-16.237125, 20.009223], [-16.237123, 20.008952], [-16.23741, 20.00895], [-16.237412, 20.009221]], [[-16.235692, 20.009233], [-16.235405, 20.009235], [-16.235403, 20.008964], [-16.23569, 20.008962], [-16.235692, 20.009233]], [[-16.238557, 20.008942], [-16.237984, 20.008946], [-16.237981, 20.008675], [-16.238555, 20.008671], [-16.238557, 20.008942]], [[-16.237695, 20.008677], [-16.237408, 20.008679], [-16.237406, 20.008408], [-16.237119, 20.00841], [-16.237117, 20.008139], [-16.237404, 20.008137], [-16.237402, 20.007866], [-16.237688, 20.007864], [-16.237686, 20.007593], [-16.238833, 20.007585], [-16.238835, 20.007856], [-16.238262, 20.00786], [-16.238266, 20.008402], [-16.237693, 20.008406], [-16.237695, 20.008677]], [[-16.236803, 20.004617], [-16.236516, 20.004619], [-16.236514, 20.004348], [-16.236801, 20.004346], [-16.236803, 20.004617]]]}, "properties": {"layer": "meadow", "year": 2026, "sat": "S2B", "date": "2026-06-05", "area_ha": 49.41}}, {"type": "Feature", "geometry": {"type": "Polygon", "coordinates": [[[-16.233925, 20.003282], [-16.233923, 20.003011], [-16.234209, 20.003009], [-16.234205, 20.002467], [-16.234492, 20.002465], [-16.23449, 20.002194], [-16.234776, 20.002192], [-16.234774, 20.001921], [-16.235061, 20.001919], [-16.235059, 20.001648], [-16.235346, 20.001646], [-16.235341, 20.001104], [-16.235628, 20.001102], [-16.235626, 20.000831], [-16.235053, 20.000835], [-16.235055, 20.001106], [-16.234768, 20.001108], [-16.23477, 20.001379], [-16.234483, 20.001381], [-16.234486, 20.001652], [-16.233625, 20.001658], [-16.233627, 20.001929], [-16.233341, 20.001931], [-16.233339, 20.00166], [-16.232765, 20.001664], [-16.232778, 20.00329], [-16.233925, 20.003282]]]}, "properties": {"layer": "meadow", "year": 2026, "sat": "S2B", "date": "2026-06-05", "area_ha": 3.69}}, {"type": "Feature", "geometry": {"type": "Polygon", "coordinates": [[[-16.232476, 20.001395], [-16.232474, 20.001124], [-16.232761, 20.001122], [-16.232759, 20.000851], [-16.233332, 20.000847], [-16.23333, 20.000576], [-16.233904, 20.000572], [-16.233902, 20.000301], [-16.233041, 20.000307], [-16.233039, 20.000035], [-16.232753, 20.000037], [-16.23275, 19.999766], [-16.233037, 19.999764], [-16.233033, 19.999222], [-16.23332, 19.99922], [-16.233318, 19.998949], [-16.233891, 19.998945], [-16.233889, 19.998674], [-16.233602, 19.998676], [-16.2336, 19.998405], [-16.233313, 19.998407], [-16.233315, 19.998678], [-16.232455, 19.998684], [-16.232457, 19.998955], [-16.232171, 19.998957], [-16.232173, 19.999228], [-16.231886, 19.99923], [-16.231888, 19.999501], [-16.232175, 19.999499], [-16.232181, 20.000313], [-16.231894, 20.000314], [-16.231901, 20.001128], [-16.232187, 20.001126], [-16.23219, 20.001397], [-16.232476, 20.001395]]]}, "properties": {"layer": "meadow", "year": 2026, "sat": "S2B", "date": "2026-06-05", "area_ha": 3.42}}, {"type": "Feature", "geometry": {"type": "Polygon", "coordinates": [[[-16.236758, 19.998925], [-16.236756, 19.998654], [-16.237043, 19.998652], [-16.237041, 19.998381], [-16.236467, 19.998385], [-16.236463, 19.997843], [-16.23675, 19.997841], [-16.236745, 19.997299], [-16.236459, 19.997301], [-16.236461, 19.997572], [-16.235887, 19.997576], [-16.23589, 19.997847], [-16.235603, 19.997849], [-16.235605, 19.99812], [-16.236178, 19.998116], [-16.236185, 19.998929], [-16.236758, 19.998925]]]}, "properties": {"layer": "meadow", "year": 2026, "sat": "S2B", "date": "2026-06-05", "area_ha": 1.17}}, {"type": "Feature", "geometry": {"type": "Polygon", "coordinates": [[[-16.231298, 19.997337], [-16.231291, 19.996524], [-16.231005, 19.996526], [-16.231003, 19.996255], [-16.230716, 19.996257], [-16.230718, 19.996528], [-16.230431, 19.99653], [-16.230436, 19.997072], [-16.231009, 19.997068], [-16.231011, 19.997339], [-16.231298, 19.997337]]]}, "properties": {"layer": "meadow", "year": 2026, "sat": "S2B", "date": "2026-06-05", "area_ha": 0.72}}, {"type": "Feature", "geometry": {"type": "Polygon", "coordinates": [[[-16.235027, 19.997582], [-16.235025, 19.997311], [-16.235312, 19.997309], [-16.235303, 19.996225], [-16.235017, 19.996227], [-16.235015, 19.995956], [-16.235301, 19.995954], [-16.235299, 19.995683], [-16.235012, 19.995685], [-16.23501, 19.995414], [-16.234724, 19.995416], [-16.234717, 19.994603], [-16.234431, 19.994605], [-16.234428, 19.994334], [-16.234142, 19.994336], [-16.23414, 19.994065], [-16.23328, 19.994071], [-16.233277, 19.9938], [-16.232991, 19.993802], [-16.232995, 19.994344], [-16.233282, 19.994342], [-16.233284, 19.994613], [-16.232997, 19.994615], [-16.232999, 19.994886], [-16.232139, 19.994892], [-16.232145, 19.995705], [-16.232432, 19.995703], [-16.232434, 19.995974], [-16.232147, 19.995976], [-16.232152, 19.996518], [-16.231578, 19.996522], [-16.231582, 19.997064], [-16.231869, 19.997062], [-16.231867, 19.996791], [-16.232154, 19.996789], [-16.232158, 19.997331], [-16.233592, 19.997321], [-16.233594, 19.997592], [-16.235027, 19.997582]]]}, "properties": {"layer": "meadow", "year": 2026, "sat": "S2B", "date": "2026-06-05", "area_ha": 10.35}}, {"type": "Feature", "geometry": {"type": "Polygon", "coordinates": [[[-16.230421, 19.995175], [-16.230419, 19.994904], [-16.230705, 19.994902], [-16.230699, 19.994089], [-16.230986, 19.994087], [-16.230979, 19.993273], [-16.230693, 19.993275], [-16.230695, 19.993547], [-16.230408, 19.993549], [-16.23041, 19.99382], [-16.229837, 19.993824], [-16.229845, 19.994908], [-16.230132, 19.994906], [-16.230134, 19.995177], [-16.230421, 19.995175]]]}, "properties": {"layer": "meadow", "year": 2026, "sat": "S2B", "date": "2026-06-05", "area_ha": 1.53}}, {"type": "Feature", "geometry": {"type": "Polygon", "coordinates": [[[-16.232116, 19.99191], [-16.232114, 19.991639], [-16.231827, 19.991641], [-16.231825, 19.99137], [-16.232398, 19.991366], [-16.232394, 19.990824], [-16.232681, 19.990822], [-16.232679, 19.990551], [-16.232965, 19.990549], [-16.232963, 19.990278], [-16.233537, 19.990274], [-16.233535, 19.990003], [-16.233821, 19.990001], [-16.233819, 19.98973], [-16.234106, 19.989728], [-16.234104, 19.989457], [-16.23439, 19.989455], [-16.234388, 19.989184], [-16.234675, 19.989182], [-16.234665, 19.987827], [-16.234091, 19.987831], [-16.234087, 19.987289], [-16.234374, 19.987287], [-16.234369, 19.986745], [-16.234083, 19.986747], [-16.234078, 19.986205], [-16.233505, 19.986209], [-16.233507, 19.98648], [-16.233794, 19.986478], [-16.2338, 19.987291], [-16.233513, 19.987293], [-16.233511, 19.987022], [-16.233225, 19.987024], [-16.233223, 19.986753], [-16.232936, 19.986755], [-16.232932, 19.986213], [-16.233218, 19.986211], [-16.233216, 19.98594], [-16.23293, 19.985942], [-16.232923, 19.985128], [-16.23321, 19.985126], [-16.233212, 19.985397], [-16.233499, 19.985395], [-16.233492, 19.984582], [-16.233206, 19.984584], [-16.233201, 19.984042], [-16.232915, 19.984044], [-16.232911, 19.983502], [-16.232624, 19.983504], [-16.23262, 19.982962], [-16.232333, 19.982964], [-16.232331, 19.982693], [-16.232044, 19.982695], [-16.23204, 19.982153], [-16.231753, 19.982155], [-16.231751, 19.981884], [-16.231464, 19.981886], [-16.23146, 19.981344], [-16.231174, 19.981346], [-16.231169, 19.980804], [-16.230883, 19.980806], [-16.230878, 19.980264], [-16.231165, 19.980262], [-16.231161, 19.97972], [-16.230301, 19.979726], [-16.230303, 19.979997], [-16.23059, 19.979995], [-16.230592, 19.980266], [-16.230018, 19.98027], [-16.230031, 19.981896], [-16.229744, 19.981898], [-16.229759, 19.983795], [-16.231192, 19.983785], [-16.231195, 19.984056], [-16.230908, 19.984058], [-16.23091, 19.984329], [-16.229763, 19.984337], [-16.229765, 19.984608], [-16.229479, 19.98461], [-16.229485, 19.985423], [-16.229198, 19.985425], [-16.229202, 19.985967], [-16.229489, 19.985965], [-16.229493, 19.986507], [-16.22978, 19.986505], [-16.229782, 19.986777], [-16.229495, 19.986779], [-16.229498, 19.98705], [-16.229784, 19.987048], [-16.229793, 19.988132], [-16.229506, 19.988134], [-16.229512, 19.988947], [-16.228365, 19.988955], [-16.228372, 19.989768], [-16.228658, 19.989766], [-16.228661, 19.990037], [-16.228947, 19.990035], [-16.228949, 19.990306], [-16.229236, 19.990304], [-16.229238, 19.990575], [-16.229525, 19.990573], [-16.229527, 19.990844], [-16.230387, 19.990838], [-16.230389, 19.991109], [-16.230676, 19.991107], [-16.230678, 19.991378], [-16.230965, 19.991376], [-16.230967, 19.991647], [-16.23154, 19.991643], [-16.231542, 19.991914], [-16.232116, 19.99191]], [[-16.232101, 19.990013], [-16.231814, 19.990015], [-16.231812, 19.989744], [-16.232099, 19.989742], [-16.232101, 19.990013]], [[-16.233246, 19.989734], [-16.232959, 19.989736], [-16.232957, 19.989465], [-16.233244, 19.989463], [-16.233246, 19.989734]], [[-16.232672, 19.989738], [-16.232386, 19.98974], [-16.232384, 19.989469], [-16.23267, 19.989467], [-16.232672, 19.989738]], [[-16.234102, 19.989186], [-16.233815, 19.989188], [-16.233809, 19.988375], [-16.234095, 19.988373], [-16.234102, 19.989186]], [[-16.233235, 19.988379], [-16.232375, 19.988385], [-16.232373, 19.988114], [-16.232946, 19.98811], [-16.232944, 19.987839], [-16.233518, 19.987835], [-16.23352, 19.988106], [-16.233233, 19.988108], [-16.233235, 19.988379]], [[-16.233804, 19.987833], [-16.233518, 19.987835], [-16.233516, 19.987564], [-16.233802, 19.987562], [-16.233804, 19.987833]], [[-16.231186, 19.982972], [-16.230899, 19.982974], [-16.230897, 19.982703], [-16.231184, 19.982701], [-16.231186, 19.982972]], [[-16.230889, 19.981619], [-16.230316, 19.981623], [-16.230313, 19.981352], [-16.230887, 19.981348], [-16.230889, 19.981619]]]}, "properties": {"layer": "meadow", "year": 2026, "sat": "S2B", "date": "2026-06-05", "area_ha": 43.11}}, {"type": "Feature", "geometry": {"type": "Polygon", "coordinates": [[[-16.504521, 19.934246], [-16.504513, 19.933433], [-16.504227, 19.933436], [-16.504219, 19.932623], [-16.503933, 19.932625], [-16.503935, 19.932896], [-16.503649, 19.932899], [-16.503651, 19.93317], [-16.503938, 19.933167], [-16.50394, 19.933438], [-16.503367, 19.933443], [-16.50337, 19.933714], [-16.504229, 19.933707], [-16.504235, 19.934249], [-16.504521, 19.934246]]]}, "properties": {"layer": "meadow", "year": 2026, "sat": "S2B", "date": "2026-06-05", "area_ha": 0.9}}, {"type": "Feature", "geometry": {"type": "Polygon", "coordinates": [[[-16.504787, 19.932076], [-16.504785, 19.931805], [-16.505071, 19.931802], [-16.505066, 19.93126], [-16.504779, 19.931263], [-16.504777, 19.930992], [-16.50449, 19.930994], [-16.504488, 19.930723], [-16.504774, 19.930721], [-16.504764, 19.929637], [-16.504477, 19.929639], [-16.504475, 19.929368], [-16.504188, 19.929371], [-16.504183, 19.928829], [-16.503897, 19.928831], [-16.503894, 19.92856], [-16.503608, 19.928562], [-16.503613, 19.929104], [-16.503326, 19.929107], [-16.503329, 19.929378], [-16.503615, 19.929375], [-16.503618, 19.929647], [-16.503331, 19.929649], [-16.503339, 19.930462], [-16.503625, 19.93046], [-16.503628, 19.930731], [-16.503915, 19.930728], [-16.50392, 19.93127], [-16.504206, 19.931268], [-16.504209, 19.931539], [-16.504495, 19.931536], [-16.504501, 19.932078], [-16.504787, 19.932076]]]}, "properties": {"layer": "meadow", "year": 2026, "sat": "S2B", "date": "2026-06-05", "area_ha": 3.51}}, {"type": "Feature", "geometry": {"type": "Polygon", "coordinates": [[[-16.500412, 19.923982], [-16.500407, 19.92344], [-16.500693, 19.923438], [-16.500686, 19.922624], [-16.500112, 19.922629], [-16.500115, 19.9229], [-16.499828, 19.922903], [-16.499839, 19.923987], [-16.500412, 19.923982]]]}, "properties": {"layer": "meadow", "year": 2026, "sat": "S2B", "date": "2026-06-05", "area_ha": 1.08}}, {"type": "Feature", "geometry": {"type": "Polygon", "coordinates": [[[-16.501829, 19.922344], [-16.501824, 19.921802], [-16.502111, 19.921799], [-16.502106, 19.921257], [-16.501532, 19.921262], [-16.501535, 19.921533], [-16.501248, 19.921536], [-16.501254, 19.922078], [-16.500967, 19.92208], [-16.50097, 19.922351], [-16.501829, 19.922344]]]}, "properties": {"layer": "meadow", "year": 2026, "sat": "S2B", "date": "2026-06-05", "area_ha": 0.9}}, {"type": "Feature", "geometry": {"type": "Polygon", "coordinates": [[[-16.504679, 19.920694], [-16.504664, 19.919067], [-16.504377, 19.91907], [-16.504393, 19.920696], [-16.504679, 19.920694]]]}, "properties": {"layer": "meadow", "year": 2026, "sat": "S2B", "date": "2026-06-05", "area_ha": 0.54}}, {"type": "Feature", "geometry": {"type": "Polygon", "coordinates": [[[-16.478269, 19.915765], [-16.478266, 19.915494], [-16.478553, 19.915492], [-16.478548, 19.91495], [-16.478834, 19.914948], [-16.478832, 19.914677], [-16.479118, 19.914674], [-16.479116, 19.914403], [-16.478256, 19.91441], [-16.478261, 19.914952], [-16.477975, 19.914955], [-16.477982, 19.915768], [-16.478269, 19.915765]]]}, "properties": {"layer": "meadow", "year": 2026, "sat": "S2B", "date": "2026-06-05", "area_ha": 0.9}}, {"type": "Feature", "geometry": {"type": "Polygon", "coordinates": [[[-16.487139, 19.914336], [-16.487136, 19.914065], [-16.48685, 19.914068], [-16.486847, 19.913797], [-16.486561, 19.913799], [-16.486558, 19.913528], [-16.486272, 19.91353], [-16.486274, 19.913801], [-16.485988, 19.913804], [-16.485993, 19.914346], [-16.486279, 19.914344], [-16.486277, 19.914073], [-16.486563, 19.91407], [-16.486566, 19.914341], [-16.487139, 19.914336]]]}, "properties": {"layer": "meadow", "year": 2026, "sat": "S2B", "date": "2026-06-05", "area_ha": 0.63}}, {"type": "Feature", "geometry": {"type": "Polygon", "coordinates": [[[-16.483409, 19.913825], [-16.483404, 19.913283], [-16.48369, 19.913281], [-16.483688, 19.91301], [-16.483401, 19.913012], [-16.483399, 19.912741], [-16.483112, 19.912744], [-16.483107, 19.912202], [-16.482821, 19.912204], [-16.482823, 19.912475], [-16.48225, 19.91248], [-16.482248, 19.912209], [-16.481961, 19.912211], [-16.481964, 19.912482], [-16.481677, 19.912485], [-16.48168, 19.912756], [-16.481393, 19.912758], [-16.481395, 19.913029], [-16.481969, 19.913024], [-16.481971, 19.913295], [-16.482258, 19.913293], [-16.48226, 19.913564], [-16.482547, 19.913562], [-16.482544, 19.913291], [-16.482831, 19.913288], [-16.482836, 19.91383], [-16.483409, 19.913825]]]}, "properties": {"layer": "meadow", "year": 2026, "sat": "S2B", "date": "2026-06-05", "area_ha": 2.25}}, {"type": "Feature", "geometry": {"type": "Polygon", "coordinates": [[[-16.489152, 19.915133], [-16.489147, 19.914591], [-16.488861, 19.914593], [-16.488848, 19.913238], [-16.489708, 19.913231], [-16.489705, 19.91296], [-16.489419, 19.912962], [-16.489416, 19.912691], [-16.489129, 19.912693], [-16.489127, 19.912422], [-16.489413, 19.91242], [-16.489411, 19.912149], [-16.489697, 19.912147], [-16.489695, 19.911876], [-16.488835, 19.911883], [-16.488838, 19.912154], [-16.487978, 19.912161], [-16.487981, 19.912432], [-16.487694, 19.912434], [-16.487697, 19.912705], [-16.48741, 19.912708], [-16.487413, 19.912979], [-16.487699, 19.912976], [-16.487707, 19.91379], [-16.487993, 19.913787], [-16.488004, 19.914871], [-16.488863, 19.914864], [-16.488866, 19.915135], [-16.489152, 19.915133]], [[-16.489132, 19.912964], [-16.488845, 19.912967], [-16.488843, 19.912696], [-16.489129, 19.912693], [-16.489132, 19.912964]]]}, "properties": {"layer": "meadow", "year": 2026, "sat": "S2B", "date": "2026-06-05", "area_ha": 4.32}}, {"type": "Feature", "geometry": {"type": "Polygon", "coordinates": [[[-16.479113, 19.914132], [-16.479111, 19.913861], [-16.47997, 19.913854], [-16.479963, 19.913041], [-16.479676, 19.913043], [-16.479679, 19.913314], [-16.479392, 19.913317], [-16.479382, 19.912233], [-16.479096, 19.912235], [-16.479091, 19.911693], [-16.478804, 19.911696], [-16.478802, 19.911424], [-16.480234, 19.911413], [-16.480227, 19.9106], [-16.47994, 19.910602], [-16.479943, 19.910873], [-16.479656, 19.910875], [-16.479659, 19.911146], [-16.478512, 19.911156], [-16.478518, 19.911698], [-16.478231, 19.9117], [-16.478233, 19.911971], [-16.47766, 19.911976], [-16.477663, 19.912247], [-16.477949, 19.912245], [-16.477952, 19.912516], [-16.477665, 19.912518], [-16.477673, 19.913331], [-16.478246, 19.913326], [-16.478249, 19.913597], [-16.477676, 19.913602], [-16.477678, 19.913873], [-16.478251, 19.913868], [-16.478254, 19.914139], [-16.479113, 19.914132]]]}, "properties": {"layer": "meadow", "year": 2026, "sat": "S2B", "date": "2026-06-05", "area_ha": 5.31}}, {"type": "Feature", "geometry": {"type": "Polygon", "coordinates": [[[-16.487976, 19.91189], [-16.487973, 19.911619], [-16.48826, 19.911617], [-16.488257, 19.911346], [-16.487971, 19.911348], [-16.487966, 19.910806], [-16.488252, 19.910804], [-16.48825, 19.910533], [-16.48739, 19.91054], [-16.487393, 19.910811], [-16.486533, 19.910818], [-16.48653, 19.910547], [-16.486817, 19.910545], [-16.486814, 19.910274], [-16.486528, 19.910276], [-16.486523, 19.909734], [-16.485663, 19.909741], [-16.485661, 19.90947], [-16.485374, 19.909472], [-16.485377, 19.909743], [-16.484804, 19.909748], [-16.484801, 19.909477], [-16.483082, 19.909492], [-16.483084, 19.909763], [-16.483371, 19.90976], [-16.483373, 19.910031], [-16.48452, 19.910022], [-16.484525, 19.910564], [-16.484238, 19.910566], [-16.484241, 19.910837], [-16.484527, 19.910835], [-16.48453, 19.911106], [-16.485103, 19.911101], [-16.485105, 19.911372], [-16.485392, 19.91137], [-16.485397, 19.911912], [-16.485683, 19.911909], [-16.485681, 19.911638], [-16.485967, 19.911636], [-16.48597, 19.911907], [-16.486543, 19.911902], [-16.486541, 19.911631], [-16.487114, 19.911626], [-16.487116, 19.911897], [-16.487976, 19.91189]], [[-16.487398, 19.911353], [-16.487111, 19.911355], [-16.487109, 19.911084], [-16.487395, 19.911082], [-16.487398, 19.911353]]]}, "properties": {"layer": "meadow", "year": 2026, "sat": "S2B", "date": "2026-06-05", "area_ha": 7.29}}, {"type": "Feature", "geometry": {"type": "Polygon", "coordinates": [[[-16.406034, 19.913641], [-16.406032, 19.91337], [-16.406892, 19.913363], [-16.406889, 19.913092], [-16.406603, 19.913094], [-16.4066, 19.912823], [-16.40746, 19.912817], [-16.407455, 19.912275], [-16.407168, 19.912277], [-16.407171, 19.912548], [-16.406884, 19.91255], [-16.40688, 19.912008], [-16.406593, 19.91201], [-16.406591, 19.911739], [-16.406304, 19.911742], [-16.406302, 19.911471], [-16.406015, 19.911473], [-16.406013, 19.911202], [-16.406299, 19.911199], [-16.406292, 19.910386], [-16.406006, 19.910389], [-16.406003, 19.910118], [-16.405717, 19.91012], [-16.405714, 19.909849], [-16.405428, 19.909851], [-16.405425, 19.90958], [-16.405139, 19.909582], [-16.405141, 19.909853], [-16.404568, 19.909858], [-16.404563, 19.909316], [-16.40485, 19.909314], [-16.404845, 19.908772], [-16.404558, 19.908774], [-16.404561, 19.909045], [-16.404274, 19.909047], [-16.404272, 19.908776], [-16.403985, 19.908778], [-16.403983, 19.908507], [-16.403696, 19.90851], [-16.403704, 19.909323], [-16.40399, 19.90932], [-16.403997, 19.910134], [-16.40457, 19.910129], [-16.404575, 19.910671], [-16.404862, 19.910669], [-16.404867, 19.911211], [-16.40458, 19.911213], [-16.404587, 19.912026], [-16.404301, 19.912028], [-16.404305, 19.91257], [-16.404592, 19.912568], [-16.404594, 19.912839], [-16.404881, 19.912837], [-16.404883, 19.913108], [-16.405456, 19.913103], [-16.405459, 19.913374], [-16.405745, 19.913372], [-16.405748, 19.913643], [-16.406034, 19.913641]], [[-16.405435, 19.910664], [-16.405148, 19.910667], [-16.405144, 19.910124], [-16.40543, 19.910122], [-16.405435, 19.910664]]]}, "properties": {"layer": "meadow", "year": 2026, "sat": "S2B", "date": "2026-06-05", "area_ha": 8.73}}, {"type": "Feature", "geometry": {"type": "Polygon", "coordinates": [[[-16.472742, 19.906867], [-16.472739, 19.906596], [-16.473312, 19.906591], [-16.47331, 19.90632], [-16.474169, 19.906313], [-16.474167, 19.906042], [-16.473021, 19.906052], [-16.473018, 19.905781], [-16.472445, 19.905786], [-16.472455, 19.90687], [-16.472742, 19.906867]]]}, "properties": {"layer": "meadow", "year": 2026, "sat": "S2B", "date": "2026-06-05", "area_ha": 1.08}}, {"type": "Feature", "geometry": {"type": "Polygon", "coordinates": [[[-16.416292, 19.907055], [-16.416287, 19.906513], [-16.416574, 19.90651], [-16.416569, 19.905968], [-16.416282, 19.905971], [-16.416285, 19.906242], [-16.415998, 19.906244], [-16.416001, 19.906515], [-16.415714, 19.906517], [-16.415717, 19.906788], [-16.416003, 19.906786], [-16.416006, 19.907057], [-16.416292, 19.907055]]]}, "properties": {"layer": "meadow", "year": 2026, "sat": "S2B", "date": "2026-06-05", "area_ha": 0.54}}, {"type": "Feature", "geometry": {"type": "Polygon", "coordinates": [[[-16.433501, 19.908814], [-16.433499, 19.908543], [-16.433785, 19.908541], [-16.433783, 19.90827], [-16.43407, 19.908267], [-16.434062, 19.907454], [-16.434349, 19.907452], [-16.434344, 19.90691], [-16.434057, 19.906912], [-16.434055, 19.906641], [-16.434341, 19.906639], [-16.434339, 19.906368], [-16.434626, 19.906366], [-16.434635, 19.90745], [-16.434922, 19.907447], [-16.434917, 19.906905], [-16.43549, 19.906901], [-16.435488, 19.90663], [-16.436061, 19.906625], [-16.436058, 19.906354], [-16.435772, 19.906356], [-16.435769, 19.906085], [-16.435483, 19.906088], [-16.43548, 19.905817], [-16.435194, 19.905819], [-16.435191, 19.905548], [-16.434618, 19.905553], [-16.434611, 19.904739], [-16.433465, 19.904749], [-16.433467, 19.90502], [-16.433181, 19.905022], [-16.433186, 19.905564], [-16.432899, 19.905566], [-16.432901, 19.905837], [-16.432615, 19.90584], [-16.43262, 19.906382], [-16.432333, 19.906384], [-16.432336, 19.906655], [-16.432049, 19.906657], [-16.432059, 19.907741], [-16.432632, 19.907737], [-16.432637, 19.908279], [-16.432923, 19.908277], [-16.432928, 19.908819], [-16.433501, 19.908814]]]}, "properties": {"layer": "meadow", "year": 2026, "sat": "S2B", "date": "2026-06-05", "area_ha": 9.45}}, {"type": "Feature", "geometry": {"type": "Polygon", "coordinates": [[[-16.420304, 19.907023], [-16.420301, 19.906752], [-16.420588, 19.906749], [-16.420581, 19.905936], [-16.420867, 19.905934], [-16.420862, 19.905392], [-16.421149, 19.90539], [-16.421146, 19.905119], [-16.42086, 19.905121], [-16.420853, 19.904308], [-16.41942, 19.904319], [-16.419422, 19.90459], [-16.419136, 19.904593], [-16.419133, 19.904322], [-16.418847, 19.904324], [-16.418852, 19.904866], [-16.418279, 19.90487], [-16.418281, 19.905141], [-16.417421, 19.905148], [-16.417424, 19.905419], [-16.416851, 19.905424], [-16.416853, 19.905695], [-16.416567, 19.905697], [-16.416569, 19.905968], [-16.417142, 19.905964], [-16.41714, 19.905693], [-16.417426, 19.90569], [-16.417429, 19.905961], [-16.417715, 19.905959], [-16.417718, 19.90623], [-16.418004, 19.906228], [-16.418007, 19.906499], [-16.418866, 19.906492], [-16.418869, 19.906763], [-16.419442, 19.906758], [-16.419444, 19.907029], [-16.420304, 19.907023]]]}, "properties": {"layer": "meadow", "year": 2026, "sat": "S2B", "date": "2026-06-05", "area_ha": 8.19}}, {"type": "Feature", "geometry": {"type": "Polygon", "coordinates": [[[-16.472729, 19.905512], [-16.472722, 19.904699], [-16.472148, 19.904704], [-16.472141, 19.903891], [-16.471854, 19.903893], [-16.471849, 19.903351], [-16.471563, 19.903354], [-16.471565, 19.903625], [-16.471279, 19.903627], [-16.471284, 19.904169], [-16.47157, 19.904167], [-16.471573, 19.904438], [-16.471286, 19.90444], [-16.471291, 19.904982], [-16.471578, 19.90498], [-16.471575, 19.904709], [-16.471862, 19.904706], [-16.471869, 19.905519], [-16.472729, 19.905512]]]}, "properties": {"layer": "meadow", "year": 2026, "sat": "S2B", "date": "2026-06-05", "area_ha": 1.89}}, {"type": "Feature", "geometry": {"type": "Polygon", "coordinates": [[[-16.489921, 19.905369], [-16.489918, 19.905098], [-16.490778, 19.905091], [-16.490775, 19.90482], [-16.490489, 19.904822], [-16.490486, 19.904551], [-16.490773, 19.904549], [-16.490767, 19.904007], [-16.489908, 19.904014], [-16.489905, 19.903743], [-16.489332, 19.903748], [-16.48933, 19.903477], [-16.488757, 19.903481], [-16.488754, 19.90321], [-16.488468, 19.903213], [-16.48847, 19.903484], [-16.487611, 19.903491], [-16.487613, 19.903762], [-16.488473, 19.903755], [-16.488478, 19.904297], [-16.489051, 19.904292], [-16.489053, 19.904563], [-16.48934, 19.904561], [-16.489342, 19.904832], [-16.488769, 19.904837], [-16.488772, 19.905108], [-16.489345, 19.905103], [-16.489348, 19.905374], [-16.489921, 19.905369]]]}, "properties": {"layer": "meadow", "year": 2026, "sat": "S2B", "date": "2026-06-05", "area_ha": 3.51}}, {"type": "Feature", "geometry": {"type": "Polygon", "coordinates": [[[-16.495661, 19.906405], [-16.495656, 19.905863], [-16.495083, 19.905868], [-16.495081, 19.905597], [-16.494794, 19.905599], [-16.494791, 19.905328], [-16.495078, 19.905326], [-16.495073, 19.904784], [-16.495359, 19.904781], [-16.495365, 19.905323], [-16.495651, 19.905321], [-16.495654, 19.905592], [-16.496513, 19.905585], [-16.496511, 19.905314], [-16.496224, 19.905316], [-16.496222, 19.905045], [-16.495935, 19.905047], [-16.495927, 19.904234], [-16.495641, 19.904237], [-16.495633, 19.903424], [-16.495347, 19.903426], [-16.495349, 19.903697], [-16.494776, 19.903702], [-16.494781, 19.904244], [-16.494495, 19.904246], [-16.494477, 19.902349], [-16.493904, 19.902354], [-16.493909, 19.902896], [-16.493049, 19.902903], [-16.493047, 19.902632], [-16.49276, 19.902635], [-16.492763, 19.902906], [-16.492476, 19.902908], [-16.492479, 19.903179], [-16.492192, 19.903182], [-16.492195, 19.903453], [-16.491335, 19.90346], [-16.491338, 19.903731], [-16.492198, 19.903724], [-16.4922, 19.903995], [-16.49306, 19.903987], [-16.493062, 19.904258], [-16.493635, 19.904254], [-16.49364, 19.904796], [-16.493927, 19.904793], [-16.493929, 19.905064], [-16.493356, 19.905069], [-16.493354, 19.904798], [-16.492781, 19.904803], [-16.492783, 19.905074], [-16.492497, 19.905076], [-16.492494, 19.904805], [-16.492208, 19.904808], [-16.49221, 19.905079], [-16.491924, 19.905081], [-16.491926, 19.905352], [-16.493072, 19.905343], [-16.493077, 19.905885], [-16.493364, 19.905882], [-16.493367, 19.906153], [-16.493653, 19.906151], [-16.49365, 19.90588], [-16.493937, 19.905877], [-16.49394, 19.906148], [-16.494513, 19.906144], [-16.49451, 19.905873], [-16.494797, 19.90587], [-16.494802, 19.906412], [-16.495661, 19.906405]], [[-16.49451, 19.905873], [-16.494224, 19.905875], [-16.494221, 19.905604], [-16.494508, 19.905602], [-16.49451, 19.905873]], [[-16.494218, 19.905333], [-16.493932, 19.905335], [-16.493929, 19.905064], [-16.494216, 19.905062], [-16.494218, 19.905333]]]}, "properties": {"layer": "meadow", "year": 2026, "sat": "S2B", "date": "2026-06-05", "area_ha": 10.17}}, {"type": "Feature", "geometry": {"type": "Polygon", "coordinates": [[[-16.437785, 19.907153], [-16.437782, 19.906882], [-16.438069, 19.90688], [-16.438066, 19.906609], [-16.438353, 19.906607], [-16.43835, 19.906336], [-16.438637, 19.906333], [-16.438635, 19.906062], [-16.438921, 19.90606], [-16.438919, 19.905789], [-16.439205, 19.905787], [-16.4392, 19.905245], [-16.439487, 19.905242], [-16.439489, 19.905513], [-16.440062, 19.905509], [-16.440057, 19.904967], [-16.440344, 19.904964], [-16.440346, 19.905235], [-16.440633, 19.905233], [-16.440628, 19.904691], [-16.440915, 19.904689], [-16.440912, 19.904418], [-16.441199, 19.904415], [-16.441196, 19.904144], [-16.44091, 19.904147], [-16.440907, 19.903875], [-16.441767, 19.903869], [-16.441757, 19.902784], [-16.44147, 19.902787], [-16.441475, 19.903329], [-16.441189, 19.903331], [-16.441191, 19.903602], [-16.440618, 19.903607], [-16.440626, 19.90442], [-16.440339, 19.904422], [-16.440337, 19.904151], [-16.44005, 19.904153], [-16.440048, 19.903882], [-16.439761, 19.903885], [-16.439756, 19.903343], [-16.43947, 19.903345], [-16.439475, 19.903887], [-16.438615, 19.903894], [-16.438612, 19.903623], [-16.438899, 19.903621], [-16.438894, 19.903079], [-16.438321, 19.903083], [-16.438331, 19.904167], [-16.438044, 19.90417], [-16.438042, 19.903899], [-16.437755, 19.903901], [-16.43776, 19.904443], [-16.438047, 19.904441], [-16.438052, 19.904983], [-16.437765, 19.904985], [-16.437768, 19.905256], [-16.437195, 19.905261], [-16.437197, 19.905532], [-16.437484, 19.905529], [-16.437486, 19.9058], [-16.437199, 19.905803], [-16.437202, 19.906074], [-16.436915, 19.906076], [-16.43691, 19.905534], [-16.436624, 19.905536], [-16.436631, 19.906349], [-16.436345, 19.906352], [-16.436347, 19.906623], [-16.436061, 19.906625], [-16.436063, 19.906896], [-16.43635, 19.906894], [-16.436352, 19.907165], [-16.436925, 19.90716], [-16.436923, 19.906889], [-16.437209, 19.906887], [-16.437212, 19.907158], [-16.437785, 19.907153]], [[-16.437496, 19.906885], [-16.437209, 19.906887], [-16.437207, 19.906616], [-16.437493, 19.906613], [-16.437496, 19.906885]], [[-16.438064, 19.906338], [-16.437777, 19.90634], [-16.437775, 19.906069], [-16.438061, 19.906067], [-16.438064, 19.906338]], [[-16.438348, 19.906065], [-16.438061, 19.906067], [-16.438057, 19.905525], [-16.438343, 19.905522], [-16.438348, 19.906065]], [[-16.437775, 19.906069], [-16.437488, 19.906071], [-16.437486, 19.9058], [-16.437772, 19.905798], [-16.437775, 19.906069]], [[-16.43863, 19.90552], [-16.438343, 19.905522], [-16.438341, 19.905251], [-16.438627, 19.905249], [-16.43863, 19.90552]], [[-16.440052, 19.904424], [-16.439766, 19.904427], [-16.439763, 19.904156], [-16.44005, 19.904153], [-16.440052, 19.904424]], [[-16.43862, 19.904436], [-16.438333, 19.904438], [-16.438331, 19.904167], [-16.438617, 19.904165], [-16.43862, 19.904436]]]}, "properties": {"layer": "meadow", "year": 2026, "sat": "S2B", "date": "2026-06-05", "area_ha": 9.18}}, {"type": "Feature", "geometry": {"type": "Polygon", "coordinates": [[[-16.481639, 19.90842], [-16.481632, 19.907606], [-16.481345, 19.907609], [-16.481342, 19.907338], [-16.481629, 19.907335], [-16.481627, 19.907064], [-16.482486, 19.907057], [-16.482484, 19.906786], [-16.482197, 19.906789], [-16.482195, 19.906518], [-16.481908, 19.90652], [-16.481905, 19.906249], [-16.482765, 19.906242], [-16.482763, 19.905971], [-16.483336, 19.905966], [-16.483341, 19.906508], [-16.483627, 19.906506], [-16.48363, 19.906777], [-16.484203, 19.906772], [-16.484205, 19.907043], [-16.484492, 19.907041], [-16.484497, 19.907583], [-16.48507, 19.907578], [-16.485072, 19.907849], [-16.485645, 19.907844], [-16.485643, 19.907573], [-16.485356, 19.907575], [-16.485354, 19.907304], [-16.485067, 19.907307], [-16.485065, 19.907036], [-16.484778, 19.907038], [-16.484776, 19.906767], [-16.484489, 19.90677], [-16.484487, 19.906499], [-16.484773, 19.906496], [-16.484771, 19.906225], [-16.484484, 19.906228], [-16.484482, 19.905957], [-16.485055, 19.905952], [-16.48505, 19.90541], [-16.485336, 19.905407], [-16.485339, 19.905678], [-16.485912, 19.905674], [-16.485914, 19.905945], [-16.486774, 19.905937], [-16.486769, 19.905395], [-16.487055, 19.905393], [-16.487058, 19.905664], [-16.487631, 19.905659], [-16.487626, 19.905117], [-16.488199, 19.905112], [-16.488196, 19.904841], [-16.48791, 19.904844], [-16.487907, 19.904573], [-16.487048, 19.90458], [-16.487045, 19.904309], [-16.487618, 19.904304], [-16.487613, 19.903762], [-16.487327, 19.903764], [-16.487324, 19.903493], [-16.487611, 19.903491], [-16.487608, 19.90322], [-16.486462, 19.90323], [-16.48646, 19.902959], [-16.485886, 19.902963], [-16.485884, 19.902692], [-16.48617, 19.90269], [-16.486168, 19.902419], [-16.485595, 19.902424], [-16.485597, 19.902695], [-16.485024, 19.9027], [-16.485027, 19.902971], [-16.485313, 19.902968], [-16.485318, 19.90351], [-16.484745, 19.903515], [-16.48475, 19.904057], [-16.484464, 19.904059], [-16.484472, 19.904872], [-16.484185, 19.904875], [-16.484188, 19.905146], [-16.483615, 19.905151], [-16.483612, 19.90488], [-16.482466, 19.904889], [-16.482468, 19.90516], [-16.482755, 19.905158], [-16.48276, 19.9057], [-16.481614, 19.905709], [-16.481616, 19.90598], [-16.48047, 19.90599], [-16.480473, 19.906261], [-16.480186, 19.906263], [-16.480191, 19.906805], [-16.480764, 19.906801], [-16.480767, 19.907072], [-16.48048, 19.907074], [-16.480485, 19.907616], [-16.480772, 19.907614], [-16.48078, 19.908427], [-16.481639, 19.90842]], [[-16.486485, 19.905669], [-16.486198, 19.905671], [-16.486196, 19.9054], [-16.486482, 19.905398], [-16.486485, 19.905669]], [[-16.483617, 19.905422], [-16.483331, 19.905424], [-16.483328, 19.905153], [-16.483615, 19.905151], [-16.483617, 19.905422]], [[-16.487626, 19.905117], [-16.487339, 19.90512], [-16.487337, 19.904849], [-16.487623, 19.904846], [-16.487626, 19.905117]], [[-16.486766, 19.905124], [-16.48648, 19.905127], [-16.486477, 19.904856], [-16.486764, 19.904853], [-16.486766, 19.905124]]]}, "properties": {"layer": "meadow", "year": 2026, "sat": "S2B", "date": "2026-06-05", "area_ha": 17.37}}, {"type": "Feature", "geometry": {"type": "Polygon", "coordinates": [[[-16.413111, 19.903827], [-16.413107, 19.903285], [-16.41282, 19.903288], [-16.412815, 19.902746], [-16.412529, 19.902748], [-16.412526, 19.902477], [-16.411953, 19.902481], [-16.411956, 19.902752], [-16.411383, 19.902757], [-16.411385, 19.903028], [-16.411958, 19.903023], [-16.41196, 19.903294], [-16.412247, 19.903292], [-16.412249, 19.903563], [-16.412536, 19.903561], [-16.412538, 19.903832], [-16.413111, 19.903827]]]}, "properties": {"layer": "meadow", "year": 2026, "sat": "S2B", "date": "2026-06-05", "area_ha": 1.35}}, {"type": "Feature", "geometry": {"type": "Polygon", "coordinates": [[[-16.44147, 19.902787], [-16.441461, 19.901703], [-16.441174, 19.901705], [-16.441177, 19.901976], [-16.44089, 19.901978], [-16.440895, 19.90252], [-16.441181, 19.902518], [-16.441184, 19.902789], [-16.44147, 19.902787]]]}, "properties": {"layer": "meadow", "year": 2026, "sat": "S2B", "date": "2026-06-05", "area_ha": 0.54}}, {"type": "Feature", "geometry": {"type": "Polygon", "coordinates": [[[-16.501394, 19.906628], [-16.501392, 19.906357], [-16.501678, 19.906354], [-16.501676, 19.906083], [-16.502249, 19.906078], [-16.502246, 19.905807], [-16.502819, 19.905803], [-16.502817, 19.905532], [-16.50339, 19.905527], [-16.503387, 19.905256], [-16.503674, 19.905253], [-16.503671, 19.904982], [-16.503958, 19.90498], [-16.503953, 19.904438], [-16.503379, 19.904443], [-16.503374, 19.903901], [-16.503088, 19.903903], [-16.503083, 19.903361], [-16.502796, 19.903363], [-16.502794, 19.903092], [-16.502507, 19.903095], [-16.502505, 19.902824], [-16.502218, 19.902826], [-16.502216, 19.902555], [-16.501929, 19.902558], [-16.501926, 19.902287], [-16.50164, 19.902289], [-16.501635, 19.901747], [-16.501062, 19.901752], [-16.501057, 19.90121], [-16.500197, 19.901217], [-16.5002, 19.901488], [-16.499913, 19.901491], [-16.499916, 19.901762], [-16.499343, 19.901766], [-16.49934, 19.901495], [-16.499627, 19.901493], [-16.499614, 19.900138], [-16.499327, 19.90014], [-16.499325, 19.899869], [-16.498752, 19.899874], [-16.498754, 19.900145], [-16.497608, 19.900155], [-16.497611, 19.900426], [-16.497897, 19.900423], [-16.4979, 19.900694], [-16.497613, 19.900697], [-16.497616, 19.900968], [-16.497902, 19.900965], [-16.497905, 19.901236], [-16.498478, 19.901232], [-16.498483, 19.901774], [-16.498197, 19.901776], [-16.498199, 19.902047], [-16.497913, 19.902049], [-16.49791, 19.901778], [-16.497337, 19.901783], [-16.497345, 19.902596], [-16.497058, 19.902599], [-16.497063, 19.903141], [-16.49735, 19.903138], [-16.497347, 19.902867], [-16.498207, 19.90286], [-16.498209, 19.903131], [-16.498496, 19.903129], [-16.498498, 19.9034], [-16.498785, 19.903397], [-16.498788, 19.903668], [-16.499074, 19.903666], [-16.499077, 19.903937], [-16.499363, 19.903934], [-16.499373, 19.905019], [-16.49966, 19.905016], [-16.499662, 19.905287], [-16.499949, 19.905285], [-16.499951, 19.905556], [-16.500238, 19.905553], [-16.500243, 19.906095], [-16.500816, 19.90609], [-16.500821, 19.906632], [-16.501394, 19.906628]]]}, "properties": {"layer": "meadow", "year": 2026, "sat": "S2B", "date": "2026-06-05", "area_ha": 24.48}}, {"type": "Feature", "geometry": {"type": "Polygon", "coordinates": [[[-16.414821, 19.90273], [-16.414818, 19.902459], [-16.415678, 19.902452], [-16.415676, 19.902181], [-16.415962, 19.902179], [-16.415957, 19.901636], [-16.416244, 19.901634], [-16.416234, 19.90055], [-16.415948, 19.900552], [-16.415953, 19.901094], [-16.415666, 19.901097], [-16.415668, 19.901368], [-16.415095, 19.901372], [-16.415098, 19.901643], [-16.414811, 19.901646], [-16.414814, 19.901917], [-16.414527, 19.901919], [-16.414534, 19.902732], [-16.414821, 19.90273]]]}, "properties": {"layer": "meadow", "year": 2026, "sat": "S2B", "date": "2026-06-05", "area_ha": 1.98}}, {"type": "Feature", "geometry": {"type": "Polygon", "coordinates": [[[-16.399124, 19.909901], [-16.399121, 19.90963], [-16.399694, 19.909625], [-16.399687, 19.908812], [-16.399974, 19.90881], [-16.399971, 19.908539], [-16.400258, 19.908537], [-16.400251, 19.907724], [-16.399964, 19.907726], [-16.399955, 19.906642], [-16.399668, 19.906644], [-16.399663, 19.906102], [-16.39995, 19.9061], [-16.39994, 19.905016], [-16.399654, 19.905018], [-16.399651, 19.904747], [-16.399365, 19.904749], [-16.399367, 19.90502], [-16.398794, 19.905025], [-16.398797, 19.905296], [-16.39851, 19.905298], [-16.398508, 19.905027], [-16.398221, 19.905029], [-16.398216, 19.904487], [-16.39793, 19.904489], [-16.397928, 19.904218], [-16.398214, 19.904216], [-16.398209, 19.903674], [-16.397923, 19.903676], [-16.397918, 19.903134], [-16.397631, 19.903137], [-16.397629, 19.902866], [-16.397916, 19.902863], [-16.397911, 19.902321], [-16.397624, 19.902324], [-16.397622, 19.902053], [-16.397335, 19.902055], [-16.397324, 19.9007], [-16.397037, 19.900702], [-16.397035, 19.900431], [-16.396748, 19.900433], [-16.39675, 19.900704], [-16.396464, 19.900706], [-16.396462, 19.900435], [-16.395889, 19.90044], [-16.395891, 19.900711], [-16.395318, 19.900715], [-16.39532, 19.900986], [-16.395034, 19.900989], [-16.395036, 19.90126], [-16.39475, 19.901262], [-16.394754, 19.901804], [-16.393035, 19.901817], [-16.393033, 19.901546], [-16.392173, 19.901553], [-16.392187, 19.903179], [-16.392474, 19.903177], [-16.392476, 19.903448], [-16.393049, 19.903444], [-16.393052, 19.903715], [-16.392479, 19.903719], [-16.392481, 19.90399], [-16.392768, 19.903988], [-16.392772, 19.90453], [-16.393059, 19.904528], [-16.393061, 19.904799], [-16.393348, 19.904796], [-16.39335, 19.905067], [-16.393637, 19.905065], [-16.393639, 19.905336], [-16.393926, 19.905334], [-16.393928, 19.905605], [-16.394214, 19.905603], [-16.394222, 19.906416], [-16.395654, 19.906405], [-16.395652, 19.906134], [-16.396225, 19.906129], [-16.396232, 19.906942], [-16.395946, 19.906944], [-16.395948, 19.907215], [-16.396234, 19.907213], [-16.396237, 19.907484], [-16.396523, 19.907482], [-16.396526, 19.907753], [-16.397099, 19.907748], [-16.397096, 19.907477], [-16.397383, 19.907475], [-16.397385, 19.907746], [-16.397672, 19.907744], [-16.397674, 19.908015], [-16.397101, 19.90802], [-16.397104, 19.908291], [-16.397677, 19.908286], [-16.397679, 19.908557], [-16.397966, 19.908555], [-16.397963, 19.908284], [-16.39825, 19.908282], [-16.398255, 19.908824], [-16.398541, 19.908821], [-16.398543, 19.909092], [-16.39883, 19.90909], [-16.398837, 19.909903], [-16.399124, 19.909901]], [[-16.399405, 19.909357], [-16.399119, 19.909359], [-16.399117, 19.909088], [-16.399403, 19.909086], [-16.399405, 19.909357]], [[-16.398247, 19.90801], [-16.397961, 19.908013], [-16.397958, 19.907742], [-16.398245, 19.907739], [-16.398247, 19.90801]], [[-16.39767, 19.907473], [-16.397383, 19.907475], [-16.397381, 19.907204], [-16.397667, 19.907202], [-16.39767, 19.907473]], [[-16.393343, 19.904254], [-16.393056, 19.904257], [-16.393054, 19.903986], [-16.393341, 19.903983], [-16.393343, 19.904254]]]}, "properties": {"layer": "meadow", "year": 2026, "sat": "S2B", "date": "2026-06-05", "area_ha": 42.03}}, {"type": "Feature", "geometry": {"type": "Polygon", "coordinates": [[[-16.419962, 19.900791], [-16.419959, 19.90052], [-16.420246, 19.900518], [-16.420241, 19.899976], [-16.419668, 19.899981], [-16.419665, 19.89971], [-16.419379, 19.899712], [-16.419384, 19.900254], [-16.419097, 19.900256], [-16.419102, 19.900798], [-16.419962, 19.900791]]]}, "properties": {"layer": "meadow", "year": 2026, "sat": "S2B", "date": "2026-06-05", "area_ha": 0.99}}, {"type": "Feature", "geometry": {"type": "Polygon", "coordinates": [[[-16.469238, 19.899849], [-16.469233, 19.899307], [-16.469806, 19.899303], [-16.469801, 19.89876], [-16.470088, 19.898758], [-16.47008, 19.897945], [-16.469507, 19.89795], [-16.46951, 19.898221], [-16.469223, 19.898223], [-16.469226, 19.898494], [-16.468939, 19.898497], [-16.468944, 19.899039], [-16.468658, 19.899041], [-16.468663, 19.899583], [-16.468949, 19.899581], [-16.468952, 19.899852], [-16.469238, 19.899849]]]}, "properties": {"layer": "meadow", "year": 2026, "sat": "S2B", "date": "2026-06-05", "area_ha": 1.71}}, {"type": "Feature", "geometry": {"type": "Polygon", "coordinates": [[[-16.469839, 19.902826], [-16.469836, 19.902555], [-16.470696, 19.902548], [-16.470683, 19.901193], [-16.47097, 19.90119], [-16.470967, 19.900919], [-16.472113, 19.90091], [-16.472118, 19.901452], [-16.471832, 19.901454], [-16.471837, 19.901996], [-16.472123, 19.901994], [-16.472126, 19.902265], [-16.472412, 19.902262], [-16.472415, 19.902533], [-16.472701, 19.902531], [-16.472699, 19.90226], [-16.472985, 19.902258], [-16.47298, 19.901716], [-16.472694, 19.901718], [-16.472691, 19.901447], [-16.472978, 19.901445], [-16.472973, 19.900903], [-16.472686, 19.900905], [-16.472684, 19.900634], [-16.47297, 19.900632], [-16.472953, 19.898734], [-16.472666, 19.898737], [-16.472656, 19.897653], [-16.472083, 19.897657], [-16.472091, 19.898471], [-16.471804, 19.898473], [-16.471802, 19.898202], [-16.471515, 19.898204], [-16.471503, 19.896849], [-16.471216, 19.896852], [-16.471219, 19.897123], [-16.470646, 19.897127], [-16.470648, 19.897398], [-16.470935, 19.897396], [-16.47094, 19.897938], [-16.470653, 19.89794], [-16.470663, 19.899024], [-16.470377, 19.899027], [-16.470379, 19.899298], [-16.469806, 19.899303], [-16.469809, 19.899574], [-16.469522, 19.899576], [-16.469525, 19.899847], [-16.469238, 19.899849], [-16.469241, 19.90012], [-16.468954, 19.900123], [-16.468952, 19.899852], [-16.468665, 19.899854], [-16.468663, 19.899583], [-16.468376, 19.899585], [-16.468379, 19.899856], [-16.468092, 19.899859], [-16.468095, 19.90013], [-16.468668, 19.900125], [-16.468673, 19.900667], [-16.468386, 19.900669], [-16.468399, 19.902024], [-16.468685, 19.902022], [-16.468688, 19.902293], [-16.468974, 19.902291], [-16.468972, 19.90202], [-16.469545, 19.902015], [-16.469552, 19.902828], [-16.469839, 19.902826]], [[-16.470407, 19.902279], [-16.47012, 19.902281], [-16.470118, 19.90201], [-16.470404, 19.902008], [-16.470407, 19.902279]], [[-16.469829, 19.901742], [-16.469542, 19.901744], [-16.46954, 19.901473], [-16.469826, 19.901471], [-16.469829, 19.901742]], [[-16.469256, 19.901746], [-16.468969, 19.901749], [-16.468967, 19.901478], [-16.469253, 19.901475], [-16.469256, 19.901746]], [[-16.472691, 19.901447], [-16.472405, 19.901449], [-16.472402, 19.901178], [-16.472689, 19.901176], [-16.472691, 19.901447]], [[-16.469824, 19.9012], [-16.469537, 19.901202], [-16.46953, 19.900389], [-16.469816, 19.900387], [-16.469809, 19.899574], [-16.470668, 19.899566], [-16.470671, 19.899837], [-16.470384, 19.89984], [-16.470389, 19.900382], [-16.470103, 19.900384], [-16.470108, 19.900926], [-16.469821, 19.900929], [-16.469824, 19.9012]], [[-16.468964, 19.901207], [-16.468678, 19.901209], [-16.468675, 19.900938], [-16.468962, 19.900936], [-16.468964, 19.901207]], [[-16.472385, 19.899281], [-16.472098, 19.899284], [-16.472091, 19.898471], [-16.472377, 19.898468], [-16.472385, 19.899281]]]}, "properties": {"layer": "meadow", "year": 2026, "sat": "S2B", "date": "2026-06-05", "area_ha": 15.3}}, {"type": "Feature", "geometry": {"type": "Polygon", "coordinates": [[[-16.279256, 19.89969], [-16.279249, 19.898877], [-16.279536, 19.898875], [-16.279525, 19.89752], [-16.279238, 19.897522], [-16.279236, 19.897251], [-16.278376, 19.897257], [-16.278374, 19.896986], [-16.278088, 19.896988], [-16.27809, 19.897259], [-16.277803, 19.897261], [-16.27781, 19.898074], [-16.278096, 19.898072], [-16.278101, 19.898614], [-16.278387, 19.898612], [-16.278385, 19.898341], [-16.278672, 19.898339], [-16.278674, 19.89861], [-16.27896, 19.898608], [-16.278967, 19.899421], [-16.278394, 19.899426], [-16.278396, 19.899697], [-16.279256, 19.89969]]]}, "properties": {"layer": "meadow", "year": 2026, "sat": "S2B", "date": "2026-06-05", "area_ha": 3.06}}, {"type": "Feature", "geometry": {"type": "Polygon", "coordinates": [[[-16.310761, 19.897835], [-16.310753, 19.896751], [-16.310466, 19.896753], [-16.310468, 19.897024], [-16.310182, 19.897026], [-16.310186, 19.897568], [-16.310473, 19.897566], [-16.310475, 19.897837], [-16.310761, 19.897835]]]}, "properties": {"layer": "meadow", "year": 2026, "sat": "S2B", "date": "2026-06-05", "area_ha": 0.54}}, {"type": "Feature", "geometry": {"type": "Polygon", "coordinates": [[[-16.283265, 19.89939], [-16.283263, 19.899119], [-16.283549, 19.899117], [-16.283547, 19.898846], [-16.283834, 19.898844], [-16.283829, 19.898302], [-16.284116, 19.8983], [-16.284112, 19.897758], [-16.284398, 19.897756], [-16.284394, 19.897214], [-16.284107, 19.897216], [-16.284105, 19.896945], [-16.283818, 19.896947], [-16.283816, 19.896676], [-16.28353, 19.896678], [-16.283528, 19.896407], [-16.283814, 19.896405], [-16.28381, 19.895863], [-16.282664, 19.895871], [-16.282668, 19.896413], [-16.282381, 19.896415], [-16.282392, 19.89777], [-16.282106, 19.897773], [-16.282108, 19.898044], [-16.281821, 19.898046], [-16.281828, 19.898859], [-16.281541, 19.898861], [-16.281544, 19.899132], [-16.28183, 19.89913], [-16.281832, 19.899401], [-16.283265, 19.89939]]]}, "properties": {"layer": "meadow", "year": 2026, "sat": "S2B", "date": "2026-06-05", "area_ha": 7.02}}, {"type": "Feature", "geometry": {"type": "Polygon", "coordinates": [[[-16.491812, 19.893157], [-16.491809, 19.892886], [-16.491523, 19.892888], [-16.491518, 19.892346], [-16.491231, 19.892348], [-16.491234, 19.892619], [-16.490661, 19.892624], [-16.490666, 19.893166], [-16.491812, 19.893157]]]}, "properties": {"layer": "meadow", "year": 2026, "sat": "S2B", "date": "2026-06-05", "area_ha": 0.72}}, {"type": "Feature", "geometry": {"type": "Polygon", "coordinates": [[[-16.279803, 19.896434], [-16.2798, 19.896163], [-16.280087, 19.896161], [-16.280085, 19.89589], [-16.280371, 19.895888], [-16.280367, 19.895346], [-16.28008, 19.895348], [-16.280076, 19.894806], [-16.279503, 19.89481], [-16.279496, 19.893997], [-16.27921, 19.893999], [-16.279208, 19.893728], [-16.278635, 19.893732], [-16.278641, 19.894545], [-16.279214, 19.894541], [-16.279219, 19.895083], [-16.278073, 19.895091], [-16.278075, 19.895362], [-16.277788, 19.895364], [-16.277793, 19.895906], [-16.277506, 19.895908], [-16.277502, 19.895366], [-16.276929, 19.89537], [-16.276931, 19.895641], [-16.276644, 19.895643], [-16.276646, 19.895914], [-16.276073, 19.895919], [-16.276076, 19.89619], [-16.276362, 19.896187], [-16.276364, 19.896459], [-16.277224, 19.896452], [-16.277222, 19.896181], [-16.278081, 19.896175], [-16.278079, 19.895904], [-16.278366, 19.895902], [-16.278368, 19.896173], [-16.279227, 19.896167], [-16.27923, 19.896438], [-16.279803, 19.896434]], [[-16.278939, 19.895898], [-16.278652, 19.8959], [-16.278648, 19.895358], [-16.278934, 19.895356], [-16.278939, 19.895898]]]}, "properties": {"layer": "meadow", "year": 2026, "sat": "S2B", "date": "2026-06-05", "area_ha": 5.22}}, {"type": "Feature", "geometry": {"type": "Polygon", "coordinates": [[[-16.492961, 19.893418], [-16.492955, 19.892876], [-16.492382, 19.892881], [-16.492372, 19.891797], [-16.491799, 19.891802], [-16.491802, 19.892073], [-16.491515, 19.892075], [-16.491518, 19.892346], [-16.492091, 19.892341], [-16.492093, 19.892612], [-16.491807, 19.892615], [-16.491809, 19.892886], [-16.492096, 19.892883], [-16.492101, 19.893425], [-16.492961, 19.893418]]]}, "properties": {"layer": "meadow", "year": 2026, "sat": "S2B", "date": "2026-06-05", "area_ha": 1.26}}, {"type": "Feature", "geometry": {"type": "Polygon", "coordinates": [[[-16.485217, 19.89267], [-16.485215, 19.892399], [-16.486934, 19.892384], [-16.486929, 19.891842], [-16.486642, 19.891845], [-16.486645, 19.892116], [-16.486358, 19.892118], [-16.486356, 19.891847], [-16.48521, 19.891857], [-16.485212, 19.892128], [-16.484926, 19.89213], [-16.484923, 19.891859], [-16.48435, 19.891864], [-16.484353, 19.892135], [-16.484639, 19.892132], [-16.484642, 19.892404], [-16.484928, 19.892401], [-16.484931, 19.892672], [-16.485217, 19.89267]]]}, "properties": {"layer": "meadow", "year": 2026, "sat": "S2B", "date": "2026-06-05", "area_ha": 1.44}}, {"type": "Feature", "geometry": {"type": "Polygon", "coordinates": [[[-16.505101, 19.904699], [-16.505099, 19.904428], [-16.505958, 19.904421], [-16.505956, 19.90415], [-16.506815, 19.904143], [-16.506813, 19.903872], [-16.507386, 19.903867], [-16.507383, 19.903596], [-16.507956, 19.903591], [-16.507954, 19.90332], [-16.508527, 19.903315], [-16.508524, 19.903044], [-16.508811, 19.903041], [-16.508808, 19.90277], [-16.509094, 19.902768], [-16.509092, 19.902497], [-16.509665, 19.902492], [-16.509668, 19.902763], [-16.511387, 19.902749], [-16.511384, 19.902478], [-16.511671, 19.902475], [-16.511668, 19.902204], [-16.511955, 19.902202], [-16.511952, 19.901931], [-16.512811, 19.901923], [-16.512809, 19.901652], [-16.513095, 19.90165], [-16.513088, 19.900837], [-16.512801, 19.900839], [-16.512799, 19.900568], [-16.513085, 19.900566], [-16.513083, 19.900295], [-16.513369, 19.900292], [-16.513372, 19.900563], [-16.513658, 19.900561], [-16.513648, 19.899477], [-16.513361, 19.899479], [-16.513359, 19.899208], [-16.513645, 19.899206], [-16.513643, 19.898935], [-16.513929, 19.898933], [-16.513927, 19.898662], [-16.514213, 19.898659], [-16.514218, 19.899201], [-16.513932, 19.899204], [-16.513934, 19.899475], [-16.514794, 19.899467], [-16.514791, 19.899196], [-16.514505, 19.899199], [-16.514494, 19.898115], [-16.514781, 19.898112], [-16.514778, 19.897841], [-16.515065, 19.897839], [-16.515067, 19.89811], [-16.515354, 19.898107], [-16.515351, 19.897836], [-16.515638, 19.897834], [-16.515635, 19.897563], [-16.515922, 19.89756], [-16.515924, 19.897831], [-16.516211, 19.897829], [-16.516208, 19.897558], [-16.516495, 19.897556], [-16.516497, 19.897827], [-16.516784, 19.897824], [-16.516787, 19.898095], [-16.516214, 19.8981], [-16.516216, 19.898371], [-16.516789, 19.898366], [-16.516792, 19.898637], [-16.517078, 19.898635], [-16.517068, 19.897551], [-16.517354, 19.897548], [-16.517357, 19.897819], [-16.51793, 19.897814], [-16.517917, 19.896459], [-16.517631, 19.896462], [-16.517633, 19.896733], [-16.517347, 19.896735], [-16.517341, 19.896193], [-16.517055, 19.896196], [-16.517052, 19.895925], [-16.516479, 19.895929], [-16.516482, 19.896201], [-16.515909, 19.896205], [-16.515906, 19.895934], [-16.515333, 19.895939], [-16.515336, 19.89621], [-16.515049, 19.896213], [-16.515047, 19.895942], [-16.51476, 19.895944], [-16.514763, 19.896215], [-16.51419, 19.89622], [-16.514185, 19.895678], [-16.514471, 19.895676], [-16.514458, 19.894321], [-16.513885, 19.894325], [-16.513878, 19.893512], [-16.513591, 19.893515], [-16.513583, 19.892702], [-16.513297, 19.892704], [-16.513294, 19.892433], [-16.512435, 19.892441], [-16.512437, 19.892712], [-16.512151, 19.892714], [-16.512148, 19.892443], [-16.511862, 19.892445], [-16.511859, 19.892174], [-16.511573, 19.892177], [-16.511578, 19.892719], [-16.511864, 19.892716], [-16.51187, 19.893258], [-16.510437, 19.893271], [-16.510435, 19.893], [-16.510148, 19.893002], [-16.510145, 19.892731], [-16.509859, 19.892733], [-16.509854, 19.892191], [-16.509567, 19.892194], [-16.50956, 19.891381], [-16.509273, 19.891383], [-16.509278, 19.891925], [-16.508992, 19.891928], [-16.509007, 19.893554], [-16.508434, 19.893559], [-16.508442, 19.894372], [-16.508155, 19.894374], [-16.508158, 19.894645], [-16.507871, 19.894647], [-16.507874, 19.894919], [-16.507587, 19.894921], [-16.50759, 19.895192], [-16.507304, 19.895194], [-16.507306, 19.895465], [-16.50702, 19.895468], [-16.507022, 19.895739], [-16.506163, 19.895746], [-16.506165, 19.896017], [-16.505879, 19.89602], [-16.505881, 19.896291], [-16.505595, 19.896293], [-16.505597, 19.896564], [-16.505311, 19.896566], [-16.505324, 19.897921], [-16.50561, 19.897919], [-16.505623, 19.899274], [-16.505336, 19.899276], [-16.505342, 19.899819], [-16.505628, 19.899816], [-16.505641, 19.901171], [-16.505927, 19.901169], [-16.505933, 19.901711], [-16.505073, 19.901718], [-16.505076, 19.901989], [-16.503929, 19.901999], [-16.503932, 19.90227], [-16.503646, 19.902272], [-16.503651, 19.902814], [-16.503937, 19.902812], [-16.50394, 19.903083], [-16.504226, 19.90308], [-16.504231, 19.903622], [-16.504518, 19.90362], [-16.504526, 19.904433], [-16.504812, 19.904431], [-16.504815, 19.904702], [-16.505101, 19.904699]], [[-16.506229, 19.902792], [-16.505656, 19.902797], [-16.505649, 19.901984], [-16.505935, 19.901982], [-16.505933, 19.901711], [-16.506792, 19.901703], [-16.50679, 19.901432], [-16.507076, 19.90143], [-16.507081, 19.901972], [-16.506795, 19.901974], [-16.506797, 19.902245], [-16.506511, 19.902248], [-16.506513, 19.902519], [-16.506227, 19.902521], [-16.506229, 19.902792]], [[-16.504794, 19.902533], [-16.504221, 19.902538], [-16.504219, 19.902267], [-16.504792, 19.902262], [-16.504794, 19.902533]], [[-16.510803, 19.901669], [-16.510517, 19.901672], [-16.510514, 19.901401], [-16.510801, 19.901398], [-16.510803, 19.901669]], [[-16.511082, 19.900854], [-16.510223, 19.900861], [-16.51022, 19.90059], [-16.510506, 19.900588], [-16.510504, 19.900317], [-16.51079, 19.900314], [-16.510788, 19.900043], [-16.511361, 19.900039], [-16.511358, 19.899767], [-16.511645, 19.899765], [-16.51165, 19.900307], [-16.511363, 19.90031], [-16.511366, 19.900581], [-16.51108, 19.900583], [-16.511082, 19.900854]], [[-16.506784, 19.90089], [-16.506498, 19.900893], [-16.506495, 19.900622], [-16.506782, 19.900619], [-16.506784, 19.90089]], [[-16.513083, 19.900295], [-16.512796, 19.900297], [-16.512793, 19.900026], [-16.51308, 19.900024], [-16.513083, 19.900295]], [[-16.507639, 19.900341], [-16.507352, 19.900344], [-16.50735, 19.900073], [-16.507636, 19.90007], [-16.507639, 19.900341]], [[-16.507066, 19.900346], [-16.506493, 19.900351], [-16.50649, 19.90008], [-16.506204, 19.900082], [-16.506199, 19.89954], [-16.507058, 19.899533], [-16.507053, 19.898991], [-16.507626, 19.898986], [-16.507623, 19.898715], [-16.50791, 19.898713], [-16.507907, 19.898442], [-16.508194, 19.898439], [-16.508191, 19.898168], [-16.508478, 19.898166], [-16.508475, 19.897895], [-16.508762, 19.897892], [-16.508759, 19.897621], [-16.509046, 19.897619], [-16.509041, 19.897077], [-16.509327, 19.897074], [-16.509324, 19.896803], [-16.509611, 19.896801], [-16.509608, 19.89653], [-16.509895, 19.896528], [-16.5099, 19.89707], [-16.509614, 19.897072], [-16.509621, 19.897885], [-16.509335, 19.897887], [-16.509337, 19.898158], [-16.509624, 19.898156], [-16.509626, 19.898427], [-16.510772, 19.898417], [-16.510775, 19.898688], [-16.510488, 19.898691], [-16.510491, 19.898962], [-16.509632, 19.898969], [-16.509634, 19.89924], [-16.508202, 19.899252], [-16.508204, 19.899523], [-16.507918, 19.899526], [-16.507915, 19.899255], [-16.507629, 19.899257], [-16.507631, 19.899528], [-16.507345, 19.899531], [-16.50735, 19.900073], [-16.507063, 19.900075], [-16.507066, 19.900346]], [[-16.51222, 19.900031], [-16.511934, 19.900034], [-16.511931, 19.899763], [-16.512218, 19.89976], [-16.51222, 19.900031]], [[-16.507923, 19.900068], [-16.507636, 19.90007], [-16.507634, 19.899799], [-16.50792, 19.899797], [-16.507923, 19.900068]], [[-16.513359, 19.899208], [-16.513072, 19.899211], [-16.513067, 19.898669], [-16.513354, 19.898666], [-16.513359, 19.899208]], [[-16.512497, 19.898945], [-16.511924, 19.89895], [-16.511921, 19.898679], [-16.512494, 19.898674], [-16.512497, 19.898945]], [[-16.510481, 19.897878], [-16.510194, 19.89788], [-16.510189, 19.897338], [-16.510476, 19.897336], [-16.510481, 19.897878]], [[-16.512481, 19.897319], [-16.512195, 19.897321], [-16.512192, 19.89705], [-16.512479, 19.897048], [-16.512481, 19.897319]], [[-16.510181, 19.896525], [-16.509895, 19.896528], [-16.50989, 19.895986], [-16.510176, 19.895983], [-16.510174, 19.895712], [-16.51046, 19.89571], [-16.510465, 19.896252], [-16.510179, 19.896254], [-16.510181, 19.896525]], [[-16.511895, 19.895969], [-16.511609, 19.895971], [-16.511606, 19.8957], [-16.511893, 19.895697], [-16.511895, 19.895969]], [[-16.512752, 19.89569], [-16.512466, 19.895693], [-16.512461, 19.895151], [-16.512747, 19.895148], [-16.512745, 19.894877], [-16.513031, 19.894875], [-16.513036, 19.895417], [-16.51275, 19.895419], [-16.512752, 19.89569]], [[-16.512458, 19.89488], [-16.512172, 19.894882], [-16.512169, 19.894611], [-16.512455, 19.894609], [-16.512458, 19.89488]], [[-16.511596, 19.894616], [-16.511309, 19.894618], [-16.511307, 19.894347], [-16.511593, 19.894345], [-16.511596, 19.894616]], [[-16.50957, 19.892465], [-16.509283, 19.892467], [-16.509281, 19.892196], [-16.509567, 19.892194], [-16.50957, 19.892465]]]}, "properties": {"layer": "meadow", "year": 2026, "sat": "S2B", "date": "2026-06-05", "area_ha": 91.62}}, {"type": "Feature", "geometry": {"type": "Polygon", "coordinates": [[[-16.484071, 19.892679], [-16.484069, 19.892408], [-16.484355, 19.892406], [-16.484353, 19.892135], [-16.484066, 19.892137], [-16.484064, 19.891866], [-16.48435, 19.891864], [-16.484348, 19.891593], [-16.483488, 19.8916], [-16.483491, 19.891871], [-16.483777, 19.891869], [-16.483785, 19.892682], [-16.484071, 19.892679]]]}, "properties": {"layer": "meadow", "year": 2026, "sat": "S2B", "date": "2026-06-05", "area_ha": 0.63}}, {"type": "Feature", "geometry": {"type": "Polygon", "coordinates": [[[-16.494956, 19.892317], [-16.494953, 19.892046], [-16.49524, 19.892044], [-16.495235, 19.891502], [-16.494948, 19.891504], [-16.494946, 19.891233], [-16.49294, 19.89125], [-16.492948, 19.892063], [-16.493521, 19.892058], [-16.493523, 19.892329], [-16.494956, 19.892317]], [[-16.494953, 19.892046], [-16.494667, 19.892049], [-16.494664, 19.891778], [-16.494951, 19.891775], [-16.494953, 19.892046]]]}, "properties": {"layer": "meadow", "year": 2026, "sat": "S2B", "date": "2026-06-05", "area_ha": 2.43}}, {"type": "Feature", "geometry": {"type": "Polygon", "coordinates": [[[-16.313629, 19.898085], [-16.313625, 19.897543], [-16.313338, 19.897545], [-16.313334, 19.897003], [-16.31362, 19.897001], [-16.313618, 19.89673], [-16.313904, 19.896727], [-16.313895, 19.895643], [-16.313609, 19.895645], [-16.313604, 19.895103], [-16.313891, 19.895101], [-16.313893, 19.895372], [-16.31418, 19.89537], [-16.314182, 19.895641], [-16.314468, 19.895639], [-16.314473, 19.896181], [-16.314759, 19.896179], [-16.314753, 19.895366], [-16.315039, 19.895364], [-16.31503, 19.89428], [-16.315317, 19.894278], [-16.31531, 19.893464], [-16.315024, 19.893467], [-16.315017, 19.892653], [-16.314444, 19.892658], [-16.314442, 19.892387], [-16.313582, 19.892393], [-16.31358, 19.892122], [-16.313293, 19.892124], [-16.313296, 19.892395], [-16.313009, 19.892397], [-16.313011, 19.892668], [-16.312725, 19.89267], [-16.312727, 19.892941], [-16.31244, 19.892944], [-16.312443, 19.893215], [-16.31187, 19.893219], [-16.311872, 19.89349], [-16.311585, 19.893492], [-16.31159, 19.894034], [-16.311303, 19.894036], [-16.311308, 19.894578], [-16.311021, 19.89458], [-16.311023, 19.894851], [-16.31131, 19.894849], [-16.311312, 19.89512], [-16.311026, 19.895122], [-16.311028, 19.895393], [-16.311314, 19.895391], [-16.311319, 19.895933], [-16.311032, 19.895935], [-16.311035, 19.896206], [-16.312181, 19.896198], [-16.312187, 19.897011], [-16.312474, 19.897009], [-16.312481, 19.897822], [-16.31334, 19.897816], [-16.313342, 19.898087], [-16.313629, 19.898085]], [[-16.312756, 19.896465], [-16.312469, 19.896467], [-16.312467, 19.896196], [-16.312754, 19.896194], [-16.312756, 19.896465]], [[-16.312467, 19.896196], [-16.312181, 19.896198], [-16.312178, 19.895927], [-16.312465, 19.895925], [-16.312467, 19.896196]], [[-16.31416, 19.892931], [-16.313873, 19.892933], [-16.313871, 19.892662], [-16.314157, 19.89266], [-16.31416, 19.892931]]]}, "properties": {"layer": "meadow", "year": 2026, "sat": "S2B", "date": "2026-06-05", "area_ha": 16.47}}, {"type": "Feature", "geometry": {"type": "Polygon", "coordinates": [[[-16.490088, 19.892629], [-16.490085, 19.892358], [-16.490372, 19.892356], [-16.490369, 19.892085], [-16.490083, 19.892087], [-16.49008, 19.891816], [-16.490367, 19.891814], [-16.490364, 19.891543], [-16.490651, 19.89154], [-16.490648, 19.891269], [-16.491221, 19.891264], [-16.491219, 19.890993], [-16.490932, 19.890996], [-16.49093, 19.890725], [-16.49007, 19.890732], [-16.490073, 19.891003], [-16.489786, 19.891005], [-16.489796, 19.892089], [-16.48951, 19.892092], [-16.489505, 19.89155], [-16.489218, 19.891552], [-16.489221, 19.891823], [-16.488934, 19.891826], [-16.488939, 19.892368], [-16.489799, 19.89236], [-16.489801, 19.892631], [-16.490088, 19.892629]]]}, "properties": {"layer": "meadow", "year": 2026, "sat": "S2B", "date": "2026-06-05", "area_ha": 2.07}}, {"type": "Feature", "geometry": {"type": "Polygon", "coordinates": [[[-16.487497, 19.891296], [-16.487489, 19.890482], [-16.486916, 19.890487], [-16.486919, 19.890758], [-16.486632, 19.890761], [-16.48663, 19.89049], [-16.486343, 19.890492], [-16.486348, 19.891034], [-16.487208, 19.891027], [-16.48721, 19.891298], [-16.487497, 19.891296]]]}, "properties": {"layer": "meadow", "year": 2026, "sat": "S2B", "date": "2026-06-05", "area_ha": 0.72}}, {"type": "Feature", "geometry": {"type": "Polygon", "coordinates": [[[-16.510422, 19.891645], [-16.510406, 19.890018], [-16.51012, 19.890021], [-16.510122, 19.890292], [-16.509836, 19.890294], [-16.509841, 19.890836], [-16.509554, 19.890839], [-16.50956, 19.891381], [-16.509846, 19.891378], [-16.509849, 19.891649], [-16.510422, 19.891645]]]}, "properties": {"layer": "meadow", "year": 2026, "sat": "S2B", "date": "2026-06-05", "area_ha": 1.17}}, {"type": "Feature", "geometry": {"type": "Polygon", "coordinates": [[[-16.380632, 19.892428], [-16.38063, 19.892157], [-16.380916, 19.892154], [-16.380914, 19.891883], [-16.3812, 19.891881], [-16.381196, 19.891339], [-16.380909, 19.891341], [-16.380907, 19.89107], [-16.380334, 19.891075], [-16.380331, 19.890804], [-16.380045, 19.890806], [-16.380047, 19.891077], [-16.379761, 19.891079], [-16.379758, 19.890808], [-16.379472, 19.89081], [-16.379479, 19.891623], [-16.379765, 19.891621], [-16.379768, 19.891892], [-16.380054, 19.89189], [-16.380057, 19.892161], [-16.380343, 19.892159], [-16.380345, 19.89243], [-16.380632, 19.892428]]]}, "properties": {"layer": "meadow", "year": 2026, "sat": "S2B", "date": "2026-06-05", "area_ha": 1.98}}, {"type": "Feature", "geometry": {"type": "Polygon", "coordinates": [[[-16.264013, 19.892752], [-16.264011, 19.892481], [-16.264297, 19.892479], [-16.264295, 19.892208], [-16.264009, 19.89221], [-16.264007, 19.891939], [-16.264293, 19.891937], [-16.264291, 19.891666], [-16.263145, 19.891674], [-16.263149, 19.892216], [-16.263436, 19.892214], [-16.263438, 19.892485], [-16.263724, 19.892483], [-16.263727, 19.892754], [-16.264013, 19.892752]]]}, "properties": {"layer": "meadow", "year": 2026, "sat": "S2B", "date": "2026-06-05", "area_ha": 0.99}}, {"type": "Feature", "geometry": {"type": "Polygon", "coordinates": [[[-16.277769, 19.892925], [-16.277766, 19.892654], [-16.278053, 19.892652], [-16.278046, 19.891839], [-16.27776, 19.891841], [-16.277758, 19.89157], [-16.277471, 19.891572], [-16.277469, 19.891301], [-16.277183, 19.891303], [-16.27718, 19.891032], [-16.276321, 19.891038], [-16.276323, 19.891309], [-16.276036, 19.891311], [-16.276039, 19.891582], [-16.275466, 19.891586], [-16.275468, 19.891857], [-16.2769, 19.891847], [-16.276903, 19.892118], [-16.276329, 19.892122], [-16.276332, 19.892393], [-16.276618, 19.892391], [-16.276623, 19.892933], [-16.277769, 19.892925]]]}, "properties": {"layer": "meadow", "year": 2026, "sat": "S2B", "date": "2026-06-05", "area_ha": 3.15}}, {"type": "Feature", "geometry": {"type": "Polygon", "coordinates": [[[-16.444309, 19.899782], [-16.444306, 19.899511], [-16.444593, 19.899509], [-16.44459, 19.899238], [-16.444877, 19.899236], [-16.444872, 19.898694], [-16.445158, 19.898691], [-16.445156, 19.89842], [-16.445442, 19.898418], [-16.44544, 19.898147], [-16.445726, 19.898145], [-16.445724, 19.897874], [-16.44601, 19.897871], [-16.446006, 19.897329], [-16.446579, 19.897325], [-16.446576, 19.897054], [-16.446863, 19.897051], [-16.446858, 19.896509], [-16.446571, 19.896512], [-16.446564, 19.895698], [-16.44685, 19.895696], [-16.446848, 19.895425], [-16.446561, 19.895427], [-16.446559, 19.895156], [-16.446845, 19.895154], [-16.446843, 19.894883], [-16.447129, 19.894881], [-16.447125, 19.894339], [-16.447411, 19.894336], [-16.447406, 19.893794], [-16.44712, 19.893797], [-16.447117, 19.893526], [-16.44769, 19.893521], [-16.447693, 19.893792], [-16.447979, 19.89379], [-16.447977, 19.893519], [-16.448263, 19.893516], [-16.448261, 19.893245], [-16.447974, 19.893248], [-16.447972, 19.892977], [-16.448258, 19.892974], [-16.448256, 19.892703], [-16.448542, 19.892701], [-16.44855, 19.893514], [-16.448836, 19.893512], [-16.448829, 19.892699], [-16.449115, 19.892696], [-16.449108, 19.891883], [-16.449394, 19.891881], [-16.449392, 19.89161], [-16.449105, 19.891612], [-16.449103, 19.891341], [-16.449389, 19.891339], [-16.449385, 19.890797], [-16.449671, 19.890795], [-16.449681, 19.891879], [-16.449967, 19.891876], [-16.44997, 19.892147], [-16.450543, 19.892143], [-16.45054, 19.891872], [-16.450254, 19.891874], [-16.450249, 19.891332], [-16.450535, 19.89133], [-16.450533, 19.891059], [-16.450247, 19.891061], [-16.450244, 19.89079], [-16.449958, 19.890792], [-16.449955, 19.890521], [-16.449669, 19.890524], [-16.449661, 19.88971], [-16.449948, 19.889708], [-16.44995, 19.889979], [-16.450237, 19.889977], [-16.450234, 19.889706], [-16.450521, 19.889703], [-16.450518, 19.889432], [-16.450805, 19.88943], [-16.450802, 19.889159], [-16.451089, 19.889157], [-16.451086, 19.888886], [-16.4508, 19.888888], [-16.450795, 19.888346], [-16.450222, 19.888351], [-16.450219, 19.88808], [-16.449933, 19.888082], [-16.449935, 19.888353], [-16.449362, 19.888358], [-16.449365, 19.888629], [-16.449651, 19.888626], [-16.449654, 19.888897], [-16.448794, 19.888904], [-16.448804, 19.889988], [-16.448518, 19.889991], [-16.44852, 19.890262], [-16.447947, 19.890266], [-16.44795, 19.890538], [-16.447663, 19.89054], [-16.447661, 19.890269], [-16.447374, 19.890271], [-16.447377, 19.890542], [-16.446517, 19.890549], [-16.44652, 19.89082], [-16.446233, 19.890823], [-16.446231, 19.890551], [-16.445944, 19.890554], [-16.445946, 19.890825], [-16.44566, 19.890827], [-16.445672, 19.892182], [-16.445386, 19.892185], [-16.445383, 19.891914], [-16.445097, 19.891916], [-16.445085, 19.890561], [-16.444512, 19.890565], [-16.444509, 19.890294], [-16.444796, 19.890292], [-16.444793, 19.890021], [-16.444507, 19.890023], [-16.444504, 19.889752], [-16.444218, 19.889755], [-16.444215, 19.889484], [-16.443929, 19.889486], [-16.443926, 19.889215], [-16.44364, 19.889217], [-16.44363, 19.888133], [-16.443343, 19.888136], [-16.443346, 19.888407], [-16.442486, 19.888414], [-16.442484, 19.888143], [-16.442197, 19.888145], [-16.442195, 19.887874], [-16.441335, 19.887881], [-16.441338, 19.888152], [-16.441051, 19.888154], [-16.441049, 19.887883], [-16.440762, 19.887885], [-16.440765, 19.888156], [-16.440478, 19.888159], [-16.440481, 19.88843], [-16.440194, 19.888432], [-16.440207, 19.889787], [-16.44078, 19.889783], [-16.440777, 19.889512], [-16.441064, 19.889509], [-16.441066, 19.88978], [-16.441353, 19.889778], [-16.441355, 19.890049], [-16.441069, 19.890051], [-16.441071, 19.890322], [-16.440785, 19.890325], [-16.440792, 19.891138], [-16.441078, 19.891135], [-16.441086, 19.891948], [-16.441372, 19.891946], [-16.44138, 19.892759], [-16.441666, 19.892757], [-16.441676, 19.893841], [-16.441962, 19.893839], [-16.441965, 19.89411], [-16.441678, 19.894112], [-16.441698, 19.89628], [-16.441985, 19.896278], [-16.441987, 19.896549], [-16.442273, 19.896546], [-16.442278, 19.897088], [-16.442851, 19.897084], [-16.442854, 19.897355], [-16.44314, 19.897353], [-16.443143, 19.897624], [-16.443429, 19.897621], [-16.443432, 19.897892], [-16.444005, 19.897888], [-16.444012, 19.898701], [-16.444299, 19.898698], [-16.444304, 19.89924], [-16.443731, 19.899245], [-16.443736, 19.899787], [-16.444309, 19.899782]], [[-16.443417, 19.896266], [-16.442844, 19.896271], [-16.442842, 19.896], [-16.442555, 19.896002], [-16.442553, 19.895731], [-16.442266, 19.895733], [-16.442251, 19.894107], [-16.442824, 19.894103], [-16.442837, 19.895458], [-16.443123, 19.895455], [-16.443126, 19.895726], [-16.443412, 19.895724], [-16.443417, 19.896266]], [[-16.442271, 19.896275], [-16.441985, 19.896278], [-16.441982, 19.896007], [-16.442269, 19.896004], [-16.442271, 19.896275]], [[-16.442523, 19.892479], [-16.442237, 19.892481], [-16.442234, 19.89221], [-16.441948, 19.892212], [-16.441931, 19.890315], [-16.442504, 19.890311], [-16.442506, 19.890582], [-16.442219, 19.890584], [-16.442227, 19.891397], [-16.442513, 19.891395], [-16.442516, 19.891666], [-16.442802, 19.891663], [-16.442807, 19.892205], [-16.442521, 19.892208], [-16.442523, 19.892479]]]}, "properties": {"layer": "meadow", "year": 2026, "sat": "S2B", "date": "2026-06-05", "area_ha": 63.9}}, {"type": "Feature", "geometry": {"type": "Polygon", "coordinates": [[[-16.381179, 19.889442], [-16.381174, 19.8889], [-16.380888, 19.888902], [-16.380883, 19.88836], [-16.380597, 19.888362], [-16.380601, 19.888904], [-16.380315, 19.888907], [-16.380317, 19.889178], [-16.380604, 19.889175], [-16.380606, 19.889446], [-16.381179, 19.889442]]]}, "properties": {"layer": "meadow", "year": 2026, "sat": "S2B", "date": "2026-06-05", "area_ha": 0.63}}, {"type": "Feature", "geometry": {"type": "Polygon", "coordinates": [[[-16.386358, 19.891841], [-16.386353, 19.891299], [-16.386639, 19.891297], [-16.386637, 19.891026], [-16.38635, 19.891028], [-16.386348, 19.890757], [-16.386635, 19.890755], [-16.386632, 19.890484], [-16.386919, 19.890481], [-16.386914, 19.889939], [-16.387201, 19.889937], [-16.387194, 19.889124], [-16.386907, 19.889126], [-16.386905, 19.888855], [-16.386618, 19.888858], [-16.386613, 19.888315], [-16.385181, 19.888327], [-16.385183, 19.888598], [-16.384897, 19.8886], [-16.384901, 19.889142], [-16.384615, 19.889144], [-16.38462, 19.889686], [-16.384906, 19.889684], [-16.384909, 19.889955], [-16.385195, 19.889953], [-16.385197, 19.890224], [-16.385484, 19.890222], [-16.385493, 19.891306], [-16.38578, 19.891303], [-16.385785, 19.891845], [-16.386358, 19.891841]], [[-16.385482, 19.889951], [-16.385195, 19.889953], [-16.385193, 19.889682], [-16.385479, 19.88968], [-16.385482, 19.889951]], [[-16.38662, 19.889129], [-16.385761, 19.889135], [-16.385756, 19.888593], [-16.386043, 19.888591], [-16.386045, 19.888862], [-16.386618, 19.888858], [-16.38662, 19.889129]]]}, "properties": {"layer": "meadow", "year": 2026, "sat": "S2B", "date": "2026-06-05", "area_ha": 5.85}}, {"type": "Feature", "geometry": {"type": "Polygon", "coordinates": [[[-16.379756, 19.890537], [-16.379749, 19.889724], [-16.379462, 19.889726], [-16.379455, 19.888913], [-16.379169, 19.888915], [-16.379167, 19.888644], [-16.378594, 19.888649], [-16.378591, 19.888378], [-16.378305, 19.88838], [-16.378302, 19.888109], [-16.377443, 19.888116], [-16.377445, 19.888387], [-16.377732, 19.888384], [-16.377734, 19.888655], [-16.378021, 19.888653], [-16.378023, 19.888924], [-16.378309, 19.888922], [-16.378314, 19.889464], [-16.378601, 19.889462], [-16.378603, 19.889733], [-16.378889, 19.889731], [-16.378892, 19.890002], [-16.379465, 19.889997], [-16.37947, 19.890539], [-16.379756, 19.890537]], [[-16.379174, 19.889457], [-16.378887, 19.88946], [-16.378885, 19.889189], [-16.379171, 19.889186], [-16.379174, 19.889457]]]}, "properties": {"layer": "meadow", "year": 2026, "sat": "S2B", "date": "2026-06-05", "area_ha": 2.25}}, {"type": "Feature", "geometry": {"type": "Polygon", "coordinates": [[[-16.315015, 19.892382], [-16.315012, 19.892111], [-16.315299, 19.892109], [-16.315292, 19.891296], [-16.315579, 19.891294], [-16.315577, 19.891023], [-16.31529, 19.891025], [-16.315283, 19.890212], [-16.31557, 19.89021], [-16.315568, 19.889939], [-16.315281, 19.889941], [-16.315272, 19.888857], [-16.314986, 19.888859], [-16.314983, 19.888588], [-16.314697, 19.88859], [-16.314701, 19.889132], [-16.314415, 19.889134], [-16.314419, 19.889676], [-16.314133, 19.889678], [-16.31413, 19.889407], [-16.313557, 19.889412], [-16.313562, 19.889954], [-16.313848, 19.889952], [-16.313851, 19.890223], [-16.313564, 19.890225], [-16.313566, 19.890496], [-16.31328, 19.890498], [-16.313284, 19.89104], [-16.312998, 19.891042], [-16.313, 19.891313], [-16.312141, 19.891319], [-16.312143, 19.89159], [-16.313575, 19.89158], [-16.313578, 19.891851], [-16.314151, 19.891847], [-16.314148, 19.891576], [-16.314721, 19.891571], [-16.314726, 19.892114], [-16.314439, 19.892116], [-16.314442, 19.892387], [-16.315015, 19.892382]], [[-16.314712, 19.890487], [-16.314426, 19.890489], [-16.314424, 19.890218], [-16.31471, 19.890216], [-16.314712, 19.890487]]]}, "properties": {"layer": "meadow", "year": 2026, "sat": "S2B", "date": "2026-06-05", "area_ha": 6.3}}, {"type": "Feature", "geometry": {"type": "Polygon", "coordinates": [[[-16.452237, 19.889418], [-16.452235, 19.889147], [-16.452521, 19.889145], [-16.452519, 19.888874], [-16.452805, 19.888872], [-16.452803, 19.888601], [-16.453089, 19.888598], [-16.453087, 19.888327], [-16.453373, 19.888325], [-16.453371, 19.888054], [-16.453657, 19.888052], [-16.453652, 19.88751], [-16.453366, 19.887512], [-16.453363, 19.887241], [-16.45279, 19.887246], [-16.452788, 19.886975], [-16.452501, 19.886977], [-16.452504, 19.887248], [-16.452217, 19.88725], [-16.452222, 19.887792], [-16.452509, 19.88779], [-16.452511, 19.888061], [-16.452225, 19.888063], [-16.452227, 19.888334], [-16.452514, 19.888332], [-16.452516, 19.888603], [-16.45223, 19.888605], [-16.452232, 19.888876], [-16.451659, 19.888881], [-16.451662, 19.889152], [-16.451948, 19.88915], [-16.451951, 19.889421], [-16.452237, 19.889418]]]}, "properties": {"layer": "meadow", "year": 2026, "sat": "S2B", "date": "2026-06-05", "area_ha": 2.34}}, {"type": "Feature", "geometry": {"type": "Polygon", "coordinates": [[[-16.274291, 19.888071], [-16.274289, 19.8878], [-16.274576, 19.887798], [-16.274573, 19.887527], [-16.275146, 19.887523], [-16.275144, 19.887252], [-16.272566, 19.88727], [-16.272568, 19.887541], [-16.272854, 19.887539], [-16.272856, 19.88781], [-16.273716, 19.887804], [-16.273718, 19.888075], [-16.274291, 19.888071]]]}, "properties": {"layer": "meadow", "year": 2026, "sat": "S2B", "date": "2026-06-05", "area_ha": 1.53}}, {"type": "Feature", "geometry": {"type": "Polygon", "coordinates": [[[-16.400695, 19.893084], [-16.400683, 19.891729], [-16.401256, 19.891724], [-16.401254, 19.891453], [-16.401827, 19.891449], [-16.401824, 19.891178], [-16.402111, 19.891176], [-16.402109, 19.890905], [-16.401822, 19.890907], [-16.40182, 19.890636], [-16.402106, 19.890633], [-16.402104, 19.890362], [-16.40239, 19.89036], [-16.402386, 19.889818], [-16.402672, 19.889816], [-16.40267, 19.889545], [-16.402956, 19.889543], [-16.402954, 19.889272], [-16.40324, 19.889269], [-16.403236, 19.888727], [-16.403522, 19.888725], [-16.40352, 19.888454], [-16.403806, 19.888452], [-16.403801, 19.88791], [-16.403515, 19.887912], [-16.403512, 19.887641], [-16.403799, 19.887639], [-16.403792, 19.886826], [-16.403219, 19.88683], [-16.403214, 19.886288], [-16.403501, 19.886286], [-16.403498, 19.886015], [-16.402925, 19.886019], [-16.402928, 19.88629], [-16.402641, 19.886293], [-16.402639, 19.886022], [-16.402352, 19.886024], [-16.402355, 19.886295], [-16.402068, 19.886297], [-16.402066, 19.886026], [-16.401779, 19.886028], [-16.401782, 19.886299], [-16.401209, 19.886304], [-16.401206, 19.886033], [-16.400347, 19.88604], [-16.400349, 19.886311], [-16.399203, 19.88632], [-16.39921, 19.887133], [-16.398637, 19.887137], [-16.398649, 19.888492], [-16.398363, 19.888495], [-16.398365, 19.888766], [-16.398651, 19.888763], [-16.398654, 19.889034], [-16.399227, 19.88903], [-16.399234, 19.889843], [-16.39952, 19.889841], [-16.399523, 19.890112], [-16.399809, 19.890109], [-16.399812, 19.890381], [-16.400098, 19.890378], [-16.400103, 19.89092], [-16.39953, 19.890925], [-16.399532, 19.891196], [-16.399819, 19.891194], [-16.399821, 19.891465], [-16.399535, 19.891467], [-16.399537, 19.891738], [-16.399251, 19.89174], [-16.399258, 19.892553], [-16.398971, 19.892555], [-16.398974, 19.892826], [-16.399547, 19.892822], [-16.399549, 19.893093], [-16.399836, 19.893091], [-16.399833, 19.89282], [-16.40012, 19.892817], [-16.400122, 19.893088], [-16.400695, 19.893084]], [[-16.400113, 19.892004], [-16.399826, 19.892007], [-16.399824, 19.891736], [-16.40011, 19.891733], [-16.400113, 19.892004]]]}, "properties": {"layer": "meadow", "year": 2026, "sat": "S2B", "date": "2026-06-05", "area_ha": 26.1}}, {"type": "Feature", "geometry": {"type": "Polygon", "coordinates": [[[-16.439041, 19.887628], [-16.439031, 19.886544], [-16.438745, 19.886547], [-16.43874, 19.886005], [-16.438453, 19.886007], [-16.438451, 19.885736], [-16.438737, 19.885734], [-16.438735, 19.885463], [-16.438448, 19.885465], [-16.438446, 19.885194], [-16.438159, 19.885196], [-16.438157, 19.884925], [-16.437298, 19.884932], [-16.4373, 19.885203], [-16.437587, 19.885201], [-16.437589, 19.885472], [-16.437302, 19.885474], [-16.437305, 19.885745], [-16.437591, 19.885743], [-16.437594, 19.886014], [-16.43788, 19.886011], [-16.437888, 19.886825], [-16.438174, 19.886822], [-16.438177, 19.887093], [-16.43789, 19.887096], [-16.437895, 19.887638], [-16.438468, 19.887633], [-16.438466, 19.887362], [-16.438752, 19.88736], [-16.438755, 19.887631], [-16.439041, 19.887628]]]}, "properties": {"layer": "meadow", "year": 2026, "sat": "S2B", "date": "2026-06-05", "area_ha": 3.06}}, {"type": "Feature", "geometry": {"type": "Polygon", "coordinates": [[[-16.283792, 19.893695], [-16.28379, 19.893424], [-16.284363, 19.893419], [-16.284361, 19.893148], [-16.284647, 19.893146], [-16.284643, 19.892604], [-16.285216, 19.8926], [-16.285212, 19.892058], [-16.284925, 19.89206], [-16.284927, 19.892331], [-16.284354, 19.892335], [-16.284352, 19.892064], [-16.284639, 19.892062], [-16.284637, 19.891791], [-16.28521, 19.891787], [-16.285207, 19.891516], [-16.285494, 19.891514], [-16.285496, 19.891785], [-16.285783, 19.891783], [-16.285778, 19.891241], [-16.285492, 19.891243], [-16.28549, 19.890972], [-16.284916, 19.890976], [-16.284914, 19.890705], [-16.285487, 19.890701], [-16.285481, 19.889888], [-16.285767, 19.889886], [-16.285765, 19.889615], [-16.286052, 19.889613], [-16.286047, 19.88907], [-16.28662, 19.889066], [-16.286622, 19.889337], [-16.286909, 19.889335], [-16.286907, 19.889064], [-16.287193, 19.889062], [-16.287189, 19.88852], [-16.287475, 19.888518], [-16.287467, 19.887434], [-16.28718, 19.887436], [-16.287182, 19.887707], [-16.286896, 19.887709], [-16.286891, 19.887167], [-16.287178, 19.887165], [-16.287176, 19.886894], [-16.287749, 19.88689], [-16.287744, 19.886348], [-16.288317, 19.886344], [-16.288313, 19.885801], [-16.288027, 19.885804], [-16.288024, 19.885532], [-16.287738, 19.885535], [-16.28774, 19.885806], [-16.287454, 19.885808], [-16.287456, 19.886079], [-16.286883, 19.886083], [-16.286885, 19.886354], [-16.286312, 19.886358], [-16.286314, 19.886629], [-16.285455, 19.886635], [-16.285457, 19.886906], [-16.28517, 19.886908], [-16.285172, 19.887179], [-16.284313, 19.887186], [-16.284315, 19.887457], [-16.283742, 19.887461], [-16.283744, 19.887732], [-16.284031, 19.88773], [-16.284044, 19.889356], [-16.283757, 19.889358], [-16.283759, 19.889629], [-16.283473, 19.889631], [-16.283475, 19.889902], [-16.282616, 19.889908], [-16.282618, 19.890179], [-16.282904, 19.890177], [-16.282906, 19.890448], [-16.28176, 19.890457], [-16.281758, 19.890186], [-16.280612, 19.890194], [-16.280619, 19.891007], [-16.280905, 19.891005], [-16.28091, 19.891547], [-16.282056, 19.891539], [-16.28206, 19.892081], [-16.282347, 19.892079], [-16.282349, 19.89235], [-16.282635, 19.892348], [-16.28264, 19.89289], [-16.282067, 19.892894], [-16.282069, 19.893165], [-16.282355, 19.893163], [-16.282357, 19.893434], [-16.282644, 19.893432], [-16.282646, 19.893703], [-16.283792, 19.893695]]]}, "properties": {"layer": "meadow", "year": 2026, "sat": "S2B", "date": "2026-06-05", "area_ha": 25.65}}, {"type": "Feature", "geometry": {"type": "Polygon", "coordinates": [[[-16.267686, 19.886221], [-16.26768, 19.885407], [-16.267393, 19.885409], [-16.267391, 19.885138], [-16.267678, 19.885136], [-16.267673, 19.884594], [-16.2671, 19.884598], [-16.267107, 19.885412], [-16.26682, 19.885414], [-16.266824, 19.885956], [-16.267398, 19.885952], [-16.2674, 19.886223], [-16.267686, 19.886221]]]}, "properties": {"layer": "meadow", "year": 2026, "sat": "S2B", "date": "2026-06-05", "area_ha": 1.08}}, {"type": "Feature", "geometry": {"type": "Polygon", "coordinates": [[[-16.275991, 19.885619], [-16.275982, 19.884535], [-16.275696, 19.884537], [-16.275685, 19.883182], [-16.275398, 19.883184], [-16.2754, 19.883455], [-16.274254, 19.883463], [-16.274252, 19.883192], [-16.273679, 19.883196], [-16.27369, 19.884551], [-16.273977, 19.884549], [-16.273979, 19.88482], [-16.274552, 19.884816], [-16.274554, 19.885087], [-16.275127, 19.885083], [-16.275129, 19.885354], [-16.275416, 19.885352], [-16.275418, 19.885623], [-16.275991, 19.885619]], [[-16.275411, 19.88481], [-16.275125, 19.884812], [-16.275123, 19.884541], [-16.275409, 19.884539], [-16.275411, 19.88481]], [[-16.274836, 19.884543], [-16.274263, 19.884547], [-16.274261, 19.884276], [-16.274547, 19.884274], [-16.274545, 19.884003], [-16.274832, 19.884001], [-16.274836, 19.884543]], [[-16.275405, 19.883997], [-16.274832, 19.884001], [-16.27483, 19.88373], [-16.275403, 19.883726], [-16.275405, 19.883997]]]}, "properties": {"layer": "meadow", "year": 2026, "sat": "S2B", "date": "2026-06-05", "area_ha": 3.78}}, {"type": "Feature", "geometry": {"type": "Polygon", "coordinates": [[[-16.311783, 19.882649], [-16.311778, 19.882106], [-16.311492, 19.882109], [-16.311489, 19.881838], [-16.311203, 19.88184], [-16.311201, 19.881569], [-16.310628, 19.881573], [-16.31063, 19.881844], [-16.310916, 19.881842], [-16.310919, 19.882113], [-16.311205, 19.882111], [-16.311207, 19.882382], [-16.311494, 19.88238], [-16.311496, 19.882651], [-16.311783, 19.882649]]]}, "properties": {"layer": "meadow", "year": 2026, "sat": "S2B", "date": "2026-06-05", "area_ha": 0.63}}, {"type": "Feature", "geometry": {"type": "Polygon", "coordinates": [[[-16.282878, 19.886925], [-16.282874, 19.886383], [-16.28316, 19.886381], [-16.283158, 19.88611], [-16.283445, 19.886108], [-16.283447, 19.886379], [-16.283733, 19.886377], [-16.283731, 19.886106], [-16.284304, 19.886101], [-16.284302, 19.88583], [-16.284588, 19.885828], [-16.284586, 19.885557], [-16.284873, 19.885555], [-16.284871, 19.885284], [-16.28573, 19.885278], [-16.285726, 19.884736], [-16.286299, 19.884732], [-16.286301, 19.885003], [-16.28716, 19.884997], [-16.287156, 19.884455], [-16.288589, 19.884444], [-16.288586, 19.884173], [-16.289446, 19.884167], [-16.289444, 19.883896], [-16.289157, 19.883898], [-16.289151, 19.883085], [-16.289437, 19.883083], [-16.289442, 19.883625], [-16.289728, 19.883623], [-16.289724, 19.883081], [-16.29001, 19.883079], [-16.290006, 19.882537], [-16.290292, 19.882534], [-16.29029, 19.882263], [-16.290004, 19.882266], [-16.290001, 19.881995], [-16.289715, 19.881997], [-16.289713, 19.881726], [-16.28914, 19.88173], [-16.289142, 19.882001], [-16.288855, 19.882003], [-16.28886, 19.882545], [-16.288573, 19.882547], [-16.288576, 19.882818], [-16.288289, 19.88282], [-16.288287, 19.882549], [-16.287427, 19.882555], [-16.287429, 19.882826], [-16.287143, 19.882828], [-16.287145, 19.883099], [-16.286859, 19.883101], [-16.286854, 19.882559], [-16.286281, 19.882564], [-16.286283, 19.882835], [-16.28571, 19.882839], [-16.285717, 19.883652], [-16.285144, 19.883656], [-16.285146, 19.883927], [-16.284573, 19.883931], [-16.284571, 19.88366], [-16.281992, 19.883679], [-16.281997, 19.884221], [-16.282283, 19.884219], [-16.282288, 19.884761], [-16.282001, 19.884763], [-16.281999, 19.884492], [-16.281712, 19.884494], [-16.281715, 19.884765], [-16.281142, 19.884769], [-16.281144, 19.88504], [-16.280857, 19.885042], [-16.280855, 19.884771], [-16.279422, 19.884781], [-16.279425, 19.885052], [-16.279138, 19.885054], [-16.279136, 19.884783], [-16.278849, 19.884785], [-16.278854, 19.885328], [-16.27914, 19.885325], [-16.279142, 19.885597], [-16.279716, 19.885592], [-16.279713, 19.885321], [-16.28, 19.885319], [-16.280002, 19.88559], [-16.280289, 19.885588], [-16.280286, 19.885317], [-16.280573, 19.885315], [-16.280575, 19.885586], [-16.281148, 19.885582], [-16.281152, 19.886124], [-16.281439, 19.886122], [-16.281437, 19.885851], [-16.282296, 19.885845], [-16.282299, 19.886116], [-16.282585, 19.886114], [-16.282592, 19.886927], [-16.282878, 19.886925]], [[-16.283725, 19.885292], [-16.283151, 19.885297], [-16.283149, 19.885026], [-16.283722, 19.885021], [-16.283725, 19.885292]], [[-16.288005, 19.883093], [-16.287432, 19.883097], [-16.287429, 19.882826], [-16.288002, 19.882822], [-16.288005, 19.883093]]]}, "properties": {"layer": "meadow", "year": 2026, "sat": "S2B", "date": "2026-06-05", "area_ha": 21.42}}, {"type": "Feature", "geometry": {"type": "Polygon", "coordinates": [[[-16.26911, 19.885126], [-16.269106, 19.884584], [-16.269392, 19.884582], [-16.269388, 19.88404], [-16.269675, 19.884038], [-16.26967, 19.883496], [-16.269957, 19.883494], [-16.269952, 19.882952], [-16.270239, 19.88295], [-16.270237, 19.882679], [-16.270523, 19.882677], [-16.270521, 19.882406], [-16.270235, 19.882408], [-16.27023, 19.881866], [-16.269657, 19.88187], [-16.269659, 19.882141], [-16.269373, 19.882143], [-16.269377, 19.882685], [-16.269091, 19.882687], [-16.269095, 19.883229], [-16.268809, 19.883231], [-16.268811, 19.883502], [-16.268238, 19.883506], [-16.26824, 19.883777], [-16.26738, 19.883783], [-16.267382, 19.884054], [-16.267669, 19.884052], [-16.267671, 19.884323], [-16.267958, 19.884321], [-16.26796, 19.884592], [-16.268819, 19.884586], [-16.268824, 19.885128], [-16.26911, 19.885126]], [[-16.269099, 19.883771], [-16.268813, 19.883773], [-16.268811, 19.883502], [-16.269097, 19.8835], [-16.269099, 19.883771]]]}, "properties": {"layer": "meadow", "year": 2026, "sat": "S2B", "date": "2026-06-05", "area_ha": 4.05}}, {"type": "Feature", "geometry": {"type": "Polygon", "coordinates": [[[-16.263087, 19.884356], [-16.263083, 19.883814], [-16.263369, 19.883812], [-16.263367, 19.883541], [-16.26308, 19.883543], [-16.263076, 19.883001], [-16.263649, 19.882997], [-16.263647, 19.882726], [-16.263934, 19.882724], [-16.263929, 19.882181], [-16.263643, 19.882184], [-16.263641, 19.881912], [-16.263354, 19.881915], [-16.263358, 19.882457], [-16.262499, 19.882463], [-16.262501, 19.882734], [-16.262214, 19.882736], [-16.262217, 19.883007], [-16.262503, 19.883005], [-16.262505, 19.883276], [-16.262219, 19.883278], [-16.262221, 19.883549], [-16.262507, 19.883547], [-16.262514, 19.88436], [-16.263087, 19.884356]]]}, "properties": {"layer": "meadow", "year": 2026, "sat": "S2B", "date": "2026-06-05", "area_ha": 2.25}}, {"type": "Feature", "geometry": {"type": "Polygon", "coordinates": [[[-16.497752, 19.884976], [-16.497747, 19.884434], [-16.49832, 19.884429], [-16.498317, 19.884158], [-16.49889, 19.884153], [-16.498893, 19.884424], [-16.499179, 19.884422], [-16.499177, 19.884151], [-16.499463, 19.884148], [-16.499466, 19.884419], [-16.499752, 19.884417], [-16.49975, 19.884146], [-16.500036, 19.884143], [-16.500039, 19.884414], [-16.500612, 19.88441], [-16.500604, 19.883597], [-16.501464, 19.883589], [-16.501461, 19.883318], [-16.501748, 19.883316], [-16.501745, 19.883045], [-16.502604, 19.883038], [-16.502602, 19.882767], [-16.502315, 19.882769], [-16.502313, 19.882498], [-16.50174, 19.882503], [-16.501732, 19.88169], [-16.502592, 19.881683], [-16.502594, 19.881954], [-16.502881, 19.881951], [-16.502886, 19.882493], [-16.503172, 19.882491], [-16.503175, 19.882762], [-16.503461, 19.882759], [-16.503454, 19.881946], [-16.50374, 19.881944], [-16.503738, 19.881673], [-16.503165, 19.881678], [-16.503162, 19.881407], [-16.502876, 19.881409], [-16.502868, 19.880596], [-16.502295, 19.880601], [-16.50229, 19.880059], [-16.502003, 19.880061], [-16.501996, 19.879248], [-16.502282, 19.879246], [-16.502277, 19.878704], [-16.502564, 19.878702], [-16.502561, 19.87843], [-16.501988, 19.878435], [-16.501985, 19.878164], [-16.501413, 19.878169], [-16.50141, 19.877898], [-16.501123, 19.877901], [-16.501129, 19.878443], [-16.500269, 19.87845], [-16.500267, 19.878179], [-16.500553, 19.878176], [-16.500551, 19.877905], [-16.499978, 19.87791], [-16.499975, 19.877639], [-16.499116, 19.877646], [-16.499118, 19.877917], [-16.497972, 19.877927], [-16.49797, 19.877656], [-16.497683, 19.877658], [-16.497693, 19.878743], [-16.49798, 19.87874], [-16.497982, 19.879011], [-16.497696, 19.879014], [-16.497701, 19.879556], [-16.497988, 19.879553], [-16.497993, 19.880095], [-16.498279, 19.880093], [-16.498284, 19.880635], [-16.498857, 19.88063], [-16.49886, 19.880901], [-16.498287, 19.880906], [-16.498289, 19.881177], [-16.498003, 19.881179], [-16.497998, 19.880637], [-16.497711, 19.88064], [-16.497709, 19.880369], [-16.497422, 19.880371], [-16.497425, 19.880642], [-16.497138, 19.880644], [-16.497141, 19.880915], [-16.497427, 19.880913], [-16.49743, 19.881184], [-16.497143, 19.881186], [-16.497146, 19.881457], [-16.496859, 19.88146], [-16.496872, 19.882815], [-16.497159, 19.882813], [-16.497161, 19.883084], [-16.497448, 19.883081], [-16.49745, 19.883352], [-16.497737, 19.88335], [-16.497739, 19.883621], [-16.497453, 19.883623], [-16.497455, 19.883894], [-16.497169, 19.883897], [-16.497171, 19.884168], [-16.496885, 19.88417], [-16.496887, 19.884441], [-16.496315, 19.884446], [-16.49632, 19.884988], [-16.496606, 19.884985], [-16.496604, 19.884714], [-16.497177, 19.88471], [-16.497179, 19.884981], [-16.497752, 19.884976]], [[-16.498599, 19.883613], [-16.498312, 19.883616], [-16.49831, 19.883345], [-16.498596, 19.883342], [-16.498599, 19.883613]], [[-16.500602, 19.883326], [-16.500029, 19.88333], [-16.500026, 19.883059], [-16.500599, 19.883055], [-16.500602, 19.883326]], [[-16.501172, 19.88305], [-16.500886, 19.883052], [-16.500883, 19.882781], [-16.501169, 19.882779], [-16.501172, 19.88305]], [[-16.500596, 19.882784], [-16.50031, 19.882786], [-16.500307, 19.882515], [-16.500594, 19.882513], [-16.500596, 19.882784]], [[-16.500852, 19.879529], [-16.500566, 19.879531], [-16.500563, 19.87926], [-16.50085, 19.879258], [-16.500852, 19.879529]], [[-16.498561, 19.879548], [-16.498274, 19.879551], [-16.498269, 19.879009], [-16.498555, 19.879006], [-16.498561, 19.879548]], [[-16.501993, 19.878977], [-16.501707, 19.87898], [-16.501704, 19.878709], [-16.501991, 19.878706], [-16.501993, 19.878977]], [[-16.500847, 19.878987], [-16.500561, 19.878989], [-16.500558, 19.878718], [-16.500845, 19.878716], [-16.500847, 19.878987]], [[-16.501704, 19.878709], [-16.501418, 19.878711], [-16.501415, 19.87844], [-16.501702, 19.878438], [-16.501704, 19.878709]], [[-16.499983, 19.878452], [-16.499696, 19.878455], [-16.499694, 19.878184], [-16.49998, 19.878181], [-16.499983, 19.878452]]]}, "properties": {"layer": "meadow", "year": 2026, "sat": "S2B", "date": "2026-06-05", "area_ha": 34.02}}, {"type": "Feature", "geometry": {"type": "Polygon", "coordinates": [[[-16.270502, 19.879966], [-16.270497, 19.879424], [-16.270211, 19.879426], [-16.270209, 19.879155], [-16.269922, 19.879157], [-16.26992, 19.878886], [-16.269634, 19.878888], [-16.269631, 19.878617], [-16.269345, 19.878619], [-16.269343, 19.878348], [-16.269056, 19.87835], [-16.269058, 19.878621], [-16.268772, 19.878623], [-16.268776, 19.879165], [-16.269349, 19.879161], [-16.269351, 19.879432], [-16.269638, 19.87943], [-16.26964, 19.879701], [-16.270213, 19.879697], [-16.270215, 19.879968], [-16.270502, 19.879966]]]}, "properties": {"layer": "meadow", "year": 2026, "sat": "S2B", "date": "2026-06-05", "area_ha": 1.35}}, {"type": "Feature", "geometry": {"type": "Polygon", "coordinates": [[[-16.490565, 19.882326], [-16.490562, 19.882055], [-16.490848, 19.882052], [-16.490843, 19.88151], [-16.490557, 19.881513], [-16.490559, 19.881784], [-16.489986, 19.881789], [-16.489981, 19.881247], [-16.490268, 19.881244], [-16.490265, 19.880973], [-16.489979, 19.880976], [-16.489969, 19.879891], [-16.489682, 19.879894], [-16.489677, 19.879352], [-16.489964, 19.879349], [-16.489959, 19.878807], [-16.490245, 19.878805], [-16.490237, 19.877992], [-16.490524, 19.87799], [-16.490521, 19.877719], [-16.490808, 19.877716], [-16.4908, 19.876903], [-16.490514, 19.876906], [-16.490511, 19.876635], [-16.489938, 19.876639], [-16.489941, 19.87691], [-16.489654, 19.876913], [-16.489659, 19.877455], [-16.489373, 19.877457], [-16.489378, 19.877999], [-16.489092, 19.878002], [-16.489099, 19.878815], [-16.489386, 19.878812], [-16.489388, 19.879083], [-16.489102, 19.879086], [-16.489114, 19.880441], [-16.488828, 19.880443], [-16.48883, 19.880714], [-16.488544, 19.880716], [-16.488549, 19.881259], [-16.488263, 19.881261], [-16.488268, 19.881803], [-16.488841, 19.881798], [-16.488843, 19.882069], [-16.48913, 19.882067], [-16.489124, 19.881525], [-16.489411, 19.881522], [-16.489408, 19.881251], [-16.489695, 19.881249], [-16.489703, 19.882062], [-16.490275, 19.882057], [-16.490278, 19.882328], [-16.490565, 19.882326]]]}, "properties": {"layer": "meadow", "year": 2026, "sat": "S2B", "date": "2026-06-05", "area_ha": 6.93}}, {"type": "Feature", "geometry": {"type": "Polygon", "coordinates": [[[-16.261045, 19.879762], [-16.261041, 19.87922], [-16.261327, 19.879218], [-16.261323, 19.878676], [-16.261609, 19.878674], [-16.261605, 19.878132], [-16.261318, 19.878134], [-16.261321, 19.878405], [-16.260748, 19.878409], [-16.260752, 19.878951], [-16.260465, 19.878953], [-16.260468, 19.879224], [-16.260754, 19.879222], [-16.260758, 19.879764], [-16.261045, 19.879762]]]}, "properties": {"layer": "meadow", "year": 2026, "sat": "S2B", "date": "2026-06-05", "area_ha": 0.99}}, {"type": "Feature", "geometry": {"type": "Polygon", "coordinates": [[[-16.265353, 19.881087], [-16.265349, 19.880545], [-16.265922, 19.880541], [-16.26592, 19.88027], [-16.265633, 19.880272], [-16.265631, 19.880001], [-16.265918, 19.879999], [-16.265915, 19.879728], [-16.266202, 19.879726], [-16.266198, 19.879184], [-16.266484, 19.879182], [-16.26648, 19.87864], [-16.266766, 19.878638], [-16.266762, 19.878096], [-16.267049, 19.878094], [-16.267046, 19.877822], [-16.266473, 19.877827], [-16.266476, 19.878098], [-16.266189, 19.8781], [-16.266191, 19.878371], [-16.265045, 19.878379], [-16.265054, 19.879463], [-16.264481, 19.879467], [-16.264483, 19.879738], [-16.26391, 19.879742], [-16.263912, 19.880013], [-16.263626, 19.880015], [-16.263628, 19.880286], [-16.264201, 19.880282], [-16.264205, 19.880824], [-16.265065, 19.880818], [-16.265067, 19.881089], [-16.265353, 19.881087]], [[-16.265058, 19.880005], [-16.264772, 19.880007], [-16.264769, 19.879736], [-16.265056, 19.879734], [-16.265058, 19.880005]], [[-16.265913, 19.879457], [-16.265627, 19.879459], [-16.265625, 19.879188], [-16.265338, 19.87919], [-16.265336, 19.878919], [-16.265909, 19.878915], [-16.265913, 19.879457]]]}, "properties": {"layer": "meadow", "year": 2026, "sat": "S2B", "date": "2026-06-05", "area_ha": 4.59}}, {"type": "Feature", "geometry": {"type": "Polygon", "coordinates": [[[-16.371619, 19.877319], [-16.371615, 19.876777], [-16.372188, 19.876772], [-16.372185, 19.876501], [-16.371326, 19.876508], [-16.371331, 19.87705], [-16.371044, 19.877052], [-16.371046, 19.877323], [-16.371619, 19.877319]]]}, "properties": {"layer": "meadow", "year": 2026, "sat": "S2B", "date": "2026-06-05", "area_ha": 0.54}}, {"type": "Feature", "geometry": {"type": "Polygon", "coordinates": [[[-16.266469, 19.877284], [-16.266467, 19.877013], [-16.266753, 19.877011], [-16.266751, 19.87674], [-16.265892, 19.876746], [-16.265894, 19.877018], [-16.265034, 19.877024], [-16.265037, 19.877295], [-16.266469, 19.877284]]]}, "properties": {"layer": "meadow", "year": 2026, "sat": "S2B", "date": "2026-06-05", "area_ha": 0.72}}, {"type": "Feature", "geometry": {"type": "Polygon", "coordinates": [[[-16.262176, 19.877857], [-16.262169, 19.877044], [-16.262456, 19.877042], [-16.262443, 19.875416], [-16.262157, 19.875418], [-16.262161, 19.87596], [-16.261874, 19.875962], [-16.261887, 19.877588], [-16.261314, 19.877592], [-16.261316, 19.877863], [-16.262176, 19.877857]]]}, "properties": {"layer": "meadow", "year": 2026, "sat": "S2B", "date": "2026-06-05", "area_ha": 1.35}}, {"type": "Feature", "geometry": {"type": "Polygon", "coordinates": [[[-16.27679, 19.878024], [-16.276787, 19.877753], [-16.27736, 19.877749], [-16.277358, 19.877478], [-16.277072, 19.87748], [-16.27707, 19.877209], [-16.276497, 19.877213], [-16.276492, 19.876671], [-16.277352, 19.876665], [-16.277343, 19.875581], [-16.277057, 19.875583], [-16.277059, 19.875854], [-16.276772, 19.875856], [-16.276774, 19.876127], [-16.275915, 19.876133], [-16.275917, 19.876404], [-16.275058, 19.87641], [-16.27506, 19.876681], [-16.2742, 19.876687], [-16.274198, 19.876416], [-16.273625, 19.87642], [-16.273621, 19.875878], [-16.273334, 19.87588], [-16.273332, 19.875609], [-16.272759, 19.875613], [-16.272757, 19.875342], [-16.27247, 19.875344], [-16.272475, 19.875886], [-16.272761, 19.875884], [-16.272763, 19.876155], [-16.272477, 19.876157], [-16.272479, 19.876428], [-16.271906, 19.876433], [-16.271904, 19.876162], [-16.271617, 19.876164], [-16.271624, 19.876977], [-16.27191, 19.876975], [-16.271915, 19.877517], [-16.272201, 19.877515], [-16.272206, 19.878057], [-16.272779, 19.878053], [-16.272776, 19.877782], [-16.273349, 19.877778], [-16.273347, 19.877506], [-16.274207, 19.8775], [-16.274205, 19.877229], [-16.274778, 19.877225], [-16.274775, 19.876954], [-16.275062, 19.876952], [-16.275066, 19.877494], [-16.275926, 19.877488], [-16.275928, 19.877759], [-16.276501, 19.877755], [-16.276503, 19.878026], [-16.27679, 19.878024]], [[-16.272488, 19.877513], [-16.272201, 19.877515], [-16.272199, 19.877244], [-16.272486, 19.877242], [-16.272488, 19.877513]]]}, "properties": {"layer": "meadow", "year": 2026, "sat": "S2B", "date": "2026-06-05", "area_ha": 8.55}}, {"type": "Feature", "geometry": {"type": "Polygon", "coordinates": [[[-16.264461, 19.877028], [-16.264459, 19.876757], [-16.265032, 19.876753], [-16.26503, 19.876482], [-16.265317, 19.87648], [-16.265319, 19.876751], [-16.265892, 19.876746], [-16.26589, 19.876475], [-16.266463, 19.876471], [-16.26646, 19.8762], [-16.266174, 19.876202], [-16.26617, 19.87566], [-16.26531, 19.875666], [-16.265308, 19.875395], [-16.264448, 19.875401], [-16.264457, 19.876486], [-16.262738, 19.876498], [-16.26274, 19.876769], [-16.263027, 19.876767], [-16.263029, 19.877038], [-16.263888, 19.877032], [-16.263886, 19.876761], [-16.264173, 19.876759], [-16.264175, 19.87703], [-16.264461, 19.877028]]]}, "properties": {"layer": "meadow", "year": 2026, "sat": "S2B", "date": "2026-06-05", "area_ha": 3.24}}, {"type": "Feature", "geometry": {"type": "Polygon", "coordinates": [[[-16.286517, 19.876328], [-16.286515, 19.876057], [-16.287088, 19.876052], [-16.287086, 19.875781], [-16.287373, 19.875779], [-16.287368, 19.875237], [-16.286795, 19.875241], [-16.286797, 19.875512], [-16.286511, 19.875515], [-16.286513, 19.875786], [-16.286227, 19.875788], [-16.286231, 19.87633], [-16.286517, 19.876328]]]}, "properties": {"layer": "meadow", "year": 2026, "sat": "S2B", "date": "2026-06-05", "area_ha": 0.81}}, {"type": "Feature", "geometry": {"type": "Polygon", "coordinates": [[[-16.280505, 19.876913], [-16.280503, 19.876642], [-16.28079, 19.87664], [-16.280788, 19.876369], [-16.281074, 19.876367], [-16.28107, 19.875825], [-16.280783, 19.875827], [-16.280774, 19.874743], [-16.280201, 19.874747], [-16.280204, 19.875018], [-16.279917, 19.87502], [-16.279919, 19.875291], [-16.279346, 19.875295], [-16.279348, 19.875566], [-16.279062, 19.875568], [-16.27906, 19.875297], [-16.278773, 19.875299], [-16.278771, 19.875028], [-16.278485, 19.87503], [-16.278498, 19.876656], [-16.277925, 19.876661], [-16.277927, 19.876932], [-16.279932, 19.876917], [-16.27993, 19.876646], [-16.280217, 19.876644], [-16.280219, 19.876915], [-16.280505, 19.876913]]]}, "properties": {"layer": "meadow", "year": 2026, "sat": "S2B", "date": "2026-06-05", "area_ha": 4.95}}, {"type": "Feature", "geometry": {"type": "Polygon", "coordinates": [[[-16.49622, 19.874418], [-16.496215, 19.873876], [-16.495929, 19.873879], [-16.495926, 19.873608], [-16.49564, 19.87361], [-16.495637, 19.873339], [-16.495924, 19.873337], [-16.495921, 19.873066], [-16.495635, 19.873068], [-16.495632, 19.872797], [-16.494773, 19.872804], [-16.494775, 19.873075], [-16.495062, 19.873073], [-16.495069, 19.873886], [-16.495356, 19.873884], [-16.495358, 19.874155], [-16.495931, 19.87415], [-16.495934, 19.874421], [-16.49622, 19.874418]]]}, "properties": {"layer": "meadow", "year": 2026, "sat": "S2B", "date": "2026-06-05", "area_ha": 1.35}}, {"type": "Feature", "geometry": {"type": "Polygon", "coordinates": [[[-16.369593, 19.874895], [-16.369588, 19.874353], [-16.369875, 19.874351], [-16.36987, 19.873809], [-16.369011, 19.873815], [-16.369015, 19.874357], [-16.369302, 19.874355], [-16.369304, 19.874626], [-16.369018, 19.874628], [-16.36902, 19.874899], [-16.369593, 19.874895]]]}, "properties": {"layer": "meadow", "year": 2026, "sat": "S2B", "date": "2026-06-05", "area_ha": 0.81}}, {"type": "Feature", "geometry": {"type": "Polygon", "coordinates": [[[-16.373886, 19.87432], [-16.373883, 19.874049], [-16.37417, 19.874047], [-16.374165, 19.873505], [-16.373879, 19.873507], [-16.373874, 19.872965], [-16.373301, 19.872969], [-16.373303, 19.87324], [-16.37359, 19.873238], [-16.373592, 19.873509], [-16.373306, 19.873511], [-16.373308, 19.873782], [-16.373594, 19.87378], [-16.373599, 19.874322], [-16.373886, 19.87432]]]}, "properties": {"layer": "meadow", "year": 2026, "sat": "S2B", "date": "2026-06-05", "area_ha": 0.81}}, {"type": "Feature", "geometry": {"type": "Polygon", "coordinates": [[[-16.300258, 19.874873], [-16.300254, 19.874331], [-16.30054, 19.874328], [-16.300536, 19.873786], [-16.300249, 19.873788], [-16.300252, 19.874059], [-16.299965, 19.874062], [-16.299963, 19.873791], [-16.299103, 19.873797], [-16.299101, 19.873526], [-16.298815, 19.873528], [-16.29881, 19.872986], [-16.298237, 19.87299], [-16.298242, 19.873532], [-16.298528, 19.87353], [-16.29853, 19.873801], [-16.298817, 19.873799], [-16.298819, 19.87407], [-16.299106, 19.874068], [-16.299108, 19.874339], [-16.299681, 19.874335], [-16.299683, 19.874606], [-16.299969, 19.874604], [-16.299972, 19.874875], [-16.300258, 19.874873]]]}, "properties": {"layer": "meadow", "year": 2026, "sat": "S2B", "date": "2026-06-05", "area_ha": 1.71}}, {"type": "Feature", "geometry": {"type": "Polygon", "coordinates": [[[-16.362706, 19.873593], [-16.362701, 19.873051], [-16.362415, 19.873053], [-16.362412, 19.872782], [-16.362126, 19.872784], [-16.362124, 19.872513], [-16.361551, 19.872517], [-16.361553, 19.872788], [-16.361839, 19.872786], [-16.361842, 19.873057], [-16.361555, 19.873059], [-16.361558, 19.87333], [-16.36213, 19.873326], [-16.362133, 19.873597], [-16.362706, 19.873593]]]}, "properties": {"layer": "meadow", "year": 2026, "sat": "S2B", "date": "2026-06-05", "area_ha": 0.9}}, {"type": "Feature", "geometry": {"type": "Polygon", "coordinates": [[[-16.410257, 19.87268], [-16.410254, 19.872409], [-16.411114, 19.872403], [-16.411111, 19.872132], [-16.409679, 19.872143], [-16.409684, 19.872685], [-16.410257, 19.87268]]]}, "properties": {"layer": "meadow", "year": 2026, "sat": "S2B", "date": "2026-06-05", "area_ha": 0.63}}, {"type": "Feature", "geometry": {"type": "Polygon", "coordinates": [[[-16.371589, 19.873795], [-16.371582, 19.872982], [-16.371869, 19.87298], [-16.371866, 19.872709], [-16.372153, 19.872707], [-16.37215, 19.872436], [-16.371577, 19.87244], [-16.37158, 19.872711], [-16.370147, 19.872722], [-16.37015, 19.872993], [-16.369863, 19.872996], [-16.36987, 19.873809], [-16.370157, 19.873807], [-16.370154, 19.873535], [-16.3713, 19.873527], [-16.371303, 19.873798], [-16.371589, 19.873795]]]}, "properties": {"layer": "meadow", "year": 2026, "sat": "S2B", "date": "2026-06-05", "area_ha": 1.98}}, {"type": "Feature", "geometry": {"type": "Polygon", "coordinates": [[[-16.395954, 19.875232], [-16.395947, 19.874419], [-16.39652, 19.874415], [-16.396518, 19.874144], [-16.396804, 19.874142], [-16.396802, 19.873871], [-16.397375, 19.873866], [-16.397372, 19.873595], [-16.397659, 19.873593], [-16.397656, 19.873322], [-16.397943, 19.87332], [-16.397941, 19.873049], [-16.398227, 19.873046], [-16.398222, 19.872504], [-16.397649, 19.872509], [-16.397647, 19.872238], [-16.39736, 19.87224], [-16.397358, 19.871969], [-16.396785, 19.871973], [-16.396783, 19.871702], [-16.39621, 19.871707], [-16.396212, 19.871978], [-16.395926, 19.87198], [-16.395928, 19.872251], [-16.395642, 19.872253], [-16.395644, 19.872524], [-16.395357, 19.872527], [-16.395367, 19.873611], [-16.395653, 19.873609], [-16.395658, 19.874151], [-16.395372, 19.874153], [-16.395374, 19.874424], [-16.395661, 19.874422], [-16.395668, 19.875235], [-16.395954, 19.875232]]]}, "properties": {"layer": "meadow", "year": 2026, "sat": "S2B", "date": "2026-06-05", "area_ha": 6.12}}, {"type": "Feature", "geometry": {"type": "Polygon", "coordinates": [[[-16.497369, 19.87468], [-16.497366, 19.874409], [-16.49708, 19.874411], [-16.497077, 19.87414], [-16.498223, 19.874131], [-16.498221, 19.87386], [-16.498507, 19.873857], [-16.498504, 19.873586], [-16.498791, 19.873584], [-16.498788, 19.873313], [-16.499361, 19.873308], [-16.499346, 19.871682], [-16.49906, 19.871684], [-16.499057, 19.871413], [-16.49963, 19.871408], [-16.499627, 19.871137], [-16.499054, 19.871142], [-16.499049, 19.8706], [-16.498476, 19.870605], [-16.498479, 19.870876], [-16.497906, 19.870881], [-16.497909, 19.871152], [-16.497622, 19.871154], [-16.497627, 19.871696], [-16.497914, 19.871694], [-16.497916, 19.871965], [-16.49763, 19.871967], [-16.497632, 19.872238], [-16.497346, 19.872241], [-16.497348, 19.872512], [-16.497062, 19.872514], [-16.497059, 19.872243], [-16.496773, 19.872245], [-16.496786, 19.873601], [-16.496499, 19.873603], [-16.496502, 19.873874], [-16.496788, 19.873872], [-16.496791, 19.874143], [-16.496504, 19.874145], [-16.496509, 19.874687], [-16.497369, 19.87468]], [[-16.498783, 19.872771], [-16.49821, 19.872775], [-16.498208, 19.872504], [-16.498781, 19.8725], [-16.498783, 19.872771]], [[-16.499062, 19.871955], [-16.498776, 19.871958], [-16.498773, 19.871687], [-16.49906, 19.871684], [-16.499062, 19.871955]]]}, "properties": {"layer": "meadow", "year": 2026, "sat": "S2B", "date": "2026-06-05", "area_ha": 7.65}}, {"type": "Feature", "geometry": {"type": "Polygon", "coordinates": [[[-16.274476, 19.87533], [-16.274474, 19.875059], [-16.275047, 19.875055], [-16.275045, 19.874784], [-16.275331, 19.874782], [-16.275329, 19.874511], [-16.275615, 19.874509], [-16.275613, 19.874238], [-16.275327, 19.87424], [-16.275322, 19.873698], [-16.276182, 19.873691], [-16.27618, 19.87342], [-16.275893, 19.873422], [-16.275891, 19.873151], [-16.275605, 19.873153], [-16.2756, 19.872611], [-16.275027, 19.872616], [-16.275032, 19.873158], [-16.274745, 19.87316], [-16.274743, 19.872889], [-16.274456, 19.872891], [-16.274454, 19.87262], [-16.274741, 19.872618], [-16.274739, 19.872347], [-16.274166, 19.872351], [-16.274168, 19.872622], [-16.273881, 19.872624], [-16.273886, 19.873166], [-16.274172, 19.873164], [-16.274176, 19.873706], [-16.274463, 19.873704], [-16.274467, 19.874246], [-16.273894, 19.87425], [-16.273896, 19.874521], [-16.274183, 19.874519], [-16.274189, 19.875332], [-16.274476, 19.87533]]]}, "properties": {"layer": "meadow", "year": 2026, "sat": "S2B", "date": "2026-06-05", "area_ha": 3.96}}, {"type": "Feature", "geometry": {"type": "Polygon", "coordinates": [[[-16.292794, 19.87303], [-16.292792, 19.872759], [-16.293651, 19.872752], [-16.293649, 19.872481], [-16.292503, 19.87249], [-16.292501, 19.872219], [-16.292787, 19.872216], [-16.292785, 19.871945], [-16.291926, 19.871952], [-16.291928, 19.872223], [-16.291068, 19.872229], [-16.291073, 19.872771], [-16.291359, 19.872769], [-16.291357, 19.872498], [-16.29193, 19.872494], [-16.291935, 19.873036], [-16.292794, 19.87303]]]}, "properties": {"layer": "meadow", "year": 2026, "sat": "S2B", "date": "2026-06-05", "area_ha": 1.62}}, {"type": "Feature", "geometry": {"type": "Polygon", "coordinates": [[[-16.299954, 19.872706], [-16.299952, 19.872435], [-16.300525, 19.872431], [-16.300516, 19.871347], [-16.299943, 19.871351], [-16.299941, 19.87108], [-16.299654, 19.871082], [-16.299652, 19.870811], [-16.299079, 19.870815], [-16.299081, 19.871086], [-16.298795, 19.871089], [-16.298797, 19.87136], [-16.298511, 19.871362], [-16.298513, 19.871633], [-16.29794, 19.871637], [-16.297944, 19.872179], [-16.298517, 19.872175], [-16.298522, 19.872717], [-16.298808, 19.872715], [-16.298806, 19.872444], [-16.299092, 19.872442], [-16.299095, 19.872713], [-16.299954, 19.872706]]]}, "properties": {"layer": "meadow", "year": 2026, "sat": "S2B", "date": "2026-06-05", "area_ha": 3.78}}, {"type": "Feature", "geometry": {"type": "Polygon", "coordinates": [[[-16.29134, 19.87033], [-16.291337, 19.870059], [-16.29191, 19.870054], [-16.291908, 19.869783], [-16.290189, 19.869796], [-16.290191, 19.870067], [-16.291051, 19.870061], [-16.291053, 19.870332], [-16.29134, 19.87033]]]}, "properties": {"layer": "meadow", "year": 2026, "sat": "S2B", "date": "2026-06-05", "area_ha": 0.63}}, {"type": "Feature", "geometry": {"type": "Polygon", "coordinates": [[[-16.27272, 19.870735], [-16.272714, 19.869922], [-16.272427, 19.869924], [-16.272425, 19.869653], [-16.272138, 19.869655], [-16.272141, 19.869926], [-16.271568, 19.86993], [-16.271572, 19.870472], [-16.271286, 19.870474], [-16.271288, 19.870745], [-16.27272, 19.870735]]]}, "properties": {"layer": "meadow", "year": 2026, "sat": "S2B", "date": "2026-06-05", "area_ha": 1.26}}, {"type": "Feature", "geometry": {"type": "Polygon", "coordinates": [[[-16.294771, 19.869492], [-16.29476, 19.868136], [-16.294473, 19.868138], [-16.294469, 19.867596], [-16.294182, 19.867598], [-16.294196, 19.869225], [-16.293909, 19.869227], [-16.293911, 19.869498], [-16.294771, 19.869492]]]}, "properties": {"layer": "meadow", "year": 2026, "sat": "S2B", "date": "2026-06-05", "area_ha": 1.17}}, {"type": "Feature", "geometry": {"type": "Polygon", "coordinates": [[[-16.292184, 19.868426], [-16.292181, 19.868155], [-16.292468, 19.868153], [-16.292464, 19.867611], [-16.291891, 19.867615], [-16.291888, 19.867344], [-16.292175, 19.867342], [-16.292173, 19.867071], [-16.291886, 19.867073], [-16.291884, 19.866802], [-16.290738, 19.86681], [-16.290742, 19.867352], [-16.291029, 19.86735], [-16.291033, 19.867892], [-16.291606, 19.867888], [-16.291609, 19.868159], [-16.291895, 19.868157], [-16.291897, 19.868428], [-16.292184, 19.868426]], [[-16.291602, 19.867346], [-16.291315, 19.867348], [-16.291313, 19.867077], [-16.2916, 19.867075], [-16.291602, 19.867346]]]}, "properties": {"layer": "meadow", "year": 2026, "sat": "S2B", "date": "2026-06-05", "area_ha": 1.8}}, {"type": "Feature", "geometry": {"type": "Polygon", "coordinates": [[[-16.354622, 19.866336], [-16.35462, 19.866065], [-16.355193, 19.866061], [-16.35519, 19.86579], [-16.355477, 19.865787], [-16.355479, 19.866058], [-16.356052, 19.866054], [-16.35605, 19.865783], [-16.356336, 19.865781], [-16.356334, 19.86551], [-16.354615, 19.865523], [-16.354617, 19.865794], [-16.354331, 19.865796], [-16.354336, 19.866338], [-16.354622, 19.866336]]]}, "properties": {"layer": "meadow", "year": 2026, "sat": "S2B", "date": "2026-06-05", "area_ha": 1.08}}, {"type": "Feature", "geometry": {"type": "Polygon", "coordinates": [[[-16.357484, 19.866043], [-16.357482, 19.865772], [-16.357769, 19.86577], [-16.357766, 19.865499], [-16.358053, 19.865497], [-16.35805, 19.865226], [-16.357191, 19.865232], [-16.357193, 19.865503], [-16.35662, 19.865508], [-16.356625, 19.86605], [-16.357484, 19.866043]]]}, "properties": {"layer": "meadow", "year": 2026, "sat": "S2B", "date": "2026-06-05", "area_ha": 0.9}}, {"type": "Feature", "geometry": {"type": "Polygon", "coordinates": [[[-16.298786, 19.870004], [-16.298784, 19.869733], [-16.29907, 19.869731], [-16.299059, 19.868376], [-16.2982, 19.868382], [-16.298195, 19.86784], [-16.297909, 19.867842], [-16.297907, 19.867571], [-16.298193, 19.867569], [-16.298184, 19.866485], [-16.296465, 19.866498], [-16.296461, 19.865956], [-16.296175, 19.865958], [-16.29617, 19.865416], [-16.295597, 19.86542], [-16.295604, 19.866233], [-16.296177, 19.866229], [-16.296181, 19.866771], [-16.296468, 19.866769], [-16.296472, 19.867311], [-16.296759, 19.867309], [-16.296763, 19.867851], [-16.297049, 19.867849], [-16.297058, 19.868933], [-16.297345, 19.868931], [-16.297347, 19.869202], [-16.297633, 19.8692], [-16.297638, 19.869742], [-16.297924, 19.86974], [-16.297927, 19.870011], [-16.298786, 19.870004]], [[-16.298209, 19.869467], [-16.297922, 19.869469], [-16.297918, 19.868927], [-16.298204, 19.868924], [-16.298209, 19.869467]]]}, "properties": {"layer": "meadow", "year": 2026, "sat": "S2B", "date": "2026-06-05", "area_ha": 6.75}}, {"type": "Feature", "geometry": {"type": "Polygon", "coordinates": [[[-16.351466, 19.865818], [-16.351464, 19.865547], [-16.35175, 19.865545], [-16.351748, 19.865274], [-16.351462, 19.865276], [-16.351459, 19.865005], [-16.3506, 19.865011], [-16.350602, 19.865282], [-16.350889, 19.86528], [-16.350893, 19.865822], [-16.351466, 19.865818]]]}, "properties": {"layer": "meadow", "year": 2026, "sat": "S2B", "date": "2026-06-05", "area_ha": 0.72}}, {"type": "Feature", "geometry": {"type": "Polygon", "coordinates": [[[-16.349447, 19.864207], [-16.349445, 19.863936], [-16.349158, 19.863938], [-16.349156, 19.863667], [-16.34887, 19.863669], [-16.348867, 19.863398], [-16.348294, 19.863403], [-16.348297, 19.863674], [-16.348583, 19.863671], [-16.348586, 19.863942], [-16.348872, 19.86394], [-16.348874, 19.864211], [-16.349447, 19.864207]]]}, "properties": {"layer": "meadow", "year": 2026, "sat": "S2B", "date": "2026-06-05", "area_ha": 0.54}}, {"type": "Feature", "geometry": {"type": "Polygon", "coordinates": [[[-16.274964, 19.864755], [-16.274962, 19.864484], [-16.274676, 19.864486], [-16.274674, 19.864215], [-16.274387, 19.864217], [-16.274385, 19.863946], [-16.273812, 19.863951], [-16.273814, 19.864222], [-16.274101, 19.86422], [-16.274103, 19.864491], [-16.273816, 19.864493], [-16.273818, 19.864764], [-16.274964, 19.864755]]]}, "properties": {"layer": "meadow", "year": 2026, "sat": "S2B", "date": "2026-06-05", "area_ha": 0.72}}, {"type": "Feature", "geometry": {"type": "Polygon", "coordinates": [[[-16.289572, 19.864379], [-16.289564, 19.863295], [-16.289277, 19.863297], [-16.289282, 19.863839], [-16.288995, 19.863841], [-16.289, 19.864383], [-16.289572, 19.864379]]]}, "properties": {"layer": "meadow", "year": 2026, "sat": "S2B", "date": "2026-06-05", "area_ha": 0.54}}, {"type": "Feature", "geometry": {"type": "Polygon", "coordinates": [[[-16.345714, 19.863151], [-16.345712, 19.86288], [-16.345998, 19.862878], [-16.345996, 19.862607], [-16.345709, 19.862609], [-16.345707, 19.862338], [-16.345134, 19.862342], [-16.345132, 19.862071], [-16.344845, 19.862073], [-16.344848, 19.862344], [-16.344561, 19.862347], [-16.344566, 19.862889], [-16.344852, 19.862886], [-16.344855, 19.863157], [-16.345714, 19.863151]]]}, "properties": {"layer": "meadow", "year": 2026, "sat": "S2B", "date": "2026-06-05", "area_ha": 1.17}}, {"type": "Feature", "geometry": {"type": "Polygon", "coordinates": [[[-16.289275, 19.863026], [-16.289273, 19.862755], [-16.288986, 19.862757], [-16.288984, 19.862486], [-16.289271, 19.862484], [-16.289268, 19.862213], [-16.287836, 19.862223], [-16.287838, 19.862494], [-16.288125, 19.862492], [-16.288127, 19.862763], [-16.288413, 19.862761], [-16.288416, 19.863032], [-16.289275, 19.863026]]]}, "properties": {"layer": "meadow", "year": 2026, "sat": "S2B", "date": "2026-06-05", "area_ha": 0.99}}, {"type": "Feature", "geometry": {"type": "Polygon", "coordinates": [[[-16.264649, 19.864558], [-16.264647, 19.864287], [-16.264933, 19.864285], [-16.264931, 19.864014], [-16.264645, 19.864016], [-16.26464, 19.863474], [-16.264927, 19.863472], [-16.264925, 19.863201], [-16.265498, 19.863197], [-16.265493, 19.862655], [-16.265207, 19.862657], [-16.265203, 19.862114], [-16.265489, 19.862112], [-16.265491, 19.862383], [-16.265778, 19.862381], [-16.265776, 19.86211], [-16.266062, 19.862108], [-16.266056, 19.861295], [-16.265769, 19.861297], [-16.265773, 19.861839], [-16.265487, 19.861841], [-16.265485, 19.86157], [-16.265198, 19.861572], [-16.2652, 19.861843], [-16.264914, 19.861845], [-16.264916, 19.862117], [-16.26463, 19.862119], [-16.264634, 19.862661], [-16.264347, 19.862663], [-16.264363, 19.86456], [-16.264649, 19.864558]], [[-16.264923, 19.86293], [-16.264636, 19.862932], [-16.264634, 19.862661], [-16.26492, 19.862659], [-16.264923, 19.86293]]]}, "properties": {"layer": "meadow", "year": 2026, "sat": "S2B", "date": "2026-06-05", "area_ha": 2.34}}, {"type": "Feature", "geometry": {"type": "Polygon", "coordinates": [[[-16.286135, 19.864404], [-16.286133, 19.864133], [-16.286706, 19.864129], [-16.286703, 19.863858], [-16.28699, 19.863856], [-16.286988, 19.863585], [-16.28842, 19.863574], [-16.288422, 19.863845], [-16.288995, 19.863841], [-16.288993, 19.86357], [-16.288706, 19.863572], [-16.288704, 19.863301], [-16.288418, 19.863303], [-16.288416, 19.863032], [-16.288129, 19.863034], [-16.288127, 19.862763], [-16.287554, 19.862768], [-16.287552, 19.862497], [-16.286979, 19.862501], [-16.286977, 19.86223], [-16.287836, 19.862223], [-16.287834, 19.861952], [-16.287547, 19.861954], [-16.287539, 19.86087], [-16.286679, 19.860877], [-16.286681, 19.861148], [-16.286968, 19.861145], [-16.28697, 19.861417], [-16.286684, 19.861419], [-16.286688, 19.861961], [-16.286402, 19.861963], [-16.286406, 19.862505], [-16.285833, 19.862509], [-16.285835, 19.86278], [-16.285549, 19.862782], [-16.285551, 19.863053], [-16.284978, 19.863057], [-16.284976, 19.862786], [-16.284403, 19.86279], [-16.284405, 19.863061], [-16.284119, 19.863063], [-16.284116, 19.862792], [-16.28383, 19.862794], [-16.283828, 19.862523], [-16.283541, 19.862525], [-16.283543, 19.862796], [-16.282397, 19.862805], [-16.282402, 19.863347], [-16.282975, 19.863343], [-16.282977, 19.863614], [-16.28355, 19.86361], [-16.283554, 19.864152], [-16.284127, 19.864148], [-16.284129, 19.864419], [-16.286135, 19.864404]], [[-16.287845, 19.863308], [-16.287558, 19.86331], [-16.287556, 19.863039], [-16.287843, 19.863037], [-16.287845, 19.863308]]]}, "properties": {"layer": "meadow", "year": 2026, "sat": "S2B", "date": "2026-06-05", "area_ha": 10.26}}, {"type": "Feature", "geometry": {"type": "Polygon", "coordinates": [[[-16.506676, 19.859152], [-16.506666, 19.858068], [-16.50638, 19.858071], [-16.506382, 19.858342], [-16.506096, 19.858344], [-16.506101, 19.858886], [-16.506387, 19.858884], [-16.50639, 19.859155], [-16.506676, 19.859152]]]}, "properties": {"layer": "meadow", "year": 2026, "sat": "S2B", "date": "2026-06-05", "area_ha": 0.54}}, {"type": "Feature", "geometry": {"type": "Polygon", "coordinates": [[[-16.447965, 19.860723], [-16.447963, 19.860452], [-16.448249, 19.86045], [-16.448247, 19.860179], [-16.448533, 19.860177], [-16.448531, 19.859906], [-16.449104, 19.859901], [-16.449101, 19.85963], [-16.449388, 19.859628], [-16.44938, 19.858814], [-16.449094, 19.858817], [-16.449091, 19.858546], [-16.448518, 19.85855], [-16.448516, 19.858279], [-16.448802, 19.858277], [-16.4488, 19.858006], [-16.448227, 19.858011], [-16.448225, 19.85774], [-16.44536, 19.857763], [-16.445358, 19.857492], [-16.444498, 19.857499], [-16.444501, 19.85777], [-16.443642, 19.857777], [-16.443646, 19.858319], [-16.443074, 19.858324], [-16.443076, 19.858595], [-16.442503, 19.858599], [-16.442506, 19.85887], [-16.442792, 19.858868], [-16.442794, 19.859139], [-16.442508, 19.859141], [-16.442513, 19.859683], [-16.442799, 19.859681], [-16.442802, 19.859952], [-16.443375, 19.859947], [-16.443377, 19.860218], [-16.444236, 19.860211], [-16.444239, 19.860482], [-16.445671, 19.860471], [-16.445674, 19.860742], [-16.447965, 19.860723]], [[-16.447671, 19.859913], [-16.447385, 19.859915], [-16.447382, 19.859644], [-16.447669, 19.859642], [-16.447671, 19.859913]], [[-16.445953, 19.859926], [-16.445666, 19.859929], [-16.445661, 19.859387], [-16.445948, 19.859384], [-16.445953, 19.859926]], [[-16.447666, 19.859371], [-16.447094, 19.859375], [-16.447089, 19.858833], [-16.447375, 19.858831], [-16.447378, 19.859102], [-16.447664, 19.859099], [-16.447666, 19.859371]], [[-16.445661, 19.859387], [-16.445375, 19.859389], [-16.44537, 19.858847], [-16.445656, 19.858845], [-16.445661, 19.859387]], [[-16.444516, 19.859396], [-16.443656, 19.859403], [-16.443654, 19.859132], [-16.444513, 19.859125], [-16.444516, 19.859396]], [[-16.4448, 19.859123], [-16.444513, 19.859125], [-16.444511, 19.858854], [-16.444797, 19.858852], [-16.4448, 19.859123]]]}, "properties": {"layer": "meadow", "year": 2026, "sat": "S2B", "date": "2026-06-05", "area_ha": 18.0}}, {"type": "Feature", "geometry": {"type": "Polygon", "coordinates": [[[-16.269523, 19.865065], [-16.269521, 19.864794], [-16.269808, 19.864792], [-16.269803, 19.86425], [-16.27009, 19.864248], [-16.270088, 19.863977], [-16.269228, 19.863983], [-16.269226, 19.863712], [-16.270372, 19.863704], [-16.270374, 19.863975], [-16.270661, 19.863973], [-16.270654, 19.86316], [-16.271227, 19.863156], [-16.271229, 19.863427], [-16.271516, 19.863425], [-16.271514, 19.863154], [-16.272087, 19.86315], [-16.272082, 19.862608], [-16.272369, 19.862606], [-16.272367, 19.862335], [-16.272653, 19.862332], [-16.272651, 19.862061], [-16.272937, 19.862059], [-16.272933, 19.861517], [-16.27236, 19.861521], [-16.272362, 19.861792], [-16.271789, 19.861797], [-16.271791, 19.862068], [-16.271219, 19.862072], [-16.271216, 19.861801], [-16.27093, 19.861803], [-16.270928, 19.861532], [-16.270068, 19.861538], [-16.27007, 19.861809], [-16.270357, 19.861807], [-16.270359, 19.862078], [-16.269786, 19.862082], [-16.269784, 19.861811], [-16.269498, 19.861813], [-16.269491, 19.861], [-16.269778, 19.860998], [-16.269775, 19.860727], [-16.270062, 19.860725], [-16.27006, 19.860454], [-16.272065, 19.860439], [-16.272063, 19.860168], [-16.272349, 19.860166], [-16.272343, 19.859353], [-16.272056, 19.859355], [-16.272043, 19.857729], [-16.271757, 19.857731], [-16.271755, 19.85746], [-16.271468, 19.857462], [-16.27147, 19.857733], [-16.271184, 19.857735], [-16.271195, 19.85909], [-16.271481, 19.859088], [-16.271483, 19.859359], [-16.271197, 19.859361], [-16.271201, 19.859903], [-16.270915, 19.859905], [-16.270917, 19.860176], [-16.27063, 19.860178], [-16.270628, 19.859907], [-16.270055, 19.859912], [-16.270053, 19.859641], [-16.269767, 19.859643], [-16.269771, 19.860185], [-16.269198, 19.860189], [-16.2692, 19.86046], [-16.268914, 19.860462], [-16.268918, 19.861004], [-16.268632, 19.861006], [-16.268636, 19.861548], [-16.26835, 19.86155], [-16.268358, 19.862634], [-16.268645, 19.862632], [-16.268642, 19.862361], [-16.269215, 19.862357], [-16.269218, 19.862628], [-16.269504, 19.862626], [-16.269506, 19.862897], [-16.268074, 19.862907], [-16.268078, 19.863449], [-16.267505, 19.863453], [-16.267514, 19.864538], [-16.26866, 19.864529], [-16.268662, 19.8648], [-16.269235, 19.864796], [-16.269237, 19.865067], [-16.269523, 19.865065]]]}, "properties": {"layer": "meadow", "year": 2026, "sat": "S2B", "date": "2026-06-05", "area_ha": 16.11}}, {"type": "Feature", "geometry": {"type": "Polygon", "coordinates": [[[-16.281501, 19.858203], [-16.281497, 19.857661], [-16.28121, 19.857663], [-16.281208, 19.857392], [-16.280922, 19.857394], [-16.280919, 19.857123], [-16.280347, 19.857127], [-16.280351, 19.857669], [-16.280637, 19.857667], [-16.280639, 19.857938], [-16.281212, 19.857934], [-16.281215, 19.858205], [-16.281501, 19.858203]]]}, "properties": {"layer": "meadow", "year": 2026, "sat": "S2B", "date": "2026-06-05", "area_ha": 0.81}}, {"type": "Feature", "geometry": {"type": "Polygon", "coordinates": [[[-16.473703, 19.855905], [-16.4737, 19.855634], [-16.473987, 19.855631], [-16.473982, 19.855089], [-16.473695, 19.855092], [-16.473693, 19.854821], [-16.47312, 19.854825], [-16.473115, 19.854283], [-16.471969, 19.854293], [-16.471972, 19.854564], [-16.472545, 19.854559], [-16.47255, 19.855101], [-16.472836, 19.855099], [-16.472839, 19.85537], [-16.473125, 19.855367], [-16.473123, 19.855096], [-16.473409, 19.855094], [-16.473417, 19.855907], [-16.473703, 19.855905]]]}, "properties": {"layer": "meadow", "year": 2026, "sat": "S2B", "date": "2026-06-05", "area_ha": 1.44}}, {"type": "Feature", "geometry": {"type": "Polygon", "coordinates": [[[-16.463678, 19.855987], [-16.46367, 19.855174], [-16.463957, 19.855172], [-16.463954, 19.854901], [-16.463668, 19.854903], [-16.463665, 19.854632], [-16.463379, 19.854635], [-16.463376, 19.854364], [-16.462803, 19.854368], [-16.462811, 19.855181], [-16.463097, 19.855179], [-16.4631, 19.85545], [-16.463386, 19.855448], [-16.463391, 19.85599], [-16.463678, 19.855987]]]}, "properties": {"layer": "meadow", "year": 2026, "sat": "S2B", "date": "2026-06-05", "area_ha": 1.17}}, {"type": "Feature", "geometry": {"type": "Polygon", "coordinates": [[[-16.495201, 19.857352], [-16.495193, 19.856539], [-16.495766, 19.856534], [-16.495764, 19.856263], [-16.496336, 19.856258], [-16.496326, 19.855174], [-16.49604, 19.855177], [-16.496037, 19.854906], [-16.495751, 19.854908], [-16.495748, 19.854637], [-16.496035, 19.854635], [-16.49603, 19.854092], [-16.496316, 19.85409], [-16.496314, 19.853819], [-16.495454, 19.853826], [-16.495457, 19.854097], [-16.494884, 19.854102], [-16.494887, 19.854373], [-16.4946, 19.854376], [-16.49461, 19.85546], [-16.494324, 19.855462], [-16.494329, 19.856004], [-16.494042, 19.856006], [-16.494048, 19.856548], [-16.493761, 19.856551], [-16.493759, 19.85628], [-16.493186, 19.856285], [-16.493188, 19.856556], [-16.492902, 19.856558], [-16.492907, 19.8571], [-16.493766, 19.857093], [-16.493764, 19.856822], [-16.49405, 19.856819], [-16.494053, 19.85709], [-16.494912, 19.857083], [-16.494914, 19.857354], [-16.495201, 19.857352]], [[-16.495191, 19.856268], [-16.494904, 19.85627], [-16.494899, 19.855728], [-16.495186, 19.855726], [-16.495191, 19.856268]], [[-16.496042, 19.855448], [-16.495756, 19.85545], [-16.495753, 19.855179], [-16.49604, 19.855177], [-16.496042, 19.855448]]]}, "properties": {"layer": "meadow", "year": 2026, "sat": "S2B", "date": "2026-06-05", "area_ha": 6.3}}, {"type": "Feature", "geometry": {"type": "Polygon", "coordinates": [[[-16.46567, 19.854616], [-16.465663, 19.853803], [-16.465949, 19.8538], [-16.465947, 19.853529], [-16.46566, 19.853532], [-16.465658, 19.853261], [-16.465371, 19.853263], [-16.465374, 19.853534], [-16.465087, 19.853536], [-16.465092, 19.854078], [-16.465379, 19.854076], [-16.465384, 19.854618], [-16.46567, 19.854616]]]}, "properties": {"layer": "meadow", "year": 2026, "sat": "S2B", "date": "2026-06-05", "area_ha": 0.72}}, {"type": "Feature", "geometry": {"type": "Polygon", "coordinates": [[[-16.270027, 19.856388], [-16.270025, 19.856117], [-16.271171, 19.856109], [-16.271169, 19.855838], [-16.272028, 19.855832], [-16.272024, 19.85529], [-16.271737, 19.855292], [-16.271725, 19.853665], [-16.271438, 19.853667], [-16.271436, 19.853396], [-16.271149, 19.853398], [-16.271152, 19.85367], [-16.270865, 19.853672], [-16.270878, 19.855298], [-16.270305, 19.855302], [-16.270303, 19.855031], [-16.26973, 19.855035], [-16.269741, 19.85639], [-16.270027, 19.856388]]]}, "properties": {"layer": "meadow", "year": 2026, "sat": "S2B", "date": "2026-06-05", "area_ha": 3.87}}, {"type": "Feature", "geometry": {"type": "Polygon", "coordinates": [[[-16.366831, 19.853504], [-16.366829, 19.853233], [-16.367115, 19.85323], [-16.367106, 19.852146], [-16.36682, 19.852149], [-16.366826, 19.852962], [-16.366254, 19.852966], [-16.366256, 19.853237], [-16.365969, 19.853239], [-16.365972, 19.85351], [-16.366831, 19.853504]]]}, "properties": {"layer": "meadow", "year": 2026, "sat": "S2B", "date": "2026-06-05", "area_ha": 0.81}}, {"type": "Feature", "geometry": {"type": "Polygon", "coordinates": [[[-16.464604, 19.863298], [-16.464599, 19.862756], [-16.46374, 19.862763], [-16.463735, 19.862221], [-16.463162, 19.862225], [-16.463152, 19.861141], [-16.462866, 19.861144], [-16.462856, 19.86006], [-16.462569, 19.860062], [-16.462567, 19.859791], [-16.46228, 19.859793], [-16.462273, 19.85898], [-16.461986, 19.858983], [-16.461984, 19.858712], [-16.461697, 19.858714], [-16.461695, 19.858443], [-16.461981, 19.858441], [-16.461979, 19.85817], [-16.461406, 19.858174], [-16.461401, 19.857632], [-16.461115, 19.857635], [-16.461112, 19.857364], [-16.460826, 19.857366], [-16.460821, 19.856824], [-16.460534, 19.856826], [-16.460537, 19.857097], [-16.46025, 19.8571], [-16.460248, 19.856829], [-16.459961, 19.856831], [-16.459966, 19.857373], [-16.45968, 19.857375], [-16.459685, 19.857917], [-16.459398, 19.85792], [-16.459401, 19.858191], [-16.458542, 19.858198], [-16.458539, 19.857927], [-16.458253, 19.857929], [-16.458248, 19.857387], [-16.457961, 19.857389], [-16.457959, 19.857118], [-16.458245, 19.857116], [-16.45824, 19.856574], [-16.457954, 19.856576], [-16.457949, 19.856034], [-16.458235, 19.856032], [-16.458233, 19.855761], [-16.459092, 19.855754], [-16.45909, 19.855483], [-16.459376, 19.85548], [-16.459374, 19.855209], [-16.45966, 19.855207], [-16.459658, 19.854936], [-16.459944, 19.854934], [-16.459939, 19.854392], [-16.460225, 19.854389], [-16.460223, 19.854118], [-16.460509, 19.854116], [-16.460507, 19.853845], [-16.460793, 19.853843], [-16.460788, 19.853301], [-16.461075, 19.853298], [-16.461072, 19.853027], [-16.461359, 19.853025], [-16.461356, 19.852754], [-16.461643, 19.852752], [-16.461638, 19.85221], [-16.462211, 19.852205], [-16.462208, 19.851934], [-16.461635, 19.851938], [-16.461628, 19.851125], [-16.461341, 19.851128], [-16.461344, 19.851399], [-16.461057, 19.851401], [-16.46106, 19.851672], [-16.460774, 19.851675], [-16.460776, 19.851946], [-16.46049, 19.851948], [-16.460492, 19.852219], [-16.460206, 19.852221], [-16.460213, 19.853034], [-16.45964, 19.853039], [-16.459645, 19.853581], [-16.459359, 19.853583], [-16.459361, 19.853854], [-16.458788, 19.853859], [-16.458791, 19.85413], [-16.458218, 19.854135], [-16.458223, 19.854677], [-16.458509, 19.854674], [-16.458507, 19.854403], [-16.458793, 19.854401], [-16.458796, 19.854672], [-16.459082, 19.85467], [-16.459085, 19.854941], [-16.458512, 19.854945], [-16.458514, 19.855217], [-16.457655, 19.855224], [-16.45766, 19.855766], [-16.457373, 19.855768], [-16.457378, 19.85631], [-16.457092, 19.856312], [-16.457104, 19.857667], [-16.457391, 19.857665], [-16.457393, 19.857936], [-16.45682, 19.857941], [-16.456818, 19.85767], [-16.456531, 19.857672], [-16.456536, 19.858214], [-16.457396, 19.858207], [-16.457401, 19.858749], [-16.457687, 19.858747], [-16.45769, 19.859018], [-16.457403, 19.85902], [-16.457406, 19.859291], [-16.457692, 19.859289], [-16.457695, 19.85956], [-16.457981, 19.859557], [-16.457986, 19.860099], [-16.458272, 19.860097], [-16.458275, 19.860368], [-16.457988, 19.860371], [-16.457991, 19.860642], [-16.457704, 19.860644], [-16.457707, 19.860915], [-16.457993, 19.860913], [-16.458003, 19.861997], [-16.45829, 19.861994], [-16.458292, 19.862265], [-16.458865, 19.862261], [-16.45887, 19.862803], [-16.459157, 19.8628], [-16.459154, 19.862529], [-16.459441, 19.862527], [-16.459443, 19.862798], [-16.459729, 19.862796], [-16.459734, 19.863338], [-16.460021, 19.863335], [-16.460016, 19.862793], [-16.460302, 19.862791], [-16.4603, 19.86252], [-16.460586, 19.862518], [-16.460589, 19.862789], [-16.461162, 19.862784], [-16.461154, 19.861971], [-16.460868, 19.861973], [-16.460858, 19.860889], [-16.461144, 19.860887], [-16.461149, 19.861429], [-16.461436, 19.861426], [-16.461433, 19.861155], [-16.462006, 19.861151], [-16.462009, 19.861422], [-16.462295, 19.861419], [-16.462298, 19.86169], [-16.46287, 19.861686], [-16.462878, 19.862499], [-16.462305, 19.862503], [-16.462308, 19.862774], [-16.463167, 19.862767], [-16.463172, 19.863309], [-16.463745, 19.863305], [-16.463742, 19.863034], [-16.464315, 19.863029], [-16.464318, 19.8633], [-16.464604, 19.863298]], [[-16.460873, 19.862515], [-16.460586, 19.862518], [-16.460584, 19.862247], [-16.46087, 19.862244], [-16.460873, 19.862515]], [[-16.458267, 19.859555], [-16.457981, 19.859557], [-16.457979, 19.859286], [-16.458265, 19.859284], [-16.458267, 19.859555]], [[-16.461117, 19.857906], [-16.460831, 19.857908], [-16.460828, 19.857637], [-16.461115, 19.857635], [-16.461117, 19.857906]]]}, "properties": {"layer": "meadow", "year": 2026, "sat": "S2B", "date": "2026-06-05", "area_ha": 35.01}}, {"type": "Feature", "geometry": {"type": "Polygon", "coordinates": [[[-16.464208, 19.851375], [-16.464201, 19.850562], [-16.463914, 19.850565], [-16.463912, 19.850294], [-16.463339, 19.850298], [-16.463337, 19.850027], [-16.462764, 19.850032], [-16.462769, 19.850574], [-16.461909, 19.850581], [-16.461917, 19.851394], [-16.462203, 19.851392], [-16.462201, 19.851121], [-16.462774, 19.851116], [-16.462771, 19.850845], [-16.463344, 19.85084], [-16.463341, 19.850569], [-16.463628, 19.850567], [-16.463635, 19.85138], [-16.464208, 19.851375]]]}, "properties": {"layer": "meadow", "year": 2026, "sat": "S2B", "date": "2026-06-05", "area_ha": 1.89}}, {"type": "Feature", "geometry": {"type": "Polygon", "coordinates": [[[-16.334162, 19.852125], [-16.33416, 19.851854], [-16.334447, 19.851852], [-16.334444, 19.851581], [-16.334158, 19.851583], [-16.334153, 19.851041], [-16.333867, 19.851043], [-16.333871, 19.851585], [-16.333585, 19.851587], [-16.333587, 19.851858], [-16.333874, 19.851856], [-16.333876, 19.852127], [-16.334162, 19.852125]]]}, "properties": {"layer": "meadow", "year": 2026, "sat": "S2B", "date": "2026-06-05", "area_ha": 0.54}}, {"type": "Feature", "geometry": {"type": "Polygon", "coordinates": [[[-16.468796, 19.85188], [-16.468794, 19.851609], [-16.468507, 19.851611], [-16.468505, 19.85134], [-16.468791, 19.851338], [-16.468789, 19.851067], [-16.468502, 19.851069], [-16.468497, 19.850527], [-16.468784, 19.850525], [-16.468781, 19.850254], [-16.468495, 19.850256], [-16.468492, 19.849985], [-16.467919, 19.84999], [-16.467922, 19.850261], [-16.467635, 19.850263], [-16.467638, 19.850534], [-16.467924, 19.850532], [-16.467929, 19.851074], [-16.467643, 19.851076], [-16.467645, 19.851347], [-16.467932, 19.851345], [-16.467937, 19.851887], [-16.468796, 19.85188]]]}, "properties": {"layer": "meadow", "year": 2026, "sat": "S2B", "date": "2026-06-05", "area_ha": 1.71}}, {"type": "Feature", "geometry": {"type": "Polygon", "coordinates": [[[-16.423857, 19.855768], [-16.423855, 19.855497], [-16.42586, 19.855481], [-16.425858, 19.85521], [-16.426144, 19.855207], [-16.426139, 19.854665], [-16.426426, 19.854663], [-16.426421, 19.854121], [-16.426134, 19.854123], [-16.42613, 19.853581], [-16.425557, 19.853586], [-16.425552, 19.853044], [-16.424979, 19.853048], [-16.424974, 19.852506], [-16.424401, 19.852511], [-16.424394, 19.851698], [-16.42468, 19.851696], [-16.424673, 19.850883], [-16.424387, 19.850885], [-16.424382, 19.850343], [-16.424095, 19.850345], [-16.424093, 19.850074], [-16.422661, 19.850085], [-16.422663, 19.850356], [-16.422377, 19.850359], [-16.422379, 19.85063], [-16.422093, 19.850632], [-16.422102, 19.851716], [-16.422389, 19.851714], [-16.422394, 19.852256], [-16.421821, 19.85226], [-16.421823, 19.852531], [-16.421537, 19.852534], [-16.421539, 19.852805], [-16.421253, 19.852807], [-16.421255, 19.853078], [-16.420969, 19.85308], [-16.420971, 19.853351], [-16.420685, 19.853354], [-16.420697, 19.854709], [-16.420983, 19.854707], [-16.420988, 19.855249], [-16.421275, 19.855246], [-16.421277, 19.855517], [-16.42185, 19.855513], [-16.421852, 19.855784], [-16.422139, 19.855781], [-16.422136, 19.85551], [-16.422996, 19.855504], [-16.422998, 19.855775], [-16.423857, 19.855768]]]}, "properties": {"layer": "meadow", "year": 2026, "sat": "S2B", "date": "2026-06-05", "area_ha": 23.58}}, {"type": "Feature", "geometry": {"type": "Polygon", "coordinates": [[[-16.376274, 19.852347], [-16.376272, 19.852076], [-16.376559, 19.852074], [-16.376556, 19.851803], [-16.377129, 19.851798], [-16.377127, 19.851527], [-16.377413, 19.851525], [-16.377411, 19.851254], [-16.377697, 19.851252], [-16.377695, 19.850981], [-16.377981, 19.850978], [-16.377977, 19.850436], [-16.377117, 19.850443], [-16.37712, 19.850714], [-16.376833, 19.850716], [-16.376838, 19.851258], [-16.376265, 19.851263], [-16.376267, 19.851534], [-16.375981, 19.851536], [-16.375986, 19.852078], [-16.375699, 19.85208], [-16.375702, 19.852351], [-16.376274, 19.852347]]]}, "properties": {"layer": "meadow", "year": 2026, "sat": "S2B", "date": "2026-06-05", "area_ha": 1.98}}, {"type": "Feature", "geometry": {"type": "Polygon", "coordinates": [[[-16.465058, 19.850284], [-16.46505, 19.849471], [-16.465337, 19.849469], [-16.465334, 19.849198], [-16.465048, 19.8492], [-16.465045, 19.848929], [-16.464759, 19.848931], [-16.464761, 19.849202], [-16.464475, 19.849205], [-16.464485, 19.850289], [-16.465058, 19.850284]]]}, "properties": {"layer": "meadow", "year": 2026, "sat": "S2B", "date": "2026-06-05", "area_ha": 0.9}}, {"type": "Feature", "geometry": {"type": "Polygon", "coordinates": [[[-16.373128, 19.852913], [-16.373126, 19.852642], [-16.373412, 19.85264], [-16.37341, 19.852369], [-16.373696, 19.852367], [-16.373694, 19.852096], [-16.373981, 19.852094], [-16.373978, 19.851822], [-16.374265, 19.85182], [-16.374262, 19.851549], [-16.374549, 19.851547], [-16.374544, 19.851005], [-16.374831, 19.851003], [-16.374826, 19.850461], [-16.375112, 19.850459], [-16.37511, 19.850187], [-16.375396, 19.850185], [-16.375394, 19.849914], [-16.375681, 19.849912], [-16.375678, 19.849641], [-16.375105, 19.849645], [-16.375103, 19.849374], [-16.374817, 19.849377], [-16.374824, 19.85019], [-16.374537, 19.850192], [-16.374539, 19.850463], [-16.373967, 19.850467], [-16.373971, 19.851009], [-16.373685, 19.851012], [-16.37369, 19.851554], [-16.373403, 19.851556], [-16.373408, 19.852098], [-16.372835, 19.852102], [-16.372837, 19.852373], [-16.372551, 19.852376], [-16.372555, 19.852918], [-16.373128, 19.852913]]]}, "properties": {"layer": "meadow", "year": 2026, "sat": "S2B", "date": "2026-06-05", "area_ha": 2.97}}, {"type": "Feature", "geometry": {"type": "Polygon", "coordinates": [[[-16.47364, 19.849129], [-16.473635, 19.848587], [-16.474208, 19.848583], [-16.474206, 19.848312], [-16.473919, 19.848314], [-16.473917, 19.848043], [-16.47363, 19.848045], [-16.473633, 19.848316], [-16.47306, 19.848321], [-16.473063, 19.848592], [-16.473349, 19.84859], [-16.473354, 19.849132], [-16.47364, 19.849129]]]}, "properties": {"layer": "meadow", "year": 2026, "sat": "S2B", "date": "2026-06-05", "area_ha": 0.63}}, {"type": "Feature", "geometry": {"type": "Polygon", "coordinates": [[[-16.269133, 19.852058], [-16.269131, 19.851787], [-16.269418, 19.851784], [-16.269416, 19.851513], [-16.270561, 19.851505], [-16.270559, 19.851234], [-16.270273, 19.851236], [-16.270269, 19.850694], [-16.269982, 19.850696], [-16.269976, 19.849883], [-16.269689, 19.849885], [-16.269687, 19.849614], [-16.269401, 19.849616], [-16.269398, 19.849345], [-16.268825, 19.849349], [-16.268828, 19.84962], [-16.268541, 19.849622], [-16.268545, 19.850164], [-16.268832, 19.850162], [-16.268836, 19.850704], [-16.26855, 19.850706], [-16.268558, 19.851791], [-16.268845, 19.851789], [-16.268847, 19.85206], [-16.269133, 19.852058]]]}, "properties": {"layer": "meadow", "year": 2026, "sat": "S2B", "date": "2026-06-05", "area_ha": 3.78}}, {"type": "Feature", "geometry": {"type": "Polygon", "coordinates": [[[-16.268528, 19.847996], [-16.268526, 19.847725], [-16.268813, 19.847723], [-16.268804, 19.846639], [-16.268517, 19.846641], [-16.268515, 19.84637], [-16.267083, 19.84638], [-16.267085, 19.846651], [-16.267372, 19.846649], [-16.267378, 19.847462], [-16.267665, 19.84746], [-16.267662, 19.847189], [-16.267949, 19.847187], [-16.267951, 19.847458], [-16.268237, 19.847456], [-16.268242, 19.847998], [-16.268528, 19.847996]]]}, "properties": {"layer": "meadow", "year": 2026, "sat": "S2B", "date": "2026-06-05", "area_ha": 1.98}}, {"type": "Feature", "geometry": {"type": "Polygon", "coordinates": [[[-16.510824, 19.843397], [-16.510821, 19.843126], [-16.511108, 19.843124], [-16.511105, 19.842853], [-16.510246, 19.84286], [-16.510249, 19.843131], [-16.509389, 19.843139], [-16.509392, 19.84341], [-16.510824, 19.843397]]]}, "properties": {"layer": "meadow", "year": 2026, "sat": "S2B", "date": "2026-06-05", "area_ha": 0.72}}, {"type": "Feature", "geometry": {"type": "Polygon", "coordinates": [[[-16.266472, 19.841505], [-16.266469, 19.841234], [-16.266183, 19.841236], [-16.266181, 19.840965], [-16.265894, 19.840967], [-16.265892, 19.840696], [-16.265319, 19.8407], [-16.265321, 19.840971], [-16.265608, 19.840969], [-16.26561, 19.84124], [-16.265896, 19.841238], [-16.265899, 19.841509], [-16.266472, 19.841505]]]}, "properties": {"layer": "meadow", "year": 2026, "sat": "S2B", "date": "2026-06-05", "area_ha": 0.54}}, {"type": "Feature", "geometry": {"type": "Polygon", "coordinates": [[[-16.506203, 19.839371], [-16.506201, 19.8391], [-16.50706, 19.839093], [-16.507057, 19.838822], [-16.506484, 19.838827], [-16.506482, 19.838556], [-16.506195, 19.838558], [-16.506193, 19.838287], [-16.506479, 19.838285], [-16.506474, 19.837743], [-16.506188, 19.837745], [-16.50619, 19.838016], [-16.505904, 19.838018], [-16.505909, 19.83856], [-16.505623, 19.838563], [-16.505625, 19.838834], [-16.505339, 19.838836], [-16.505341, 19.839107], [-16.505055, 19.83911], [-16.505058, 19.839381], [-16.506203, 19.839371]]]}, "properties": {"layer": "meadow", "year": 2026, "sat": "S2B", "date": "2026-06-05", "area_ha": 1.53}}, {"type": "Feature", "geometry": {"type": "Polygon", "coordinates": [[[-16.325199, 19.842163], [-16.325197, 19.841892], [-16.325483, 19.84189], [-16.325477, 19.841077], [-16.325763, 19.841075], [-16.325761, 19.840803], [-16.325188, 19.840808], [-16.325186, 19.840537], [-16.325472, 19.840535], [-16.32547, 19.840264], [-16.325756, 19.840261], [-16.325754, 19.83999], [-16.326041, 19.839988], [-16.326038, 19.839717], [-16.325752, 19.839719], [-16.32575, 19.839448], [-16.325463, 19.83945], [-16.325461, 19.839179], [-16.325175, 19.839182], [-16.325172, 19.838911], [-16.324886, 19.838913], [-16.324893, 19.839726], [-16.32432, 19.83973], [-16.324322, 19.840001], [-16.324036, 19.840003], [-16.324038, 19.840274], [-16.323751, 19.840276], [-16.323758, 19.841089], [-16.324045, 19.841087], [-16.324054, 19.842171], [-16.32434, 19.842169], [-16.324338, 19.841898], [-16.324624, 19.841896], [-16.324626, 19.842167], [-16.325199, 19.842163]]]}, "properties": {"layer": "meadow", "year": 2026, "sat": "S2B", "date": "2026-06-05", "area_ha": 4.86}}, {"type": "Feature", "geometry": {"type": "Polygon", "coordinates": [[[-16.265319, 19.8407], [-16.265317, 19.840429], [-16.265604, 19.840427], [-16.265601, 19.840156], [-16.265315, 19.840158], [-16.265313, 19.839887], [-16.265026, 19.839889], [-16.265024, 19.839618], [-16.264738, 19.83962], [-16.264736, 19.839349], [-16.264163, 19.839353], [-16.264165, 19.839624], [-16.264451, 19.839622], [-16.264454, 19.839893], [-16.26474, 19.839891], [-16.264744, 19.840433], [-16.265031, 19.840431], [-16.265033, 19.840702], [-16.265319, 19.8407]]]}, "properties": {"layer": "meadow", "year": 2026, "sat": "S2B", "date": "2026-06-05", "area_ha": 0.9}}, {"type": "Feature", "geometry": {"type": "Polygon", "coordinates": [[[-16.327202, 19.841877], [-16.327198, 19.841335], [-16.32777, 19.841331], [-16.327773, 19.841602], [-16.328059, 19.8416], [-16.328055, 19.841057], [-16.328341, 19.841055], [-16.328336, 19.840513], [-16.32805, 19.840515], [-16.328046, 19.839973], [-16.327759, 19.839975], [-16.32775, 19.838891], [-16.327464, 19.838893], [-16.327455, 19.837809], [-16.326309, 19.837818], [-16.326311, 19.838089], [-16.326598, 19.838087], [-16.326607, 19.839171], [-16.32632, 19.839173], [-16.326325, 19.839715], [-16.326611, 19.839713], [-16.326618, 19.840526], [-16.326904, 19.840524], [-16.326907, 19.840795], [-16.32662, 19.840797], [-16.326622, 19.841068], [-16.326909, 19.841066], [-16.326916, 19.841879], [-16.327202, 19.841877]]]}, "properties": {"layer": "meadow", "year": 2026, "sat": "S2B", "date": "2026-06-05", "area_ha": 5.31}}, {"type": "Feature", "geometry": {"type": "Polygon", "coordinates": [[[-16.506817, 19.843702], [-16.506814, 19.843431], [-16.508246, 19.843419], [-16.508241, 19.842877], [-16.508814, 19.842872], [-16.508809, 19.84233], [-16.508236, 19.842335], [-16.508234, 19.842064], [-16.507947, 19.842067], [-16.507942, 19.841525], [-16.508515, 19.84152], [-16.508517, 19.841791], [-16.508804, 19.841788], [-16.508806, 19.842059], [-16.509093, 19.842057], [-16.50909, 19.841786], [-16.509377, 19.841784], [-16.509374, 19.841513], [-16.509947, 19.841508], [-16.509944, 19.841237], [-16.510804, 19.841229], [-16.510798, 19.840687], [-16.511085, 19.840685], [-16.511077, 19.839872], [-16.511364, 19.839869], [-16.511361, 19.839598], [-16.511647, 19.839596], [-16.511645, 19.839325], [-16.511931, 19.839323], [-16.511929, 19.839052], [-16.512215, 19.839049], [-16.512212, 19.838778], [-16.513072, 19.838771], [-16.513069, 19.8385], [-16.513355, 19.838497], [-16.513353, 19.838226], [-16.513639, 19.838224], [-16.513644, 19.838766], [-16.513931, 19.838764], [-16.513923, 19.837951], [-16.51421, 19.837948], [-16.514207, 19.837677], [-16.514493, 19.837675], [-16.514488, 19.837133], [-16.513915, 19.837138], [-16.513918, 19.837409], [-16.513345, 19.837413], [-16.51334, 19.836871], [-16.513054, 19.836874], [-16.513049, 19.836332], [-16.51133, 19.836346], [-16.511333, 19.836617], [-16.511046, 19.83662], [-16.511049, 19.836891], [-16.511335, 19.836888], [-16.511338, 19.837159], [-16.510765, 19.837164], [-16.510768, 19.837435], [-16.509908, 19.837442], [-16.509914, 19.837985], [-16.509627, 19.837987], [-16.50963, 19.838258], [-16.509343, 19.83826], [-16.509346, 19.838531], [-16.509632, 19.838529], [-16.50964, 19.839342], [-16.510213, 19.839337], [-16.510215, 19.839608], [-16.510502, 19.839606], [-16.510504, 19.839877], [-16.510218, 19.839879], [-16.510226, 19.840692], [-16.509939, 19.840695], [-16.509942, 19.840966], [-16.50851, 19.840978], [-16.508507, 19.840707], [-16.508221, 19.840709], [-16.508216, 19.840167], [-16.507643, 19.840172], [-16.507635, 19.839359], [-16.507062, 19.839364], [-16.507065, 19.839635], [-16.505919, 19.839644], [-16.505927, 19.840458], [-16.505354, 19.840462], [-16.505357, 19.840733], [-16.504784, 19.840738], [-16.504786, 19.841009], [-16.504214, 19.841014], [-16.504216, 19.841285], [-16.503357, 19.841292], [-16.503354, 19.841021], [-16.502782, 19.841026], [-16.502787, 19.841568], [-16.503359, 19.841563], [-16.503362, 19.841834], [-16.503648, 19.841832], [-16.503651, 19.842103], [-16.503937, 19.842101], [-16.50394, 19.842372], [-16.505372, 19.842359], [-16.505375, 19.84263], [-16.505661, 19.842628], [-16.505666, 19.84317], [-16.506525, 19.843163], [-16.50653, 19.843705], [-16.506817, 19.843702]], [[-16.507656, 19.841527], [-16.507083, 19.841532], [-16.50708, 19.841261], [-16.507653, 19.841256], [-16.507656, 19.841527]], [[-16.507939, 19.841254], [-16.507653, 19.841256], [-16.507648, 19.840714], [-16.507362, 19.840716], [-16.507359, 19.840445], [-16.507932, 19.840441], [-16.507939, 19.841254]], [[-16.507078, 19.84099], [-16.506791, 19.840992], [-16.506789, 19.840721], [-16.507075, 19.840719], [-16.507078, 19.84099]], [[-16.511077, 19.839872], [-16.510791, 19.839874], [-16.510788, 19.839603], [-16.511075, 19.839601], [-16.511077, 19.839872]], [[-16.510203, 19.838253], [-16.509916, 19.838256], [-16.509914, 19.837985], [-16.5102, 19.837982], [-16.510203, 19.838253]]]}, "properties": {"layer": "meadow", "year": 2026, "sat": "S2B", "date": "2026-06-05", "area_ha": 28.53}}, {"type": "Feature", "geometry": {"type": "Polygon", "coordinates": [[[-16.3243, 19.837291], [-16.324297, 19.83702], [-16.324584, 19.837018], [-16.324581, 19.836747], [-16.325154, 19.836742], [-16.325152, 19.836471], [-16.324866, 19.836473], [-16.324861, 19.835931], [-16.323715, 19.83594], [-16.323713, 19.835669], [-16.323427, 19.835671], [-16.323425, 19.8354], [-16.322852, 19.835404], [-16.322849, 19.835133], [-16.322563, 19.835135], [-16.322561, 19.834864], [-16.322274, 19.834866], [-16.322279, 19.835408], [-16.321992, 19.83541], [-16.321999, 19.836224], [-16.322572, 19.836219], [-16.322574, 19.83649], [-16.322861, 19.836488], [-16.322865, 19.83703], [-16.323152, 19.837028], [-16.323154, 19.837299], [-16.3243, 19.837291]]]}, "properties": {"layer": "meadow", "year": 2026, "sat": "S2B", "date": "2026-06-05", "area_ha": 4.5}}, {"type": "Feature", "geometry": {"type": "Polygon", "coordinates": [[[-16.254736, 19.842673], [-16.254734, 19.842402], [-16.25502, 19.842399], [-16.255018, 19.842128], [-16.255305, 19.842126], [-16.2553, 19.841584], [-16.255587, 19.841582], [-16.255585, 19.841311], [-16.255871, 19.841309], [-16.255867, 19.840767], [-16.256153, 19.840765], [-16.256151, 19.840494], [-16.256438, 19.840492], [-16.256433, 19.83995], [-16.25672, 19.839948], [-16.256716, 19.839406], [-16.256429, 19.839408], [-16.256427, 19.839137], [-16.256141, 19.839139], [-16.256136, 19.838597], [-16.256423, 19.838595], [-16.256421, 19.838324], [-16.256707, 19.838322], [-16.256711, 19.838864], [-16.257284, 19.83886], [-16.25728, 19.838318], [-16.257566, 19.838316], [-16.257562, 19.837774], [-16.257276, 19.837776], [-16.257274, 19.837505], [-16.256987, 19.837507], [-16.256985, 19.837236], [-16.256699, 19.837238], [-16.256696, 19.836967], [-16.256983, 19.836965], [-16.256979, 19.836422], [-16.256119, 19.836429], [-16.256117, 19.836157], [-16.256404, 19.836155], [-16.256399, 19.835613], [-16.256113, 19.835615], [-16.256111, 19.835344], [-16.255824, 19.835346], [-16.255826, 19.835617], [-16.25554, 19.835619], [-16.255549, 19.836704], [-16.255262, 19.836706], [-16.255266, 19.837248], [-16.25498, 19.83725], [-16.254982, 19.837521], [-16.254696, 19.837523], [-16.254702, 19.838336], [-16.254988, 19.838334], [-16.254999, 19.839689], [-16.255572, 19.839685], [-16.255574, 19.839956], [-16.255861, 19.839954], [-16.255863, 19.840225], [-16.254717, 19.840233], [-16.254719, 19.840504], [-16.254433, 19.840506], [-16.254435, 19.840777], [-16.254148, 19.840779], [-16.25415, 19.84105], [-16.254437, 19.841048], [-16.254439, 19.841319], [-16.254153, 19.841321], [-16.254161, 19.842406], [-16.254448, 19.842404], [-16.25445, 19.842675], [-16.254736, 19.842673]], [[-16.255559, 19.838059], [-16.255273, 19.838061], [-16.255271, 19.83779], [-16.255557, 19.837788], [-16.255559, 19.838059]], [[-16.255844, 19.837786], [-16.255557, 19.837788], [-16.255555, 19.837517], [-16.255841, 19.837515], [-16.255844, 19.837786]]]}, "properties": {"layer": "meadow", "year": 2026, "sat": "S2B", "date": "2026-06-05", "area_ha": 11.97}}, {"type": "Feature", "geometry": {"type": "Polygon", "coordinates": [[[-16.456652, 19.839512], [-16.45665, 19.839241], [-16.456936, 19.839238], [-16.456931, 19.838696], [-16.457218, 19.838694], [-16.457215, 19.838423], [-16.457502, 19.83842], [-16.457494, 19.837607], [-16.458067, 19.837603], [-16.458064, 19.837332], [-16.458637, 19.837327], [-16.458635, 19.837056], [-16.458348, 19.837058], [-16.458346, 19.836787], [-16.458919, 19.836783], [-16.458914, 19.836241], [-16.4592, 19.836238], [-16.459198, 19.835967], [-16.459484, 19.835965], [-16.459482, 19.835694], [-16.459768, 19.835692], [-16.459771, 19.835963], [-16.460057, 19.83596], [-16.460052, 19.835418], [-16.459766, 19.835421], [-16.459763, 19.83515], [-16.460336, 19.835145], [-16.460333, 19.834874], [-16.46062, 19.834871], [-16.460617, 19.8346], [-16.460904, 19.834598], [-16.460901, 19.834327], [-16.461474, 19.834322], [-16.461472, 19.834051], [-16.461758, 19.834049], [-16.461756, 19.833778], [-16.461183, 19.833783], [-16.46118, 19.833512], [-16.460894, 19.833514], [-16.460896, 19.833785], [-16.46061, 19.833787], [-16.460612, 19.834058], [-16.460326, 19.834061], [-16.460331, 19.834603], [-16.460045, 19.834605], [-16.460042, 19.834334], [-16.459756, 19.834336], [-16.459758, 19.834607], [-16.459472, 19.83461], [-16.459469, 19.834339], [-16.459183, 19.834341], [-16.459178, 19.833799], [-16.458892, 19.833801], [-16.458887, 19.833259], [-16.4586, 19.833262], [-16.458605, 19.833804], [-16.458319, 19.833806], [-16.458324, 19.834348], [-16.457178, 19.834358], [-16.457183, 19.8349], [-16.456324, 19.834907], [-16.456329, 19.835449], [-16.455756, 19.835453], [-16.455766, 19.836537], [-16.456052, 19.836535], [-16.456057, 19.837077], [-16.455771, 19.837079], [-16.455773, 19.83735], [-16.455487, 19.837353], [-16.455484, 19.837082], [-16.454912, 19.837086], [-16.454914, 19.837357], [-16.4552, 19.837355], [-16.455203, 19.837626], [-16.454916, 19.837628], [-16.454921, 19.83817], [-16.455208, 19.838168], [-16.455205, 19.837897], [-16.455492, 19.837895], [-16.455494, 19.838166], [-16.455781, 19.838163], [-16.455776, 19.837621], [-16.456062, 19.837619], [-16.45606, 19.837348], [-16.456346, 19.837346], [-16.456344, 19.837075], [-16.456916, 19.83707], [-16.456914, 19.836799], [-16.457487, 19.836794], [-16.457489, 19.837065], [-16.457776, 19.837063], [-16.457778, 19.837334], [-16.456919, 19.837341], [-16.456924, 19.837883], [-16.456351, 19.837888], [-16.456356, 19.83843], [-16.455783, 19.838435], [-16.455786, 19.838706], [-16.456072, 19.838703], [-16.456079, 19.839516], [-16.456652, 19.839512]], [[-16.456647, 19.83897], [-16.456361, 19.838972], [-16.456358, 19.838701], [-16.456645, 19.838699], [-16.456647, 19.83897]], [[-16.456931, 19.838696], [-16.456645, 19.838699], [-16.456642, 19.838427], [-16.456929, 19.838425], [-16.456931, 19.838696]], [[-16.457198, 19.836526], [-16.456911, 19.836528], [-16.456906, 19.835986], [-16.457193, 19.835984], [-16.457198, 19.836526]], [[-16.456339, 19.836533], [-16.456052, 19.836535], [-16.456047, 19.835993], [-16.45662, 19.835988], [-16.456623, 19.836259], [-16.456336, 19.836262], [-16.456339, 19.836533]], [[-16.456618, 19.835717], [-16.456331, 19.83572], [-16.456329, 19.835449], [-16.456615, 19.835446], [-16.456618, 19.835717]], [[-16.456902, 19.835444], [-16.456615, 19.835446], [-16.456613, 19.835175], [-16.456899, 19.835173], [-16.456902, 19.835444]], [[-16.457756, 19.834895], [-16.457469, 19.834897], [-16.457467, 19.834626], [-16.457753, 19.834624], [-16.457756, 19.834895]]]}, "properties": {"layer": "meadow", "year": 2026, "sat": "S2B", "date": "2026-06-05", "area_ha": 14.94}}, {"type": "Feature", "geometry": {"type": "Polygon", "coordinates": [[[-16.46061, 19.833787], [-16.460607, 19.833516], [-16.460894, 19.833514], [-16.460889, 19.832972], [-16.461175, 19.83297], [-16.461173, 19.832699], [-16.460886, 19.832701], [-16.460884, 19.83243], [-16.460598, 19.832432], [-16.460593, 19.83189], [-16.460306, 19.831893], [-16.460311, 19.832435], [-16.460025, 19.832437], [-16.460027, 19.832708], [-16.459741, 19.83271], [-16.459743, 19.832981], [-16.459457, 19.832984], [-16.459459, 19.833255], [-16.459173, 19.833257], [-16.459178, 19.833799], [-16.459751, 19.833794], [-16.459748, 19.833523], [-16.460035, 19.833521], [-16.460037, 19.833792], [-16.46061, 19.833787]]]}, "properties": {"layer": "meadow", "year": 2026, "sat": "S2B", "date": "2026-06-05", "area_ha": 2.25}}, {"type": "Feature", "geometry": {"type": "Polygon", "coordinates": [[[-16.25784, 19.836687], [-16.257834, 19.835874], [-16.25812, 19.835872], [-16.258118, 19.835601], [-16.257831, 19.835603], [-16.257827, 19.835061], [-16.259546, 19.835049], [-16.259544, 19.834778], [-16.259257, 19.83478], [-16.259255, 19.834509], [-16.259828, 19.834505], [-16.259824, 19.833963], [-16.259251, 19.833967], [-16.259249, 19.833696], [-16.258676, 19.8337], [-16.258678, 19.833971], [-16.258105, 19.833975], [-16.258107, 19.834246], [-16.257534, 19.83425], [-16.257532, 19.833979], [-16.257246, 19.833981], [-16.257248, 19.834252], [-16.256675, 19.834256], [-16.256669, 19.833443], [-16.256382, 19.833445], [-16.256387, 19.833987], [-16.2561, 19.833989], [-16.256102, 19.83426], [-16.255816, 19.834262], [-16.255818, 19.834533], [-16.256104, 19.834531], [-16.256106, 19.834802], [-16.256393, 19.8348], [-16.256395, 19.835071], [-16.256109, 19.835073], [-16.256111, 19.835344], [-16.256684, 19.83534], [-16.256686, 19.835611], [-16.256972, 19.835609], [-16.256974, 19.83588], [-16.257261, 19.835878], [-16.257265, 19.83642], [-16.257551, 19.836418], [-16.257554, 19.836689], [-16.25784, 19.836687]], [[-16.258971, 19.834782], [-16.258684, 19.834784], [-16.258682, 19.834513], [-16.258969, 19.834511], [-16.258971, 19.834782]]]}, "properties": {"layer": "meadow", "year": 2026, "sat": "S2B", "date": "2026-06-05", "area_ha": 6.03}}, {"type": "Feature", "geometry": {"type": "Polygon", "coordinates": [[[-16.466903, 19.832923], [-16.466901, 19.832652], [-16.467474, 19.832647], [-16.467471, 19.832376], [-16.468044, 19.832371], [-16.468036, 19.831558], [-16.468323, 19.831556], [-16.468318, 19.831014], [-16.467745, 19.831018], [-16.467747, 19.83129], [-16.467461, 19.831292], [-16.467466, 19.831834], [-16.466893, 19.831839], [-16.466896, 19.83211], [-16.466323, 19.832114], [-16.466325, 19.832385], [-16.466612, 19.832383], [-16.466617, 19.832925], [-16.466903, 19.832923]]]}, "properties": {"layer": "meadow", "year": 2026, "sat": "S2B", "date": "2026-06-05", "area_ha": 1.89}}, {"type": "Feature", "geometry": {"type": "Polygon", "coordinates": [[[-16.465735, 19.830493], [-16.465733, 19.830222], [-16.466878, 19.830213], [-16.466876, 19.829941], [-16.467162, 19.829939], [-16.467152, 19.828855], [-16.467439, 19.828853], [-16.467434, 19.828311], [-16.46772, 19.828308], [-16.467713, 19.827495], [-16.467999, 19.827493], [-16.468002, 19.827764], [-16.468288, 19.827762], [-16.468283, 19.82722], [-16.467997, 19.827222], [-16.467992, 19.82668], [-16.468278, 19.826678], [-16.468273, 19.826135], [-16.468559, 19.826133], [-16.468557, 19.825862], [-16.46827, 19.825864], [-16.468268, 19.825593], [-16.467982, 19.825596], [-16.467984, 19.825867], [-16.467698, 19.825869], [-16.467705, 19.826682], [-16.467419, 19.826685], [-16.467421, 19.826956], [-16.467135, 19.826958], [-16.46714, 19.8275], [-16.466853, 19.827502], [-16.466861, 19.828315], [-16.466575, 19.828318], [-16.46658, 19.82886], [-16.466293, 19.828862], [-16.466296, 19.829133], [-16.466009, 19.829135], [-16.466012, 19.829407], [-16.465725, 19.829409], [-16.465728, 19.82968], [-16.465441, 19.829682], [-16.465446, 19.830224], [-16.46516, 19.830227], [-16.465162, 19.830498], [-16.465735, 19.830493]]]}, "properties": {"layer": "meadow", "year": 2026, "sat": "S2B", "date": "2026-06-05", "area_ha": 5.22}}, {"type": "Feature", "geometry": {"type": "Polygon", "coordinates": [[[-16.288973, 19.825623], [-16.288971, 19.825352], [-16.289257, 19.82535], [-16.289255, 19.825079], [-16.289542, 19.825077], [-16.289539, 19.824806], [-16.290112, 19.824802], [-16.290106, 19.823989], [-16.289819, 19.823991], [-16.289817, 19.82372], [-16.289531, 19.823722], [-16.289526, 19.82318], [-16.28924, 19.823182], [-16.289246, 19.823995], [-16.28896, 19.823997], [-16.288967, 19.82481], [-16.28868, 19.824812], [-16.288678, 19.824541], [-16.288392, 19.824543], [-16.288389, 19.824272], [-16.288103, 19.824274], [-16.288101, 19.824003], [-16.287814, 19.824005], [-16.287817, 19.824276], [-16.28753, 19.824278], [-16.287532, 19.824549], [-16.287819, 19.824547], [-16.287821, 19.824818], [-16.288107, 19.824816], [-16.288112, 19.825358], [-16.288398, 19.825356], [-16.2884, 19.825627], [-16.288973, 19.825623]]]}, "properties": {"layer": "meadow", "year": 2026, "sat": "S2B", "date": "2026-06-05", "area_ha": 3.06}}, {"type": "Feature", "geometry": {"type": "Polygon", "coordinates": [[[-16.479397, 19.821165], [-16.479392, 19.820623], [-16.479965, 19.820618], [-16.479959, 19.820076], [-16.479673, 19.820079], [-16.479676, 19.82035], [-16.479103, 19.820354], [-16.47911, 19.821167], [-16.479397, 19.821165]]]}, "properties": {"layer": "meadow", "year": 2026, "sat": "S2B", "date": "2026-06-05", "area_ha": 0.54}}, {"type": "Feature", "geometry": {"type": "Polygon", "coordinates": [[[-16.471074, 19.819336], [-16.471067, 19.818523], [-16.47164, 19.818519], [-16.471635, 19.817977], [-16.470776, 19.817984], [-16.470771, 19.817442], [-16.470484, 19.817444], [-16.470487, 19.817715], [-16.4702, 19.817717], [-16.470203, 19.817988], [-16.470489, 19.817986], [-16.470492, 19.818257], [-16.470205, 19.818259], [-16.470208, 19.818531], [-16.470494, 19.818528], [-16.470497, 19.818799], [-16.470783, 19.818797], [-16.470786, 19.819068], [-16.470499, 19.81907], [-16.470502, 19.819341], [-16.471074, 19.819336]]]}, "properties": {"layer": "meadow", "year": 2026, "sat": "S2B", "date": "2026-06-05", "area_ha": 1.53}}, {"type": "Feature", "geometry": {"type": "Polygon", "coordinates": [[[-16.441561, 19.81768], [-16.441558, 19.817409], [-16.440699, 19.817416], [-16.440697, 19.817145], [-16.440124, 19.817149], [-16.440126, 19.817421], [-16.440413, 19.817418], [-16.440415, 19.817689], [-16.441561, 19.81768]]]}, "properties": {"layer": "meadow", "year": 2026, "sat": "S2B", "date": "2026-06-05", "area_ha": 0.54}}, {"type": "Feature", "geometry": {"type": "Polygon", "coordinates": [[[-16.472205, 19.817701], [-16.472202, 19.81743], [-16.472489, 19.817428], [-16.472481, 19.816615], [-16.472195, 19.816617], [-16.472197, 19.816888], [-16.471911, 19.81689], [-16.471914, 19.817161], [-16.471627, 19.817164], [-16.471632, 19.817706], [-16.472205, 19.817701]]]}, "properties": {"layer": "meadow", "year": 2026, "sat": "S2B", "date": "2026-06-05", "area_ha": 0.72}}, {"type": "Feature", "geometry": {"type": "Polygon", "coordinates": [[[-16.319276, 19.818625], [-16.319271, 19.818083], [-16.319558, 19.818081], [-16.319553, 19.817539], [-16.31984, 19.817537], [-16.319838, 19.817266], [-16.319551, 19.817268], [-16.319549, 19.816997], [-16.318976, 19.817001], [-16.318974, 19.81673], [-16.318401, 19.816735], [-16.318403, 19.817006], [-16.318117, 19.817008], [-16.318119, 19.817279], [-16.317833, 19.817281], [-16.31784, 19.818094], [-16.318412, 19.81809], [-16.318415, 19.818361], [-16.318987, 19.818357], [-16.31899, 19.818628], [-16.319276, 19.818625]], [[-16.318408, 19.817548], [-16.318121, 19.81755], [-16.318119, 19.817279], [-16.318406, 19.817277], [-16.318408, 19.817548]]]}, "properties": {"layer": "meadow", "year": 2026, "sat": "S2B", "date": "2026-06-05", "area_ha": 2.61}}, {"type": "Feature", "geometry": {"type": "Polygon", "coordinates": [[[-16.443852, 19.817661], [-16.443849, 19.81739], [-16.444136, 19.817388], [-16.444133, 19.817117], [-16.443847, 19.817119], [-16.443842, 19.816577], [-16.444128, 19.816575], [-16.444121, 19.815762], [-16.443548, 19.815767], [-16.443546, 19.815496], [-16.443259, 19.815498], [-16.443264, 19.81604], [-16.443551, 19.816038], [-16.443553, 19.816309], [-16.443267, 19.816311], [-16.443277, 19.817395], [-16.443563, 19.817393], [-16.443565, 19.817664], [-16.443852, 19.817661]]]}, "properties": {"layer": "meadow", "year": 2026, "sat": "S2B", "date": "2026-06-05", "area_ha": 1.53}}, {"type": "Feature", "geometry": {"type": "Polygon", "coordinates": [[[-16.474197, 19.816329], [-16.47419, 19.815516], [-16.474476, 19.815514], [-16.474471, 19.814972], [-16.474185, 19.814974], [-16.474187, 19.815245], [-16.473328, 19.815252], [-16.473333, 19.815794], [-16.473047, 19.815797], [-16.473049, 19.816068], [-16.473335, 19.816065], [-16.473338, 19.816336], [-16.473624, 19.816334], [-16.473622, 19.816063], [-16.473908, 19.816061], [-16.473911, 19.816332], [-16.474197, 19.816329]]]}, "properties": {"layer": "meadow", "year": 2026, "sat": "S2B", "date": "2026-06-05", "area_ha": 1.26}}, {"type": "Feature", "geometry": {"type": "Polygon", "coordinates": [[[-16.315251, 19.816758], [-16.315246, 19.816216], [-16.314674, 19.81622], [-16.314676, 19.816491], [-16.314103, 19.816495], [-16.314105, 19.816766], [-16.315251, 19.816758]]]}, "properties": {"layer": "meadow", "year": 2026, "sat": "S2B", "date": "2026-06-05", "area_ha": 0.54}}, {"type": "Feature", "geometry": {"type": "Polygon", "coordinates": [[[-16.3321, 19.810941], [-16.332098, 19.81067], [-16.332384, 19.810668], [-16.332382, 19.810397], [-16.331809, 19.810401], [-16.331807, 19.81013], [-16.331234, 19.810134], [-16.331237, 19.810405], [-16.330664, 19.810409], [-16.330666, 19.810681], [-16.331239, 19.810676], [-16.331241, 19.810947], [-16.3321, 19.810941]]]}, "properties": {"layer": "meadow", "year": 2026, "sat": "S2B", "date": "2026-06-05", "area_ha": 0.99}}, {"type": "Feature", "geometry": {"type": "Polygon", "coordinates": [[[-16.255459, 19.82532], [-16.255457, 19.825049], [-16.255743, 19.825047], [-16.255741, 19.824776], [-16.256028, 19.824774], [-16.256026, 19.824503], [-16.256312, 19.824501], [-16.25631, 19.82423], [-16.256596, 19.824228], [-16.256594, 19.823957], [-16.256881, 19.823955], [-16.256878, 19.823684], [-16.257165, 19.823682], [-16.257163, 19.823411], [-16.257449, 19.823409], [-16.257445, 19.822866], [-16.257731, 19.822864], [-16.257729, 19.822593], [-16.258015, 19.822591], [-16.258011, 19.822049], [-16.258298, 19.822047], [-16.258293, 19.821505], [-16.25858, 19.821503], [-16.258573, 19.82069], [-16.25886, 19.820688], [-16.258858, 19.820417], [-16.25943, 19.820413], [-16.259433, 19.820684], [-16.259719, 19.820682], [-16.259721, 19.820953], [-16.260007, 19.820951], [-16.26002, 19.822577], [-16.259447, 19.822581], [-16.259454, 19.823394], [-16.25974, 19.823392], [-16.259742, 19.823663], [-16.260029, 19.823661], [-16.260025, 19.823119], [-16.260311, 19.823117], [-16.260307, 19.822575], [-16.260593, 19.822573], [-16.260589, 19.822031], [-16.260875, 19.822029], [-16.260858, 19.819861], [-16.260572, 19.819863], [-16.260567, 19.819321], [-16.260854, 19.819319], [-16.260852, 19.819048], [-16.259993, 19.819054], [-16.25999, 19.818783], [-16.259704, 19.818785], [-16.2597, 19.818243], [-16.260559, 19.818237], [-16.260557, 19.817965], [-16.260843, 19.817963], [-16.260835, 19.816879], [-16.261121, 19.816877], [-16.261119, 19.816606], [-16.260832, 19.816608], [-16.260828, 19.816066], [-16.261115, 19.816064], [-16.26111, 19.815522], [-16.261397, 19.81552], [-16.261392, 19.814978], [-16.262252, 19.814972], [-16.262247, 19.81443], [-16.262534, 19.814428], [-16.262527, 19.813615], [-16.262241, 19.813617], [-16.262237, 19.813075], [-16.262809, 19.813071], [-16.262805, 19.812529], [-16.262519, 19.812531], [-16.262517, 19.812259], [-16.261657, 19.812266], [-16.261655, 19.811995], [-16.261369, 19.811997], [-16.261365, 19.811454], [-16.261078, 19.811456], [-16.261076, 19.811185], [-16.26079, 19.811187], [-16.260788, 19.810916], [-16.260501, 19.810918], [-16.260499, 19.810647], [-16.260213, 19.810649], [-16.260211, 19.810378], [-16.259638, 19.810382], [-16.259651, 19.812009], [-16.259937, 19.812007], [-16.259952, 19.813904], [-16.259666, 19.813906], [-16.259676, 19.815261], [-16.25939, 19.815263], [-16.259398, 19.816347], [-16.259112, 19.816349], [-16.259118, 19.817162], [-16.258832, 19.817164], [-16.258834, 19.817436], [-16.259121, 19.817434], [-16.259123, 19.817705], [-16.258836, 19.817707], [-16.258838, 19.817978], [-16.258552, 19.81798], [-16.258561, 19.819064], [-16.258274, 19.819066], [-16.258276, 19.819337], [-16.25799, 19.819339], [-16.257994, 19.819881], [-16.257708, 19.819883], [-16.257718, 19.821238], [-16.257432, 19.82124], [-16.257436, 19.821782], [-16.25715, 19.821784], [-16.257154, 19.822326], [-16.256868, 19.822328], [-16.25687, 19.822599], [-16.256583, 19.822601], [-16.256588, 19.823144], [-16.256015, 19.823148], [-16.256019, 19.82369], [-16.255733, 19.823692], [-16.255735, 19.823963], [-16.255448, 19.823965], [-16.255451, 19.824236], [-16.255164, 19.824238], [-16.255166, 19.824509], [-16.25488, 19.824511], [-16.254884, 19.825053], [-16.255171, 19.825051], [-16.255173, 19.825322], [-16.255459, 19.82532]], [[-16.259415, 19.818516], [-16.259129, 19.818518], [-16.259127, 19.818247], [-16.259413, 19.818245], [-16.259415, 19.818516]], [[-16.260822, 19.815253], [-16.260535, 19.815255], [-16.260531, 19.814713], [-16.259958, 19.814717], [-16.259956, 19.814446], [-16.260529, 19.814442], [-16.260523, 19.813629], [-16.260809, 19.813627], [-16.260807, 19.813356], [-16.261093, 19.813354], [-16.261091, 19.813083], [-16.261377, 19.813081], [-16.261375, 19.81281], [-16.261948, 19.812806], [-16.26195, 19.813077], [-16.261664, 19.813079], [-16.261675, 19.814434], [-16.261388, 19.814436], [-16.26139, 19.814707], [-16.261104, 19.814709], [-16.261106, 19.81498], [-16.26082, 19.814982], [-16.260822, 19.815253]]]}, "properties": {"layer": "meadow", "year": 2026, "sat": "S2B", "date": "2026-06-05", "area_ha": 29.88}}, {"type": "Feature", "geometry": {"type": "Polygon", "coordinates": [[[-16.447224, 19.810587], [-16.447215, 19.809503], [-16.446928, 19.809505], [-16.446926, 19.809234], [-16.447212, 19.809232], [-16.44721, 19.808961], [-16.447496, 19.808959], [-16.447494, 19.808688], [-16.447207, 19.80869], [-16.4472, 19.807877], [-16.447486, 19.807875], [-16.447484, 19.807604], [-16.447198, 19.807606], [-16.447193, 19.807064], [-16.44662, 19.807069], [-16.446632, 19.808424], [-16.446346, 19.808426], [-16.446351, 19.808968], [-16.446064, 19.80897], [-16.446067, 19.809241], [-16.446353, 19.809239], [-16.446358, 19.809781], [-16.446644, 19.809779], [-16.446647, 19.81005], [-16.446933, 19.810047], [-16.446938, 19.810589], [-16.447224, 19.810587]]]}, "properties": {"layer": "meadow", "year": 2026, "sat": "S2B", "date": "2026-06-05", "area_ha": 2.79}}, {"type": "Feature", "geometry": {"type": "Polygon", "coordinates": [[[-16.451216, 19.808657], [-16.451214, 19.808386], [-16.4515, 19.808384], [-16.451495, 19.807842], [-16.451209, 19.807844], [-16.451206, 19.807573], [-16.45092, 19.807576], [-16.450915, 19.807034], [-16.450342, 19.807038], [-16.45034, 19.806767], [-16.450054, 19.80677], [-16.450049, 19.806228], [-16.449476, 19.806232], [-16.449474, 19.805961], [-16.449187, 19.805964], [-16.449182, 19.805422], [-16.448323, 19.805428], [-16.448326, 19.805699], [-16.448612, 19.805697], [-16.448615, 19.805968], [-16.448901, 19.805966], [-16.448903, 19.806237], [-16.448331, 19.806242], [-16.448333, 19.806513], [-16.44776, 19.806517], [-16.447768, 19.80733], [-16.44834, 19.807326], [-16.448343, 19.807597], [-16.448916, 19.807592], [-16.448918, 19.807863], [-16.449204, 19.807861], [-16.449209, 19.808403], [-16.449782, 19.808398], [-16.449785, 19.808669], [-16.451216, 19.808657]], [[-16.448627, 19.807323], [-16.44834, 19.807326], [-16.448338, 19.807055], [-16.448624, 19.807052], [-16.448627, 19.807323]]]}, "properties": {"layer": "meadow", "year": 2026, "sat": "S2B", "date": "2026-06-05", "area_ha": 7.02}}, {"type": "Feature", "geometry": {"type": "Polygon", "coordinates": [[[-16.345526, 19.806774], [-16.345523, 19.806503], [-16.34581, 19.806501], [-16.345803, 19.805688], [-16.344944, 19.805695], [-16.344946, 19.805966], [-16.344373, 19.80597], [-16.344378, 19.806512], [-16.344664, 19.80651], [-16.344666, 19.806781], [-16.345526, 19.806774]]]}, "properties": {"layer": "meadow", "year": 2026, "sat": "S2B", "date": "2026-06-05", "area_ha": 1.44}}, {"type": "Feature", "geometry": {"type": "Polygon", "coordinates": [[[-16.447751, 19.805433], [-16.447748, 19.805162], [-16.448035, 19.80516], [-16.44803, 19.804618], [-16.448316, 19.804615], [-16.448313, 19.804344], [-16.448886, 19.80434], [-16.448884, 19.804069], [-16.448025, 19.804076], [-16.44802, 19.803534], [-16.447447, 19.803538], [-16.447454, 19.804351], [-16.447741, 19.804349], [-16.447743, 19.80462], [-16.447457, 19.804622], [-16.447464, 19.805435], [-16.447751, 19.805433]]]}, "properties": {"layer": "meadow", "year": 2026, "sat": "S2B", "date": "2026-06-05", "area_ha": 1.44}}, {"type": "Feature", "geometry": {"type": "Polygon", "coordinates": [[[-16.310293, 19.805952], [-16.310291, 19.805681], [-16.310864, 19.805677], [-16.31086, 19.805135], [-16.310573, 19.805137], [-16.31056, 19.803511], [-16.310274, 19.803513], [-16.310267, 19.8027], [-16.30998, 19.802702], [-16.309978, 19.802431], [-16.309119, 19.802437], [-16.309121, 19.802708], [-16.309408, 19.802706], [-16.30941, 19.802977], [-16.309696, 19.802975], [-16.309705, 19.804059], [-16.309419, 19.804061], [-16.309421, 19.804332], [-16.309994, 19.804328], [-16.309996, 19.804599], [-16.30971, 19.804601], [-16.309712, 19.804872], [-16.309998, 19.80487], [-16.31, 19.805141], [-16.310287, 19.805139], [-16.310289, 19.80541], [-16.310003, 19.805412], [-16.310007, 19.805954], [-16.310293, 19.805952]]]}, "properties": {"layer": "meadow", "year": 2026, "sat": "S2B", "date": "2026-06-05", "area_ha": 2.97}}, {"type": "Feature", "geometry": {"type": "Polygon", "coordinates": [[[-16.264226, 19.811163], [-16.26422, 19.81035], [-16.264506, 19.810348], [-16.264498, 19.809264], [-16.264784, 19.809262], [-16.264776, 19.808178], [-16.265062, 19.808176], [-16.265058, 19.807634], [-16.26563, 19.80763], [-16.265628, 19.807358], [-16.265915, 19.807356], [-16.26591, 19.806814], [-16.266197, 19.806812], [-16.266192, 19.80627], [-16.266479, 19.806268], [-16.266468, 19.804913], [-16.266182, 19.804915], [-16.26618, 19.804644], [-16.265893, 19.804646], [-16.265895, 19.804917], [-16.265609, 19.804919], [-16.265607, 19.804648], [-16.265034, 19.804652], [-16.265032, 19.804381], [-16.264746, 19.804383], [-16.264741, 19.803841], [-16.265028, 19.803839], [-16.265025, 19.803568], [-16.265312, 19.803566], [-16.265305, 19.802753], [-16.265019, 19.802755], [-16.265017, 19.802484], [-16.264731, 19.802486], [-16.264733, 19.802757], [-16.26416, 19.802761], [-16.264156, 19.802219], [-16.263869, 19.802221], [-16.263867, 19.80195], [-16.263294, 19.801954], [-16.263292, 19.801683], [-16.26272, 19.801687], [-16.262722, 19.801958], [-16.262435, 19.80196], [-16.262433, 19.801689], [-16.262147, 19.801691], [-16.262145, 19.80142], [-16.261858, 19.801422], [-16.261863, 19.801964], [-16.262149, 19.801962], [-16.262151, 19.802233], [-16.262437, 19.802231], [-16.262446, 19.803315], [-16.26216, 19.803317], [-16.262162, 19.803588], [-16.261875, 19.80359], [-16.261878, 19.803861], [-16.261591, 19.803863], [-16.261598, 19.804676], [-16.260166, 19.804687], [-16.260168, 19.804958], [-16.259595, 19.804962], [-16.259604, 19.806046], [-16.25989, 19.806044], [-16.259892, 19.806315], [-16.259606, 19.806317], [-16.259612, 19.80713], [-16.259899, 19.807128], [-16.259901, 19.807399], [-16.260473, 19.807395], [-16.260465, 19.806311], [-16.261038, 19.806307], [-16.26104, 19.806578], [-16.261326, 19.806576], [-16.261328, 19.806847], [-16.261042, 19.806849], [-16.261048, 19.807662], [-16.260762, 19.807664], [-16.260764, 19.807935], [-16.259905, 19.807941], [-16.259909, 19.808483], [-16.260196, 19.808481], [-16.260202, 19.809294], [-16.260488, 19.809292], [-16.260497, 19.810376], [-16.260783, 19.810374], [-16.260788, 19.810916], [-16.26136, 19.810912], [-16.261363, 19.811183], [-16.261649, 19.811181], [-16.261645, 19.810639], [-16.261931, 19.810637], [-16.261935, 19.811179], [-16.264226, 19.811163]], [[-16.261352, 19.809828], [-16.261065, 19.80983], [-16.261057, 19.808746], [-16.26163, 19.808742], [-16.261634, 19.809284], [-16.261348, 19.809286], [-16.261352, 19.809828]], [[-16.263339, 19.807646], [-16.26248, 19.807652], [-16.262478, 19.807381], [-16.262764, 19.807379], [-16.262762, 19.807108], [-16.262476, 19.80711], [-16.262467, 19.806026], [-16.262754, 19.806024], [-16.262747, 19.80521], [-16.263034, 19.805208], [-16.263038, 19.80575], [-16.263324, 19.805748], [-16.263327, 19.806019], [-16.263613, 19.806017], [-16.263619, 19.806831], [-16.263047, 19.806835], [-16.263051, 19.807377], [-16.263337, 19.807375], [-16.263339, 19.807646]], [[-16.265908, 19.806543], [-16.265622, 19.806545], [-16.26562, 19.806274], [-16.265906, 19.806272], [-16.265908, 19.806543]], [[-16.265613, 19.805461], [-16.265327, 19.805463], [-16.265323, 19.804921], [-16.265609, 19.804919], [-16.265613, 19.805461]], [[-16.260743, 19.805225], [-16.26017, 19.805229], [-16.260168, 19.804958], [-16.260741, 19.804954], [-16.260743, 19.805225]], [[-16.263316, 19.804664], [-16.263029, 19.804666], [-16.263025, 19.804124], [-16.263312, 19.804122], [-16.263316, 19.804664]], [[-16.26217, 19.804672], [-16.261884, 19.804674], [-16.261882, 19.804403], [-16.262168, 19.804401], [-16.26217, 19.804672]], [[-16.262455, 19.804399], [-16.262168, 19.804401], [-16.262164, 19.803859], [-16.26245, 19.803857], [-16.262455, 19.804399]], [[-16.263305, 19.803309], [-16.262732, 19.803313], [-16.26273, 19.803042], [-16.263017, 19.80304], [-16.263014, 19.802769], [-16.263301, 19.802767], [-16.263305, 19.803309]], [[-16.263585, 19.802494], [-16.263299, 19.802496], [-16.263297, 19.802225], [-16.263583, 19.802223], [-16.263585, 19.802494]]]}, "properties": {"layer": "meadow", "year": 2026, "sat": "S2B", "date": "2026-06-05", "area_ha": 43.11}}, {"type": "Feature", "geometry": {"type": "Polygon", "coordinates": [[[-16.449708, 19.800267], [-16.449703, 19.799725], [-16.44999, 19.799723], [-16.449987, 19.799452], [-16.450274, 19.79945], [-16.450271, 19.799179], [-16.449985, 19.799181], [-16.449982, 19.79891], [-16.449696, 19.798912], [-16.449699, 19.799183], [-16.449412, 19.799186], [-16.449415, 19.799457], [-16.449128, 19.799459], [-16.449136, 19.800272], [-16.449708, 19.800267]]]}, "properties": {"layer": "meadow", "year": 2026, "sat": "S2B", "date": "2026-06-05", "area_ha": 0.99}}, {"type": "Feature", "geometry": {"type": "Polygon", "coordinates": [[[-16.467454, 19.79931], [-16.467452, 19.799038], [-16.467165, 19.799041], [-16.467158, 19.798228], [-16.46773, 19.798223], [-16.467728, 19.797952], [-16.467442, 19.797954], [-16.467439, 19.797683], [-16.467153, 19.797686], [-16.467155, 19.797957], [-16.466869, 19.797959], [-16.466874, 19.798501], [-16.466588, 19.798504], [-16.466585, 19.798232], [-16.466299, 19.798235], [-16.466304, 19.798777], [-16.466017, 19.798779], [-16.46602, 19.79905], [-16.466306, 19.799048], [-16.466309, 19.799319], [-16.467454, 19.79931]], [[-16.466879, 19.799043], [-16.466593, 19.799046], [-16.46659, 19.798775], [-16.466876, 19.798772], [-16.466879, 19.799043]]]}, "properties": {"layer": "meadow", "year": 2026, "sat": "S2B", "date": "2026-06-05", "area_ha": 1.44}}, {"type": "Feature", "geometry": {"type": "Polygon", "coordinates": [[[-16.315111, 19.799683], [-16.315106, 19.799141], [-16.315679, 19.799136], [-16.315674, 19.798594], [-16.315388, 19.798596], [-16.31539, 19.798867], [-16.314817, 19.798872], [-16.314822, 19.799414], [-16.314536, 19.799416], [-16.314538, 19.799687], [-16.315111, 19.799683]]]}, "properties": {"layer": "meadow", "year": 2026, "sat": "S2B", "date": "2026-06-05", "area_ha": 0.63}}, {"type": "Feature", "geometry": {"type": "Polygon", "coordinates": [[[-16.272424, 19.797552], [-16.272421, 19.797281], [-16.272135, 19.797283], [-16.272131, 19.796741], [-16.271844, 19.796743], [-16.271842, 19.796472], [-16.271556, 19.796474], [-16.27156, 19.797016], [-16.271274, 19.797018], [-16.271276, 19.797289], [-16.271562, 19.797287], [-16.271565, 19.797558], [-16.272424, 19.797552]]]}, "properties": {"layer": "meadow", "year": 2026, "sat": "S2B", "date": "2026-06-05", "area_ha": 0.81}}, {"type": "Feature", "geometry": {"type": "Polygon", "coordinates": [[[-16.451098, 19.795649], [-16.451093, 19.795107], [-16.450807, 19.795109], [-16.450805, 19.794838], [-16.451377, 19.794833], [-16.451367, 19.793749], [-16.451081, 19.793751], [-16.451076, 19.793209], [-16.45079, 19.793212], [-16.450797, 19.794025], [-16.450511, 19.794027], [-16.450516, 19.794569], [-16.45023, 19.794571], [-16.450234, 19.795113], [-16.450521, 19.795111], [-16.450523, 19.795382], [-16.450237, 19.795384], [-16.450239, 19.795656], [-16.451098, 19.795649]]]}, "properties": {"layer": "meadow", "year": 2026, "sat": "S2B", "date": "2026-06-05", "area_ha": 1.89}}, {"type": "Feature", "geometry": {"type": "Polygon", "coordinates": [[[-16.312833, 19.801326], [-16.312831, 19.801055], [-16.313403, 19.80105], [-16.313392, 19.799695], [-16.313106, 19.799697], [-16.313104, 19.799426], [-16.31339, 19.799424], [-16.313377, 19.797798], [-16.31309, 19.7978], [-16.313088, 19.797529], [-16.313375, 19.797527], [-16.313372, 19.797256], [-16.312227, 19.797264], [-16.312223, 19.796722], [-16.312509, 19.79672], [-16.312507, 19.796449], [-16.31222, 19.796451], [-16.312218, 19.79618], [-16.312504, 19.796178], [-16.312502, 19.795907], [-16.312789, 19.795905], [-16.31278, 19.794821], [-16.312493, 19.794823], [-16.312491, 19.794552], [-16.311918, 19.794556], [-16.311925, 19.795369], [-16.311639, 19.795371], [-16.311641, 19.795642], [-16.311355, 19.795644], [-16.311352, 19.795373], [-16.311066, 19.795376], [-16.311064, 19.795104], [-16.310491, 19.795109], [-16.310489, 19.794838], [-16.309916, 19.794842], [-16.309914, 19.794571], [-16.309628, 19.794573], [-16.30963, 19.794844], [-16.309343, 19.794846], [-16.309341, 19.794575], [-16.309055, 19.794577], [-16.309053, 19.794306], [-16.308766, 19.794308], [-16.308775, 19.795392], [-16.309062, 19.79539], [-16.309068, 19.796203], [-16.309355, 19.796201], [-16.309366, 19.797556], [-16.309652, 19.797554], [-16.309654, 19.797825], [-16.310227, 19.797821], [-16.310234, 19.798634], [-16.31052, 19.798632], [-16.310522, 19.798903], [-16.310809, 19.798901], [-16.310813, 19.799443], [-16.311099, 19.799441], [-16.311102, 19.799712], [-16.311961, 19.799706], [-16.311956, 19.799164], [-16.312529, 19.79916], [-16.312527, 19.798888], [-16.312813, 19.798886], [-16.31282, 19.799699], [-16.312247, 19.799704], [-16.312249, 19.799975], [-16.312536, 19.799973], [-16.312538, 19.800244], [-16.312251, 19.800246], [-16.312256, 19.800788], [-16.312542, 19.800786], [-16.312547, 19.801328], [-16.312833, 19.801326]]]}, "properties": {"layer": "meadow", "year": 2026, "sat": "S2B", "date": "2026-06-05", "area_ha": 18.9}}, {"type": "Feature", "geometry": {"type": "Polygon", "coordinates": [[[-16.262405, 19.798165], [-16.262403, 19.797894], [-16.263549, 19.797886], [-16.263544, 19.797344], [-16.263831, 19.797342], [-16.263827, 19.7968], [-16.264399, 19.796796], [-16.264397, 19.796525], [-16.26497, 19.796521], [-16.264968, 19.79625], [-16.265254, 19.796248], [-16.265252, 19.795977], [-16.266111, 19.795971], [-16.266113, 19.796242], [-16.266399, 19.79624], [-16.266402, 19.796511], [-16.266688, 19.796509], [-16.266686, 19.796238], [-16.266972, 19.796236], [-16.26697, 19.795965], [-16.267256, 19.795963], [-16.267261, 19.796505], [-16.26812, 19.796499], [-16.268115, 19.795957], [-16.268402, 19.795954], [-16.2684, 19.795683], [-16.268113, 19.795685], [-16.268111, 19.795414], [-16.268397, 19.795412], [-16.268387, 19.794057], [-16.2681, 19.794059], [-16.268105, 19.794601], [-16.267532, 19.794605], [-16.267534, 19.794876], [-16.266389, 19.794885], [-16.266391, 19.795156], [-16.265818, 19.79516], [-16.265816, 19.794889], [-16.26553, 19.794891], [-16.265532, 19.795162], [-16.2641, 19.795172], [-16.264102, 19.795443], [-16.263816, 19.795445], [-16.263818, 19.795716], [-16.263532, 19.795718], [-16.263534, 19.795989], [-16.263247, 19.795991], [-16.26325, 19.796262], [-16.262677, 19.796266], [-16.262681, 19.796808], [-16.262395, 19.79681], [-16.262397, 19.797081], [-16.26211, 19.797083], [-16.262119, 19.798167], [-16.262405, 19.798165]], [[-16.267543, 19.795961], [-16.267256, 19.795963], [-16.267252, 19.795421], [-16.267538, 19.795418], [-16.267543, 19.795961]], [[-16.267825, 19.795416], [-16.267538, 19.795418], [-16.267536, 19.795147], [-16.267823, 19.795145], [-16.267825, 19.795416]]]}, "properties": {"layer": "meadow", "year": 2026, "sat": "S2B", "date": "2026-06-05", "area_ha": 9.9}}, {"type": "Feature", "geometry": {"type": "Polygon", "coordinates": [[[-16.441916, 19.793555], [-16.441914, 19.793284], [-16.442486, 19.793279], [-16.442484, 19.793008], [-16.442198, 19.79301], [-16.442193, 19.792468], [-16.44162, 19.792473], [-16.441625, 19.793015], [-16.441052, 19.793019], [-16.44105, 19.792748], [-16.440764, 19.792751], [-16.440766, 19.793022], [-16.44048, 19.793024], [-16.440482, 19.793295], [-16.441055, 19.79329], [-16.441057, 19.793561], [-16.441344, 19.793559], [-16.441341, 19.793288], [-16.441627, 19.793286], [-16.44163, 19.793557], [-16.441916, 19.793555]]]}, "properties": {"layer": "meadow", "year": 2026, "sat": "S2B", "date": "2026-06-05", "area_ha": 1.26}}, {"type": "Feature", "geometry": {"type": "Polygon", "coordinates": [[[-16.45079, 19.793212], [-16.450785, 19.79267], [-16.450499, 19.792672], [-16.450494, 19.79213], [-16.450207, 19.792132], [-16.450217, 19.793216], [-16.45079, 19.793212]]]}, "properties": {"layer": "meadow", "year": 2026, "sat": "S2B", "date": "2026-06-05", "area_ha": 0.54}}, {"type": "Feature", "geometry": {"type": "Polygon", "coordinates": [[[-16.462243, 19.793118], [-16.462241, 19.792847], [-16.462527, 19.792845], [-16.462524, 19.792574], [-16.462811, 19.792572], [-16.462806, 19.79203], [-16.462519, 19.792032], [-16.462522, 19.792303], [-16.462236, 19.792305], [-16.462238, 19.792576], [-16.461379, 19.792583], [-16.461382, 19.792854], [-16.461954, 19.79285], [-16.461957, 19.793121], [-16.462243, 19.793118]]]}, "properties": {"layer": "meadow", "year": 2026, "sat": "S2B", "date": "2026-06-05", "area_ha": 0.72}}, {"type": "Feature", "geometry": {"type": "Polygon", "coordinates": [[[-16.465671, 19.792277], [-16.465669, 19.792006], [-16.465955, 19.792004], [-16.465953, 19.791733], [-16.465667, 19.791735], [-16.465662, 19.791193], [-16.465375, 19.791195], [-16.465378, 19.791466], [-16.464805, 19.791471], [-16.464808, 19.791742], [-16.46538, 19.791737], [-16.465385, 19.792279], [-16.465671, 19.792277]]]}, "properties": {"layer": "meadow", "year": 2026, "sat": "S2B", "date": "2026-06-05", "area_ha": 0.63}}, {"type": "Feature", "geometry": {"type": "Polygon", "coordinates": [[[-16.45078, 19.792128], [-16.450778, 19.791857], [-16.451064, 19.791854], [-16.451062, 19.791583], [-16.450775, 19.791586], [-16.450773, 19.791315], [-16.451059, 19.791312], [-16.451057, 19.791041], [-16.450484, 19.791046], [-16.450486, 19.791317], [-16.4502, 19.791319], [-16.450203, 19.79159], [-16.450489, 19.791588], [-16.450494, 19.79213], [-16.45078, 19.792128]]]}, "properties": {"layer": "meadow", "year": 2026, "sat": "S2B", "date": "2026-06-05", "area_ha": 0.63}}, {"type": "Feature", "geometry": {"type": "Polygon", "coordinates": [[[-16.465659, 19.790922], [-16.465657, 19.790651], [-16.465943, 19.790649], [-16.46594, 19.790378], [-16.465368, 19.790382], [-16.46537, 19.790653], [-16.464511, 19.79066], [-16.464514, 19.790931], [-16.465659, 19.790922]]]}, "properties": {"layer": "meadow", "year": 2026, "sat": "S2B", "date": "2026-06-05", "area_ha": 0.54}}, {"type": "Feature", "geometry": {"type": "Polygon", "coordinates": [[[-16.467096, 19.791452], [-16.467093, 19.791181], [-16.467379, 19.791179], [-16.467367, 19.789824], [-16.467081, 19.789826], [-16.467091, 19.79091], [-16.466518, 19.790915], [-16.466521, 19.791186], [-16.466807, 19.791184], [-16.466809, 19.791455], [-16.467096, 19.791452]]]}, "properties": {"layer": "meadow", "year": 2026, "sat": "S2B", "date": "2026-06-05", "area_ha": 0.72}}, {"type": "Feature", "geometry": {"type": "Polygon", "coordinates": [[[-16.438137, 19.819063], [-16.438129, 19.81825], [-16.438416, 19.818247], [-16.438418, 19.818518], [-16.439277, 19.818512], [-16.439275, 19.81824], [-16.439561, 19.818238], [-16.439559, 19.817967], [-16.439845, 19.817965], [-16.43984, 19.817423], [-16.439554, 19.817425], [-16.439556, 19.817696], [-16.43927, 19.817698], [-16.439272, 19.817969], [-16.438986, 19.817972], [-16.438988, 19.818243], [-16.438702, 19.818245], [-16.438695, 19.817432], [-16.438408, 19.817434], [-16.438403, 19.816892], [-16.438976, 19.816888], [-16.438974, 19.816617], [-16.43926, 19.816614], [-16.439262, 19.816885], [-16.439549, 19.816883], [-16.439544, 19.816341], [-16.440689, 19.816332], [-16.440687, 19.816061], [-16.440114, 19.816065], [-16.440109, 19.815523], [-16.440396, 19.815521], [-16.440393, 19.81525], [-16.44068, 19.815248], [-16.440677, 19.814977], [-16.440964, 19.814974], [-16.440973, 19.816058], [-16.44126, 19.816056], [-16.441252, 19.815243], [-16.441825, 19.815238], [-16.44182, 19.814696], [-16.441534, 19.814699], [-16.441527, 19.813886], [-16.441813, 19.813883], [-16.441815, 19.814154], [-16.442102, 19.814152], [-16.442099, 19.813881], [-16.442386, 19.813879], [-16.442391, 19.814421], [-16.442677, 19.814418], [-16.442675, 19.814147], [-16.442961, 19.814145], [-16.442963, 19.814416], [-16.44325, 19.814414], [-16.443252, 19.814685], [-16.442966, 19.814687], [-16.442968, 19.814958], [-16.443541, 19.814954], [-16.443546, 19.815496], [-16.443832, 19.815493], [-16.443827, 19.814951], [-16.444114, 19.814949], [-16.444121, 19.815762], [-16.444407, 19.81576], [-16.444402, 19.815218], [-16.444689, 19.815215], [-16.444699, 19.816299], [-16.444985, 19.816297], [-16.444983, 19.816026], [-16.445269, 19.816024], [-16.445257, 19.814669], [-16.44497, 19.814671], [-16.444965, 19.814129], [-16.445252, 19.814127], [-16.445249, 19.813856], [-16.445536, 19.813853], [-16.445528, 19.81304], [-16.446101, 19.813036], [-16.446104, 19.813307], [-16.44639, 19.813304], [-16.446385, 19.812762], [-16.446671, 19.81276], [-16.446676, 19.813302], [-16.446963, 19.8133], [-16.446965, 19.813571], [-16.447251, 19.813568], [-16.447249, 19.813297], [-16.447535, 19.813295], [-16.447533, 19.813024], [-16.447247, 19.813026], [-16.447239, 19.812213], [-16.446953, 19.812216], [-16.446945, 19.811403], [-16.446086, 19.811409], [-16.446084, 19.811138], [-16.44637, 19.811136], [-16.446365, 19.810594], [-16.446652, 19.810592], [-16.446649, 19.810321], [-16.446363, 19.810323], [-16.446361, 19.810052], [-16.446074, 19.810054], [-16.446069, 19.809512], [-16.445783, 19.809515], [-16.445776, 19.808702], [-16.445489, 19.808704], [-16.445484, 19.808162], [-16.445198, 19.808164], [-16.445188, 19.80708], [-16.444902, 19.807082], [-16.444899, 19.806811], [-16.445186, 19.806809], [-16.445181, 19.806267], [-16.444894, 19.806269], [-16.444892, 19.805998], [-16.444319, 19.806003], [-16.444317, 19.805732], [-16.444603, 19.80573], [-16.444601, 19.805459], [-16.444887, 19.805456], [-16.44488, 19.804643], [-16.445452, 19.804639], [-16.44545, 19.804368], [-16.445736, 19.804365], [-16.445734, 19.804094], [-16.446593, 19.804087], [-16.446591, 19.803816], [-16.446877, 19.803814], [-16.446874, 19.803543], [-16.447161, 19.803541], [-16.447158, 19.80327], [-16.446872, 19.803272], [-16.446867, 19.80273], [-16.446581, 19.802732], [-16.446573, 19.801919], [-16.446287, 19.801921], [-16.446285, 19.80165], [-16.445998, 19.801653], [-16.445993, 19.801111], [-16.44628, 19.801108], [-16.446282, 19.801379], [-16.446568, 19.801377], [-16.446564, 19.800835], [-16.446277, 19.800837], [-16.446255, 19.798398], [-16.446542, 19.798396], [-16.446544, 19.798667], [-16.44683, 19.798665], [-16.446825, 19.798123], [-16.446539, 19.798125], [-16.446534, 19.797583], [-16.446248, 19.797585], [-16.446243, 19.797043], [-16.44567, 19.797048], [-16.445673, 19.797319], [-16.445386, 19.797321], [-16.445389, 19.797592], [-16.445675, 19.79759], [-16.445678, 19.797861], [-16.444819, 19.797868], [-16.444816, 19.797597], [-16.445102, 19.797594], [-16.4451, 19.797323], [-16.444814, 19.797326], [-16.444809, 19.796784], [-16.445954, 19.796774], [-16.445952, 19.796503], [-16.446238, 19.796501], [-16.446236, 19.79623], [-16.445949, 19.796232], [-16.445947, 19.795961], [-16.446519, 19.795957], [-16.446517, 19.795686], [-16.44709, 19.795681], [-16.447085, 19.795139], [-16.447371, 19.795137], [-16.447376, 19.795679], [-16.447662, 19.795676], [-16.447665, 19.795947], [-16.447951, 19.795945], [-16.447954, 19.796216], [-16.448526, 19.796211], [-16.448529, 19.796483], [-16.449388, 19.796476], [-16.449375, 19.79512], [-16.449089, 19.795123], [-16.449077, 19.793768], [-16.448504, 19.793772], [-16.448499, 19.79323], [-16.448213, 19.793233], [-16.448206, 19.79242], [-16.447919, 19.792422], [-16.447917, 19.792151], [-16.447344, 19.792155], [-16.447334, 19.791071], [-16.447621, 19.791069], [-16.447618, 19.790798], [-16.447332, 19.7908], [-16.447329, 19.790529], [-16.447043, 19.790532], [-16.447038, 19.78999], [-16.446466, 19.789994], [-16.446458, 19.789181], [-16.446172, 19.789184], [-16.446174, 19.789455], [-16.445888, 19.789457], [-16.445886, 19.789186], [-16.445599, 19.789188], [-16.445597, 19.788917], [-16.445024, 19.788922], [-16.445027, 19.789193], [-16.445313, 19.78919], [-16.445315, 19.789461], [-16.444456, 19.789468], [-16.444459, 19.789739], [-16.444745, 19.789737], [-16.44475, 19.790279], [-16.443891, 19.790286], [-16.443889, 19.790015], [-16.444175, 19.790013], [-16.44417, 19.789471], [-16.443884, 19.789473], [-16.443886, 19.789744], [-16.4436, 19.789746], [-16.443612, 19.791101], [-16.443326, 19.791104], [-16.443328, 19.791375], [-16.443042, 19.791377], [-16.443044, 19.791648], [-16.443331, 19.791646], [-16.443336, 19.792188], [-16.443908, 19.792183], [-16.443916, 19.792996], [-16.443343, 19.793001], [-16.443338, 19.792459], [-16.443052, 19.792461], [-16.443049, 19.79219], [-16.442763, 19.792193], [-16.442768, 19.792735], [-16.443054, 19.792732], [-16.443057, 19.793003], [-16.44277, 19.793006], [-16.442778, 19.793819], [-16.441632, 19.793828], [-16.44163, 19.793557], [-16.441344, 19.793559], [-16.441346, 19.79383], [-16.44106, 19.793832], [-16.441057, 19.793561], [-16.440771, 19.793564], [-16.440773, 19.793835], [-16.440201, 19.793839], [-16.440203, 19.79411], [-16.440489, 19.794108], [-16.440497, 19.794921], [-16.440783, 19.794919], [-16.440778, 19.794377], [-16.441637, 19.79437], [-16.44164, 19.794641], [-16.441926, 19.794639], [-16.441931, 19.795181], [-16.442503, 19.795176], [-16.442506, 19.795447], [-16.442792, 19.795445], [-16.442797, 19.795987], [-16.443083, 19.795984], [-16.443096, 19.79734], [-16.442809, 19.797342], [-16.442812, 19.797613], [-16.442525, 19.797615], [-16.44253, 19.798157], [-16.441958, 19.798162], [-16.441953, 19.79762], [-16.442239, 19.797618], [-16.442234, 19.797076], [-16.441948, 19.797078], [-16.441945, 19.796807], [-16.441373, 19.796811], [-16.44137, 19.79654], [-16.440798, 19.796545], [-16.4408, 19.796816], [-16.440514, 19.796818], [-16.440521, 19.797631], [-16.440235, 19.797634], [-16.440237, 19.797905], [-16.439665, 19.797909], [-16.439677, 19.799264], [-16.43939, 19.799267], [-16.439388, 19.798996], [-16.438815, 19.799], [-16.438825, 19.800084], [-16.438539, 19.800087], [-16.438541, 19.800358], [-16.438255, 19.80036], [-16.438257, 19.800631], [-16.437971, 19.800633], [-16.437976, 19.801175], [-16.437403, 19.80118], [-16.437393, 19.800096], [-16.43768, 19.800094], [-16.437677, 19.799823], [-16.437391, 19.799825], [-16.437388, 19.799554], [-16.435957, 19.799565], [-16.435959, 19.799836], [-16.435386, 19.799841], [-16.435389, 19.800112], [-16.43453, 19.800119], [-16.434527, 19.799848], [-16.433668, 19.799855], [-16.433673, 19.800397], [-16.433387, 19.800399], [-16.433392, 19.800941], [-16.433105, 19.800944], [-16.433113, 19.801757], [-16.432826, 19.801759], [-16.432834, 19.802572], [-16.43312, 19.80257], [-16.43313, 19.803654], [-16.433702, 19.803649], [-16.4337, 19.803378], [-16.434273, 19.803374], [-16.43427, 19.803103], [-16.434843, 19.803098], [-16.434845, 19.803369], [-16.435418, 19.803364], [-16.43542, 19.803635], [-16.435707, 19.803633], [-16.435709, 19.803904], [-16.43485, 19.803911], [-16.434858, 19.804724], [-16.434285, 19.804729], [-16.43429, 19.805271], [-16.434003, 19.805273], [-16.434006, 19.805544], [-16.433719, 19.805546], [-16.433722, 19.805817], [-16.434295, 19.805813], [-16.434299, 19.806355], [-16.433727, 19.806359], [-16.433724, 19.806088], [-16.433438, 19.806091], [-16.43344, 19.806362], [-16.433154, 19.806364], [-16.433149, 19.805822], [-16.432863, 19.805824], [-16.432865, 19.806095], [-16.432579, 19.806098], [-16.432584, 19.80664], [-16.433156, 19.806635], [-16.433159, 19.806906], [-16.433445, 19.806904], [-16.433443, 19.806633], [-16.435161, 19.806619], [-16.435163, 19.80689], [-16.437168, 19.806874], [-16.43717, 19.807145], [-16.438029, 19.807138], [-16.438024, 19.806596], [-16.437452, 19.8066], [-16.437449, 19.806329], [-16.437163, 19.806332], [-16.43716, 19.806061], [-16.436874, 19.806063], [-16.436869, 19.805521], [-16.437156, 19.805519], [-16.437151, 19.804977], [-16.437437, 19.804974], [-16.437435, 19.804703], [-16.438294, 19.804696], [-16.438291, 19.804425], [-16.438578, 19.804423], [-16.438592, 19.806049], [-16.438306, 19.806051], [-16.438308, 19.806323], [-16.439454, 19.806313], [-16.439461, 19.807126], [-16.439747, 19.807124], [-16.439752, 19.807666], [-16.439466, 19.807668], [-16.439471, 19.80821], [-16.437466, 19.808227], [-16.437464, 19.807956], [-16.437178, 19.807958], [-16.437185, 19.808771], [-16.437758, 19.808766], [-16.437767, 19.80985], [-16.438054, 19.809848], [-16.438059, 19.81039], [-16.437486, 19.810395], [-16.437483, 19.810124], [-16.437197, 19.810126], [-16.437192, 19.809584], [-16.436906, 19.809586], [-16.436901, 19.809044], [-16.436615, 19.809047], [-16.436612, 19.808776], [-16.436326, 19.808778], [-16.436323, 19.808507], [-16.43661, 19.808505], [-16.436598, 19.807149], [-16.435452, 19.807159], [-16.435457, 19.807701], [-16.434598, 19.807708], [-16.4346, 19.807979], [-16.434314, 19.807981], [-16.434316, 19.808252], [-16.434603, 19.80825], [-16.434612, 19.809334], [-16.434899, 19.809331], [-16.434901, 19.809602], [-16.434615, 19.809605], [-16.434617, 19.809876], [-16.434904, 19.809873], [-16.434906, 19.810144], [-16.43462, 19.810147], [-16.434622, 19.810418], [-16.434336, 19.81042], [-16.434338, 19.810691], [-16.434911, 19.810686], [-16.434913, 19.810958], [-16.435486, 19.810953], [-16.435489, 19.811224], [-16.436061, 19.811219], [-16.436066, 19.811761], [-16.436353, 19.811759], [-16.43635, 19.811488], [-16.436923, 19.811483], [-16.43693, 19.812296], [-16.436644, 19.812299], [-16.436646, 19.81257], [-16.436933, 19.812568], [-16.436935, 19.812839], [-16.437508, 19.812834], [-16.437505, 19.812563], [-16.438937, 19.812551], [-16.438947, 19.813635], [-16.43866, 19.813638], [-16.438663, 19.813909], [-16.43809, 19.813913], [-16.438088, 19.813642], [-16.437801, 19.813645], [-16.437804, 19.813916], [-16.437517, 19.813918], [-16.437515, 19.813647], [-16.436942, 19.813652], [-16.43695, 19.814465], [-16.436377, 19.814469], [-16.436374, 19.814198], [-16.436088, 19.814201], [-16.436081, 19.813387], [-16.435794, 19.81339], [-16.435787, 19.812577], [-16.435501, 19.812579], [-16.435496, 19.812037], [-16.43521, 19.812039], [-16.435217, 19.812852], [-16.435503, 19.81285], [-16.435506, 19.813121], [-16.435219, 19.813123], [-16.435222, 19.813394], [-16.434935, 19.813397], [-16.43494, 19.813939], [-16.434654, 19.813941], [-16.434656, 19.814212], [-16.43437, 19.814214], [-16.434375, 19.814756], [-16.434661, 19.814754], [-16.434666, 19.815296], [-16.434952, 19.815294], [-16.43496, 19.816107], [-16.435246, 19.816105], [-16.435248, 19.816376], [-16.435535, 19.816373], [-16.43554, 19.816915], [-16.435826, 19.816913], [-16.435833, 19.817726], [-16.436979, 19.817717], [-16.436984, 19.818259], [-16.43727, 19.818257], [-16.437273, 19.818528], [-16.437845, 19.818523], [-16.437848, 19.818794], [-16.437561, 19.818796], [-16.437564, 19.819067], [-16.438137, 19.819063]], [[-16.437843, 19.818252], [-16.437556, 19.818254], [-16.437554, 19.817983], [-16.43784, 19.817981], [-16.437843, 19.818252]], [[-16.438413, 19.817976], [-16.438127, 19.817979], [-16.438124, 19.817708], [-16.438411, 19.817705], [-16.438413, 19.817976]], [[-16.437838, 19.81771], [-16.437552, 19.817712], [-16.437549, 19.817441], [-16.437836, 19.817439], [-16.437838, 19.81771]], [[-16.438122, 19.817437], [-16.437836, 19.817439], [-16.437831, 19.816897], [-16.438117, 19.816895], [-16.438122, 19.817437]], [[-16.437263, 19.817444], [-16.436404, 19.81745], [-16.436401, 19.817179], [-16.436688, 19.817177], [-16.436685, 19.816906], [-16.436399, 19.816908], [-16.436396, 19.816637], [-16.436683, 19.816635], [-16.43668, 19.816364], [-16.436108, 19.816369], [-16.436112, 19.816911], [-16.435826, 19.816913], [-16.435816, 19.815829], [-16.436103, 19.815827], [-16.4361, 19.815556], [-16.436673, 19.815551], [-16.436671, 19.81528], [-16.436957, 19.815278], [-16.436959, 19.815549], [-16.437246, 19.815546], [-16.437248, 19.815817], [-16.436962, 19.81582], [-16.436967, 19.816362], [-16.437539, 19.816357], [-16.437544, 19.816899], [-16.437258, 19.816902], [-16.437263, 19.817444]], [[-16.438687, 19.816619], [-16.438401, 19.816621], [-16.438398, 19.81635], [-16.438685, 19.816348], [-16.438687, 19.816619]], [[-16.439544, 19.816341], [-16.438685, 19.816348], [-16.438682, 19.816077], [-16.439542, 19.81607], [-16.439544, 19.816341]], [[-16.438112, 19.816353], [-16.437539, 19.816357], [-16.437535, 19.815815], [-16.437821, 19.815813], [-16.437823, 19.816084], [-16.43811, 19.816082], [-16.438112, 19.816353]], [[-16.438682, 19.816077], [-16.438396, 19.816079], [-16.438391, 19.815537], [-16.438678, 19.815535], [-16.438682, 19.816077]], [[-16.435816, 19.815829], [-16.43553, 19.815831], [-16.435527, 19.81556], [-16.435814, 19.815558], [-16.435816, 19.815829]], [[-16.435527, 19.81556], [-16.435241, 19.815563], [-16.435236, 19.815021], [-16.435523, 19.815018], [-16.435527, 19.81556]], [[-16.436384, 19.815282], [-16.436098, 19.815285], [-16.436095, 19.815014], [-16.436382, 19.815011], [-16.436384, 19.815282]], [[-16.439532, 19.814986], [-16.439245, 19.814988], [-16.439243, 19.814717], [-16.439529, 19.814715], [-16.439532, 19.814986]], [[-16.4381, 19.814997], [-16.437814, 19.815], [-16.437811, 19.814729], [-16.438098, 19.814726], [-16.4381, 19.814997]], [[-16.435809, 19.815016], [-16.435523, 19.815018], [-16.43552, 19.814747], [-16.435807, 19.814745], [-16.435809, 19.815016]], [[-16.440675, 19.814706], [-16.440388, 19.814708], [-16.440386, 19.814437], [-16.440672, 19.814435], [-16.440675, 19.814706]], [[-16.43552, 19.814747], [-16.435234, 19.81475], [-16.435231, 19.814478], [-16.435518, 19.814476], [-16.43552, 19.814747]], [[-16.44067, 19.814164], [-16.440097, 19.814168], [-16.440095, 19.813897], [-16.439808, 19.8139], [-16.439806, 19.813629], [-16.440379, 19.813624], [-16.440371, 19.812811], [-16.440658, 19.812809], [-16.440655, 19.812538], [-16.440942, 19.812535], [-16.440951, 19.813619], [-16.440665, 19.813622], [-16.44067, 19.814164]], [[-16.444104, 19.813865], [-16.443818, 19.813867], [-16.443815, 19.813596], [-16.444101, 19.813594], [-16.444104, 19.813865]], [[-16.442958, 19.813874], [-16.442672, 19.813876], [-16.44267, 19.813605], [-16.442383, 19.813608], [-16.442381, 19.813337], [-16.442094, 19.813339], [-16.442087, 19.812526], [-16.441801, 19.812528], [-16.441803, 19.812799], [-16.441517, 19.812802], [-16.441512, 19.81226], [-16.441798, 19.812257], [-16.441793, 19.811715], [-16.44208, 19.811713], [-16.442082, 19.811984], [-16.442655, 19.811979], [-16.44266, 19.812521], [-16.442946, 19.812519], [-16.442944, 19.812248], [-16.44323, 19.812246], [-16.443223, 19.811433], [-16.442936, 19.811435], [-16.442932, 19.810893], [-16.443218, 19.810891], [-16.44322, 19.811162], [-16.443507, 19.811159], [-16.443504, 19.810888], [-16.443791, 19.810886], [-16.443793, 19.811157], [-16.444652, 19.81115], [-16.444655, 19.811421], [-16.444368, 19.811423], [-16.444371, 19.811694], [-16.444084, 19.811697], [-16.444082, 19.811426], [-16.443509, 19.81143], [-16.443512, 19.811701], [-16.443798, 19.811699], [-16.4438, 19.81197], [-16.443514, 19.811972], [-16.443521, 19.812785], [-16.442949, 19.81279], [-16.442951, 19.813061], [-16.443237, 19.813059], [-16.44324, 19.81333], [-16.442954, 19.813332], [-16.442958, 19.813874]], [[-16.444099, 19.813323], [-16.443813, 19.813325], [-16.44381, 19.813054], [-16.444097, 19.813052], [-16.444099, 19.813323]], [[-16.445242, 19.813043], [-16.444956, 19.813045], [-16.444953, 19.812774], [-16.44524, 19.812772], [-16.445242, 19.813043]], [[-16.444378, 19.812507], [-16.444092, 19.81251], [-16.444089, 19.812239], [-16.443803, 19.812241], [-16.4438, 19.81197], [-16.444373, 19.811965], [-16.444378, 19.812507]], [[-16.441228, 19.812533], [-16.440942, 19.812535], [-16.440939, 19.812264], [-16.441226, 19.812262], [-16.441228, 19.812533]], [[-16.439209, 19.810923], [-16.438636, 19.810928], [-16.438634, 19.810657], [-16.439206, 19.810652], [-16.439209, 19.810923]], [[-16.441497, 19.810633], [-16.441211, 19.810636], [-16.441208, 19.810365], [-16.441495, 19.810362], [-16.441497, 19.810633]], [[-16.438634, 19.810657], [-16.438347, 19.810659], [-16.438345, 19.810388], [-16.438631, 19.810386], [-16.438634, 19.810657]], [[-16.44264, 19.810353], [-16.442068, 19.810358], [-16.442065, 19.810087], [-16.441206, 19.810094], [-16.441204, 19.809823], [-16.440917, 19.809825], [-16.440915, 19.809554], [-16.441201, 19.809552], [-16.441196, 19.80901], [-16.44091, 19.809012], [-16.440895, 19.807386], [-16.440609, 19.807388], [-16.440606, 19.807117], [-16.440893, 19.807115], [-16.440888, 19.806573], [-16.441174, 19.80657], [-16.441172, 19.806299], [-16.441745, 19.806295], [-16.441752, 19.807108], [-16.442325, 19.807103], [-16.442327, 19.807374], [-16.442613, 19.807372], [-16.442616, 19.807643], [-16.443189, 19.807638], [-16.443191, 19.807909], [-16.442905, 19.807912], [-16.442914, 19.808996], [-16.442628, 19.808998], [-16.442631, 19.809269], [-16.442917, 19.809267], [-16.442919, 19.809538], [-16.443206, 19.809535], [-16.443208, 19.809807], [-16.442922, 19.809809], [-16.442924, 19.81008], [-16.442638, 19.810082], [-16.44264, 19.810353]], [[-16.435481, 19.810411], [-16.434909, 19.810415], [-16.434906, 19.810144], [-16.435479, 19.81014], [-16.435481, 19.810411]], [[-16.443468, 19.806823], [-16.442895, 19.806828], [-16.44289, 19.806286], [-16.443176, 19.806283], [-16.443179, 19.806554], [-16.443465, 19.806552], [-16.443468, 19.806823]], [[-16.440029, 19.80658], [-16.439743, 19.806582], [-16.43974, 19.806311], [-16.440026, 19.806309], [-16.440029, 19.80658]], [[-16.442601, 19.806017], [-16.442315, 19.806019], [-16.442312, 19.805748], [-16.442599, 19.805746], [-16.442601, 19.806017]], [[-16.443458, 19.805739], [-16.443171, 19.805741], [-16.443169, 19.80547], [-16.443455, 19.805468], [-16.443458, 19.805739]], [[-16.436585, 19.805794], [-16.436299, 19.805797], [-16.436297, 19.805526], [-16.436583, 19.805523], [-16.436585, 19.805794]], [[-16.442594, 19.805204], [-16.442307, 19.805206], [-16.442305, 19.804935], [-16.442019, 19.804937], [-16.442016, 19.804666], [-16.442303, 19.804664], [-16.4423, 19.804393], [-16.441727, 19.804398], [-16.441725, 19.804127], [-16.442011, 19.804124], [-16.442009, 19.803853], [-16.442582, 19.803849], [-16.442587, 19.804391], [-16.443159, 19.804386], [-16.443162, 19.804657], [-16.442875, 19.804659], [-16.442878, 19.80493], [-16.442591, 19.804933], [-16.442594, 19.805204]], [[-16.435719, 19.804988], [-16.435433, 19.80499], [-16.435428, 19.804448], [-16.435714, 19.804446], [-16.435712, 19.804175], [-16.436284, 19.80417], [-16.436282, 19.803899], [-16.437141, 19.803893], [-16.437143, 19.804164], [-16.436857, 19.804166], [-16.43686, 19.804437], [-16.436287, 19.804442], [-16.436289, 19.804713], [-16.435717, 19.804717], [-16.435719, 19.804988]], [[-16.43915, 19.804418], [-16.438864, 19.804421], [-16.438862, 19.80415], [-16.439148, 19.804147], [-16.43915, 19.804418]], [[-16.438289, 19.804154], [-16.438002, 19.804157], [-16.437998, 19.803615], [-16.437139, 19.803622], [-16.437136, 19.803351], [-16.43685, 19.803353], [-16.436852, 19.803624], [-16.436566, 19.803626], [-16.436563, 19.803355], [-16.436277, 19.803357], [-16.43628, 19.803628], [-16.435707, 19.803633], [-16.435697, 19.802549], [-16.435411, 19.802551], [-16.435408, 19.80228], [-16.435981, 19.802276], [-16.435979, 19.802005], [-16.436265, 19.802002], [-16.436263, 19.801731], [-16.437122, 19.801724], [-16.437124, 19.801995], [-16.436838, 19.801998], [-16.436842, 19.80254], [-16.436556, 19.802542], [-16.436561, 19.803084], [-16.436847, 19.803082], [-16.436845, 19.802811], [-16.437131, 19.802808], [-16.437126, 19.802266], [-16.437413, 19.802264], [-16.43741, 19.801993], [-16.437983, 19.801988], [-16.43799, 19.802802], [-16.438277, 19.802799], [-16.438289, 19.804154]], [[-16.44172, 19.803585], [-16.441434, 19.803587], [-16.441429, 19.803045], [-16.441715, 19.803043], [-16.44172, 19.803585]], [[-16.443149, 19.803302], [-16.442863, 19.803304], [-16.442861, 19.803033], [-16.443147, 19.803031], [-16.443149, 19.803302]], [[-16.44229, 19.803309], [-16.442004, 19.803311], [-16.442002, 19.80304], [-16.442288, 19.803038], [-16.44229, 19.803309]], [[-16.444292, 19.803022], [-16.444006, 19.803024], [-16.444001, 19.802482], [-16.444287, 19.80248], [-16.444292, 19.803022]], [[-16.442574, 19.803036], [-16.442288, 19.803038], [-16.442283, 19.802496], [-16.441997, 19.802498], [-16.441994, 19.802227], [-16.442281, 19.802225], [-16.442278, 19.801954], [-16.441992, 19.801956], [-16.441989, 19.801685], [-16.441703, 19.801687], [-16.441701, 19.801416], [-16.441987, 19.801414], [-16.441985, 19.801143], [-16.44313, 19.801134], [-16.443132, 19.801405], [-16.443705, 19.8014], [-16.44371, 19.801942], [-16.443424, 19.801945], [-16.443426, 19.802216], [-16.44314, 19.802218], [-16.443137, 19.801947], [-16.442851, 19.801949], [-16.442856, 19.802491], [-16.442569, 19.802494], [-16.442574, 19.803036]], [[-16.439133, 19.802521], [-16.438847, 19.802524], [-16.438844, 19.802253], [-16.439131, 19.80225], [-16.439133, 19.802521]], [[-16.44543, 19.802199], [-16.445144, 19.802202], [-16.445142, 19.801931], [-16.445428, 19.801928], [-16.44543, 19.802199]], [[-16.443999, 19.802211], [-16.443712, 19.802213], [-16.44371, 19.801942], [-16.443996, 19.80194], [-16.443999, 19.802211]], [[-16.438844, 19.802253], [-16.438558, 19.802255], [-16.438556, 19.801984], [-16.438842, 19.801982], [-16.438844, 19.802253]], [[-16.435408, 19.80228], [-16.435122, 19.802283], [-16.435107, 19.800656], [-16.436253, 19.800647], [-16.436255, 19.800918], [-16.436542, 19.800916], [-16.436546, 19.801458], [-16.43626, 19.80146], [-16.436258, 19.801189], [-16.435685, 19.801194], [-16.435692, 19.802007], [-16.435406, 19.802009], [-16.435408, 19.80228]], [[-16.439128, 19.801979], [-16.438842, 19.801982], [-16.43884, 19.801711], [-16.439126, 19.801708], [-16.439128, 19.801979]], [[-16.444853, 19.801662], [-16.443994, 19.801669], [-16.443986, 19.800856], [-16.444559, 19.800851], [-16.444562, 19.801122], [-16.444848, 19.80112], [-16.444853, 19.801662]], [[-16.43884, 19.801711], [-16.438553, 19.801713], [-16.438551, 19.801442], [-16.438837, 19.80144], [-16.43884, 19.801711]], [[-16.445993, 19.801111], [-16.445707, 19.801113], [-16.4457, 19.8003], [-16.445986, 19.800298], [-16.445993, 19.801111]], [[-16.443416, 19.801132], [-16.44313, 19.801134], [-16.443125, 19.800592], [-16.443411, 19.80059], [-16.443416, 19.801132]], [[-16.440266, 19.801157], [-16.43998, 19.801159], [-16.439975, 19.800617], [-16.440262, 19.800615], [-16.440266, 19.801157]], [[-16.442555, 19.800867], [-16.441982, 19.800872], [-16.44198, 19.800601], [-16.442266, 19.800599], [-16.442259, 19.799786], [-16.442545, 19.799783], [-16.44255, 19.800325], [-16.443123, 19.800321], [-16.443125, 19.800592], [-16.442552, 19.800596], [-16.442555, 19.800867]], [[-16.439975, 19.800617], [-16.439689, 19.80062], [-16.439682, 19.799806], [-16.439968, 19.799804], [-16.43997, 19.800075], [-16.440257, 19.800073], [-16.440259, 19.800344], [-16.439973, 19.800346], [-16.439975, 19.800617]], [[-16.439682, 19.799806], [-16.439109, 19.799811], [-16.439106, 19.79954], [-16.439679, 19.799535], [-16.439682, 19.799806]], [[-16.44569, 19.799216], [-16.445404, 19.799218], [-16.445396, 19.798405], [-16.444823, 19.79841], [-16.444821, 19.798139], [-16.44568, 19.798132], [-16.445685, 19.798674], [-16.445971, 19.798672], [-16.445974, 19.798943], [-16.445687, 19.798945], [-16.44569, 19.799216]], [[-16.441965, 19.798975], [-16.441679, 19.798977], [-16.441676, 19.798706], [-16.44139, 19.798709], [-16.441387, 19.798438], [-16.441101, 19.79844], [-16.441099, 19.798169], [-16.441671, 19.798164], [-16.441674, 19.798435], [-16.44196, 19.798433], [-16.441965, 19.798975]], [[-16.440242, 19.798447], [-16.439956, 19.798449], [-16.439953, 19.798178], [-16.44024, 19.798176], [-16.440242, 19.798447]], [[-16.44708, 19.794597], [-16.446794, 19.794599], [-16.446791, 19.794328], [-16.447077, 19.794326], [-16.44708, 19.794597]], [[-16.445935, 19.794606], [-16.445648, 19.794609], [-16.445646, 19.794338], [-16.445932, 19.794335], [-16.445935, 19.794606]], [[-16.443903, 19.791641], [-16.443617, 19.791644], [-16.443615, 19.791373], [-16.443901, 19.79137], [-16.443903, 19.791641]], [[-16.444474, 19.791366], [-16.444187, 19.791368], [-16.44418, 19.790555], [-16.444753, 19.79055], [-16.444757, 19.791092], [-16.444471, 19.791095], [-16.444474, 19.791366]], [[-16.445039, 19.790548], [-16.444753, 19.79055], [-16.44475, 19.790279], [-16.445036, 19.790277], [-16.445039, 19.790548]]]}, "properties": {"layer": "meadow", "year": 2026, "sat": "S2B", "date": "2026-06-05", "area_ha": 230.94}}, {"type": "Feature", "geometry": {"type": "Polygon", "coordinates": [[[-16.311918, 19.794556], [-16.311914, 19.794014], [-16.311628, 19.794016], [-16.311623, 19.793474], [-16.311337, 19.793476], [-16.311335, 19.793205], [-16.311048, 19.793207], [-16.311044, 19.792665], [-16.311903, 19.792659], [-16.311901, 19.792388], [-16.312187, 19.792386], [-16.312178, 19.791302], [-16.313323, 19.791293], [-16.313321, 19.791022], [-16.313035, 19.791024], [-16.313033, 19.790753], [-16.313319, 19.790751], [-16.313317, 19.79048], [-16.312171, 19.790488], [-16.312174, 19.79076], [-16.311887, 19.790762], [-16.31189, 19.791033], [-16.311603, 19.791035], [-16.311605, 19.791306], [-16.311319, 19.791308], [-16.311321, 19.791579], [-16.311035, 19.791581], [-16.311037, 19.791852], [-16.310178, 19.791858], [-16.310174, 19.791316], [-16.31046, 19.791314], [-16.310453, 19.790501], [-16.310167, 19.790503], [-16.310165, 19.790232], [-16.310451, 19.79023], [-16.310449, 19.789959], [-16.310163, 19.789961], [-16.31016, 19.78969], [-16.309874, 19.789692], [-16.309881, 19.790505], [-16.309594, 19.790507], [-16.309599, 19.791049], [-16.309312, 19.791052], [-16.309315, 19.791323], [-16.309028, 19.791325], [-16.309031, 19.791596], [-16.308744, 19.791598], [-16.308742, 19.791327], [-16.308169, 19.791331], [-16.308172, 19.791602], [-16.308458, 19.7916], [-16.30846, 19.791871], [-16.308174, 19.791873], [-16.308176, 19.792144], [-16.308462, 19.792142], [-16.308467, 19.792684], [-16.308753, 19.792682], [-16.30876, 19.793495], [-16.310478, 19.793482], [-16.31048, 19.793754], [-16.310766, 19.793751], [-16.310769, 19.794022], [-16.311055, 19.79402], [-16.311059, 19.794562], [-16.311918, 19.794556]]]}, "properties": {"layer": "meadow", "year": 2026, "sat": "S2B", "date": "2026-06-05", "area_ha": 11.16}}, {"type": "Feature", "geometry": {"type": "Polygon", "coordinates": [[[-16.444168, 19.7892], [-16.444165, 19.788929], [-16.444738, 19.788924], [-16.444735, 19.788653], [-16.44359, 19.788662], [-16.443593, 19.788933], [-16.443306, 19.788936], [-16.443309, 19.789207], [-16.444168, 19.7892]]]}, "properties": {"layer": "meadow", "year": 2026, "sat": "S2B", "date": "2026-06-05", "area_ha": 0.63}}, {"type": "Feature", "geometry": {"type": "Polygon", "coordinates": [[[-16.442739, 19.789482], [-16.442736, 19.789211], [-16.443022, 19.789209], [-16.44302, 19.788938], [-16.442734, 19.78894], [-16.442729, 19.788398], [-16.443015, 19.788396], [-16.44301, 19.787854], [-16.442724, 19.787856], [-16.442726, 19.788127], [-16.44244, 19.78813], [-16.442452, 19.789485], [-16.442739, 19.789482]]]}, "properties": {"layer": "meadow", "year": 2026, "sat": "S2B", "date": "2026-06-05", "area_ha": 0.72}}, {"type": "Feature", "geometry": {"type": "Polygon", "coordinates": [[[-16.44416, 19.788387], [-16.444158, 19.788116], [-16.443872, 19.788118], [-16.443867, 19.787576], [-16.44358, 19.787578], [-16.443583, 19.787849], [-16.443297, 19.787852], [-16.443301, 19.788394], [-16.44416, 19.788387]]]}, "properties": {"layer": "meadow", "year": 2026, "sat": "S2B", "date": "2026-06-05", "area_ha": 0.54}}, {"type": "Feature", "geometry": {"type": "Polygon", "coordinates": [[[-16.444412, 19.78459], [-16.44441, 19.784319], [-16.444124, 19.784321], [-16.444119, 19.783779], [-16.443546, 19.783784], [-16.443544, 19.783513], [-16.442971, 19.783518], [-16.442974, 19.783789], [-16.442687, 19.783791], [-16.442692, 19.784333], [-16.442978, 19.784331], [-16.442976, 19.78406], [-16.443549, 19.784055], [-16.443551, 19.784326], [-16.443837, 19.784324], [-16.44384, 19.784595], [-16.444412, 19.78459]]]}, "properties": {"layer": "meadow", "year": 2026, "sat": "S2B", "date": "2026-06-05", "area_ha": 1.08}}, {"type": "Feature", "geometry": {"type": "Polygon", "coordinates": [[[-16.447305, 19.787819], [-16.447288, 19.785922], [-16.447574, 19.78592], [-16.447572, 19.785649], [-16.447285, 19.785651], [-16.447283, 19.78538], [-16.446997, 19.785382], [-16.446992, 19.78484], [-16.447278, 19.784838], [-16.447276, 19.784567], [-16.446703, 19.784572], [-16.446696, 19.783758], [-16.446409, 19.783761], [-16.446404, 19.783219], [-16.445832, 19.783223], [-16.445829, 19.782952], [-16.446116, 19.78295], [-16.446113, 19.782679], [-16.445827, 19.782681], [-16.445824, 19.78241], [-16.445538, 19.782413], [-16.445541, 19.782684], [-16.445254, 19.782686], [-16.445257, 19.782957], [-16.445543, 19.782955], [-16.445545, 19.783226], [-16.444973, 19.78323], [-16.444975, 19.783501], [-16.445262, 19.783499], [-16.445264, 19.78377], [-16.44555, 19.783768], [-16.44556, 19.784852], [-16.445846, 19.78485], [-16.445849, 19.785121], [-16.445276, 19.785125], [-16.445279, 19.785396], [-16.445565, 19.785394], [-16.445568, 19.785665], [-16.44614, 19.78566], [-16.446147, 19.786473], [-16.446434, 19.786471], [-16.446436, 19.786742], [-16.446723, 19.78674], [-16.446727, 19.787282], [-16.445868, 19.787289], [-16.445871, 19.78756], [-16.446157, 19.787557], [-16.44616, 19.787828], [-16.446446, 19.787826], [-16.446444, 19.787555], [-16.447016, 19.78755], [-16.447019, 19.787821], [-16.447305, 19.787819]], [[-16.44672, 19.786469], [-16.446434, 19.786471], [-16.446431, 19.7862], [-16.446718, 19.786198], [-16.44672, 19.786469]], [[-16.446426, 19.785658], [-16.44614, 19.78566], [-16.446138, 19.785389], [-16.446424, 19.785387], [-16.446426, 19.785658]]]}, "properties": {"layer": "meadow", "year": 2026, "sat": "S2B", "date": "2026-06-05", "area_ha": 6.57}}, {"type": "Feature", "geometry": {"type": "Polygon", "coordinates": [[[-16.446397, 19.782406], [-16.446395, 19.782135], [-16.446967, 19.78213], [-16.446965, 19.781859], [-16.446678, 19.781861], [-16.446676, 19.78159], [-16.445817, 19.781597], [-16.445822, 19.782139], [-16.446108, 19.782137], [-16.446111, 19.782408], [-16.446397, 19.782406]]]}, "properties": {"layer": "meadow", "year": 2026, "sat": "S2B", "date": "2026-06-05", "area_ha": 0.72}}, {"type": "Feature", "geometry": {"type": "Polygon", "coordinates": [[[-16.442183, 19.791384], [-16.442181, 19.791113], [-16.442467, 19.791111], [-16.44246, 19.790298], [-16.442173, 19.7903], [-16.442168, 19.789758], [-16.441882, 19.78976], [-16.441877, 19.789218], [-16.442163, 19.789216], [-16.442161, 19.788945], [-16.441875, 19.788947], [-16.44187, 19.788405], [-16.442156, 19.788403], [-16.442149, 19.78759], [-16.442721, 19.787585], [-16.442717, 19.787043], [-16.443003, 19.787041], [-16.443, 19.78677], [-16.442714, 19.786772], [-16.442704, 19.785688], [-16.442132, 19.785693], [-16.442124, 19.78488], [-16.441838, 19.784882], [-16.441836, 19.784611], [-16.441549, 19.784613], [-16.441547, 19.784342], [-16.44212, 19.784338], [-16.442117, 19.784067], [-16.442403, 19.784064], [-16.442399, 19.783522], [-16.441826, 19.783527], [-16.441823, 19.783256], [-16.442396, 19.783251], [-16.442391, 19.782709], [-16.442105, 19.782711], [-16.442102, 19.78244], [-16.441244, 19.782447], [-16.441246, 19.782718], [-16.44096, 19.782721], [-16.440965, 19.783263], [-16.440678, 19.783265], [-16.440681, 19.783536], [-16.440394, 19.783538], [-16.440399, 19.78408], [-16.440113, 19.784083], [-16.44011, 19.783812], [-16.439252, 19.783819], [-16.439254, 19.78409], [-16.438968, 19.784092], [-16.438963, 19.78355], [-16.438676, 19.783552], [-16.438669, 19.782739], [-16.438383, 19.782741], [-16.438376, 19.781928], [-16.438662, 19.781926], [-16.438659, 19.781655], [-16.437514, 19.781664], [-16.437517, 19.781935], [-16.43723, 19.781938], [-16.437238, 19.782751], [-16.436951, 19.782753], [-16.436954, 19.783024], [-16.436667, 19.783026], [-16.436675, 19.783839], [-16.437247, 19.783835], [-16.437252, 19.784377], [-16.436966, 19.784379], [-16.436963, 19.784108], [-16.436677, 19.78411], [-16.436684, 19.784923], [-16.437257, 19.784919], [-16.437255, 19.784648], [-16.437541, 19.784645], [-16.437543, 19.784916], [-16.43783, 19.784914], [-16.437832, 19.785185], [-16.437546, 19.785187], [-16.437548, 19.785459], [-16.437835, 19.785456], [-16.437839, 19.785998], [-16.437267, 19.786003], [-16.437259, 19.78519], [-16.436401, 19.785197], [-16.436405, 19.785739], [-16.436692, 19.785736], [-16.436697, 19.786278], [-16.436983, 19.786276], [-16.43699, 19.787089], [-16.437277, 19.787087], [-16.437286, 19.788171], [-16.437, 19.788173], [-16.437005, 19.788715], [-16.437291, 19.788713], [-16.437296, 19.789255], [-16.437582, 19.789253], [-16.43758, 19.788982], [-16.437866, 19.788979], [-16.437864, 19.788708], [-16.439295, 19.788697], [-16.439298, 19.788968], [-16.439584, 19.788966], [-16.439582, 19.788695], [-16.439868, 19.788692], [-16.439875, 19.789505], [-16.439589, 19.789508], [-16.439591, 19.789779], [-16.439878, 19.789776], [-16.439887, 19.79086], [-16.439601, 19.790863], [-16.439604, 19.791134], [-16.440176, 19.791129], [-16.440179, 19.7914], [-16.441038, 19.791393], [-16.441035, 19.791122], [-16.441322, 19.79112], [-16.441324, 19.791391], [-16.442183, 19.791384]], [[-16.441892, 19.790844], [-16.441319, 19.790849], [-16.441312, 19.790036], [-16.441598, 19.790034], [-16.441596, 19.789763], [-16.441882, 19.78976], [-16.441892, 19.790844]], [[-16.439004, 19.788157], [-16.438718, 19.78816], [-16.438713, 19.787617], [-16.438427, 19.78762], [-16.438424, 19.787349], [-16.438711, 19.787346], [-16.438708, 19.787075], [-16.438994, 19.787073], [-16.43899, 19.786531], [-16.439276, 19.786529], [-16.439281, 19.787071], [-16.439567, 19.787069], [-16.439569, 19.78734], [-16.439283, 19.787342], [-16.439288, 19.787884], [-16.439002, 19.787886], [-16.439004, 19.788157]], [[-16.441576, 19.787594], [-16.44129, 19.787597], [-16.441287, 19.787326], [-16.441574, 19.787323], [-16.441576, 19.787594]], [[-16.442433, 19.787316], [-16.442146, 19.787319], [-16.442144, 19.787048], [-16.44243, 19.787045], [-16.442433, 19.787316]], [[-16.441858, 19.78705], [-16.441571, 19.787052], [-16.441566, 19.78651], [-16.441853, 19.786508], [-16.441858, 19.78705]], [[-16.441566, 19.78651], [-16.44128, 19.786513], [-16.441278, 19.786242], [-16.441564, 19.786239], [-16.441566, 19.78651]], [[-16.442137, 19.786235], [-16.441564, 19.786239], [-16.441562, 19.785968], [-16.441848, 19.785966], [-16.441845, 19.785695], [-16.442132, 19.785693], [-16.442137, 19.786235]], [[-16.441841, 19.785153], [-16.441554, 19.785155], [-16.441552, 19.784884], [-16.441838, 19.784882], [-16.441841, 19.785153]], [[-16.440979, 19.784889], [-16.440693, 19.784891], [-16.44069, 19.78462], [-16.440977, 19.784618], [-16.440979, 19.784889]], [[-16.441263, 19.784615], [-16.440977, 19.784618], [-16.440972, 19.784076], [-16.441258, 19.784073], [-16.441263, 19.784615]], [[-16.44069, 19.78462], [-16.440404, 19.784622], [-16.440402, 19.784351], [-16.440688, 19.784349], [-16.44069, 19.78462]], [[-16.441831, 19.784069], [-16.441258, 19.784073], [-16.441253, 19.783531], [-16.441826, 19.783527], [-16.441831, 19.784069]], [[-16.438681, 19.784094], [-16.438395, 19.784096], [-16.438393, 19.783825], [-16.438679, 19.783823], [-16.438681, 19.784094]], [[-16.438393, 19.783825], [-16.438106, 19.783828], [-16.438104, 19.783557], [-16.43839, 19.783554], [-16.438393, 19.783825]], [[-16.441535, 19.782987], [-16.441248, 19.782989], [-16.441246, 19.782718], [-16.441532, 19.782716], [-16.441535, 19.782987]]]}, "properties": {"layer": "meadow", "year": 2026, "sat": "S2B", "date": "2026-06-05", "area_ha": 39.78}}, {"type": "Feature", "geometry": {"type": "Polygon", "coordinates": [[[-16.440389, 19.782996], [-16.440387, 19.782725], [-16.440673, 19.782723], [-16.440666, 19.78191], [-16.44038, 19.781912], [-16.440377, 19.781641], [-16.440091, 19.781643], [-16.440089, 19.781372], [-16.439802, 19.781375], [-16.439805, 19.781646], [-16.439518, 19.781648], [-16.439526, 19.782461], [-16.439239, 19.782463], [-16.439242, 19.782734], [-16.438955, 19.782737], [-16.438958, 19.783008], [-16.440389, 19.782996]], [[-16.440387, 19.782725], [-16.439814, 19.78273], [-16.43981, 19.782188], [-16.440382, 19.782183], [-16.440387, 19.782725]]]}, "properties": {"layer": "meadow", "year": 2026, "sat": "S2B", "date": "2026-06-05", "area_ha": 1.62}}, {"type": "Feature", "geometry": {"type": "Polygon", "coordinates": [[[-16.446674, 19.781319], [-16.446669, 19.780777], [-16.44581, 19.780784], [-16.445807, 19.780513], [-16.446094, 19.780511], [-16.446091, 19.78024], [-16.445519, 19.780244], [-16.445521, 19.780515], [-16.444948, 19.78052], [-16.444951, 19.780791], [-16.445523, 19.780787], [-16.445526, 19.781058], [-16.44524, 19.78106], [-16.445242, 19.781331], [-16.446674, 19.781319]]]}, "properties": {"layer": "meadow", "year": 2026, "sat": "S2B", "date": "2026-06-05", "area_ha": 1.26}}, {"type": "Feature", "geometry": {"type": "Polygon", "coordinates": [[[-16.442961, 19.782433], [-16.442949, 19.781078], [-16.442663, 19.781081], [-16.44266, 19.78081], [-16.442374, 19.780812], [-16.442372, 19.780541], [-16.442085, 19.780543], [-16.442083, 19.780272], [-16.441797, 19.780275], [-16.441794, 19.780004], [-16.441508, 19.780006], [-16.44151, 19.780277], [-16.441224, 19.780279], [-16.441226, 19.78055], [-16.44094, 19.780552], [-16.440943, 19.780823], [-16.441229, 19.780821], [-16.441231, 19.781092], [-16.441804, 19.781088], [-16.441801, 19.780817], [-16.442088, 19.780814], [-16.44209, 19.781085], [-16.442377, 19.781083], [-16.442379, 19.781354], [-16.442093, 19.781356], [-16.442095, 19.781627], [-16.442381, 19.781625], [-16.442386, 19.782167], [-16.442673, 19.782165], [-16.442675, 19.782436], [-16.442961, 19.782433]], [[-16.441801, 19.780817], [-16.441515, 19.780819], [-16.441513, 19.780548], [-16.441799, 19.780546], [-16.441801, 19.780817]]]}, "properties": {"layer": "meadow", "year": 2026, "sat": "S2B", "date": "2026-06-05", "area_ha": 1.98}}, {"type": "Feature", "geometry": {"type": "Polygon", "coordinates": [[[-16.437512, 19.781393], [-16.437509, 19.781122], [-16.438082, 19.781118], [-16.438077, 19.780576], [-16.438363, 19.780573], [-16.438368, 19.781115], [-16.438655, 19.781113], [-16.438652, 19.780842], [-16.439511, 19.780835], [-16.439513, 19.781106], [-16.4398, 19.781104], [-16.439797, 19.780833], [-16.440084, 19.78083], [-16.440086, 19.781101], [-16.440372, 19.781099], [-16.440365, 19.780286], [-16.439506, 19.780293], [-16.439509, 19.780564], [-16.439222, 19.780566], [-16.43922, 19.780295], [-16.438647, 19.7803], [-16.438645, 19.780029], [-16.438072, 19.780033], [-16.438067, 19.779491], [-16.437495, 19.779496], [-16.437507, 19.780851], [-16.437221, 19.780853], [-16.437225, 19.781395], [-16.437512, 19.781393]], [[-16.438075, 19.780304], [-16.437788, 19.780307], [-16.437786, 19.780036], [-16.438072, 19.780033], [-16.438075, 19.780304]]]}, "properties": {"layer": "meadow", "year": 2026, "sat": "S2B", "date": "2026-06-05", "area_ha": 2.88}}, {"type": "Feature", "geometry": {"type": "Polygon", "coordinates": [[[-16.314429, 19.786406], [-16.314427, 19.786135], [-16.315286, 19.786129], [-16.315283, 19.785858], [-16.315856, 19.785854], [-16.315854, 19.785582], [-16.31614, 19.78558], [-16.316142, 19.785851], [-16.316715, 19.785847], [-16.316711, 19.785305], [-16.316138, 19.785309], [-16.316133, 19.784767], [-16.31642, 19.784765], [-16.316418, 19.784494], [-16.316704, 19.784492], [-16.316699, 19.78395], [-16.316413, 19.783952], [-16.316409, 19.78341], [-16.316122, 19.783412], [-16.316125, 19.783683], [-16.315838, 19.783685], [-16.315834, 19.783143], [-16.31612, 19.783141], [-16.316118, 19.78287], [-16.315831, 19.782872], [-16.315829, 19.782601], [-16.315543, 19.782603], [-16.315541, 19.782332], [-16.315827, 19.78233], [-16.315825, 19.782059], [-16.315538, 19.782061], [-16.315536, 19.78179], [-16.315823, 19.781788], [-16.31582, 19.781517], [-16.316393, 19.781513], [-16.316386, 19.7807], [-16.3161, 19.780702], [-16.316102, 19.780973], [-16.315816, 19.780975], [-16.315814, 19.780704], [-16.315241, 19.780708], [-16.315239, 19.780437], [-16.314666, 19.780441], [-16.314664, 19.78017], [-16.313805, 19.780177], [-16.313809, 19.780719], [-16.313523, 19.780721], [-16.313525, 19.780992], [-16.312953, 19.780996], [-16.312957, 19.781538], [-16.312384, 19.781542], [-16.312387, 19.781813], [-16.3121, 19.781815], [-16.312105, 19.782357], [-16.311818, 19.78236], [-16.311823, 19.782902], [-16.311537, 19.782904], [-16.311539, 19.783175], [-16.311252, 19.783177], [-16.31125, 19.782906], [-16.310105, 19.782914], [-16.310096, 19.78183], [-16.30981, 19.781832], [-16.309812, 19.782103], [-16.309526, 19.782105], [-16.309532, 19.782918], [-16.309246, 19.78292], [-16.309259, 19.784547], [-16.308973, 19.784549], [-16.308975, 19.78482], [-16.309261, 19.784818], [-16.309268, 19.785631], [-16.309554, 19.785629], [-16.309559, 19.786171], [-16.309845, 19.786169], [-16.309847, 19.78644], [-16.310706, 19.786433], [-16.310704, 19.786162], [-16.310991, 19.78616], [-16.310988, 19.785889], [-16.311847, 19.785883], [-16.311852, 19.786425], [-16.312711, 19.786419], [-16.312709, 19.786148], [-16.313854, 19.786139], [-16.313856, 19.78641], [-16.314429, 19.786406]], [[-16.310132, 19.786167], [-16.309845, 19.786169], [-16.309841, 19.785627], [-16.310127, 19.785625], [-16.310132, 19.786167]], [[-16.312134, 19.785881], [-16.311847, 19.785883], [-16.311845, 19.785612], [-16.312131, 19.78561], [-16.312134, 19.785881]], [[-16.314984, 19.784234], [-16.314125, 19.78424], [-16.31412, 19.783698], [-16.314407, 19.783696], [-16.314404, 19.783425], [-16.315263, 19.783418], [-16.315268, 19.78396], [-16.314981, 19.783963], [-16.314984, 19.784234]], [[-16.313261, 19.783704], [-16.312975, 19.783706], [-16.31297, 19.783164], [-16.313257, 19.783162], [-16.313261, 19.783704]]]}, "properties": {"layer": "meadow", "year": 2026, "sat": "S2B", "date": "2026-06-05", "area_ha": 35.37}}, {"type": "Feature", "geometry": {"type": "Polygon", "coordinates": [[[-16.314655, 19.779086], [-16.314639, 19.777189], [-16.314353, 19.777191], [-16.314355, 19.777462], [-16.314069, 19.777464], [-16.314071, 19.777735], [-16.313785, 19.777737], [-16.313787, 19.778008], [-16.31436, 19.778004], [-16.314364, 19.778546], [-16.313792, 19.77855], [-16.313794, 19.778821], [-16.314367, 19.778817], [-16.314369, 19.779088], [-16.314655, 19.779086]]]}, "properties": {"layer": "meadow", "year": 2026, "sat": "S2B", "date": "2026-06-05", "area_ha": 1.08}}, {"type": "Feature", "geometry": {"type": "Polygon", "coordinates": [[[-16.310078, 19.779662], [-16.310076, 19.779391], [-16.310362, 19.779389], [-16.31036, 19.779118], [-16.310933, 19.779113], [-16.310931, 19.778842], [-16.311503, 19.778838], [-16.311506, 19.779109], [-16.311792, 19.779107], [-16.31179, 19.778836], [-16.312362, 19.778832], [-16.31236, 19.778561], [-16.313505, 19.778552], [-16.313496, 19.777468], [-16.313783, 19.777466], [-16.313781, 19.777195], [-16.312922, 19.777201], [-16.312924, 19.777472], [-16.312638, 19.777475], [-16.312635, 19.777204], [-16.312349, 19.777206], [-16.312351, 19.777477], [-16.312065, 19.777479], [-16.312063, 19.777208], [-16.31149, 19.777212], [-16.311492, 19.777483], [-16.31092, 19.777487], [-16.310917, 19.777216], [-16.310058, 19.777222], [-16.310061, 19.777493], [-16.309774, 19.777496], [-16.309779, 19.778038], [-16.309492, 19.77804], [-16.309497, 19.778582], [-16.309211, 19.778584], [-16.309215, 19.779126], [-16.309501, 19.779124], [-16.309506, 19.779666], [-16.310078, 19.779662]]]}, "properties": {"layer": "meadow", "year": 2026, "sat": "S2B", "date": "2026-06-05", "area_ha": 7.74}}, {"type": "Feature", "geometry": {"type": "Polygon", "coordinates": [[[-16.442359, 19.779186], [-16.442357, 19.778915], [-16.442071, 19.778917], [-16.442068, 19.778646], [-16.442641, 19.778641], [-16.442638, 19.77837], [-16.442925, 19.778368], [-16.442917, 19.777555], [-16.442631, 19.777557], [-16.442636, 19.778099], [-16.44235, 19.778102], [-16.442347, 19.777831], [-16.442061, 19.777833], [-16.442059, 19.777562], [-16.442345, 19.77756], [-16.442342, 19.777289], [-16.442629, 19.777286], [-16.442624, 19.776744], [-16.442338, 19.776747], [-16.442328, 19.775663], [-16.441469, 19.775669], [-16.441471, 19.77594], [-16.442044, 19.775936], [-16.442046, 19.776207], [-16.441474, 19.776212], [-16.441479, 19.776754], [-16.44062, 19.77676], [-16.440622, 19.777031], [-16.440908, 19.777029], [-16.440921, 19.778384], [-16.440634, 19.778387], [-16.440639, 19.778929], [-16.440926, 19.778926], [-16.440923, 19.778655], [-16.441496, 19.778651], [-16.441493, 19.77838], [-16.44178, 19.778377], [-16.441784, 19.778919], [-16.441212, 19.778924], [-16.441214, 19.779195], [-16.442359, 19.779186]], [[-16.441775, 19.777835], [-16.441202, 19.77784], [-16.4412, 19.777569], [-16.441772, 19.777564], [-16.441775, 19.777835]], [[-16.442059, 19.777562], [-16.441772, 19.777564], [-16.44177, 19.777293], [-16.442056, 19.777291], [-16.442059, 19.777562]]]}, "properties": {"layer": "meadow", "year": 2026, "sat": "S2B", "date": "2026-06-05", "area_ha": 4.95}}, {"type": "Feature", "geometry": {"type": "Polygon", "coordinates": [[[-16.264241, 19.776739], [-16.264239, 19.776468], [-16.264811, 19.776464], [-16.264809, 19.776193], [-16.265096, 19.776191], [-16.265093, 19.77592], [-16.26538, 19.775918], [-16.265378, 19.775647], [-16.26595, 19.775643], [-16.265948, 19.775372], [-16.266521, 19.775368], [-16.266519, 19.775097], [-16.266805, 19.775095], [-16.266803, 19.774823], [-16.267089, 19.774821], [-16.267087, 19.77455], [-16.267373, 19.774548], [-16.267371, 19.774277], [-16.267944, 19.774273], [-16.267942, 19.774002], [-16.267655, 19.774004], [-16.267653, 19.773733], [-16.267081, 19.773737], [-16.267083, 19.774008], [-16.26651, 19.774012], [-16.266508, 19.773741], [-16.265935, 19.773745], [-16.265937, 19.774016], [-16.265651, 19.774018], [-16.265655, 19.774561], [-16.265083, 19.774565], [-16.265085, 19.774836], [-16.264799, 19.774838], [-16.264801, 19.775109], [-16.264228, 19.775113], [-16.26423, 19.775384], [-16.263658, 19.775388], [-16.263664, 19.776201], [-16.263378, 19.776203], [-16.26338, 19.776474], [-16.263952, 19.77647], [-16.263955, 19.776741], [-16.264241, 19.776739]], [[-16.265662, 19.775374], [-16.265375, 19.775376], [-16.265373, 19.775105], [-16.265087, 19.775107], [-16.265085, 19.774836], [-16.265944, 19.77483], [-16.265946, 19.775101], [-16.26566, 19.775103], [-16.265662, 19.775374]], [[-16.266226, 19.774285], [-16.26594, 19.774287], [-16.265937, 19.774016], [-16.266224, 19.774014], [-16.266226, 19.774285]]]}, "properties": {"layer": "meadow", "year": 2026, "sat": "S2B", "date": "2026-06-05", "area_ha": 5.4}}, {"type": "Feature", "geometry": {"type": "Polygon", "coordinates": [[[-16.312618, 19.775035], [-16.312615, 19.774764], [-16.313188, 19.77476], [-16.313186, 19.774489], [-16.313472, 19.774487], [-16.313465, 19.773674], [-16.313752, 19.773672], [-16.313749, 19.773401], [-16.313463, 19.773403], [-16.313456, 19.77259], [-16.31317, 19.772592], [-16.313168, 19.772321], [-16.312882, 19.772323], [-16.312884, 19.772594], [-16.312598, 19.772596], [-16.312602, 19.773138], [-16.312316, 19.77314], [-16.312318, 19.773411], [-16.311745, 19.773415], [-16.311747, 19.773686], [-16.311461, 19.773688], [-16.311466, 19.774231], [-16.311179, 19.774233], [-16.311182, 19.774504], [-16.311754, 19.774499], [-16.311756, 19.77477], [-16.312043, 19.774768], [-16.312045, 19.775039], [-16.312618, 19.775035]]]}, "properties": {"layer": "meadow", "year": 2026, "sat": "S2B", "date": "2026-06-05", "area_ha": 4.23}}, {"type": "Feature", "geometry": {"type": "Polygon", "coordinates": [[[-16.335225, 19.773513], [-16.33522, 19.772971], [-16.334934, 19.772973], [-16.334925, 19.771889], [-16.335211, 19.771886], [-16.335218, 19.7727], [-16.335504, 19.772697], [-16.335507, 19.772968], [-16.335793, 19.772966], [-16.335791, 19.772695], [-16.337222, 19.772685], [-16.33722, 19.772414], [-16.337793, 19.772409], [-16.337786, 19.771596], [-16.338072, 19.771594], [-16.33807, 19.771323], [-16.338356, 19.771321], [-16.338349, 19.770508], [-16.337777, 19.770512], [-16.337774, 19.770241], [-16.337488, 19.770243], [-16.337486, 19.769972], [-16.3372, 19.769974], [-16.337197, 19.769703], [-16.336625, 19.769707], [-16.336629, 19.77025], [-16.336343, 19.770252], [-16.336345, 19.770523], [-16.335773, 19.770527], [-16.335775, 19.770798], [-16.335202, 19.770802], [-16.335204, 19.771073], [-16.334918, 19.771075], [-16.33492, 19.771347], [-16.334634, 19.771349], [-16.334636, 19.77162], [-16.33435, 19.771622], [-16.334352, 19.771893], [-16.334066, 19.771895], [-16.334068, 19.772166], [-16.333782, 19.772168], [-16.333786, 19.77271], [-16.3335, 19.772712], [-16.333502, 19.772983], [-16.333216, 19.772986], [-16.333214, 19.772714], [-16.332928, 19.772717], [-16.332923, 19.772175], [-16.33235, 19.772179], [-16.332348, 19.771908], [-16.332062, 19.77191], [-16.33206, 19.771639], [-16.331773, 19.771641], [-16.331771, 19.77137], [-16.331485, 19.771372], [-16.331483, 19.771101], [-16.33091, 19.771105], [-16.330917, 19.771918], [-16.331203, 19.771916], [-16.331207, 19.772458], [-16.331494, 19.772456], [-16.331496, 19.772727], [-16.332069, 19.772723], [-16.332071, 19.772994], [-16.33293, 19.772988], [-16.332932, 19.773259], [-16.334364, 19.773248], [-16.334366, 19.773519], [-16.335225, 19.773513]], [[-16.335784, 19.771882], [-16.335211, 19.771886], [-16.335209, 19.771615], [-16.335495, 19.771613], [-16.335493, 19.771342], [-16.335779, 19.77134], [-16.335784, 19.771882]]]}, "properties": {"layer": "meadow", "year": 2026, "sat": "S2B", "date": "2026-06-05", "area_ha": 12.96}}, {"type": "Feature", "geometry": {"type": "Polygon", "coordinates": [[[-16.276527, 19.773399], [-16.276525, 19.773128], [-16.277097, 19.773124], [-16.277093, 19.772582], [-16.277666, 19.772578], [-16.277663, 19.772307], [-16.27795, 19.772305], [-16.277948, 19.772034], [-16.278234, 19.772032], [-16.278232, 19.771761], [-16.277945, 19.771763], [-16.277941, 19.771221], [-16.277655, 19.771223], [-16.277653, 19.770952], [-16.277939, 19.770949], [-16.277935, 19.770407], [-16.277648, 19.770409], [-16.277646, 19.770138], [-16.277073, 19.770142], [-16.277076, 19.770414], [-16.276789, 19.770416], [-16.276794, 19.770958], [-16.276507, 19.77096], [-16.27651, 19.771231], [-16.276796, 19.771229], [-16.276802, 19.772042], [-16.276516, 19.772044], [-16.276518, 19.772315], [-16.275946, 19.772319], [-16.275948, 19.77259], [-16.275661, 19.772592], [-16.275666, 19.773134], [-16.275952, 19.773132], [-16.275954, 19.773403], [-16.276527, 19.773399]]]}, "properties": {"layer": "meadow", "year": 2026, "sat": "S2B", "date": "2026-06-05", "area_ha": 4.5}}, {"type": "Feature", "geometry": {"type": "Polygon", "coordinates": [[[-16.330331, 19.770297], [-16.330326, 19.769754], [-16.33004, 19.769757], [-16.330038, 19.769486], [-16.329179, 19.769492], [-16.329176, 19.769221], [-16.32889, 19.769223], [-16.328892, 19.769494], [-16.328606, 19.769496], [-16.328608, 19.769767], [-16.329181, 19.769763], [-16.329183, 19.770034], [-16.329756, 19.77003], [-16.329758, 19.770301], [-16.330331, 19.770297]]]}, "properties": {"layer": "meadow", "year": 2026, "sat": "S2B", "date": "2026-06-05", "area_ha": 1.08}}, {"type": "Feature", "geometry": {"type": "Polygon", "coordinates": [[[-16.309404, 19.767198], [-16.309399, 19.766656], [-16.308827, 19.76666], [-16.308825, 19.766389], [-16.308252, 19.766394], [-16.308259, 19.767207], [-16.309404, 19.767198]]]}, "properties": {"layer": "meadow", "year": 2026, "sat": "S2B", "date": "2026-06-05", "area_ha": 0.9}}, {"type": "Feature", "geometry": {"type": "Polygon", "coordinates": [[[-16.343766, 19.767757], [-16.343764, 19.767486], [-16.34405, 19.767483], [-16.344048, 19.767212], [-16.344334, 19.76721], [-16.344332, 19.766939], [-16.344618, 19.766937], [-16.344616, 19.766666], [-16.344902, 19.766664], [-16.3449, 19.766393], [-16.345186, 19.766391], [-16.34517, 19.764493], [-16.344884, 19.764496], [-16.34488, 19.763954], [-16.345166, 19.763951], [-16.345161, 19.763409], [-16.344875, 19.763412], [-16.344866, 19.762327], [-16.344293, 19.762332], [-16.344296, 19.762603], [-16.343723, 19.762607], [-16.343725, 19.762878], [-16.343439, 19.76288], [-16.343441, 19.763151], [-16.3443, 19.763145], [-16.344303, 19.763416], [-16.344589, 19.763414], [-16.344593, 19.763956], [-16.342589, 19.763971], [-16.342587, 19.7637], [-16.341728, 19.763706], [-16.341726, 19.763435], [-16.34144, 19.763437], [-16.341442, 19.763708], [-16.341156, 19.76371], [-16.34116, 19.764253], [-16.341446, 19.76425], [-16.341449, 19.764521], [-16.341735, 19.764519], [-16.34174, 19.765061], [-16.342026, 19.765059], [-16.342028, 19.76533], [-16.342314, 19.765328], [-16.342317, 19.765599], [-16.342603, 19.765597], [-16.342605, 19.765868], [-16.342892, 19.765866], [-16.342889, 19.765595], [-16.343176, 19.765593], [-16.343185, 19.766677], [-16.343471, 19.766675], [-16.343473, 19.766946], [-16.343759, 19.766944], [-16.343762, 19.767215], [-16.343475, 19.767217], [-16.34348, 19.767759], [-16.343766, 19.767757]]]}, "properties": {"layer": "meadow", "year": 2026, "sat": "S2B", "date": "2026-06-05", "area_ha": 11.7}}, {"type": "Feature", "geometry": {"type": "Polygon", "coordinates": [[[-16.328315, 19.768956], [-16.328313, 19.768685], [-16.329172, 19.768679], [-16.329167, 19.768137], [-16.329454, 19.768135], [-16.329456, 19.768406], [-16.330315, 19.768399], [-16.330317, 19.76867], [-16.331749, 19.76866], [-16.331746, 19.768389], [-16.332033, 19.768386], [-16.33203, 19.768115], [-16.331744, 19.768118], [-16.33174, 19.767576], [-16.332026, 19.767573], [-16.332024, 19.767302], [-16.33231, 19.7673], [-16.332308, 19.767029], [-16.33288, 19.767025], [-16.332885, 19.767567], [-16.333171, 19.767565], [-16.333169, 19.767294], [-16.333455, 19.767292], [-16.333453, 19.767021], [-16.333739, 19.767019], [-16.333735, 19.766476], [-16.334307, 19.766472], [-16.334305, 19.766201], [-16.333732, 19.766205], [-16.333728, 19.765663], [-16.334014, 19.765661], [-16.334012, 19.76539], [-16.334298, 19.765388], [-16.334296, 19.765117], [-16.334869, 19.765113], [-16.334864, 19.764571], [-16.33515, 19.764569], [-16.335148, 19.764297], [-16.334289, 19.764304], [-16.334291, 19.764575], [-16.334005, 19.764577], [-16.333998, 19.763764], [-16.334285, 19.763762], [-16.334282, 19.763491], [-16.334569, 19.763489], [-16.334566, 19.763218], [-16.333994, 19.763222], [-16.333996, 19.763493], [-16.33371, 19.763495], [-16.333705, 19.762953], [-16.333419, 19.762955], [-16.333428, 19.764039], [-16.333142, 19.764041], [-16.333135, 19.763228], [-16.332562, 19.763233], [-16.33256, 19.762962], [-16.332274, 19.762964], [-16.332269, 19.762422], [-16.331983, 19.762424], [-16.331988, 19.762966], [-16.331701, 19.762968], [-16.331704, 19.763239], [-16.331417, 19.763241], [-16.331413, 19.762699], [-16.331699, 19.762697], [-16.331695, 19.762155], [-16.330549, 19.762163], [-16.330552, 19.762434], [-16.330838, 19.762432], [-16.33084, 19.762703], [-16.331126, 19.762701], [-16.331129, 19.762972], [-16.33027, 19.762979], [-16.330268, 19.762708], [-16.329981, 19.76271], [-16.329984, 19.762981], [-16.329697, 19.762983], [-16.329695, 19.762712], [-16.329409, 19.762714], [-16.329411, 19.762985], [-16.329125, 19.762987], [-16.329122, 19.762716], [-16.328264, 19.762722], [-16.328259, 19.76218], [-16.327973, 19.762182], [-16.327971, 19.761911], [-16.327684, 19.761914], [-16.327687, 19.762185], [-16.326828, 19.762191], [-16.32683, 19.762462], [-16.326257, 19.762466], [-16.32626, 19.762737], [-16.325401, 19.762744], [-16.325403, 19.763015], [-16.325117, 19.763017], [-16.325114, 19.762746], [-16.323969, 19.762754], [-16.323967, 19.762483], [-16.323681, 19.762485], [-16.323683, 19.762756], [-16.323397, 19.762758], [-16.323399, 19.76303], [-16.323113, 19.763032], [-16.323119, 19.763845], [-16.323406, 19.763843], [-16.32341, 19.764385], [-16.323696, 19.764383], [-16.323699, 19.764654], [-16.323985, 19.764651], [-16.323989, 19.765194], [-16.325135, 19.765185], [-16.325137, 19.765456], [-16.325423, 19.765454], [-16.325421, 19.765183], [-16.325707, 19.765181], [-16.325705, 19.76491], [-16.325991, 19.764908], [-16.325993, 19.765179], [-16.32628, 19.765177], [-16.326282, 19.765448], [-16.327427, 19.765439], [-16.327425, 19.765168], [-16.327711, 19.765166], [-16.327709, 19.764895], [-16.327995, 19.764893], [-16.328002, 19.765706], [-16.327716, 19.765708], [-16.327718, 19.765979], [-16.327432, 19.765981], [-16.327436, 19.766523], [-16.32715, 19.766525], [-16.327152, 19.766796], [-16.326866, 19.766799], [-16.32687, 19.767341], [-16.326584, 19.767343], [-16.326588, 19.767885], [-16.326875, 19.767883], [-16.326879, 19.768425], [-16.327166, 19.768423], [-16.32717, 19.768965], [-16.328315, 19.768956]], [[-16.333442, 19.765665], [-16.333155, 19.765668], [-16.333153, 19.765397], [-16.333439, 19.765394], [-16.333442, 19.765665]], [[-16.332296, 19.765674], [-16.33201, 19.765676], [-16.332008, 19.765405], [-16.332294, 19.765403], [-16.332296, 19.765674]], [[-16.328861, 19.7657], [-16.328575, 19.765702], [-16.328572, 19.765431], [-16.328286, 19.765433], [-16.328284, 19.765162], [-16.328856, 19.765157], [-16.328861, 19.7657]], [[-16.33258, 19.765401], [-16.332294, 19.765403], [-16.33229, 19.764861], [-16.332576, 19.764859], [-16.332574, 19.764588], [-16.33286, 19.764586], [-16.332864, 19.765128], [-16.332578, 19.76513], [-16.33258, 19.765401]], [[-16.327696, 19.763269], [-16.327409, 19.763271], [-16.327407, 19.763], [-16.327693, 19.762998], [-16.327696, 19.763269]]]}, "properties": {"layer": "meadow", "year": 2026, "sat": "S2B", "date": "2026-06-05", "area_ha": 54.09}}, {"type": "Feature", "geometry": {"type": "Polygon", "coordinates": [[[-16.333989, 19.76268], [-16.333987, 19.762409], [-16.334273, 19.762407], [-16.334269, 19.761865], [-16.333983, 19.761867], [-16.333985, 19.762138], [-16.333126, 19.762144], [-16.333128, 19.762415], [-16.333701, 19.762411], [-16.333703, 19.762682], [-16.333989, 19.76268]]]}, "properties": {"layer": "meadow", "year": 2026, "sat": "S2B", "date": "2026-06-05", "area_ha": 0.54}}, {"type": "Feature", "geometry": {"type": "Polygon", "coordinates": [[[-16.335141, 19.763484], [-16.335137, 19.762942], [-16.335423, 19.76294], [-16.335421, 19.762669], [-16.335993, 19.762665], [-16.335987, 19.761852], [-16.336273, 19.76185], [-16.336268, 19.761308], [-16.336841, 19.761303], [-16.336843, 19.761574], [-16.336557, 19.761576], [-16.336568, 19.762932], [-16.337141, 19.762927], [-16.337139, 19.762656], [-16.336852, 19.762658], [-16.336848, 19.762116], [-16.337134, 19.762114], [-16.337123, 19.760759], [-16.337409, 19.760757], [-16.337407, 19.760486], [-16.336834, 19.76049], [-16.336836, 19.760761], [-16.33655, 19.760763], [-16.336552, 19.761034], [-16.335407, 19.761043], [-16.335412, 19.761585], [-16.335125, 19.761587], [-16.335128, 19.761858], [-16.334555, 19.761862], [-16.334562, 19.762676], [-16.334276, 19.762678], [-16.334278, 19.762949], [-16.33485, 19.762944], [-16.334855, 19.763487], [-16.335141, 19.763484]]]}, "properties": {"layer": "meadow", "year": 2026, "sat": "S2B", "date": "2026-06-05", "area_ha": 4.23}}, {"type": "Feature", "geometry": {"type": "Polygon", "coordinates": [[[-16.340874, 19.764255], [-16.340867, 19.763442], [-16.341153, 19.763439], [-16.341151, 19.763168], [-16.341437, 19.763166], [-16.341435, 19.762895], [-16.341721, 19.762893], [-16.341724, 19.763164], [-16.342869, 19.763156], [-16.342867, 19.762884], [-16.34258, 19.762887], [-16.342578, 19.762616], [-16.342292, 19.762618], [-16.342287, 19.762076], [-16.342001, 19.762078], [-16.341999, 19.761807], [-16.341426, 19.761811], [-16.341422, 19.761269], [-16.341135, 19.761271], [-16.341133, 19.761], [-16.340847, 19.761002], [-16.340835, 19.759647], [-16.340549, 19.759649], [-16.340554, 19.760191], [-16.339981, 19.760196], [-16.339977, 19.759654], [-16.33969, 19.759656], [-16.339692, 19.759927], [-16.339406, 19.759929], [-16.339411, 19.760471], [-16.339124, 19.760473], [-16.33914, 19.76237], [-16.339427, 19.762368], [-16.339433, 19.763181], [-16.340006, 19.763177], [-16.340008, 19.763448], [-16.339722, 19.76345], [-16.339724, 19.763721], [-16.340297, 19.763717], [-16.340299, 19.763988], [-16.340585, 19.763986], [-16.340588, 19.764257], [-16.340874, 19.764255]]]}, "properties": {"layer": "meadow", "year": 2026, "sat": "S2B", "date": "2026-06-05", "area_ha": 9.81}}, {"type": "Feature", "geometry": {"type": "Polygon", "coordinates": [[[-16.496281, 19.758415], [-16.496275, 19.757873], [-16.497134, 19.757866], [-16.497129, 19.757324], [-16.496557, 19.757329], [-16.496559, 19.7576], [-16.496273, 19.757602], [-16.49627, 19.757331], [-16.495984, 19.757333], [-16.495987, 19.757604], [-16.4957, 19.757607], [-16.495708, 19.75842], [-16.496281, 19.758415]]]}, "properties": {"layer": "meadow", "year": 2026, "sat": "S2B", "date": "2026-06-05", "area_ha": 1.08}}, {"type": "Feature", "geometry": {"type": "Polygon", "coordinates": [[[-16.346827, 19.757163], [-16.346824, 19.756892], [-16.346252, 19.756896], [-16.346243, 19.755812], [-16.345957, 19.755814], [-16.345961, 19.756356], [-16.345675, 19.756358], [-16.345679, 19.7569], [-16.345393, 19.756902], [-16.345395, 19.757173], [-16.346827, 19.757163]]]}, "properties": {"layer": "meadow", "year": 2026, "sat": "S2B", "date": "2026-06-05", "area_ha": 0.99}}, {"type": "Feature", "geometry": {"type": "Polygon", "coordinates": [[[-16.27562, 19.767442], [-16.275618, 19.767171], [-16.275905, 19.767169], [-16.275898, 19.766356], [-16.276184, 19.766354], [-16.276187, 19.766625], [-16.276759, 19.766621], [-16.276755, 19.766079], [-16.277327, 19.766075], [-16.277325, 19.765804], [-16.278184, 19.765798], [-16.27818, 19.765256], [-16.277894, 19.765258], [-16.277891, 19.764987], [-16.277605, 19.764989], [-16.277603, 19.764718], [-16.278176, 19.764714], [-16.278173, 19.764442], [-16.27846, 19.76444], [-16.278457, 19.764169], [-16.278171, 19.764171], [-16.278163, 19.763087], [-16.278449, 19.763085], [-16.278445, 19.762543], [-16.278731, 19.762541], [-16.278729, 19.76227], [-16.279015, 19.762268], [-16.279011, 19.761726], [-16.279297, 19.761724], [-16.279293, 19.761182], [-16.279579, 19.76118], [-16.279572, 19.760367], [-16.279859, 19.760365], [-16.279854, 19.759823], [-16.280141, 19.75982], [-16.280136, 19.759278], [-16.280423, 19.759276], [-16.28042, 19.759005], [-16.280707, 19.759003], [-16.280705, 19.758732], [-16.280991, 19.75873], [-16.280989, 19.758459], [-16.280702, 19.758461], [-16.280689, 19.756835], [-16.280403, 19.756837], [-16.280401, 19.756566], [-16.280115, 19.756568], [-16.280113, 19.756297], [-16.279826, 19.756299], [-16.279822, 19.755757], [-16.279249, 19.755761], [-16.279252, 19.756032], [-16.278679, 19.756036], [-16.278688, 19.75712], [-16.278401, 19.757122], [-16.278403, 19.757393], [-16.278117, 19.757395], [-16.278113, 19.756853], [-16.277827, 19.756855], [-16.277829, 19.757126], [-16.277542, 19.757128], [-16.277549, 19.757942], [-16.277835, 19.75794], [-16.277837, 19.758211], [-16.277551, 19.758213], [-16.277553, 19.758484], [-16.278698, 19.758476], [-16.278701, 19.758747], [-16.278414, 19.758749], [-16.278421, 19.759562], [-16.277562, 19.759568], [-16.27756, 19.759297], [-16.277273, 19.759299], [-16.277284, 19.760654], [-16.276998, 19.760656], [-16.277002, 19.761198], [-16.27643, 19.761202], [-16.276432, 19.761473], [-16.275859, 19.761477], [-16.275861, 19.761748], [-16.275575, 19.76175], [-16.275577, 19.762022], [-16.27615, 19.762017], [-16.276148, 19.761746], [-16.276434, 19.761744], [-16.276436, 19.762015], [-16.277009, 19.762011], [-16.277011, 19.762282], [-16.276152, 19.762288], [-16.276156, 19.762831], [-16.27587, 19.762833], [-16.275872, 19.763104], [-16.275586, 19.763106], [-16.275588, 19.763377], [-16.275015, 19.763381], [-16.275018, 19.763652], [-16.274731, 19.763654], [-16.274738, 19.764467], [-16.274451, 19.764469], [-16.274458, 19.765282], [-16.274744, 19.76528], [-16.274751, 19.766093], [-16.275037, 19.766091], [-16.275043, 19.766904], [-16.274757, 19.766906], [-16.274761, 19.767448], [-16.27562, 19.767442]], [[-16.278122, 19.757938], [-16.277835, 19.75794], [-16.277833, 19.757669], [-16.278119, 19.757666], [-16.278122, 19.757938]]]}, "properties": {"layer": "meadow", "year": 2026, "sat": "S2B", "date": "2026-06-05", "area_ha": 33.66}}, {"type": "Feature", "geometry": {"type": "Polygon", "coordinates": [[[-16.345386, 19.756089], [-16.345384, 19.755818], [-16.345957, 19.755814], [-16.345952, 19.755272], [-16.345379, 19.755276], [-16.345382, 19.755547], [-16.345095, 19.755549], [-16.3451, 19.756091], [-16.345386, 19.756089]]]}, "properties": {"layer": "meadow", "year": 2026, "sat": "S2B", "date": "2026-06-05", "area_ha": 0.54}}, {"type": "Feature", "geometry": {"type": "Polygon", "coordinates": [[[-16.444998, 19.754229], [-16.444995, 19.753958], [-16.445282, 19.753955], [-16.445279, 19.753684], [-16.445565, 19.753682], [-16.445563, 19.753411], [-16.445849, 19.753409], [-16.445844, 19.752867], [-16.445272, 19.752871], [-16.445274, 19.753142], [-16.444702, 19.753147], [-16.444704, 19.753418], [-16.444418, 19.75342], [-16.444423, 19.753962], [-16.444137, 19.753965], [-16.444139, 19.754236], [-16.444998, 19.754229]]]}, "properties": {"layer": "meadow", "year": 2026, "sat": "S2B", "date": "2026-06-05", "area_ha": 1.44}}, {"type": "Feature", "geometry": {"type": "Polygon", "coordinates": [[[-16.339647, 19.754506], [-16.339643, 19.753964], [-16.339929, 19.753962], [-16.339931, 19.754233], [-16.340218, 19.754231], [-16.340213, 19.753689], [-16.339354, 19.753695], [-16.339356, 19.753966], [-16.338784, 19.75397], [-16.338786, 19.754241], [-16.3385, 19.754244], [-16.338502, 19.754515], [-16.339647, 19.754506]]]}, "properties": {"layer": "meadow", "year": 2026, "sat": "S2B", "date": "2026-06-05", "area_ha": 0.99}}, {"type": "Feature", "geometry": {"type": "Polygon", "coordinates": [[[-16.432681, 19.753515], [-16.432679, 19.753244], [-16.433251, 19.753239], [-16.433249, 19.752968], [-16.432963, 19.75297], [-16.43296, 19.752699], [-16.432388, 19.752704], [-16.432395, 19.753517], [-16.432681, 19.753515]]]}, "properties": {"layer": "meadow", "year": 2026, "sat": "S2B", "date": "2026-06-05", "area_ha": 0.54}}, {"type": "Feature", "geometry": {"type": "Polygon", "coordinates": [[[-16.464187, 19.755157], [-16.464184, 19.754886], [-16.464471, 19.754884], [-16.464468, 19.754613], [-16.464755, 19.75461], [-16.464752, 19.754339], [-16.465325, 19.754335], [-16.46532, 19.753793], [-16.465033, 19.753795], [-16.465031, 19.753524], [-16.464745, 19.753526], [-16.464742, 19.753255], [-16.464456, 19.753258], [-16.464451, 19.752715], [-16.464737, 19.752713], [-16.464735, 19.752442], [-16.464162, 19.752447], [-16.464165, 19.752718], [-16.463592, 19.752723], [-16.463595, 19.752994], [-16.462736, 19.753001], [-16.462738, 19.753272], [-16.461307, 19.753283], [-16.461315, 19.754096], [-16.461601, 19.754094], [-16.461603, 19.754365], [-16.461889, 19.754363], [-16.461894, 19.754905], [-16.462181, 19.754902], [-16.462178, 19.754631], [-16.463037, 19.754624], [-16.463039, 19.754895], [-16.463326, 19.754893], [-16.463328, 19.755164], [-16.463614, 19.755162], [-16.463612, 19.754891], [-16.463898, 19.754888], [-16.463901, 19.755159], [-16.464187, 19.755157]]]}, "properties": {"layer": "meadow", "year": 2026, "sat": "S2B", "date": "2026-06-05", "area_ha": 7.29}}, {"type": "Feature", "geometry": {"type": "Polygon", "coordinates": [[[-16.294127, 19.75457], [-16.294123, 19.754028], [-16.294982, 19.754022], [-16.294977, 19.753479], [-16.293832, 19.753488], [-16.293834, 19.753759], [-16.293548, 19.753761], [-16.29355, 19.754032], [-16.293264, 19.754034], [-16.293266, 19.754305], [-16.293552, 19.754303], [-16.293555, 19.754574], [-16.294127, 19.75457]]]}, "properties": {"layer": "meadow", "year": 2026, "sat": "S2B", "date": "2026-06-05", "area_ha": 1.26}}, {"type": "Feature", "geometry": {"type": "Polygon", "coordinates": [[[-16.477335, 19.752881], [-16.477332, 19.75261], [-16.477619, 19.752607], [-16.477616, 19.752336], [-16.477044, 19.752341], [-16.477041, 19.75207], [-16.476755, 19.752072], [-16.476757, 19.752343], [-16.476471, 19.752346], [-16.476469, 19.752075], [-16.475324, 19.752084], [-16.475321, 19.751813], [-16.474462, 19.75182], [-16.474467, 19.752362], [-16.475612, 19.752353], [-16.475615, 19.752624], [-16.476474, 19.752617], [-16.476476, 19.752888], [-16.477335, 19.752881]]]}, "properties": {"layer": "meadow", "year": 2026, "sat": "S2B", "date": "2026-06-05", "area_ha": 1.89}}, {"type": "Feature", "geometry": {"type": "Polygon", "coordinates": [[[-16.346515, 19.754183], [-16.346513, 19.753912], [-16.346799, 19.75391], [-16.346797, 19.753639], [-16.34737, 19.753635], [-16.347365, 19.753093], [-16.347651, 19.753091], [-16.347649, 19.75282], [-16.34679, 19.752826], [-16.346793, 19.753097], [-16.346506, 19.753099], [-16.346509, 19.75337], [-16.346222, 19.753373], [-16.346225, 19.753644], [-16.345938, 19.753646], [-16.345941, 19.753917], [-16.346227, 19.753915], [-16.346229, 19.754186], [-16.346515, 19.754183]]]}, "properties": {"layer": "meadow", "year": 2026, "sat": "S2B", "date": "2026-06-05", "area_ha": 1.26}}, {"type": "Feature", "geometry": {"type": "Polygon", "coordinates": [[[-16.340815, 19.757208], [-16.340813, 19.756937], [-16.341099, 19.756935], [-16.341097, 19.756664], [-16.341383, 19.756661], [-16.341378, 19.756119], [-16.341092, 19.756122], [-16.34109, 19.755851], [-16.341376, 19.755848], [-16.341374, 19.755577], [-16.34166, 19.755575], [-16.341644, 19.753678], [-16.341358, 19.75368], [-16.341356, 19.753409], [-16.341642, 19.753407], [-16.34164, 19.753136], [-16.341926, 19.753134], [-16.341924, 19.752863], [-16.341065, 19.752869], [-16.341067, 19.75314], [-16.340781, 19.753142], [-16.340783, 19.753413], [-16.34107, 19.753411], [-16.341072, 19.753682], [-16.340786, 19.753684], [-16.340788, 19.753955], [-16.340502, 19.753958], [-16.340504, 19.754229], [-16.340218, 19.754231], [-16.34022, 19.754502], [-16.339647, 19.754506], [-16.339649, 19.754777], [-16.340795, 19.754769], [-16.340797, 19.75504], [-16.339079, 19.755052], [-16.339081, 19.755323], [-16.338795, 19.755326], [-16.338793, 19.755055], [-16.33822, 19.755059], [-16.338216, 19.754517], [-16.337357, 19.754523], [-16.337359, 19.754794], [-16.337073, 19.754796], [-16.337078, 19.755338], [-16.33765, 19.755334], [-16.337652, 19.755605], [-16.33708, 19.755609], [-16.337082, 19.75588], [-16.337368, 19.755878], [-16.337371, 19.756149], [-16.338229, 19.756143], [-16.338227, 19.755872], [-16.339372, 19.755863], [-16.339375, 19.756134], [-16.339661, 19.756132], [-16.339663, 19.756403], [-16.339949, 19.756401], [-16.339954, 19.756943], [-16.34024, 19.756941], [-16.340242, 19.757212], [-16.340815, 19.757208]], [[-16.341367, 19.754764], [-16.341081, 19.754766], [-16.341076, 19.754224], [-16.341363, 19.754222], [-16.341367, 19.754764]]]}, "properties": {"layer": "meadow", "year": 2026, "sat": "S2B", "date": "2026-06-05", "area_ha": 9.36}}, {"type": "Feature", "geometry": {"type": "Polygon", "coordinates": [[[-16.34854, 19.756608], [-16.348538, 19.756337], [-16.348824, 19.756334], [-16.348822, 19.756063], [-16.349394, 19.756059], [-16.349387, 19.755246], [-16.349674, 19.755244], [-16.349669, 19.754702], [-16.350242, 19.754698], [-16.350235, 19.753884], [-16.350807, 19.75388], [-16.350803, 19.753338], [-16.351089, 19.753336], [-16.351084, 19.752794], [-16.351371, 19.752792], [-16.351362, 19.751708], [-16.351075, 19.75171], [-16.351082, 19.752523], [-16.350796, 19.752525], [-16.3508, 19.753067], [-16.350228, 19.753071], [-16.350232, 19.753613], [-16.349946, 19.753616], [-16.349951, 19.754158], [-16.349664, 19.75416], [-16.349667, 19.754431], [-16.34938, 19.754433], [-16.349383, 19.754704], [-16.349096, 19.754706], [-16.349101, 19.755248], [-16.348815, 19.75525], [-16.348817, 19.755521], [-16.348531, 19.755524], [-16.348533, 19.755795], [-16.348247, 19.755797], [-16.348251, 19.756339], [-16.347965, 19.756341], [-16.347967, 19.756612], [-16.34854, 19.756608]]]}, "properties": {"layer": "meadow", "year": 2026, "sat": "S2B", "date": "2026-06-05", "area_ha": 3.33}}, {"type": "Feature", "geometry": {"type": "Polygon", "coordinates": [[[-16.444413, 19.752878], [-16.444406, 19.752065], [-16.444692, 19.752063], [-16.44469, 19.751792], [-16.444976, 19.75179], [-16.444973, 19.751519], [-16.444115, 19.751525], [-16.444117, 19.751797], [-16.443831, 19.751799], [-16.443824, 19.750986], [-16.443537, 19.750988], [-16.443547, 19.752072], [-16.443833, 19.75207], [-16.443838, 19.752612], [-16.443552, 19.752614], [-16.443554, 19.752885], [-16.444413, 19.752878]]]}, "properties": {"layer": "meadow", "year": 2026, "sat": "S2B", "date": "2026-06-05", "area_ha": 1.53}}, {"type": "Feature", "geometry": {"type": "Polygon", "coordinates": [[[-16.343928, 19.752848], [-16.343925, 19.752577], [-16.344212, 19.752574], [-16.344209, 19.752303], [-16.344496, 19.752301], [-16.344489, 19.751488], [-16.344203, 19.75149], [-16.344205, 19.751761], [-16.343919, 19.751764], [-16.343921, 19.752035], [-16.343348, 19.752039], [-16.343351, 19.75231], [-16.343637, 19.752308], [-16.343641, 19.75285], [-16.343928, 19.752848]]]}, "properties": {"layer": "meadow", "year": 2026, "sat": "S2B", "date": "2026-06-05", "area_ha": 0.9}}, {"type": "Feature", "geometry": {"type": "Polygon", "coordinates": [[[-16.336512, 19.756156], [-16.3365, 19.754801], [-16.336214, 19.754803], [-16.336212, 19.754532], [-16.335926, 19.754534], [-16.335923, 19.754263], [-16.335637, 19.754265], [-16.335635, 19.753994], [-16.335349, 19.753996], [-16.335346, 19.753725], [-16.334774, 19.753729], [-16.334772, 19.753458], [-16.334485, 19.75346], [-16.334483, 19.753189], [-16.334197, 19.753192], [-16.334195, 19.75292], [-16.333908, 19.752923], [-16.333906, 19.752652], [-16.33362, 19.752654], [-16.333617, 19.752383], [-16.333331, 19.752385], [-16.333329, 19.752114], [-16.333043, 19.752116], [-16.333038, 19.751574], [-16.332752, 19.751576], [-16.332747, 19.751034], [-16.332461, 19.751036], [-16.33247, 19.75212], [-16.331611, 19.752127], [-16.331614, 19.752398], [-16.331041, 19.752402], [-16.331043, 19.752673], [-16.331616, 19.752669], [-16.331618, 19.75294], [-16.331904, 19.752938], [-16.331907, 19.753209], [-16.332193, 19.753206], [-16.332195, 19.753477], [-16.332481, 19.753475], [-16.332486, 19.754017], [-16.3322, 19.75402], [-16.332206, 19.754833], [-16.33192, 19.754835], [-16.331922, 19.755106], [-16.331636, 19.755108], [-16.331638, 19.755379], [-16.331352, 19.755381], [-16.331357, 19.755923], [-16.331643, 19.755921], [-16.331645, 19.756192], [-16.336512, 19.756156]], [[-16.332495, 19.755102], [-16.332209, 19.755104], [-16.332206, 19.754833], [-16.332493, 19.754831], [-16.332495, 19.755102]], [[-16.332779, 19.754828], [-16.332493, 19.754831], [-16.33249, 19.754559], [-16.332777, 19.754557], [-16.332779, 19.754828]], [[-16.33449, 19.754002], [-16.334204, 19.754005], [-16.334201, 19.753734], [-16.334488, 19.753731], [-16.33449, 19.754002]]]}, "properties": {"layer": "meadow", "year": 2026, "sat": "S2B", "date": "2026-06-05", "area_ha": 16.65}}, {"type": "Feature", "geometry": {"type": "Polygon", "coordinates": [[[-16.351648, 19.751705], [-16.351639, 19.750621], [-16.351925, 19.750619], [-16.351916, 19.749535], [-16.35163, 19.749537], [-16.351636, 19.75035], [-16.35135, 19.750352], [-16.351362, 19.751708], [-16.351648, 19.751705]]]}, "properties": {"layer": "meadow", "year": 2026, "sat": "S2B", "date": "2026-06-05", "area_ha": 0.81}}, {"type": "Feature", "geometry": {"type": "Polygon", "coordinates": [[[-16.347377, 19.754448], [-16.347374, 19.754177], [-16.347661, 19.754175], [-16.347658, 19.753904], [-16.347945, 19.753902], [-16.347942, 19.753631], [-16.348515, 19.753626], [-16.34851, 19.753084], [-16.348797, 19.753082], [-16.348794, 19.752811], [-16.349081, 19.752809], [-16.349078, 19.752538], [-16.349365, 19.752536], [-16.349362, 19.752265], [-16.349649, 19.752263], [-16.349646, 19.751992], [-16.349932, 19.751989], [-16.349928, 19.751447], [-16.350214, 19.751445], [-16.350207, 19.750632], [-16.350494, 19.75063], [-16.350487, 19.749817], [-16.350773, 19.749815], [-16.350766, 19.749002], [-16.35048, 19.749004], [-16.350484, 19.749546], [-16.350198, 19.749548], [-16.350203, 19.75009], [-16.349917, 19.750092], [-16.349919, 19.750363], [-16.349633, 19.750365], [-16.349635, 19.750636], [-16.349349, 19.750639], [-16.349358, 19.751723], [-16.349071, 19.751725], [-16.349074, 19.751996], [-16.348787, 19.751998], [-16.348785, 19.751727], [-16.348499, 19.751729], [-16.348501, 19.752], [-16.348215, 19.752002], [-16.348217, 19.752273], [-16.347931, 19.752275], [-16.347933, 19.752547], [-16.348219, 19.752544], [-16.348222, 19.752815], [-16.347935, 19.752818], [-16.347938, 19.753089], [-16.347651, 19.753091], [-16.347656, 19.753633], [-16.34737, 19.753635], [-16.347372, 19.753906], [-16.347086, 19.753908], [-16.347088, 19.754179], [-16.346802, 19.754181], [-16.346804, 19.754452], [-16.347377, 19.754448]]]}, "properties": {"layer": "meadow", "year": 2026, "sat": "S2B", "date": "2026-06-05", "area_ha": 4.77}}, {"type": "Feature", "geometry": {"type": "Polygon", "coordinates": [[[-16.441538, 19.751546], [-16.441536, 19.751275], [-16.441822, 19.751273], [-16.441817, 19.750731], [-16.441531, 19.750733], [-16.441526, 19.750191], [-16.44124, 19.750193], [-16.441237, 19.749922], [-16.440951, 19.749925], [-16.440949, 19.749654], [-16.441808, 19.749647], [-16.44181, 19.749918], [-16.442096, 19.749916], [-16.442094, 19.749644], [-16.44238, 19.749642], [-16.442378, 19.749371], [-16.442664, 19.749369], [-16.442661, 19.749098], [-16.442948, 19.749096], [-16.442945, 19.748824], [-16.443518, 19.74882], [-16.443515, 19.748549], [-16.443802, 19.748547], [-16.443799, 19.748276], [-16.442654, 19.748285], [-16.442657, 19.748556], [-16.44237, 19.748558], [-16.442373, 19.748829], [-16.442087, 19.748831], [-16.442084, 19.74856], [-16.441798, 19.748563], [-16.441803, 19.749105], [-16.441516, 19.749107], [-16.441514, 19.748836], [-16.440942, 19.748841], [-16.440944, 19.749112], [-16.439799, 19.749121], [-16.439801, 19.749392], [-16.439515, 19.749394], [-16.439518, 19.749665], [-16.439804, 19.749663], [-16.439806, 19.749934], [-16.440379, 19.749929], [-16.440381, 19.7502], [-16.440667, 19.750198], [-16.440672, 19.75074], [-16.440959, 19.750738], [-16.440961, 19.751009], [-16.441247, 19.751007], [-16.441252, 19.751549], [-16.441538, 19.751546]], [[-16.440949, 19.749654], [-16.44009, 19.749661], [-16.440088, 19.74939], [-16.440946, 19.749383], [-16.440949, 19.749654]]]}, "properties": {"layer": "meadow", "year": 2026, "sat": "S2B", "date": "2026-06-05", "area_ha": 4.68}}, {"type": "Feature", "geometry": {"type": "Polygon", "coordinates": [[[-16.279781, 19.750607], [-16.279779, 19.750336], [-16.280065, 19.750334], [-16.280058, 19.749521], [-16.280345, 19.749519], [-16.280343, 19.749248], [-16.27977, 19.749252], [-16.279777, 19.750065], [-16.27949, 19.750067], [-16.279495, 19.750609], [-16.279781, 19.750607]]]}, "properties": {"layer": "meadow", "year": 2026, "sat": "S2B", "date": "2026-06-05", "area_ha": 0.63}}, {"type": "Feature", "geometry": {"type": "Polygon", "coordinates": [[[-16.487863, 19.746018], [-16.487861, 19.745747], [-16.488147, 19.745744], [-16.488145, 19.745473], [-16.488431, 19.745471], [-16.488423, 19.744658], [-16.488996, 19.744653], [-16.488991, 19.744111], [-16.489563, 19.744106], [-16.489558, 19.743564], [-16.489272, 19.743567], [-16.489274, 19.743838], [-16.488702, 19.743842], [-16.488704, 19.744113], [-16.488418, 19.744116], [-16.488421, 19.744387], [-16.488135, 19.744389], [-16.488137, 19.74466], [-16.487851, 19.744662], [-16.487858, 19.745476], [-16.487286, 19.74548], [-16.487288, 19.745751], [-16.487002, 19.745754], [-16.487005, 19.746025], [-16.487863, 19.746018]]]}, "properties": {"layer": "meadow", "year": 2026, "sat": "S2B", "date": "2026-06-05", "area_ha": 1.89}}, {"type": "Feature", "geometry": {"type": "Polygon", "coordinates": [[[-16.482412, 19.744708], [-16.48241, 19.744437], [-16.482696, 19.744434], [-16.482694, 19.744163], [-16.483552, 19.744156], [-16.48355, 19.743885], [-16.483836, 19.743883], [-16.483838, 19.744154], [-16.484983, 19.744144], [-16.484981, 19.743873], [-16.485267, 19.743871], [-16.485265, 19.7436], [-16.484978, 19.743602], [-16.484976, 19.743331], [-16.48469, 19.743334], [-16.484687, 19.743062], [-16.484115, 19.743067], [-16.484117, 19.743338], [-16.483258, 19.743345], [-16.483261, 19.743616], [-16.482975, 19.743619], [-16.482972, 19.743348], [-16.482686, 19.74335], [-16.482684, 19.743079], [-16.48068, 19.743096], [-16.480682, 19.743367], [-16.480969, 19.743364], [-16.480971, 19.743635], [-16.481544, 19.743631], [-16.481554, 19.744715], [-16.482412, 19.744708]], [[-16.482121, 19.744168], [-16.481835, 19.74417], [-16.481832, 19.743899], [-16.482119, 19.743897], [-16.482121, 19.744168]], [[-16.484406, 19.743607], [-16.48412, 19.743609], [-16.484117, 19.743338], [-16.484403, 19.743336], [-16.484406, 19.743607]]]}, "properties": {"layer": "meadow", "year": 2026, "sat": "S2B", "date": "2026-06-05", "area_ha": 4.59}}, {"type": "Feature", "geometry": {"type": "Polygon", "coordinates": [[[-16.490128, 19.743288], [-16.490126, 19.743017], [-16.490412, 19.743015], [-16.490407, 19.742473], [-16.490693, 19.742471], [-16.490688, 19.741928], [-16.490116, 19.741933], [-16.490121, 19.742475], [-16.489834, 19.742478], [-16.489842, 19.743291], [-16.490128, 19.743288]]]}, "properties": {"layer": "meadow", "year": 2026, "sat": "S2B", "date": "2026-06-05", "area_ha": 0.81}}, {"type": "Feature", "geometry": {"type": "Polygon", "coordinates": [[[-16.343953, 19.755829], [-16.343948, 19.755287], [-16.344234, 19.755285], [-16.344232, 19.755014], [-16.344518, 19.755012], [-16.344516, 19.754741], [-16.344802, 19.754738], [-16.344798, 19.754196], [-16.345084, 19.754194], [-16.345082, 19.753923], [-16.345654, 19.753919], [-16.345645, 19.752835], [-16.345932, 19.752833], [-16.345929, 19.752562], [-16.346216, 19.752559], [-16.346213, 19.752288], [-16.3465, 19.752286], [-16.346497, 19.752015], [-16.346784, 19.752013], [-16.346781, 19.751742], [-16.347068, 19.75174], [-16.347065, 19.751469], [-16.347352, 19.751467], [-16.347349, 19.751196], [-16.347063, 19.751198], [-16.347061, 19.750927], [-16.348492, 19.750916], [-16.34849, 19.750645], [-16.348776, 19.750643], [-16.348771, 19.750101], [-16.349058, 19.750099], [-16.349055, 19.749828], [-16.349342, 19.749825], [-16.349339, 19.749554], [-16.349626, 19.749552], [-16.349621, 19.74901], [-16.349907, 19.749008], [-16.349903, 19.748466], [-16.350189, 19.748464], [-16.350187, 19.748193], [-16.350473, 19.748191], [-16.350471, 19.74792], [-16.350757, 19.747917], [-16.350762, 19.748459], [-16.351048, 19.748457], [-16.351043, 19.747915], [-16.35133, 19.747913], [-16.351316, 19.746287], [-16.351602, 19.746285], [-16.3516, 19.746014], [-16.351886, 19.746012], [-16.351879, 19.745198], [-16.352166, 19.745196], [-16.352168, 19.745467], [-16.352454, 19.745465], [-16.352456, 19.745736], [-16.35217, 19.745738], [-16.352191, 19.748178], [-16.352477, 19.748175], [-16.352461, 19.746278], [-16.352747, 19.746276], [-16.352743, 19.745734], [-16.353029, 19.745732], [-16.353017, 19.744377], [-16.353304, 19.744375], [-16.353288, 19.742477], [-16.352715, 19.742482], [-16.352713, 19.742211], [-16.352427, 19.742213], [-16.352431, 19.742755], [-16.351859, 19.742759], [-16.351861, 19.74303], [-16.351575, 19.743032], [-16.351577, 19.743303], [-16.351291, 19.743306], [-16.351295, 19.743848], [-16.351009, 19.74385], [-16.351014, 19.744392], [-16.350727, 19.744394], [-16.350732, 19.744936], [-16.350446, 19.744938], [-16.35045, 19.74548], [-16.350164, 19.745482], [-16.350169, 19.746024], [-16.349882, 19.746027], [-16.349885, 19.746298], [-16.349598, 19.7463], [-16.349601, 19.746571], [-16.349314, 19.746573], [-16.349319, 19.747115], [-16.349891, 19.747111], [-16.349896, 19.747653], [-16.34961, 19.747655], [-16.349617, 19.748468], [-16.34933, 19.74847], [-16.349335, 19.749012], [-16.349049, 19.749014], [-16.349051, 19.749285], [-16.348765, 19.749288], [-16.348767, 19.749559], [-16.348194, 19.749563], [-16.348199, 19.750105], [-16.34734, 19.750112], [-16.347345, 19.750654], [-16.346772, 19.750658], [-16.34677, 19.750387], [-16.346484, 19.750389], [-16.346486, 19.75066], [-16.3462, 19.750662], [-16.346202, 19.750933], [-16.345916, 19.750935], [-16.345918, 19.751206], [-16.345632, 19.751209], [-16.345636, 19.751751], [-16.345064, 19.751755], [-16.345068, 19.752297], [-16.344782, 19.752299], [-16.344784, 19.75257], [-16.344212, 19.752574], [-16.344214, 19.752846], [-16.343928, 19.752848], [-16.34393, 19.753119], [-16.343644, 19.753121], [-16.343648, 19.753663], [-16.343362, 19.753665], [-16.343364, 19.753936], [-16.342792, 19.75394], [-16.342794, 19.754211], [-16.34308, 19.754209], [-16.343082, 19.75448], [-16.342796, 19.754482], [-16.342801, 19.755025], [-16.342514, 19.755027], [-16.342521, 19.75584], [-16.342808, 19.755838], [-16.342805, 19.755567], [-16.343092, 19.755564], [-16.343094, 19.755835], [-16.343953, 19.755829]], [[-16.344516, 19.754741], [-16.343944, 19.754745], [-16.343941, 19.754474], [-16.344514, 19.75447], [-16.344516, 19.754741]], [[-16.351304, 19.744932], [-16.351018, 19.744934], [-16.351016, 19.744663], [-16.351302, 19.744661], [-16.351304, 19.744932]]]}, "properties": {"layer": "meadow", "year": 2026, "sat": "S2B", "date": "2026-06-05", "area_ha": 26.19}}, {"type": "Feature", "geometry": {"type": "Polygon", "coordinates": [[[-16.489829, 19.741936], [-16.489827, 19.741665], [-16.490399, 19.74166], [-16.490397, 19.741389], [-16.490683, 19.741386], [-16.49068, 19.741115], [-16.490967, 19.741113], [-16.490962, 19.740571], [-16.491534, 19.740566], [-16.491529, 19.740024], [-16.491815, 19.740022], [-16.49181, 19.73948], [-16.491524, 19.739482], [-16.491527, 19.739753], [-16.49124, 19.739756], [-16.491238, 19.739485], [-16.490952, 19.739487], [-16.490957, 19.740029], [-16.49067, 19.740031], [-16.490673, 19.740302], [-16.4901, 19.740307], [-16.490105, 19.740849], [-16.489533, 19.740854], [-16.489536, 19.741125], [-16.489249, 19.741127], [-16.489252, 19.741398], [-16.488966, 19.741401], [-16.488968, 19.741672], [-16.489254, 19.741669], [-16.489257, 19.74194], [-16.489829, 19.741936]]]}, "properties": {"layer": "meadow", "year": 2026, "sat": "S2B", "date": "2026-06-05", "area_ha": 2.97}}, {"type": "Feature", "geometry": {"type": "Polygon", "coordinates": [[[-16.351277, 19.741679], [-16.351273, 19.741137], [-16.351559, 19.741135], [-16.351554, 19.740593], [-16.350982, 19.740597], [-16.350989, 19.74141], [-16.350702, 19.741413], [-16.350705, 19.741684], [-16.351277, 19.741679]]]}, "properties": {"layer": "meadow", "year": 2026, "sat": "S2B", "date": "2026-06-05", "area_ha": 0.63}}, {"type": "Feature", "geometry": {"type": "Polygon", "coordinates": [[[-16.286079, 19.750562], [-16.286072, 19.749749], [-16.286645, 19.749745], [-16.286643, 19.749474], [-16.287215, 19.74947], [-16.287217, 19.749741], [-16.28779, 19.749737], [-16.287788, 19.749466], [-16.287502, 19.749468], [-16.287499, 19.749197], [-16.287786, 19.749194], [-16.287781, 19.748652], [-16.288068, 19.74865], [-16.288065, 19.748379], [-16.288352, 19.748377], [-16.288354, 19.748648], [-16.28864, 19.748646], [-16.288636, 19.748104], [-16.288922, 19.748102], [-16.288918, 19.74756], [-16.289776, 19.747554], [-16.289779, 19.747825], [-16.290351, 19.747821], [-16.290349, 19.74755], [-16.290063, 19.747552], [-16.290061, 19.747281], [-16.289488, 19.747285], [-16.289484, 19.746743], [-16.290342, 19.746737], [-16.29034, 19.746466], [-16.288336, 19.74648], [-16.288332, 19.745938], [-16.288905, 19.745934], [-16.288907, 19.746205], [-16.290052, 19.746197], [-16.290047, 19.745654], [-16.289761, 19.745657], [-16.289757, 19.745114], [-16.289471, 19.745117], [-16.289468, 19.744846], [-16.289755, 19.744843], [-16.28975, 19.744301], [-16.290037, 19.744299], [-16.290032, 19.743757], [-16.290318, 19.743755], [-16.290314, 19.743213], [-16.2906, 19.743211], [-16.290598, 19.74294], [-16.290312, 19.742942], [-16.290308, 19.7424], [-16.290021, 19.742402], [-16.290023, 19.742673], [-16.289451, 19.742677], [-16.289449, 19.742406], [-16.288304, 19.742414], [-16.28831, 19.743228], [-16.287738, 19.743232], [-16.287736, 19.742961], [-16.287163, 19.742965], [-16.287161, 19.742694], [-16.286588, 19.742698], [-16.286591, 19.742969], [-16.286304, 19.742971], [-16.286302, 19.7427], [-16.286016, 19.742702], [-16.286014, 19.742431], [-16.285727, 19.742433], [-16.28573, 19.742704], [-16.285443, 19.742706], [-16.285439, 19.742164], [-16.284867, 19.742168], [-16.284871, 19.74271], [-16.284298, 19.742714], [-16.284296, 19.742443], [-16.28401, 19.742445], [-16.284008, 19.742174], [-16.28458, 19.74217], [-16.284572, 19.741086], [-16.283999, 19.74109], [-16.283997, 19.740819], [-16.283711, 19.740821], [-16.283713, 19.741092], [-16.283427, 19.741094], [-16.283429, 19.741365], [-16.284287, 19.741359], [-16.284292, 19.741901], [-16.283433, 19.741907], [-16.283435, 19.742178], [-16.283149, 19.74218], [-16.283151, 19.742451], [-16.282579, 19.742455], [-16.282583, 19.742998], [-16.282297, 19.743], [-16.282301, 19.743542], [-16.282874, 19.743538], [-16.282871, 19.743267], [-16.283444, 19.743262], [-16.283446, 19.743533], [-16.283732, 19.743531], [-16.283741, 19.744616], [-16.284027, 19.744614], [-16.284029, 19.744885], [-16.284316, 19.744883], [-16.284318, 19.745154], [-16.283745, 19.745158], [-16.283743, 19.744887], [-16.283457, 19.744889], [-16.283461, 19.745431], [-16.283747, 19.745429], [-16.283758, 19.746784], [-16.284045, 19.746782], [-16.284042, 19.746511], [-16.284329, 19.746509], [-16.284327, 19.746238], [-16.28404, 19.74624], [-16.284038, 19.745969], [-16.284611, 19.745965], [-16.284613, 19.746236], [-16.284899, 19.746234], [-16.284901, 19.746505], [-16.285187, 19.746503], [-16.28519, 19.746774], [-16.284903, 19.746776], [-16.284906, 19.747047], [-16.285192, 19.747045], [-16.285205, 19.748671], [-16.285491, 19.748669], [-16.285498, 19.749482], [-16.285784, 19.74948], [-16.285793, 19.750564], [-16.286079, 19.750562]], [[-16.288636, 19.748104], [-16.288349, 19.748106], [-16.288347, 19.747835], [-16.288634, 19.747833], [-16.288636, 19.748104]], [[-16.288913, 19.747018], [-16.288627, 19.74702], [-16.288625, 19.746749], [-16.288911, 19.746747], [-16.288913, 19.747018]], [[-16.288039, 19.745127], [-16.287753, 19.745129], [-16.287751, 19.744858], [-16.288037, 19.744856], [-16.288039, 19.745127]], [[-16.287165, 19.743236], [-16.286879, 19.743238], [-16.286877, 19.742967], [-16.287163, 19.742965], [-16.287165, 19.743236]]]}, "properties": {"layer": "meadow", "year": 2026, "sat": "S2B", "date": "2026-06-05", "area_ha": 42.66}}, {"type": "Feature", "geometry": {"type": "Polygon", "coordinates": [[[-16.332457, 19.750494], [-16.33245, 19.749681], [-16.332164, 19.749683], [-16.332161, 19.749412], [-16.331875, 19.749414], [-16.331873, 19.749143], [-16.331587, 19.749145], [-16.331582, 19.748603], [-16.331296, 19.748605], [-16.331285, 19.74725], [-16.331571, 19.747248], [-16.331557, 19.745622], [-16.331271, 19.745624], [-16.331267, 19.745082], [-16.33098, 19.745084], [-16.330976, 19.744542], [-16.331262, 19.74454], [-16.33126, 19.744269], [-16.331546, 19.744267], [-16.331544, 19.743996], [-16.331258, 19.743998], [-16.331255, 19.743727], [-16.330969, 19.743729], [-16.330967, 19.743458], [-16.331253, 19.743456], [-16.331249, 19.742913], [-16.331535, 19.742911], [-16.331533, 19.74264], [-16.332391, 19.742634], [-16.332385, 19.741821], [-16.332671, 19.741819], [-16.332669, 19.741548], [-16.332955, 19.741546], [-16.33295, 19.741003], [-16.332378, 19.741008], [-16.332376, 19.740737], [-16.331231, 19.740745], [-16.331228, 19.740474], [-16.330942, 19.740476], [-16.33094, 19.740205], [-16.330367, 19.74021], [-16.33037, 19.740481], [-16.330083, 19.740483], [-16.330086, 19.740754], [-16.330372, 19.740752], [-16.330379, 19.741565], [-16.330092, 19.741567], [-16.330095, 19.741838], [-16.329808, 19.74184], [-16.329806, 19.741569], [-16.32952, 19.741571], [-16.329518, 19.7413], [-16.329231, 19.741302], [-16.329229, 19.741031], [-16.328943, 19.741033], [-16.328945, 19.741304], [-16.328086, 19.741311], [-16.328093, 19.742124], [-16.327807, 19.742126], [-16.327802, 19.741584], [-16.327516, 19.741586], [-16.327514, 19.741315], [-16.327228, 19.741317], [-16.327225, 19.741046], [-16.326653, 19.74105], [-16.326655, 19.741321], [-16.326369, 19.741323], [-16.326373, 19.741865], [-16.326087, 19.741868], [-16.326089, 19.742139], [-16.325803, 19.742141], [-16.325805, 19.742412], [-16.325519, 19.742414], [-16.325524, 19.742956], [-16.325237, 19.742958], [-16.32524, 19.743229], [-16.325526, 19.743227], [-16.325528, 19.743498], [-16.326673, 19.74349], [-16.326675, 19.743761], [-16.326389, 19.743763], [-16.326398, 19.744847], [-16.326684, 19.744845], [-16.326687, 19.745116], [-16.327545, 19.745109], [-16.327548, 19.74538], [-16.327834, 19.745378], [-16.327836, 19.745649], [-16.32755, 19.745651], [-16.327554, 19.746194], [-16.327841, 19.746191], [-16.327843, 19.746462], [-16.326984, 19.746469], [-16.326979, 19.745927], [-16.326693, 19.745929], [-16.326695, 19.7462], [-16.325837, 19.746206], [-16.325832, 19.745664], [-16.325546, 19.745666], [-16.325544, 19.745395], [-16.325257, 19.745397], [-16.325255, 19.745126], [-16.324969, 19.745128], [-16.324978, 19.746213], [-16.325264, 19.746211], [-16.325266, 19.746482], [-16.32498, 19.746484], [-16.324987, 19.747297], [-16.324701, 19.747299], [-16.324705, 19.747841], [-16.324419, 19.747843], [-16.324421, 19.748114], [-16.324707, 19.748112], [-16.324712, 19.748654], [-16.325571, 19.748648], [-16.325568, 19.748377], [-16.325855, 19.748375], [-16.325852, 19.748104], [-16.326139, 19.748101], [-16.326141, 19.748372], [-16.326427, 19.74837], [-16.326429, 19.748641], [-16.327861, 19.748631], [-16.327863, 19.748902], [-16.328435, 19.748898], [-16.328444, 19.749982], [-16.328731, 19.74998], [-16.328735, 19.750522], [-16.329594, 19.750515], [-16.329592, 19.750244], [-16.330164, 19.75024], [-16.330162, 19.749969], [-16.330448, 19.749967], [-16.330446, 19.749696], [-16.330732, 19.749694], [-16.33073, 19.749423], [-16.331303, 19.749418], [-16.331305, 19.749689], [-16.331591, 19.749687], [-16.331593, 19.749958], [-16.33188, 19.749956], [-16.331884, 19.750498], [-16.332457, 19.750494]], [[-16.329869, 19.749158], [-16.329583, 19.74916], [-16.329578, 19.748618], [-16.329865, 19.748616], [-16.329862, 19.748345], [-16.330149, 19.748343], [-16.330153, 19.748885], [-16.329867, 19.748887], [-16.329869, 19.749158]], [[-16.328704, 19.746727], [-16.328131, 19.746731], [-16.328127, 19.746189], [-16.328413, 19.746187], [-16.328409, 19.745645], [-16.328695, 19.745643], [-16.328704, 19.746727]], [[-16.328409, 19.745645], [-16.328122, 19.745647], [-16.32812, 19.745376], [-16.328406, 19.745374], [-16.328409, 19.745645]]]}, "properties": {"layer": "meadow", "year": 2026, "sat": "S2B", "date": "2026-06-05", "area_ha": 55.08}}, {"type": "Feature", "geometry": {"type": "Polygon", "coordinates": [[[-16.336099, 19.74098], [-16.336095, 19.740438], [-16.335522, 19.740442], [-16.33552, 19.740171], [-16.335234, 19.740173], [-16.335238, 19.740715], [-16.335524, 19.740713], [-16.335527, 19.740984], [-16.336099, 19.74098]]]}, "properties": {"layer": "meadow", "year": 2026, "sat": "S2B", "date": "2026-06-05", "area_ha": 0.54}}, {"type": "Feature", "geometry": {"type": "Polygon", "coordinates": [[[-16.288299, 19.741872], [-16.288297, 19.741601], [-16.288584, 19.741599], [-16.288579, 19.741057], [-16.288865, 19.741055], [-16.288868, 19.741326], [-16.28944, 19.741322], [-16.289436, 19.74078], [-16.289722, 19.740778], [-16.28972, 19.740507], [-16.288289, 19.740517], [-16.288293, 19.741059], [-16.288007, 19.741061], [-16.288013, 19.741874], [-16.288299, 19.741872]]]}, "properties": {"layer": "meadow", "year": 2026, "sat": "S2B", "date": "2026-06-05", "area_ha": 1.44}}, {"type": "Feature", "geometry": {"type": "Polygon", "coordinates": [[[-16.282008, 19.742731], [-16.281993, 19.740833], [-16.282566, 19.740829], [-16.282563, 19.740558], [-16.282277, 19.74056], [-16.282275, 19.740289], [-16.282561, 19.740287], [-16.282559, 19.740016], [-16.282273, 19.740018], [-16.282266, 19.739205], [-16.281694, 19.739209], [-16.281692, 19.738938], [-16.281405, 19.73894], [-16.281412, 19.739753], [-16.281698, 19.739751], [-16.281707, 19.740835], [-16.281421, 19.740837], [-16.281416, 19.740295], [-16.28113, 19.740297], [-16.281134, 19.740839], [-16.280848, 19.740842], [-16.28085, 19.741113], [-16.280564, 19.741115], [-16.28057, 19.741928], [-16.280857, 19.741926], [-16.280859, 19.742197], [-16.281145, 19.742195], [-16.281147, 19.742466], [-16.281434, 19.742464], [-16.281436, 19.742735], [-16.282008, 19.742731]]]}, "properties": {"layer": "meadow", "year": 2026, "sat": "S2B", "date": "2026-06-05", "area_ha": 4.23}}, {"type": "Feature", "geometry": {"type": "Polygon", "coordinates": [[[-16.279417, 19.740852], [-16.27941, 19.740039], [-16.279983, 19.740035], [-16.279985, 19.740306], [-16.280271, 19.740304], [-16.280267, 19.739761], [-16.279981, 19.739763], [-16.279979, 19.739492], [-16.279406, 19.739497], [-16.279404, 19.739226], [-16.278545, 19.739232], [-16.278543, 19.738961], [-16.278257, 19.738963], [-16.278261, 19.739505], [-16.278547, 19.739503], [-16.278549, 19.739774], [-16.278836, 19.739772], [-16.278838, 19.740043], [-16.278552, 19.740045], [-16.278554, 19.740316], [-16.27884, 19.740314], [-16.278842, 19.740585], [-16.279128, 19.740583], [-16.279131, 19.740854], [-16.279417, 19.740852]]]}, "properties": {"layer": "meadow", "year": 2026, "sat": "S2B", "date": "2026-06-05", "area_ha": 1.98}}, {"type": "Feature", "geometry": {"type": "Polygon", "coordinates": [[[-16.35441, 19.739758], [-16.354408, 19.739487], [-16.354694, 19.739485], [-16.354689, 19.738943], [-16.354975, 19.738941], [-16.354973, 19.73867], [-16.354401, 19.738674], [-16.354398, 19.738403], [-16.354112, 19.738405], [-16.354117, 19.738947], [-16.353831, 19.73895], [-16.353835, 19.739492], [-16.354121, 19.739489], [-16.354124, 19.73976], [-16.35441, 19.739758]]]}, "properties": {"layer": "meadow", "year": 2026, "sat": "S2B", "date": "2026-06-05", "area_ha": 0.99}}, {"type": "Feature", "geometry": {"type": "Polygon", "coordinates": [[[-16.283708, 19.74055], [-16.283706, 19.740279], [-16.28342, 19.740281], [-16.283414, 19.739468], [-16.283127, 19.73947], [-16.283121, 19.738657], [-16.282548, 19.738661], [-16.28255, 19.738932], [-16.282837, 19.73893], [-16.282848, 19.740285], [-16.283134, 19.740283], [-16.283136, 19.740554], [-16.283708, 19.74055]]]}, "properties": {"layer": "meadow", "year": 2026, "sat": "S2B", "date": "2026-06-05", "area_ha": 1.08}}, {"type": "Feature", "geometry": {"type": "Polygon", "coordinates": [[[-16.319195, 19.739208], [-16.31919, 19.738666], [-16.319763, 19.738662], [-16.319758, 19.73812], [-16.318613, 19.738128], [-16.318618, 19.73867], [-16.318332, 19.738672], [-16.318336, 19.739214], [-16.319195, 19.739208]]]}, "properties": {"layer": "meadow", "year": 2026, "sat": "S2B", "date": "2026-06-05", "area_ha": 1.26}}, {"type": "Feature", "geometry": {"type": "Polygon", "coordinates": [[[-16.311471, 19.739807], [-16.311468, 19.739536], [-16.311755, 19.739534], [-16.311752, 19.739263], [-16.312325, 19.739258], [-16.31232, 19.738716], [-16.312607, 19.738714], [-16.312602, 19.738172], [-16.31203, 19.738176], [-16.312032, 19.738447], [-16.311746, 19.738449], [-16.311748, 19.738721], [-16.312034, 19.738718], [-16.312036, 19.738989], [-16.311464, 19.738994], [-16.311466, 19.739265], [-16.31118, 19.739267], [-16.311182, 19.739538], [-16.310896, 19.73954], [-16.310898, 19.739811], [-16.311471, 19.739807]]]}, "properties": {"layer": "meadow", "year": 2026, "sat": "S2B", "date": "2026-06-05", "area_ha": 1.17}}, {"type": "Feature", "geometry": {"type": "Polygon", "coordinates": [[[-16.353285, 19.742206], [-16.353283, 19.741935], [-16.352997, 19.741937], [-16.352981, 19.74004], [-16.352695, 19.740042], [-16.352686, 19.738958], [-16.352399, 19.73896], [-16.35239, 19.737876], [-16.352104, 19.737878], [-16.352102, 19.737607], [-16.351815, 19.73761], [-16.351818, 19.737881], [-16.351531, 19.737883], [-16.351536, 19.738425], [-16.351822, 19.738423], [-16.351845, 19.741133], [-16.352131, 19.741131], [-16.352138, 19.741944], [-16.352424, 19.741942], [-16.352422, 19.741671], [-16.352708, 19.741669], [-16.352713, 19.742211], [-16.353285, 19.742206]]]}, "properties": {"layer": "meadow", "year": 2026, "sat": "S2B", "date": "2026-06-05", "area_ha": 4.41}}, {"type": "Feature", "geometry": {"type": "Polygon", "coordinates": [[[-16.492097, 19.739477], [-16.492094, 19.739206], [-16.49238, 19.739204], [-16.492378, 19.738933], [-16.492664, 19.738931], [-16.492659, 19.738389], [-16.492945, 19.738386], [-16.492943, 19.738115], [-16.493229, 19.738113], [-16.493224, 19.737571], [-16.49351, 19.737568], [-16.493507, 19.737297], [-16.493794, 19.737295], [-16.493789, 19.736753], [-16.494075, 19.736751], [-16.494072, 19.73648], [-16.494931, 19.736472], [-16.494928, 19.736201], [-16.494356, 19.736206], [-16.494354, 19.735935], [-16.493781, 19.73594], [-16.493784, 19.736211], [-16.493211, 19.736216], [-16.493219, 19.737029], [-16.492933, 19.737031], [-16.492935, 19.737302], [-16.492649, 19.737305], [-16.492651, 19.737576], [-16.492365, 19.737578], [-16.492368, 19.737849], [-16.492081, 19.737851], [-16.492084, 19.738122], [-16.491798, 19.738125], [-16.4918, 19.738396], [-16.491514, 19.738398], [-16.491522, 19.739211], [-16.491808, 19.739209], [-16.49181, 19.73948], [-16.492097, 19.739477]]]}, "properties": {"layer": "meadow", "year": 2026, "sat": "S2B", "date": "2026-06-05", "area_ha": 3.78}}, {"type": "Feature", "geometry": {"type": "Polygon", "coordinates": [[[-16.316614, 19.738685], [-16.316612, 19.738414], [-16.317184, 19.73841], [-16.317182, 19.738139], [-16.317755, 19.738134], [-16.317752, 19.737863], [-16.318611, 19.737857], [-16.318609, 19.737586], [-16.318895, 19.737584], [-16.318897, 19.737855], [-16.319184, 19.737853], [-16.319179, 19.737311], [-16.318034, 19.737319], [-16.318036, 19.73759], [-16.317464, 19.737594], [-16.317466, 19.737865], [-16.316894, 19.73787], [-16.316891, 19.737599], [-16.31546, 19.737609], [-16.315467, 19.738422], [-16.315753, 19.73842], [-16.315755, 19.738691], [-16.316614, 19.738685]]]}, "properties": {"layer": "meadow", "year": 2026, "sat": "S2B", "date": "2026-06-05", "area_ha": 2.79}}, {"type": "Feature", "geometry": {"type": "Polygon", "coordinates": [[[-16.295792, 19.748053], [-16.29579, 19.747781], [-16.296076, 19.747779], [-16.296074, 19.747508], [-16.297219, 19.7475], [-16.297217, 19.747229], [-16.297503, 19.747227], [-16.297499, 19.746685], [-16.298072, 19.746681], [-16.298069, 19.74641], [-16.298356, 19.746408], [-16.298349, 19.745595], [-16.298635, 19.745592], [-16.298629, 19.744779], [-16.298915, 19.744777], [-16.298913, 19.744506], [-16.299199, 19.744504], [-16.299197, 19.744233], [-16.299483, 19.744231], [-16.299481, 19.74396], [-16.299767, 19.743958], [-16.299765, 19.743687], [-16.300051, 19.743685], [-16.300047, 19.743143], [-16.300333, 19.743141], [-16.300331, 19.74287], [-16.300617, 19.742868], [-16.300615, 19.742596], [-16.300901, 19.742594], [-16.300897, 19.742052], [-16.301183, 19.74205], [-16.301179, 19.741508], [-16.301465, 19.741506], [-16.301463, 19.741235], [-16.303753, 19.741218], [-16.303751, 19.740947], [-16.304323, 19.740943], [-16.304321, 19.740672], [-16.304607, 19.74067], [-16.304609, 19.740941], [-16.304896, 19.740939], [-16.304891, 19.740397], [-16.305464, 19.740393], [-16.305468, 19.740935], [-16.306327, 19.740929], [-16.306329, 19.7412], [-16.306615, 19.741198], [-16.306618, 19.741469], [-16.30719, 19.741464], [-16.307188, 19.741193], [-16.307474, 19.741191], [-16.307472, 19.74092], [-16.307758, 19.740918], [-16.307756, 19.740647], [-16.308042, 19.740645], [-16.30804, 19.740374], [-16.308326, 19.740372], [-16.308322, 19.73983], [-16.308894, 19.739826], [-16.30889, 19.739284], [-16.309462, 19.739279], [-16.30946, 19.739008], [-16.309746, 19.739006], [-16.309744, 19.738735], [-16.308885, 19.738741], [-16.308883, 19.73847], [-16.309169, 19.738468], [-16.309167, 19.738197], [-16.30974, 19.738193], [-16.309738, 19.737922], [-16.310024, 19.73792], [-16.310026, 19.738191], [-16.310885, 19.738185], [-16.31088, 19.737643], [-16.311739, 19.737636], [-16.311741, 19.737907], [-16.312028, 19.737905], [-16.312025, 19.737634], [-16.312312, 19.737632], [-16.312309, 19.737361], [-16.313168, 19.737355], [-16.313166, 19.737084], [-16.313738, 19.73708], [-16.313734, 19.736538], [-16.313161, 19.736542], [-16.313164, 19.736813], [-16.311732, 19.736823], [-16.311735, 19.737094], [-16.310876, 19.737101], [-16.310878, 19.737372], [-16.310306, 19.737376], [-16.310303, 19.737105], [-16.309731, 19.737109], [-16.309733, 19.73738], [-16.308016, 19.737393], [-16.308018, 19.737664], [-16.308304, 19.737661], [-16.308306, 19.737933], [-16.308879, 19.737928], [-16.308881, 19.738199], [-16.308022, 19.738206], [-16.308025, 19.738477], [-16.307452, 19.738481], [-16.307454, 19.738752], [-16.306595, 19.738758], [-16.306598, 19.739029], [-16.306311, 19.739031], [-16.306309, 19.73876], [-16.306023, 19.738762], [-16.306025, 19.739033], [-16.305739, 19.739035], [-16.305737, 19.738764], [-16.30545, 19.738767], [-16.305448, 19.738495], [-16.305162, 19.738498], [-16.305164, 19.738769], [-16.304019, 19.738777], [-16.304021, 19.739048], [-16.303735, 19.73905], [-16.303737, 19.739321], [-16.303451, 19.739323], [-16.303456, 19.739865], [-16.302597, 19.739872], [-16.302595, 19.7396], [-16.301736, 19.739607], [-16.301738, 19.739878], [-16.300307, 19.739888], [-16.300309, 19.740159], [-16.29945, 19.740165], [-16.299452, 19.740436], [-16.29888, 19.740441], [-16.298882, 19.740712], [-16.298023, 19.740718], [-16.298026, 19.740989], [-16.297453, 19.740993], [-16.297455, 19.741264], [-16.298028, 19.74126], [-16.29803, 19.741531], [-16.297744, 19.741533], [-16.297746, 19.741804], [-16.297173, 19.741808], [-16.297176, 19.742079], [-16.296603, 19.742083], [-16.296599, 19.741541], [-16.296312, 19.741543], [-16.296308, 19.741001], [-16.296022, 19.741003], [-16.296024, 19.741274], [-16.295738, 19.741277], [-16.29574, 19.741548], [-16.295454, 19.74155], [-16.295451, 19.741279], [-16.294879, 19.741283], [-16.294881, 19.741554], [-16.294595, 19.741556], [-16.294599, 19.742098], [-16.295172, 19.742094], [-16.295174, 19.742365], [-16.29546, 19.742363], [-16.295462, 19.742634], [-16.295749, 19.742632], [-16.295753, 19.743174], [-16.295467, 19.743176], [-16.295471, 19.743718], [-16.294899, 19.743722], [-16.294905, 19.744535], [-16.294619, 19.744537], [-16.294621, 19.744808], [-16.294049, 19.744812], [-16.294044, 19.74427], [-16.293472, 19.744275], [-16.293467, 19.743732], [-16.293754, 19.74373], [-16.293749, 19.743188], [-16.293463, 19.74319], [-16.293461, 19.742919], [-16.293747, 19.742917], [-16.293743, 19.742375], [-16.294029, 19.742373], [-16.294027, 19.742102], [-16.294313, 19.7421], [-16.294311, 19.741829], [-16.293452, 19.741835], [-16.29345, 19.741564], [-16.292591, 19.74157], [-16.292589, 19.741299], [-16.292303, 19.741301], [-16.2923, 19.74103], [-16.292014, 19.741032], [-16.292016, 19.741303], [-16.29173, 19.741305], [-16.291728, 19.741034], [-16.291155, 19.741039], [-16.291153, 19.740768], [-16.289722, 19.740778], [-16.289724, 19.741049], [-16.290297, 19.741045], [-16.290299, 19.741316], [-16.290871, 19.741312], [-16.290874, 19.741583], [-16.290015, 19.741589], [-16.290017, 19.74186], [-16.290303, 19.741858], [-16.290308, 19.7424], [-16.290594, 19.742398], [-16.290596, 19.742669], [-16.290882, 19.742667], [-16.290884, 19.742938], [-16.291457, 19.742934], [-16.291461, 19.743476], [-16.291175, 19.743478], [-16.291182, 19.744291], [-16.291468, 19.744289], [-16.29147, 19.74456], [-16.290898, 19.744564], [-16.290895, 19.744293], [-16.290323, 19.744297], [-16.290325, 19.744568], [-16.290039, 19.74457], [-16.290045, 19.745383], [-16.290904, 19.745377], [-16.290902, 19.745106], [-16.291188, 19.745104], [-16.291186, 19.744833], [-16.291472, 19.744831], [-16.291477, 19.745373], [-16.292335, 19.745367], [-16.292338, 19.745638], [-16.29291, 19.745634], [-16.292912, 19.745905], [-16.293485, 19.745901], [-16.293489, 19.746443], [-16.293203, 19.746445], [-16.293205, 19.746716], [-16.293491, 19.746714], [-16.293498, 19.747527], [-16.29407, 19.747523], [-16.294073, 19.747794], [-16.294931, 19.747788], [-16.294934, 19.748059], [-16.295792, 19.748053]], [[-16.298069, 19.74641], [-16.297783, 19.746412], [-16.297779, 19.74587], [-16.298065, 19.745868], [-16.298069, 19.74641]], [[-16.296636, 19.746149], [-16.29635, 19.746151], [-16.296347, 19.74588], [-16.295775, 19.745884], [-16.29577, 19.745342], [-16.295484, 19.745344], [-16.295478, 19.744531], [-16.295764, 19.744529], [-16.295766, 19.7448], [-16.296339, 19.744796], [-16.296343, 19.745338], [-16.296629, 19.745336], [-16.296636, 19.746149]], [[-16.292314, 19.742657], [-16.292027, 19.742659], [-16.292023, 19.742117], [-16.292309, 19.742114], [-16.292314, 19.742657]], [[-16.29088, 19.742396], [-16.290594, 19.742398], [-16.290589, 19.741856], [-16.290876, 19.741854], [-16.29088, 19.742396]], [[-16.292307, 19.741843], [-16.291734, 19.741848], [-16.291732, 19.741577], [-16.292305, 19.741572], [-16.292307, 19.741843]], [[-16.310308, 19.737647], [-16.310022, 19.737649], [-16.310019, 19.737378], [-16.310306, 19.737376], [-16.310308, 19.737647]]]}, "properties": {"layer": "meadow", "year": 2026, "sat": "S2B", "date": "2026-06-05", "area_ha": 74.7}}, {"type": "Feature", "geometry": {"type": "Polygon", "coordinates": [[[-16.333805, 19.740455], [-16.333802, 19.740184], [-16.334089, 19.740182], [-16.334086, 19.739911], [-16.334373, 19.739909], [-16.33437, 19.739638], [-16.334943, 19.739633], [-16.334941, 19.739362], [-16.335227, 19.73936], [-16.335225, 19.739089], [-16.335511, 19.739087], [-16.335506, 19.738545], [-16.335793, 19.738543], [-16.335784, 19.737459], [-16.33607, 19.737457], [-16.336063, 19.736643], [-16.335777, 19.736646], [-16.335775, 19.736375], [-16.336061, 19.736372], [-16.336056, 19.73583], [-16.33577, 19.735833], [-16.335772, 19.736104], [-16.335486, 19.736106], [-16.335484, 19.735835], [-16.335198, 19.735837], [-16.3352, 19.736108], [-16.334341, 19.736114], [-16.334339, 19.735843], [-16.334053, 19.735845], [-16.33405, 19.735574], [-16.333192, 19.735581], [-16.333194, 19.735852], [-16.332621, 19.735856], [-16.332624, 19.736127], [-16.332337, 19.736129], [-16.33234, 19.7364], [-16.332053, 19.736402], [-16.332056, 19.736673], [-16.331483, 19.736678], [-16.331474, 19.735593], [-16.330902, 19.735598], [-16.330904, 19.735869], [-16.330332, 19.735873], [-16.330336, 19.736415], [-16.33005, 19.736417], [-16.330052, 19.736688], [-16.329766, 19.73669], [-16.32977, 19.737232], [-16.329484, 19.737235], [-16.329486, 19.737506], [-16.3292, 19.737508], [-16.329207, 19.738321], [-16.329779, 19.738317], [-16.329781, 19.738588], [-16.330354, 19.738583], [-16.330356, 19.738854], [-16.330642, 19.738852], [-16.33064, 19.738581], [-16.331213, 19.738577], [-16.33121, 19.738306], [-16.331497, 19.738304], [-16.331494, 19.738033], [-16.331781, 19.738031], [-16.331778, 19.73776], [-16.332065, 19.737757], [-16.332074, 19.738842], [-16.33236, 19.738839], [-16.332362, 19.73911], [-16.331503, 19.739117], [-16.33151, 19.73993], [-16.331224, 19.739932], [-16.331226, 19.740203], [-16.331799, 19.740199], [-16.331801, 19.74047], [-16.332087, 19.740468], [-16.332085, 19.740197], [-16.332944, 19.74019], [-16.332946, 19.740461], [-16.333805, 19.740455]], [[-16.334645, 19.73828], [-16.334359, 19.738282], [-16.334357, 19.738011], [-16.334643, 19.738009], [-16.334645, 19.73828]], [[-16.334357, 19.738011], [-16.333784, 19.738016], [-16.333782, 19.737745], [-16.334355, 19.73774], [-16.334357, 19.738011]]]}, "properties": {"layer": "meadow", "year": 2026, "sat": "S2B", "date": "2026-06-05", "area_ha": 24.57}}, {"type": "Feature", "geometry": {"type": "Polygon", "coordinates": [[[-16.27969, 19.739223], [-16.279679, 19.737868], [-16.279393, 19.73787], [-16.2794, 19.738683], [-16.279113, 19.738685], [-16.279105, 19.737601], [-16.279391, 19.737599], [-16.279387, 19.737057], [-16.2791, 19.737059], [-16.279098, 19.736788], [-16.279671, 19.736784], [-16.279677, 19.737597], [-16.279963, 19.737595], [-16.279959, 19.737053], [-16.280532, 19.737049], [-16.280523, 19.735965], [-16.280237, 19.735967], [-16.280239, 19.736238], [-16.279953, 19.73624], [-16.279948, 19.735698], [-16.279376, 19.735702], [-16.279365, 19.734347], [-16.279079, 19.734349], [-16.279081, 19.73462], [-16.278795, 19.734622], [-16.278812, 19.73679], [-16.278526, 19.736792], [-16.278528, 19.737063], [-16.278814, 19.737061], [-16.278829, 19.738959], [-16.279402, 19.738954], [-16.279404, 19.739226], [-16.27969, 19.739223]]]}, "properties": {"layer": "meadow", "year": 2026, "sat": "S2B", "date": "2026-06-05", "area_ha": 4.68}}, {"type": "Feature", "geometry": {"type": "Polygon", "coordinates": [[[-16.319745, 19.736493], [-16.319743, 19.736222], [-16.320029, 19.73622], [-16.320027, 19.735949], [-16.320599, 19.735945], [-16.320595, 19.735403], [-16.320309, 19.735405], [-16.320304, 19.734863], [-16.32059, 19.734861], [-16.320588, 19.73459], [-16.320874, 19.734588], [-16.320868, 19.733775], [-16.320581, 19.733777], [-16.320584, 19.734048], [-16.320297, 19.73405], [-16.320295, 19.733779], [-16.320009, 19.733781], [-16.320016, 19.734594], [-16.319729, 19.734596], [-16.319732, 19.734867], [-16.319445, 19.734869], [-16.31945, 19.735411], [-16.319164, 19.735413], [-16.319166, 19.735684], [-16.319738, 19.73568], [-16.319741, 19.735951], [-16.319454, 19.735953], [-16.319459, 19.736495], [-16.319745, 19.736493]]]}, "properties": {"layer": "meadow", "year": 2026, "sat": "S2B", "date": "2026-06-05", "area_ha": 2.52}}, {"type": "Feature", "geometry": {"type": "Polygon", "coordinates": [[[-16.321744, 19.735937], [-16.321742, 19.735665], [-16.322028, 19.735663], [-16.322026, 19.735392], [-16.32174, 19.735394], [-16.321735, 19.734852], [-16.322022, 19.73485], [-16.322019, 19.734579], [-16.321733, 19.734581], [-16.321731, 19.73431], [-16.322017, 19.734308], [-16.322015, 19.734037], [-16.321729, 19.734039], [-16.321724, 19.733497], [-16.321438, 19.733499], [-16.321445, 19.734312], [-16.321158, 19.734315], [-16.321161, 19.734586], [-16.320874, 19.734588], [-16.320879, 19.73513], [-16.321451, 19.735126], [-16.321458, 19.735939], [-16.321744, 19.735937]]]}, "properties": {"layer": "meadow", "year": 2026, "sat": "S2B", "date": "2026-06-05", "area_ha": 1.53}}, {"type": "Feature", "geometry": {"type": "Polygon", "coordinates": [[[-16.496041, 19.732669], [-16.496038, 19.732398], [-16.496324, 19.732395], [-16.496319, 19.731853], [-16.496605, 19.731851], [-16.4966, 19.731309], [-16.496887, 19.731306], [-16.496882, 19.730764], [-16.496595, 19.730767], [-16.496598, 19.731038], [-16.496312, 19.73104], [-16.496317, 19.731582], [-16.49603, 19.731585], [-16.496036, 19.732127], [-16.495749, 19.732129], [-16.495754, 19.732671], [-16.496041, 19.732669]]]}, "properties": {"layer": "meadow", "year": 2026, "sat": "S2B", "date": "2026-06-05", "area_ha": 0.9}}, {"type": "Feature", "geometry": {"type": "Polygon", "coordinates": [[[-16.354669, 19.736504], [-16.354666, 19.736233], [-16.355239, 19.736228], [-16.355234, 19.735686], [-16.355521, 19.735684], [-16.355502, 19.733516], [-16.355216, 19.733518], [-16.355214, 19.733247], [-16.355786, 19.733243], [-16.355784, 19.732972], [-16.355498, 19.732974], [-16.355479, 19.730806], [-16.355193, 19.730808], [-16.355198, 19.73135], [-16.354911, 19.731352], [-16.354909, 19.731081], [-16.354623, 19.731083], [-16.35463, 19.731896], [-16.355202, 19.731892], [-16.355209, 19.732705], [-16.354923, 19.732707], [-16.354927, 19.733249], [-16.354641, 19.733251], [-16.354634, 19.732438], [-16.354921, 19.732436], [-16.354918, 19.732165], [-16.354346, 19.732169], [-16.354344, 19.731898], [-16.354057, 19.731901], [-16.354055, 19.731629], [-16.353769, 19.731632], [-16.353783, 19.733258], [-16.354069, 19.733256], [-16.35408, 19.734611], [-16.354366, 19.734609], [-16.354382, 19.736506], [-16.354669, 19.736504]], [[-16.354943, 19.735146], [-16.354657, 19.735149], [-16.35465, 19.734335], [-16.354364, 19.734338], [-16.35436, 19.733796], [-16.354646, 19.733793], [-16.354644, 19.733522], [-16.35493, 19.73352], [-16.354937, 19.734333], [-16.355223, 19.734331], [-16.355227, 19.734873], [-16.354941, 19.734875], [-16.354943, 19.735146]]]}, "properties": {"layer": "meadow", "year": 2026, "sat": "S2B", "date": "2026-06-05", "area_ha": 6.3}}, {"type": "Feature", "geometry": {"type": "Polygon", "coordinates": [[[-16.277363, 19.734632], [-16.277361, 19.734361], [-16.277648, 19.734359], [-16.277641, 19.733546], [-16.277927, 19.733544], [-16.277919, 19.73246], [-16.278205, 19.732458], [-16.278207, 19.732729], [-16.278493, 19.732727], [-16.27848, 19.7311], [-16.277908, 19.731104], [-16.277912, 19.731647], [-16.277626, 19.731649], [-16.277635, 19.732733], [-16.277348, 19.732735], [-16.277353, 19.733277], [-16.277066, 19.733279], [-16.277077, 19.734634], [-16.277363, 19.734632]]]}, "properties": {"layer": "meadow", "year": 2026, "sat": "S2B", "date": "2026-06-05", "area_ha": 2.61}}, {"type": "Feature", "geometry": {"type": "Polygon", "coordinates": [[[-16.330575, 19.730721], [-16.330573, 19.73045], [-16.330859, 19.730448], [-16.330843, 19.728551], [-16.330557, 19.728553], [-16.330559, 19.728824], [-16.330273, 19.728826], [-16.330275, 19.729097], [-16.329989, 19.729099], [-16.329991, 19.72937], [-16.329705, 19.729372], [-16.329707, 19.729643], [-16.329135, 19.729648], [-16.329137, 19.729919], [-16.328851, 19.729921], [-16.328853, 19.730192], [-16.329426, 19.730188], [-16.329423, 19.729917], [-16.32971, 19.729914], [-16.329714, 19.730457], [-16.33, 19.730454], [-16.330003, 19.730725], [-16.330575, 19.730721]]]}, "properties": {"layer": "meadow", "year": 2026, "sat": "S2B", "date": "2026-06-05", "area_ha": 2.52}}, {"type": "Feature", "geometry": {"type": "Polygon", "coordinates": [[[-16.333467, 19.734223], [-16.333464, 19.733952], [-16.334037, 19.733948], [-16.334035, 19.733677], [-16.334607, 19.733673], [-16.3346, 19.73286], [-16.334887, 19.732858], [-16.334884, 19.732586], [-16.335171, 19.732584], [-16.335164, 19.731771], [-16.33545, 19.731769], [-16.335443, 19.730956], [-16.33573, 19.730954], [-16.335727, 19.730683], [-16.336013, 19.730681], [-16.336009, 19.730139], [-16.336295, 19.730137], [-16.336288, 19.729323], [-16.336575, 19.729321], [-16.33657, 19.728779], [-16.336284, 19.728781], [-16.336277, 19.727968], [-16.335991, 19.72797], [-16.335989, 19.727699], [-16.335416, 19.727704], [-16.335418, 19.727975], [-16.335132, 19.727977], [-16.335137, 19.728519], [-16.334851, 19.728521], [-16.33486, 19.729605], [-16.334573, 19.729607], [-16.334578, 19.730149], [-16.334292, 19.730151], [-16.334298, 19.730965], [-16.334012, 19.730967], [-16.334017, 19.731509], [-16.33373, 19.731511], [-16.333735, 19.732053], [-16.333449, 19.732055], [-16.333451, 19.732326], [-16.333165, 19.732328], [-16.333169, 19.73287], [-16.332883, 19.732872], [-16.332885, 19.733143], [-16.332599, 19.733146], [-16.332606, 19.733959], [-16.333178, 19.733954], [-16.33318, 19.734225], [-16.333467, 19.734223]]]}, "properties": {"layer": "meadow", "year": 2026, "sat": "S2B", "date": "2026-06-05", "area_ha": 11.43}}, {"type": "Feature", "geometry": {"type": "Polygon", "coordinates": [[[-16.332567, 19.729351], [-16.332563, 19.728809], [-16.332849, 19.728807], [-16.332847, 19.728536], [-16.333419, 19.728532], [-16.333415, 19.72799], [-16.332842, 19.727994], [-16.332838, 19.727452], [-16.332552, 19.727454], [-16.332549, 19.727183], [-16.332263, 19.727185], [-16.332268, 19.727727], [-16.331982, 19.727729], [-16.331986, 19.728271], [-16.332272, 19.728269], [-16.332275, 19.72854], [-16.331988, 19.728542], [-16.331995, 19.729355], [-16.332567, 19.729351]]]}, "properties": {"layer": "meadow", "year": 2026, "sat": "S2B", "date": "2026-06-05", "area_ha": 1.98}}, {"type": "Feature", "geometry": {"type": "Polygon", "coordinates": [[[-16.354886, 19.728371], [-16.354884, 19.7281], [-16.35517, 19.728097], [-16.355163, 19.727284], [-16.35545, 19.727282], [-16.355445, 19.72674], [-16.355159, 19.726742], [-16.355161, 19.727013], [-16.354875, 19.727015], [-16.354877, 19.727286], [-16.354591, 19.727289], [-16.354593, 19.72756], [-16.354307, 19.727562], [-16.354314, 19.728375], [-16.354886, 19.728371]]]}, "properties": {"layer": "meadow", "year": 2026, "sat": "S2B", "date": "2026-06-05", "area_ha": 1.17}}, {"type": "Feature", "geometry": {"type": "Polygon", "coordinates": [[[-16.33712, 19.726065], [-16.337113, 19.725251], [-16.336541, 19.725256], [-16.336548, 19.726069], [-16.33712, 19.726065]]]}, "properties": {"layer": "meadow", "year": 2026, "sat": "S2B", "date": "2026-06-05", "area_ha": 0.54}}, {"type": "Feature", "geometry": {"type": "Polygon", "coordinates": [[[-16.338544, 19.725241], [-16.33854, 19.724699], [-16.338826, 19.724697], [-16.338822, 19.724155], [-16.338535, 19.724157], [-16.338533, 19.723886], [-16.338247, 19.723888], [-16.338258, 19.725243], [-16.338544, 19.725241]]]}, "properties": {"layer": "meadow", "year": 2026, "sat": "S2B", "date": "2026-06-05", "area_ha": 0.63}}, {"type": "Feature", "geometry": {"type": "Polygon", "coordinates": [[[-16.355979, 19.722128], [-16.355976, 19.721857], [-16.356263, 19.721855], [-16.356256, 19.721042], [-16.355683, 19.721046], [-16.35569, 19.721859], [-16.355404, 19.721861], [-16.355406, 19.722133], [-16.355979, 19.722128]]]}, "properties": {"layer": "meadow", "year": 2026, "sat": "S2B", "date": "2026-06-05", "area_ha": 0.72}}, {"type": "Feature", "geometry": {"type": "Polygon", "coordinates": [[[-16.333077, 19.721758], [-16.333072, 19.721216], [-16.333645, 19.721212], [-16.333643, 19.72094], [-16.333356, 19.720943], [-16.333352, 19.720401], [-16.333066, 19.720403], [-16.333068, 19.720674], [-16.332782, 19.720676], [-16.332789, 19.721489], [-16.332502, 19.721491], [-16.332505, 19.721762], [-16.333077, 19.721758]]]}, "properties": {"layer": "meadow", "year": 2026, "sat": "S2B", "date": "2026-06-05", "area_ha": 0.81}}, {"type": "Feature", "geometry": {"type": "Polygon", "coordinates": [[[-16.339078, 19.720629], [-16.339074, 19.720087], [-16.339646, 19.720083], [-16.339642, 19.719541], [-16.339928, 19.719538], [-16.339926, 19.719267], [-16.340212, 19.719265], [-16.340201, 19.71791], [-16.339628, 19.717914], [-16.339631, 19.718185], [-16.339344, 19.718187], [-16.339351, 19.719001], [-16.339065, 19.719003], [-16.339072, 19.719816], [-16.338785, 19.719818], [-16.338792, 19.720631], [-16.339078, 19.720629]]]}, "properties": {"layer": "meadow", "year": 2026, "sat": "S2B", "date": "2026-06-05", "area_ha": 2.25}}, {"type": "Feature", "geometry": {"type": "Polygon", "coordinates": [[[-16.335062, 19.719575], [-16.33506, 19.719304], [-16.335346, 19.719302], [-16.335344, 19.71903], [-16.33563, 19.719028], [-16.335621, 19.717944], [-16.335335, 19.717946], [-16.335337, 19.718217], [-16.334765, 19.718222], [-16.334767, 19.718493], [-16.334481, 19.718495], [-16.334486, 19.719037], [-16.334772, 19.719035], [-16.334776, 19.719577], [-16.335062, 19.719575]]]}, "properties": {"layer": "meadow", "year": 2026, "sat": "S2B", "date": "2026-06-05", "area_ha": 1.35}}, {"type": "Feature", "geometry": {"type": "Polygon", "coordinates": [[[-16.357385, 19.719136], [-16.357382, 19.718865], [-16.357955, 19.718861], [-16.35795, 19.718319], [-16.358236, 19.718316], [-16.358232, 19.717774], [-16.357659, 19.717779], [-16.35765, 19.716695], [-16.357078, 19.716699], [-16.35708, 19.71697], [-16.357366, 19.716968], [-16.357378, 19.718323], [-16.356805, 19.718327], [-16.35681, 19.718869], [-16.357096, 19.718867], [-16.357098, 19.719138], [-16.357385, 19.719136]]]}, "properties": {"layer": "meadow", "year": 2026, "sat": "S2B", "date": "2026-06-05", "area_ha": 1.8}}, {"type": "Feature", "geometry": {"type": "Polygon", "coordinates": [[[-16.340487, 19.717908], [-16.340485, 19.717637], [-16.340771, 19.717635], [-16.340764, 19.716822], [-16.34105, 19.716819], [-16.341048, 19.716548], [-16.340476, 19.716553], [-16.340471, 19.716011], [-16.340185, 19.716013], [-16.340187, 19.716284], [-16.339615, 19.716288], [-16.339617, 19.716559], [-16.339903, 19.716557], [-16.339905, 19.716828], [-16.340478, 19.716824], [-16.34048, 19.717095], [-16.340194, 19.717097], [-16.340201, 19.71791], [-16.340487, 19.717908]]]}, "properties": {"layer": "meadow", "year": 2026, "sat": "S2B", "date": "2026-06-05", "area_ha": 1.26}}, {"type": "Feature", "geometry": {"type": "Polygon", "coordinates": [[[-16.356794, 19.716972], [-16.356792, 19.716701], [-16.357078, 19.716699], [-16.357071, 19.715886], [-16.356785, 19.715888], [-16.356776, 19.714804], [-16.356489, 19.714806], [-16.356498, 19.71589], [-16.356212, 19.715892], [-16.356215, 19.716163], [-16.356787, 19.716159], [-16.356789, 19.71643], [-16.356217, 19.716434], [-16.356219, 19.716705], [-16.356505, 19.716703], [-16.356508, 19.716974], [-16.356794, 19.716972]]]}, "properties": {"layer": "meadow", "year": 2026, "sat": "S2B", "date": "2026-06-05", "area_ha": 1.08}}, {"type": "Feature", "geometry": {"type": "Polygon", "coordinates": [[[-16.34133, 19.716004], [-16.341327, 19.715733], [-16.341614, 19.715731], [-16.341593, 19.713292], [-16.341307, 19.713294], [-16.341309, 19.713565], [-16.341023, 19.713567], [-16.341025, 19.713838], [-16.340739, 19.71384], [-16.340744, 19.714382], [-16.340458, 19.714384], [-16.340462, 19.714927], [-16.340176, 19.714929], [-16.340178, 19.7152], [-16.340751, 19.715195], [-16.340755, 19.715737], [-16.341041, 19.715735], [-16.341044, 19.716006], [-16.34133, 19.716004]]]}, "properties": {"layer": "meadow", "year": 2026, "sat": "S2B", "date": "2026-06-05", "area_ha": 2.61}}, {"type": "Feature", "geometry": {"type": "Polygon", "coordinates": [[[-16.343894, 19.71463], [-16.343892, 19.714359], [-16.344178, 19.714357], [-16.344176, 19.714086], [-16.344462, 19.714083], [-16.344458, 19.713541], [-16.344744, 19.713539], [-16.344739, 19.712997], [-16.345025, 19.712995], [-16.345021, 19.712453], [-16.344162, 19.712459], [-16.34416, 19.712188], [-16.345019, 19.712182], [-16.345012, 19.711369], [-16.344439, 19.711373], [-16.344435, 19.710831], [-16.344149, 19.710833], [-16.344153, 19.711375], [-16.343867, 19.711377], [-16.343876, 19.712461], [-16.34359, 19.712464], [-16.343592, 19.712735], [-16.343306, 19.712737], [-16.343311, 19.713279], [-16.343597, 19.713277], [-16.343599, 19.713548], [-16.343313, 19.71355], [-16.34332, 19.714363], [-16.343606, 19.714361], [-16.343608, 19.714632], [-16.343894, 19.71463]], [[-16.344455, 19.71327], [-16.344169, 19.713272], [-16.344165, 19.71273], [-16.344451, 19.712728], [-16.344455, 19.71327]], [[-16.34473, 19.711913], [-16.344158, 19.711917], [-16.344156, 19.711646], [-16.344728, 19.711642], [-16.34473, 19.711913]]]}, "properties": {"layer": "meadow", "year": 2026, "sat": "S2B", "date": "2026-06-05", "area_ha": 3.87}}, {"type": "Feature", "geometry": {"type": "Polygon", "coordinates": [[[-16.336777, 19.719291], [-16.336766, 19.717936], [-16.337052, 19.717934], [-16.337041, 19.716578], [-16.336755, 19.71658], [-16.336739, 19.714683], [-16.336167, 19.714688], [-16.336165, 19.714416], [-16.336451, 19.714414], [-16.336435, 19.712517], [-16.336721, 19.712515], [-16.336712, 19.711431], [-16.336998, 19.711429], [-16.336992, 19.710616], [-16.337278, 19.710613], [-16.337273, 19.710071], [-16.336701, 19.710076], [-16.33671, 19.71116], [-16.336424, 19.711162], [-16.336433, 19.712246], [-16.336147, 19.712248], [-16.336149, 19.712519], [-16.335004, 19.712528], [-16.335013, 19.713612], [-16.334441, 19.713616], [-16.334447, 19.714429], [-16.334161, 19.714431], [-16.334166, 19.714973], [-16.333879, 19.714976], [-16.333893, 19.716602], [-16.334179, 19.7166], [-16.334181, 19.716871], [-16.333895, 19.716873], [-16.333902, 19.717686], [-16.334188, 19.717684], [-16.33419, 19.717955], [-16.334763, 19.717951], [-16.334761, 19.71768], [-16.335333, 19.717675], [-16.335331, 19.717404], [-16.335903, 19.7174], [-16.335896, 19.716587], [-16.336183, 19.716585], [-16.336192, 19.717669], [-16.336478, 19.717667], [-16.336491, 19.719293], [-16.336777, 19.719291]], [[-16.336178, 19.716043], [-16.335892, 19.716045], [-16.33589, 19.715774], [-16.336176, 19.715772], [-16.336178, 19.716043]], [[-16.334459, 19.715784], [-16.334172, 19.715787], [-16.33417, 19.715516], [-16.334456, 19.715513], [-16.334459, 19.715784]], [[-16.336169, 19.714959], [-16.335597, 19.714963], [-16.335594, 19.714692], [-16.336167, 19.714688], [-16.336169, 19.714959]], [[-16.334738, 19.714969], [-16.334452, 19.714971], [-16.33445, 19.7147], [-16.334736, 19.714698], [-16.334738, 19.714969]]]}, "properties": {"layer": "meadow", "year": 2026, "sat": "S2B", "date": "2026-06-05", "area_ha": 15.39}}, {"type": "Feature", "geometry": {"type": "Polygon", "coordinates": [[[-16.337269, 19.709529], [-16.337267, 19.709258], [-16.337553, 19.709256], [-16.33755, 19.708985], [-16.337837, 19.708983], [-16.337832, 19.708441], [-16.338118, 19.708439], [-16.338114, 19.707897], [-16.337828, 19.707899], [-16.33783, 19.70817], [-16.337544, 19.708172], [-16.337548, 19.708714], [-16.337262, 19.708716], [-16.337264, 19.708987], [-16.336978, 19.708989], [-16.33698, 19.70926], [-16.336694, 19.709263], [-16.336696, 19.709534], [-16.337269, 19.709529]]]}, "properties": {"layer": "meadow", "year": 2026, "sat": "S2B", "date": "2026-06-05", "area_ha": 0.9}}, {"type": "Feature", "geometry": {"type": "Polygon", "coordinates": [[[-16.348655, 19.702126], [-16.348651, 19.701584], [-16.348937, 19.701581], [-16.348932, 19.701039], [-16.349218, 19.701037], [-16.349214, 19.700495], [-16.350072, 19.700489], [-16.350077, 19.701031], [-16.350363, 19.701029], [-16.350361, 19.700758], [-16.350647, 19.700755], [-16.350636, 19.6994], [-16.350349, 19.699402], [-16.350352, 19.699673], [-16.349493, 19.69968], [-16.349495, 19.699951], [-16.349209, 19.699953], [-16.349212, 19.700224], [-16.348925, 19.700226], [-16.34893, 19.700768], [-16.348644, 19.70077], [-16.348646, 19.701042], [-16.34836, 19.701044], [-16.348369, 19.702128], [-16.348655, 19.702126]]]}, "properties": {"layer": "meadow", "year": 2026, "sat": "S2B", "date": "2026-06-05", "area_ha": 2.52}}, {"type": "Feature", "geometry": {"type": "Polygon", "coordinates": [[[-16.344644, 19.701614], [-16.344642, 19.701343], [-16.344928, 19.70134], [-16.344926, 19.701069], [-16.345212, 19.701067], [-16.345207, 19.700525], [-16.345494, 19.700523], [-16.345487, 19.69971], [-16.346059, 19.699706], [-16.346061, 19.699977], [-16.346348, 19.699975], [-16.346345, 19.699704], [-16.346631, 19.699701], [-16.346629, 19.69943], [-16.346915, 19.699428], [-16.346913, 19.699157], [-16.347199, 19.699155], [-16.347197, 19.698884], [-16.347483, 19.698882], [-16.347481, 19.698611], [-16.347767, 19.698609], [-16.347765, 19.698338], [-16.348051, 19.698335], [-16.348049, 19.698064], [-16.348335, 19.698062], [-16.348333, 19.697791], [-16.348619, 19.697789], [-16.348617, 19.697518], [-16.349189, 19.697514], [-16.349187, 19.697243], [-16.349473, 19.697241], [-16.34947, 19.69697], [-16.349757, 19.696967], [-16.349754, 19.696696], [-16.350041, 19.696694], [-16.350038, 19.696423], [-16.349466, 19.696427], [-16.349468, 19.696699], [-16.349182, 19.696701], [-16.349184, 19.696972], [-16.348612, 19.696976], [-16.348614, 19.697247], [-16.348042, 19.697251], [-16.348044, 19.697522], [-16.347758, 19.697525], [-16.34776, 19.697796], [-16.347474, 19.697798], [-16.347476, 19.698069], [-16.34719, 19.698071], [-16.347192, 19.698342], [-16.34662, 19.698346], [-16.346622, 19.698617], [-16.346336, 19.698619], [-16.346338, 19.69889], [-16.345766, 19.698895], [-16.345768, 19.699166], [-16.345482, 19.699168], [-16.345484, 19.699439], [-16.345198, 19.699441], [-16.345201, 19.699712], [-16.344914, 19.699714], [-16.344921, 19.700527], [-16.344349, 19.700532], [-16.344353, 19.701074], [-16.344067, 19.701076], [-16.344069, 19.701347], [-16.344356, 19.701345], [-16.344358, 19.701616], [-16.344644, 19.701614]]]}, "properties": {"layer": "meadow", "year": 2026, "sat": "S2B", "date": "2026-06-05", "area_ha": 5.4}}, {"type": "Feature", "geometry": {"type": "Polygon", "coordinates": [[[-16.504206, 19.718235], [-16.504201, 19.717693], [-16.504774, 19.717688], [-16.504766, 19.716875], [-16.505052, 19.716873], [-16.50505, 19.716602], [-16.505336, 19.7166], [-16.505333, 19.716329], [-16.505619, 19.716326], [-16.505614, 19.715784], [-16.505901, 19.715782], [-16.505898, 19.715511], [-16.506184, 19.715508], [-16.506182, 19.715237], [-16.505896, 19.71524], [-16.50589, 19.714698], [-16.506177, 19.714695], [-16.506164, 19.71334], [-16.50645, 19.713338], [-16.506445, 19.712796], [-16.507017, 19.712791], [-16.507015, 19.71252], [-16.507301, 19.712518], [-16.507298, 19.712247], [-16.507585, 19.712244], [-16.507577, 19.711431], [-16.507863, 19.711429], [-16.507858, 19.710887], [-16.507572, 19.710889], [-16.507569, 19.710618], [-16.506997, 19.710623], [-16.506995, 19.710352], [-16.506136, 19.710359], [-16.506139, 19.71063], [-16.505566, 19.710635], [-16.505569, 19.710906], [-16.505283, 19.710908], [-16.505285, 19.711179], [-16.504999, 19.711182], [-16.504996, 19.710911], [-16.504424, 19.710916], [-16.504419, 19.710373], [-16.505564, 19.710364], [-16.505559, 19.709822], [-16.505272, 19.709824], [-16.505245, 19.706843], [-16.505531, 19.706841], [-16.505523, 19.706028], [-16.505809, 19.706025], [-16.505804, 19.705483], [-16.50609, 19.705481], [-16.506088, 19.70521], [-16.506374, 19.705207], [-16.506366, 19.704394], [-16.506653, 19.704392], [-16.50665, 19.704121], [-16.506364, 19.704123], [-16.506361, 19.703852], [-16.506647, 19.70385], [-16.506642, 19.703308], [-16.506929, 19.703305], [-16.506926, 19.703034], [-16.507212, 19.703032], [-16.507207, 19.70249], [-16.506921, 19.702492], [-16.506916, 19.70195], [-16.507202, 19.701948], [-16.507199, 19.701677], [-16.506913, 19.701679], [-16.506906, 19.700866], [-16.507192, 19.700864], [-16.507189, 19.700593], [-16.506903, 19.700595], [-16.506896, 19.699782], [-16.506609, 19.699785], [-16.506612, 19.700056], [-16.506326, 19.700058], [-16.506328, 19.700329], [-16.506042, 19.700331], [-16.506032, 19.699247], [-16.505746, 19.69925], [-16.505741, 19.698708], [-16.506313, 19.698703], [-16.506311, 19.698432], [-16.506597, 19.69843], [-16.506587, 19.697346], [-16.5063, 19.697348], [-16.506285, 19.695722], [-16.505999, 19.695724], [-16.505991, 19.694911], [-16.505705, 19.694914], [-16.505703, 19.694643], [-16.505417, 19.694645], [-16.505414, 19.694374], [-16.505128, 19.694376], [-16.505123, 19.693834], [-16.504837, 19.693837], [-16.504829, 19.693024], [-16.504543, 19.693026], [-16.50454, 19.692755], [-16.504254, 19.692757], [-16.504252, 19.692486], [-16.503966, 19.692489], [-16.503963, 19.692218], [-16.503391, 19.692223], [-16.503393, 19.692494], [-16.503107, 19.692496], [-16.503117, 19.69358], [-16.502831, 19.693582], [-16.502846, 19.695209], [-16.503133, 19.695206], [-16.503135, 19.695477], [-16.503421, 19.695475], [-16.503426, 19.696017], [-16.503712, 19.696014], [-16.50372, 19.696827], [-16.504006, 19.696825], [-16.504009, 19.697096], [-16.504295, 19.697094], [-16.504297, 19.697365], [-16.504011, 19.697367], [-16.504016, 19.697909], [-16.504302, 19.697907], [-16.504335, 19.70143], [-16.504049, 19.701432], [-16.504064, 19.703058], [-16.503778, 19.703061], [-16.503791, 19.704416], [-16.503505, 19.704418], [-16.503512, 19.705231], [-16.503226, 19.705234], [-16.503231, 19.705776], [-16.502945, 19.705778], [-16.502953, 19.706591], [-16.502666, 19.706594], [-16.502682, 19.70822], [-16.502396, 19.708222], [-16.502418, 19.710661], [-16.502704, 19.710659], [-16.502712, 19.711472], [-16.502998, 19.71147], [-16.503001, 19.711741], [-16.503287, 19.711738], [-16.503297, 19.712822], [-16.503583, 19.71282], [-16.503588, 19.713362], [-16.503875, 19.713359], [-16.50388, 19.713901], [-16.503307, 19.713906], [-16.503315, 19.714719], [-16.503601, 19.714717], [-16.503611, 19.715801], [-16.503897, 19.715799], [-16.503907, 19.716883], [-16.504194, 19.71688], [-16.504196, 19.717151], [-16.50391, 19.717154], [-16.503915, 19.717696], [-16.503629, 19.717698], [-16.503634, 19.71824], [-16.504206, 19.718235]], [[-16.503573, 19.711736], [-16.503287, 19.711738], [-16.503284, 19.711467], [-16.503571, 19.711465], [-16.503573, 19.711736]], [[-16.503254, 19.708215], [-16.502968, 19.708217], [-16.50296, 19.707404], [-16.503246, 19.707402], [-16.503254, 19.708215]], [[-16.504095, 19.706311], [-16.503809, 19.706313], [-16.503806, 19.706042], [-16.504092, 19.70604], [-16.504095, 19.706311]], [[-16.504885, 19.698986], [-16.504599, 19.698988], [-16.504596, 19.698717], [-16.504882, 19.698715], [-16.504885, 19.698986]], [[-16.503409, 19.69412], [-16.503122, 19.694122], [-16.50312, 19.693851], [-16.503406, 19.693849], [-16.503409, 19.69412]], [[-16.504548, 19.693568], [-16.504262, 19.69357], [-16.504257, 19.693028], [-16.504543, 19.693026], [-16.504548, 19.693568]]]}, "properties": {"layer": "meadow", "year": 2026, "sat": "S2B", "date": "2026-06-05", "area_ha": 75.87}}, {"type": "Feature", "geometry": {"type": "Polygon", "coordinates": [[[-16.352305, 19.693696], [-16.3523, 19.693154], [-16.352586, 19.693151], [-16.35258, 19.692338], [-16.352866, 19.692336], [-16.352861, 19.691794], [-16.353147, 19.691792], [-16.353141, 19.690979], [-16.352854, 19.690981], [-16.352859, 19.691523], [-16.352573, 19.691525], [-16.352577, 19.692067], [-16.352291, 19.692069], [-16.352298, 19.692883], [-16.352012, 19.692885], [-16.352016, 19.693427], [-16.35173, 19.693429], [-16.351733, 19.6937], [-16.352305, 19.693696]]]}, "properties": {"layer": "meadow", "year": 2026, "sat": "S2B", "date": "2026-06-05", "area_ha": 1.26}}, {"type": "Feature", "geometry": {"type": "Polygon", "coordinates": [[[-16.359457, 19.693371], [-16.359452, 19.692828], [-16.359738, 19.692826], [-16.35974, 19.693097], [-16.362888, 19.693073], [-16.362884, 19.692531], [-16.36317, 19.692529], [-16.363168, 19.692258], [-16.36374, 19.692254], [-16.363738, 19.691983], [-16.364024, 19.691981], [-16.364017, 19.691168], [-16.363445, 19.691172], [-16.363442, 19.690901], [-16.361153, 19.690918], [-16.361155, 19.691189], [-16.360011, 19.691198], [-16.360013, 19.691469], [-16.359441, 19.691473], [-16.359443, 19.691744], [-16.360015, 19.69174], [-16.360017, 19.692011], [-16.360304, 19.692009], [-16.360308, 19.692551], [-16.358305, 19.692566], [-16.358307, 19.692837], [-16.357449, 19.692844], [-16.357451, 19.693115], [-16.357737, 19.693112], [-16.35774, 19.693384], [-16.359457, 19.693371]], [[-16.362307, 19.691994], [-16.361734, 19.691998], [-16.361732, 19.691727], [-16.362304, 19.691723], [-16.362307, 19.691994]], [[-16.363163, 19.691716], [-16.362877, 19.691718], [-16.362872, 19.691176], [-16.363445, 19.691172], [-16.363447, 19.691443], [-16.363161, 19.691445], [-16.363163, 19.691716]]]}, "properties": {"layer": "meadow", "year": 2026, "sat": "S2B", "date": "2026-06-05", "area_ha": 9.81}}, {"type": "Feature", "geometry": {"type": "Polygon", "coordinates": [[[-16.474754, 19.690021], [-16.474752, 19.68975], [-16.475038, 19.689747], [-16.475035, 19.689476], [-16.475321, 19.689474], [-16.475312, 19.68839], [-16.475598, 19.688388], [-16.475595, 19.688117], [-16.475309, 19.688119], [-16.475307, 19.687848], [-16.474734, 19.687853], [-16.474737, 19.688124], [-16.474451, 19.688126], [-16.474453, 19.688397], [-16.473881, 19.688402], [-16.473883, 19.688673], [-16.474169, 19.68867], [-16.474172, 19.688941], [-16.473886, 19.688944], [-16.473888, 19.689215], [-16.474174, 19.689212], [-16.474177, 19.689483], [-16.474463, 19.689481], [-16.474468, 19.690023], [-16.474754, 19.690021]], [[-16.474747, 19.689208], [-16.474461, 19.68921], [-16.474456, 19.688668], [-16.474742, 19.688666], [-16.474739, 19.688395], [-16.475025, 19.688392], [-16.47503, 19.688934], [-16.474744, 19.688937], [-16.474747, 19.689208]]]}, "properties": {"layer": "meadow", "year": 2026, "sat": "S2B", "date": "2026-06-05", "area_ha": 2.07}}, {"type": "Feature", "geometry": {"type": "Polygon", "coordinates": [[[-16.371185, 19.692739], [-16.371182, 19.692468], [-16.371468, 19.692466], [-16.371466, 19.692195], [-16.371752, 19.692193], [-16.37175, 19.691922], [-16.372036, 19.69192], [-16.372034, 19.691649], [-16.37232, 19.691646], [-16.372318, 19.691375], [-16.372604, 19.691373], [-16.372602, 19.691102], [-16.372888, 19.6911], [-16.372883, 19.690558], [-16.373169, 19.690556], [-16.373167, 19.690285], [-16.373453, 19.690282], [-16.373455, 19.690553], [-16.373742, 19.690551], [-16.373739, 19.69028], [-16.374025, 19.690278], [-16.374023, 19.690007], [-16.374309, 19.690005], [-16.374307, 19.689734], [-16.374593, 19.689732], [-16.374591, 19.689461], [-16.374877, 19.689458], [-16.374868, 19.688374], [-16.37544, 19.68837], [-16.375433, 19.687557], [-16.375719, 19.687555], [-16.375717, 19.687284], [-16.376289, 19.687279], [-16.376284, 19.686737], [-16.376571, 19.686735], [-16.376568, 19.686464], [-16.376854, 19.686462], [-16.376852, 19.686191], [-16.377138, 19.686188], [-16.377136, 19.685917], [-16.376564, 19.685922], [-16.376561, 19.685651], [-16.376847, 19.685649], [-16.376845, 19.685378], [-16.377131, 19.685375], [-16.377127, 19.684833], [-16.377413, 19.684831], [-16.377411, 19.68456], [-16.377697, 19.684558], [-16.37769, 19.683745], [-16.378262, 19.68374], [-16.37826, 19.683469], [-16.377401, 19.683476], [-16.377404, 19.683747], [-16.377117, 19.683749], [-16.37712, 19.68402], [-16.376261, 19.684027], [-16.376264, 19.684298], [-16.375977, 19.6843], [-16.37598, 19.684571], [-16.375694, 19.684573], [-16.375696, 19.684844], [-16.37541, 19.684846], [-16.375414, 19.685389], [-16.375128, 19.685391], [-16.375131, 19.685662], [-16.374844, 19.685664], [-16.374847, 19.685935], [-16.374561, 19.685937], [-16.374565, 19.686479], [-16.374851, 19.686477], [-16.374856, 19.687019], [-16.373711, 19.687028], [-16.373714, 19.687299], [-16.374286, 19.687295], [-16.374291, 19.687837], [-16.373718, 19.687841], [-16.373723, 19.688383], [-16.374295, 19.688379], [-16.3743, 19.688921], [-16.374014, 19.688923], [-16.374011, 19.688652], [-16.373439, 19.688656], [-16.373441, 19.688927], [-16.373728, 19.688925], [-16.37373, 19.689196], [-16.373444, 19.689198], [-16.373446, 19.689469], [-16.372588, 19.689476], [-16.37259, 19.689747], [-16.372304, 19.689749], [-16.372299, 19.689207], [-16.372585, 19.689205], [-16.372578, 19.688392], [-16.372292, 19.688394], [-16.372297, 19.688936], [-16.372011, 19.688938], [-16.372013, 19.689209], [-16.371727, 19.689211], [-16.371729, 19.689482], [-16.371443, 19.689485], [-16.371445, 19.689756], [-16.371731, 19.689753], [-16.371741, 19.690838], [-16.371455, 19.69084], [-16.371457, 19.691111], [-16.371171, 19.691113], [-16.371175, 19.691655], [-16.370889, 19.691657], [-16.370896, 19.69247], [-16.37061, 19.692473], [-16.370612, 19.692744], [-16.371185, 19.692739]], [[-16.375138, 19.686475], [-16.374851, 19.686477], [-16.374849, 19.686206], [-16.375135, 19.686204], [-16.375138, 19.686475]], [[-16.376566, 19.686193], [-16.37628, 19.686195], [-16.376278, 19.685924], [-16.376564, 19.685922], [-16.376566, 19.686193]], [[-16.375991, 19.685926], [-16.375419, 19.685931], [-16.375417, 19.68566], [-16.375989, 19.685655], [-16.375991, 19.685926]]]}, "properties": {"layer": "meadow", "year": 2026, "sat": "S2B", "date": "2026-06-05", "area_ha": 16.47}}, {"type": "Feature", "geometry": {"type": "Polygon", "coordinates": [[[-16.361714, 19.689559], [-16.361712, 19.689288], [-16.361998, 19.689286], [-16.361995, 19.689014], [-16.362282, 19.689012], [-16.362284, 19.689283], [-16.363142, 19.689277], [-16.36314, 19.689006], [-16.363426, 19.689004], [-16.363424, 19.688733], [-16.36371, 19.68873], [-16.363712, 19.689001], [-16.364285, 19.688997], [-16.364287, 19.689268], [-16.365145, 19.689262], [-16.365143, 19.688991], [-16.365429, 19.688988], [-16.365432, 19.689259], [-16.365718, 19.689257], [-16.365715, 19.688986], [-16.366288, 19.688982], [-16.366285, 19.688711], [-16.366858, 19.688706], [-16.366855, 19.688435], [-16.367428, 19.688431], [-16.367425, 19.68816], [-16.367998, 19.688156], [-16.367995, 19.687885], [-16.368282, 19.687882], [-16.368279, 19.687611], [-16.368852, 19.687607], [-16.368849, 19.687336], [-16.369135, 19.687334], [-16.369131, 19.686792], [-16.369417, 19.68679], [-16.369415, 19.686519], [-16.369128, 19.686521], [-16.369122, 19.685708], [-16.369408, 19.685705], [-16.369405, 19.685434], [-16.369692, 19.685432], [-16.369689, 19.685161], [-16.369975, 19.685159], [-16.369966, 19.684075], [-16.370252, 19.684073], [-16.370245, 19.68326], [-16.369959, 19.683262], [-16.369962, 19.683533], [-16.369389, 19.683537], [-16.369396, 19.68435], [-16.36911, 19.684353], [-16.369112, 19.684624], [-16.368826, 19.684626], [-16.368828, 19.684897], [-16.36797, 19.684903], [-16.367972, 19.685174], [-16.367686, 19.685177], [-16.367691, 19.685719], [-16.367405, 19.685721], [-16.367407, 19.685992], [-16.367121, 19.685994], [-16.367123, 19.686265], [-16.366551, 19.686269], [-16.366546, 19.685727], [-16.36626, 19.685729], [-16.366262, 19.686001], [-16.365976, 19.686003], [-16.365969, 19.68519], [-16.365397, 19.685194], [-16.365395, 19.684923], [-16.365109, 19.684925], [-16.365111, 19.685196], [-16.364825, 19.685198], [-16.36482, 19.684656], [-16.365106, 19.684654], [-16.365102, 19.684112], [-16.364816, 19.684114], [-16.364813, 19.683843], [-16.364527, 19.683845], [-16.364529, 19.684116], [-16.364243, 19.684119], [-16.364246, 19.68439], [-16.363673, 19.684394], [-16.36368, 19.685207], [-16.362536, 19.685216], [-16.362538, 19.685487], [-16.362252, 19.685489], [-16.362256, 19.686031], [-16.361684, 19.686035], [-16.361686, 19.686306], [-16.3614, 19.686308], [-16.361402, 19.68658], [-16.36083, 19.686584], [-16.360832, 19.686855], [-16.360546, 19.686857], [-16.360549, 19.687128], [-16.360262, 19.68713], [-16.360265, 19.687401], [-16.359979, 19.687403], [-16.359981, 19.687675], [-16.359695, 19.687677], [-16.359692, 19.687406], [-16.359406, 19.687408], [-16.359409, 19.687679], [-16.359122, 19.687681], [-16.359125, 19.687952], [-16.358839, 19.687954], [-16.358841, 19.688225], [-16.359127, 19.688223], [-16.359132, 19.688765], [-16.359418, 19.688763], [-16.35942, 19.689034], [-16.359992, 19.68903], [-16.359995, 19.689301], [-16.360281, 19.689299], [-16.360283, 19.68957], [-16.360569, 19.689567], [-16.360565, 19.689025], [-16.361423, 19.689019], [-16.361428, 19.689561], [-16.361714, 19.689559]], [[-16.362568, 19.68901], [-16.362282, 19.689012], [-16.362279, 19.688741], [-16.362565, 19.688739], [-16.362568, 19.68901]], [[-16.361707, 19.688746], [-16.361421, 19.688748], [-16.361418, 19.688477], [-16.361705, 19.688475], [-16.361707, 19.688746]], [[-16.362277, 19.68847], [-16.361705, 19.688475], [-16.361702, 19.688204], [-16.362275, 19.688199], [-16.362277, 19.68847]], [[-16.359985, 19.688217], [-16.359699, 19.688219], [-16.359697, 19.687948], [-16.359983, 19.687946], [-16.359985, 19.688217]], [[-16.366278, 19.687898], [-16.365706, 19.687902], [-16.365702, 19.68736], [-16.365988, 19.687358], [-16.365983, 19.686816], [-16.366269, 19.686814], [-16.366267, 19.686543], [-16.366553, 19.68654], [-16.366555, 19.686811], [-16.366842, 19.686809], [-16.366846, 19.687351], [-16.36656, 19.687353], [-16.366562, 19.687625], [-16.366276, 19.687627], [-16.366278, 19.687898]], [[-16.361414, 19.687935], [-16.361128, 19.687937], [-16.361125, 19.687666], [-16.361412, 19.687664], [-16.361414, 19.687935]], [[-16.360269, 19.687943], [-16.359983, 19.687946], [-16.359981, 19.687675], [-16.360267, 19.687672], [-16.360269, 19.687943]], [[-16.368561, 19.687067], [-16.367988, 19.687072], [-16.367986, 19.686801], [-16.3677, 19.686803], [-16.367695, 19.686261], [-16.368268, 19.686256], [-16.368265, 19.685985], [-16.368552, 19.685983], [-16.368556, 19.686525], [-16.36827, 19.686527], [-16.368272, 19.686798], [-16.368558, 19.686796], [-16.368561, 19.687067]], [[-16.367128, 19.686807], [-16.366842, 19.686809], [-16.366839, 19.686538], [-16.367125, 19.686536], [-16.367128, 19.686807]], [[-16.367412, 19.686534], [-16.367125, 19.686536], [-16.367123, 19.686265], [-16.367409, 19.686263], [-16.367412, 19.686534]], [[-16.365979, 19.686274], [-16.365692, 19.686276], [-16.36569, 19.686005], [-16.365976, 19.686003], [-16.365979, 19.686274]], [[-16.368261, 19.685443], [-16.367975, 19.685445], [-16.367972, 19.685174], [-16.368259, 19.685172], [-16.368261, 19.685443]], [[-16.364534, 19.684658], [-16.364248, 19.684661], [-16.364246, 19.68439], [-16.364532, 19.684387], [-16.364534, 19.684658]]]}, "properties": {"layer": "meadow", "year": 2026, "sat": "S2B", "date": "2026-06-05", "area_ha": 35.73}}, {"type": "Feature", "geometry": {"type": "Polygon", "coordinates": [[[-16.375401, 19.683762], [-16.375398, 19.683491], [-16.375684, 19.683489], [-16.375682, 19.683218], [-16.376254, 19.683214], [-16.376252, 19.682943], [-16.377397, 19.682934], [-16.377394, 19.682663], [-16.376536, 19.682669], [-16.376534, 19.682398], [-16.375961, 19.682403], [-16.375964, 19.682674], [-16.375677, 19.682676], [-16.37568, 19.682947], [-16.375394, 19.682949], [-16.375396, 19.68322], [-16.37511, 19.683222], [-16.375114, 19.683765], [-16.375401, 19.683762]]]}, "properties": {"layer": "meadow", "year": 2026, "sat": "S2B", "date": "2026-06-05", "area_ha": 1.26}}, {"type": "Feature", "geometry": {"type": "Polygon", "coordinates": [[[-16.47615, 19.686215], [-16.476145, 19.685673], [-16.475859, 19.685675], [-16.475852, 19.684862], [-16.476138, 19.68486], [-16.476135, 19.684589], [-16.476707, 19.684584], [-16.47671, 19.684855], [-16.476996, 19.684853], [-16.476991, 19.684311], [-16.476133, 19.684318], [-16.47613, 19.684047], [-16.476416, 19.684044], [-16.476406, 19.68296], [-16.47612, 19.682963], [-16.476115, 19.682421], [-16.476401, 19.682418], [-16.476394, 19.681605], [-16.476108, 19.681607], [-16.47611, 19.681878], [-16.475824, 19.681881], [-16.475819, 19.681339], [-16.475533, 19.681341], [-16.475548, 19.682967], [-16.475262, 19.68297], [-16.475264, 19.683241], [-16.47555, 19.683238], [-16.475553, 19.683509], [-16.475839, 19.683507], [-16.475842, 19.683778], [-16.475555, 19.68378], [-16.475558, 19.684051], [-16.475844, 19.684049], [-16.475847, 19.68432], [-16.475274, 19.684325], [-16.475282, 19.685138], [-16.474996, 19.68514], [-16.475003, 19.685953], [-16.475861, 19.685946], [-16.475864, 19.686217], [-16.47615, 19.686215]], [[-16.476125, 19.683505], [-16.475839, 19.683507], [-16.475837, 19.683236], [-16.476123, 19.683234], [-16.476125, 19.683505]]]}, "properties": {"layer": "meadow", "year": 2026, "sat": "S2B", "date": "2026-06-05", "area_ha": 4.32}}, {"type": "Feature", "geometry": {"type": "Polygon", "coordinates": [[[-16.377678, 19.68239], [-16.377676, 19.682119], [-16.377962, 19.682116], [-16.37796, 19.681845], [-16.377101, 19.681852], [-16.377104, 19.682123], [-16.376531, 19.682127], [-16.376534, 19.682398], [-16.377678, 19.68239]]]}, "properties": {"layer": "meadow", "year": 2026, "sat": "S2B", "date": "2026-06-05", "area_ha": 0.63}}, {"type": "Feature", "geometry": {"type": "Polygon", "coordinates": [[[-16.371099, 19.682711], [-16.371095, 19.682169], [-16.371381, 19.682167], [-16.371376, 19.681625], [-16.370804, 19.681629], [-16.370806, 19.6819], [-16.37052, 19.681902], [-16.370527, 19.682715], [-16.371099, 19.682711]]]}, "properties": {"layer": "meadow", "year": 2026, "sat": "S2B", "date": "2026-06-05", "area_ha": 0.81}}, {"type": "Feature", "geometry": {"type": "Polygon", "coordinates": [[[-16.480708, 19.684009], [-16.480703, 19.683467], [-16.480417, 19.683469], [-16.4804, 19.681572], [-16.481258, 19.681565], [-16.481256, 19.681294], [-16.481542, 19.681292], [-16.481537, 19.68075], [-16.481251, 19.680752], [-16.481246, 19.68021], [-16.48096, 19.680212], [-16.480955, 19.67967], [-16.480096, 19.679677], [-16.480106, 19.680761], [-16.47982, 19.680764], [-16.479825, 19.681306], [-16.480111, 19.681303], [-16.480119, 19.682117], [-16.479832, 19.682119], [-16.479842, 19.683203], [-16.480129, 19.683201], [-16.480134, 19.683743], [-16.48042, 19.68374], [-16.480422, 19.684011], [-16.480708, 19.684009]]]}, "properties": {"layer": "meadow", "year": 2026, "sat": "S2B", "date": "2026-06-05", "area_ha": 3.96}}, {"type": "Feature", "geometry": {"type": "Polygon", "coordinates": [[[-16.36249, 19.679795], [-16.362481, 19.678711], [-16.362767, 19.678709], [-16.36276, 19.677896], [-16.362474, 19.677898], [-16.362476, 19.678169], [-16.361904, 19.678173], [-16.361911, 19.678986], [-16.361624, 19.678988], [-16.361627, 19.679259], [-16.362199, 19.679255], [-16.362204, 19.679797], [-16.36249, 19.679795]]]}, "properties": {"layer": "meadow", "year": 2026, "sat": "S2B", "date": "2026-06-05", "area_ha": 1.26}}, {"type": "Feature", "geometry": {"type": "Polygon", "coordinates": [[[-16.483502, 19.676668], [-16.4835, 19.676397], [-16.482927, 19.676402], [-16.482922, 19.675859], [-16.482636, 19.675862], [-16.482639, 19.676133], [-16.482067, 19.676138], [-16.482069, 19.676409], [-16.482641, 19.676404], [-16.482644, 19.676675], [-16.483502, 19.676668]]]}, "properties": {"layer": "meadow", "year": 2026, "sat": "S2B", "date": "2026-06-05", "area_ha": 0.63}}, {"type": "Feature", "geometry": {"type": "Polygon", "coordinates": [[[-16.359658, 19.68334], [-16.359654, 19.682798], [-16.35994, 19.682796], [-16.359937, 19.682525], [-16.359651, 19.682527], [-16.359647, 19.681985], [-16.359933, 19.681983], [-16.359924, 19.680899], [-16.360782, 19.680892], [-16.36078, 19.680621], [-16.360494, 19.680623], [-16.360491, 19.680352], [-16.361064, 19.680348], [-16.361061, 19.680077], [-16.361347, 19.680075], [-16.361345, 19.679804], [-16.361631, 19.679802], [-16.361627, 19.679259], [-16.361341, 19.679262], [-16.361338, 19.678991], [-16.361624, 19.678988], [-16.361615, 19.677904], [-16.362188, 19.6779], [-16.362178, 19.676816], [-16.361892, 19.676818], [-16.36189, 19.676547], [-16.361604, 19.676549], [-16.361606, 19.67682], [-16.36132, 19.676822], [-16.361325, 19.677364], [-16.361038, 19.677367], [-16.361041, 19.677638], [-16.360755, 19.67764], [-16.360759, 19.678182], [-16.360473, 19.678184], [-16.360475, 19.678455], [-16.360189, 19.678457], [-16.360191, 19.678728], [-16.359905, 19.67873], [-16.359908, 19.679001], [-16.359622, 19.679004], [-16.359626, 19.679546], [-16.35934, 19.679548], [-16.359342, 19.679819], [-16.359628, 19.679817], [-16.359635, 19.68063], [-16.359349, 19.680632], [-16.359351, 19.680903], [-16.358779, 19.680907], [-16.358784, 19.681449], [-16.358498, 19.681452], [-16.358504, 19.682265], [-16.358791, 19.682262], [-16.358788, 19.681991], [-16.359074, 19.681989], [-16.359077, 19.68226], [-16.359363, 19.682258], [-16.359365, 19.682529], [-16.359079, 19.682531], [-16.359081, 19.682802], [-16.359367, 19.6828], [-16.35937, 19.683071], [-16.358797, 19.683076], [-16.3588, 19.683347], [-16.359658, 19.68334]], [[-16.360773, 19.679808], [-16.360487, 19.67981], [-16.360482, 19.679268], [-16.360768, 19.679266], [-16.360773, 19.679808]], [[-16.361054, 19.679264], [-16.360768, 19.679266], [-16.360766, 19.678995], [-16.361052, 19.678993], [-16.361054, 19.679264]], [[-16.360482, 19.679268], [-16.360196, 19.67927], [-16.360194, 19.678999], [-16.36048, 19.678997], [-16.360482, 19.679268]], [[-16.361048, 19.678451], [-16.360761, 19.678453], [-16.360759, 19.678182], [-16.361045, 19.67818], [-16.361048, 19.678451]]]}, "properties": {"layer": "meadow", "year": 2026, "sat": "S2B", "date": "2026-06-05", "area_ha": 8.82}}, {"type": "Feature", "geometry": {"type": "Polygon", "coordinates": [[[-16.362176, 19.676545], [-16.362172, 19.676003], [-16.362458, 19.676001], [-16.362451, 19.675187], [-16.362165, 19.67519], [-16.362169, 19.675732], [-16.361883, 19.675734], [-16.36189, 19.676547], [-16.362176, 19.676545]]]}, "properties": {"layer": "meadow", "year": 2026, "sat": "S2B", "date": "2026-06-05", "area_ha": 0.54}}, {"type": "Feature", "geometry": {"type": "Polygon", "coordinates": [[[-16.483783, 19.676123], [-16.483781, 19.675852], [-16.484639, 19.675845], [-16.484637, 19.675574], [-16.485495, 19.675567], [-16.485493, 19.675296], [-16.485779, 19.675294], [-16.485771, 19.674481], [-16.485199, 19.674485], [-16.485201, 19.674756], [-16.484915, 19.674759], [-16.48491, 19.674217], [-16.484624, 19.674219], [-16.484622, 19.673948], [-16.484049, 19.673953], [-16.484047, 19.673682], [-16.483761, 19.673684], [-16.483756, 19.673142], [-16.48347, 19.673145], [-16.483472, 19.673416], [-16.483186, 19.673418], [-16.483201, 19.675044], [-16.483487, 19.675042], [-16.483497, 19.676126], [-16.483783, 19.676123]], [[-16.48549, 19.675025], [-16.485204, 19.675028], [-16.485201, 19.674756], [-16.485488, 19.674754], [-16.48549, 19.675025]]]}, "properties": {"layer": "meadow", "year": 2026, "sat": "S2B", "date": "2026-06-05", "area_ha": 4.77}}, {"type": "Feature", "geometry": {"type": "Polygon", "coordinates": [[[-16.486913, 19.6742], [-16.486906, 19.673387], [-16.486619, 19.67339], [-16.486614, 19.672848], [-16.486328, 19.67285], [-16.486331, 19.673121], [-16.4849, 19.673133], [-16.484905, 19.673675], [-16.485191, 19.673672], [-16.485194, 19.673943], [-16.485766, 19.673939], [-16.485764, 19.673668], [-16.48605, 19.673665], [-16.486047, 19.673394], [-16.486333, 19.673392], [-16.486341, 19.674205], [-16.486913, 19.6742]], [[-16.485478, 19.67367], [-16.485191, 19.673672], [-16.485189, 19.673401], [-16.485475, 19.673399], [-16.485478, 19.67367]]]}, "properties": {"layer": "meadow", "year": 2026, "sat": "S2B", "date": "2026-06-05", "area_ha": 1.62}}, {"type": "Feature", "geometry": {"type": "Polygon", "coordinates": [[[-16.370462, 19.675126], [-16.370455, 19.674313], [-16.371028, 19.674309], [-16.371023, 19.673767], [-16.370737, 19.673769], [-16.370739, 19.67404], [-16.370167, 19.674045], [-16.370176, 19.675129], [-16.370462, 19.675126]]]}, "properties": {"layer": "meadow", "year": 2026, "sat": "S2B", "date": "2026-06-05", "area_ha": 0.63}}, {"type": "Feature", "geometry": {"type": "Polygon", "coordinates": [[[-16.372177, 19.674842], [-16.372175, 19.674571], [-16.372747, 19.674567], [-16.372744, 19.674296], [-16.373031, 19.674294], [-16.373024, 19.673481], [-16.372451, 19.673485], [-16.372456, 19.674027], [-16.371884, 19.674031], [-16.371886, 19.674302], [-16.3716, 19.674305], [-16.371602, 19.674576], [-16.371888, 19.674574], [-16.371891, 19.674845], [-16.372177, 19.674842]]]}, "properties": {"layer": "meadow", "year": 2026, "sat": "S2B", "date": "2026-06-05", "area_ha": 1.17}}, {"type": "Feature", "geometry": {"type": "Polygon", "coordinates": [[[-16.378774, 19.676689], [-16.378772, 19.676418], [-16.379916, 19.676409], [-16.379909, 19.675596], [-16.380195, 19.675594], [-16.380184, 19.674239], [-16.379898, 19.674241], [-16.379895, 19.67397], [-16.380181, 19.673968], [-16.380177, 19.673426], [-16.379605, 19.67343], [-16.379611, 19.674243], [-16.379039, 19.674248], [-16.379042, 19.674519], [-16.379328, 19.674517], [-16.37933, 19.674788], [-16.378472, 19.674794], [-16.378483, 19.676149], [-16.378197, 19.676152], [-16.378202, 19.676694], [-16.378774, 19.676689]], [[-16.379049, 19.675332], [-16.378762, 19.675334], [-16.37876, 19.675063], [-16.379046, 19.675061], [-16.379049, 19.675332]], [[-16.379905, 19.675054], [-16.379618, 19.675056], [-16.379616, 19.674785], [-16.379902, 19.674783], [-16.379905, 19.675054]]]}, "properties": {"layer": "meadow", "year": 2026, "sat": "S2B", "date": "2026-06-05", "area_ha": 4.14}}, {"type": "Feature", "geometry": {"type": "Polygon", "coordinates": [[[-16.385048, 19.674201], [-16.385039, 19.673117], [-16.385325, 19.673115], [-16.38532, 19.672573], [-16.385034, 19.672575], [-16.385032, 19.672304], [-16.384745, 19.672306], [-16.384759, 19.673933], [-16.384473, 19.673935], [-16.384476, 19.674206], [-16.385048, 19.674201]]]}, "properties": {"layer": "meadow", "year": 2026, "sat": "S2B", "date": "2026-06-05", "area_ha": 0.9}}, {"type": "Feature", "geometry": {"type": "Polygon", "coordinates": [[[-16.382505, 19.678016], [-16.382498, 19.677203], [-16.383071, 19.677198], [-16.383068, 19.676927], [-16.382782, 19.676929], [-16.38278, 19.676658], [-16.383352, 19.676654], [-16.383345, 19.675841], [-16.383631, 19.675839], [-16.383629, 19.675568], [-16.383343, 19.67557], [-16.38334, 19.675299], [-16.383627, 19.675297], [-16.383622, 19.674755], [-16.383336, 19.674757], [-16.383331, 19.674215], [-16.383617, 19.674212], [-16.383615, 19.673941], [-16.383329, 19.673944], [-16.383326, 19.673673], [-16.383613, 19.67367], [-16.383608, 19.673128], [-16.383894, 19.673126], [-16.383892, 19.672855], [-16.383606, 19.672857], [-16.383603, 19.672586], [-16.383889, 19.672584], [-16.383882, 19.671771], [-16.383596, 19.671773], [-16.383601, 19.672315], [-16.383315, 19.672317], [-16.383319, 19.67286], [-16.382747, 19.672864], [-16.382757, 19.673948], [-16.38247, 19.67395], [-16.382477, 19.674763], [-16.382191, 19.674766], [-16.382208, 19.676663], [-16.381921, 19.676665], [-16.381928, 19.677478], [-16.382214, 19.677476], [-16.382217, 19.677747], [-16.381931, 19.677749], [-16.381933, 19.67802], [-16.382505, 19.678016]], [[-16.382777, 19.676387], [-16.382491, 19.67639], [-16.382489, 19.676119], [-16.382775, 19.676116], [-16.382777, 19.676387]]]}, "properties": {"layer": "meadow", "year": 2026, "sat": "S2B", "date": "2026-06-05", "area_ha": 6.21}}, {"type": "Feature", "geometry": {"type": "Polygon", "coordinates": [[[-16.379318, 19.673432], [-16.379314, 19.67289], [-16.379886, 19.672886], [-16.379888, 19.673157], [-16.380461, 19.673153], [-16.380447, 19.671526], [-16.380161, 19.671529], [-16.380158, 19.671258], [-16.379872, 19.67126], [-16.379874, 19.671531], [-16.379588, 19.671533], [-16.379593, 19.672075], [-16.379307, 19.672077], [-16.379309, 19.672348], [-16.379023, 19.67235], [-16.379025, 19.672622], [-16.378739, 19.672624], [-16.378744, 19.673166], [-16.37903, 19.673164], [-16.379032, 19.673435], [-16.379318, 19.673432]]]}, "properties": {"layer": "meadow", "year": 2026, "sat": "S2B", "date": "2026-06-05", "area_ha": 2.43}}, {"type": "Feature", "geometry": {"type": "Polygon", "coordinates": [[[-16.484883, 19.671236], [-16.48488, 19.670965], [-16.485166, 19.670962], [-16.485164, 19.670691], [-16.485736, 19.670686], [-16.485731, 19.670144], [-16.484587, 19.670154], [-16.484589, 19.670425], [-16.483731, 19.670432], [-16.483738, 19.671245], [-16.484025, 19.671243], [-16.484022, 19.670972], [-16.484308, 19.670969], [-16.484311, 19.67124], [-16.484883, 19.671236]]]}, "properties": {"layer": "meadow", "year": 2026, "sat": "S2B", "date": "2026-06-05", "area_ha": 1.71}}, {"type": "Feature", "geometry": {"type": "Polygon", "coordinates": [[[-16.375922, 19.677795], [-16.37592, 19.677524], [-16.376492, 19.67752], [-16.37649, 19.677249], [-16.376203, 19.677251], [-16.376201, 19.67698], [-16.376487, 19.676978], [-16.376483, 19.676436], [-16.376769, 19.676434], [-16.376771, 19.676705], [-16.377057, 19.676702], [-16.377053, 19.67616], [-16.376766, 19.676162], [-16.376764, 19.675891], [-16.377909, 19.675883], [-16.377906, 19.675612], [-16.378192, 19.675609], [-16.37819, 19.675338], [-16.377904, 19.675341], [-16.377902, 19.67507], [-16.378188, 19.675067], [-16.378185, 19.674796], [-16.378472, 19.674794], [-16.378467, 19.674252], [-16.378753, 19.67425], [-16.378746, 19.673437], [-16.37846, 19.673439], [-16.378462, 19.67371], [-16.378176, 19.673712], [-16.378162, 19.672086], [-16.378448, 19.672084], [-16.378444, 19.671542], [-16.378158, 19.671544], [-16.378155, 19.671273], [-16.378441, 19.671271], [-16.378439, 19.671], [-16.378153, 19.671002], [-16.378151, 19.670731], [-16.377865, 19.670733], [-16.377867, 19.671004], [-16.377581, 19.671006], [-16.377588, 19.671819], [-16.377302, 19.671822], [-16.377306, 19.672364], [-16.37702, 19.672366], [-16.377025, 19.672908], [-16.376739, 19.67291], [-16.376743, 19.673452], [-16.377029, 19.67345], [-16.377027, 19.673179], [-16.377313, 19.673177], [-16.37732, 19.67399], [-16.377034, 19.673992], [-16.377036, 19.674263], [-16.376178, 19.67427], [-16.376187, 19.675354], [-16.375901, 19.675356], [-16.375908, 19.676169], [-16.375622, 19.676171], [-16.375629, 19.676984], [-16.375343, 19.676987], [-16.37535, 19.6778], [-16.375922, 19.677795]], [[-16.377327, 19.674803], [-16.377041, 19.674805], [-16.377039, 19.674534], [-16.377325, 19.674532], [-16.377327, 19.674803]]]}, "properties": {"layer": "meadow", "year": 2026, "sat": "S2B", "date": "2026-06-05", "area_ha": 10.35}}, {"type": "Feature", "geometry": {"type": "Polygon", "coordinates": [[[-16.384169, 19.671769], [-16.384162, 19.670956], [-16.384448, 19.670954], [-16.384438, 19.669869], [-16.384152, 19.669872], [-16.384155, 19.670143], [-16.383868, 19.670145], [-16.383871, 19.670416], [-16.384157, 19.670414], [-16.384159, 19.670685], [-16.383873, 19.670687], [-16.383882, 19.671771], [-16.384169, 19.671769]]]}, "properties": {"layer": "meadow", "year": 2026, "sat": "S2B", "date": "2026-06-05", "area_ha": 0.81}}, {"type": "Feature", "geometry": {"type": "Polygon", "coordinates": [[[-16.486323, 19.672308], [-16.486316, 19.671495], [-16.48746, 19.671485], [-16.487465, 19.672027], [-16.487751, 19.672025], [-16.487746, 19.671483], [-16.488032, 19.671481], [-16.48803, 19.67121], [-16.488316, 19.671207], [-16.488314, 19.670936], [-16.488027, 19.670939], [-16.488022, 19.670397], [-16.488595, 19.670392], [-16.488592, 19.670121], [-16.488878, 19.670118], [-16.488881, 19.670389], [-16.489453, 19.670385], [-16.489448, 19.669843], [-16.489734, 19.66984], [-16.489732, 19.669569], [-16.488873, 19.669576], [-16.488876, 19.669847], [-16.48859, 19.66985], [-16.488587, 19.669579], [-16.488301, 19.669581], [-16.488299, 19.66931], [-16.488012, 19.669312], [-16.48801, 19.669041], [-16.487724, 19.669044], [-16.487721, 19.668773], [-16.487435, 19.668775], [-16.487438, 19.669046], [-16.487152, 19.669049], [-16.487154, 19.66932], [-16.486868, 19.669322], [-16.486871, 19.669593], [-16.486584, 19.669595], [-16.486587, 19.669866], [-16.486015, 19.669871], [-16.48602, 19.670413], [-16.486306, 19.670411], [-16.486303, 19.67014], [-16.487162, 19.670133], [-16.487164, 19.670404], [-16.486878, 19.670406], [-16.486881, 19.670677], [-16.486594, 19.670679], [-16.486597, 19.67095], [-16.486311, 19.670953], [-16.486313, 19.671224], [-16.485741, 19.671229], [-16.485744, 19.6715], [-16.48603, 19.671497], [-16.486037, 19.67231], [-16.486323, 19.672308]], [[-16.487741, 19.670941], [-16.487455, 19.670943], [-16.487453, 19.670672], [-16.487739, 19.67067], [-16.487741, 19.670941]], [[-16.487169, 19.670946], [-16.486883, 19.670948], [-16.486881, 19.670677], [-16.487167, 19.670675], [-16.487169, 19.670946]]]}, "properties": {"layer": "meadow", "year": 2026, "sat": "S2B", "date": "2026-06-05", "area_ha": 5.94}}, {"type": "Feature", "geometry": {"type": "Polygon", "coordinates": [[[-16.485724, 19.669331], [-16.485721, 19.66906], [-16.486007, 19.669058], [-16.486005, 19.668787], [-16.485433, 19.668792], [-16.48543, 19.668521], [-16.484858, 19.668525], [-16.48486, 19.668796], [-16.484574, 19.668799], [-16.484577, 19.66907], [-16.485149, 19.669065], [-16.485151, 19.669336], [-16.485724, 19.669331]]]}, "properties": {"layer": "meadow", "year": 2026, "sat": "S2B", "date": "2026-06-05", "area_ha": 0.81}}, {"type": "Feature", "geometry": {"type": "Polygon", "coordinates": [[[-16.473424, 19.669704], [-16.473419, 19.669162], [-16.473705, 19.669159], [-16.473702, 19.668888], [-16.473416, 19.668891], [-16.473414, 19.66862], [-16.4737, 19.668617], [-16.473697, 19.668346], [-16.473125, 19.668351], [-16.473133, 19.669164], [-16.472847, 19.669166], [-16.472849, 19.669437], [-16.473135, 19.669435], [-16.473138, 19.669706], [-16.473424, 19.669704]]]}, "properties": {"layer": "meadow", "year": 2026, "sat": "S2B", "date": "2026-06-05", "area_ha": 0.72}}, {"type": "Feature", "geometry": {"type": "Polygon", "coordinates": [[[-16.386439, 19.669583], [-16.386437, 19.669312], [-16.387009, 19.669307], [-16.387006, 19.669036], [-16.38672, 19.669039], [-16.386716, 19.668497], [-16.38643, 19.668499], [-16.386434, 19.669041], [-16.386148, 19.669043], [-16.386153, 19.669585], [-16.386439, 19.669583]]]}, "properties": {"layer": "meadow", "year": 2026, "sat": "S2B", "date": "2026-06-05", "area_ha": 0.54}}, {"type": "Feature", "geometry": {"type": "Polygon", "coordinates": [[[-16.471416, 19.669178], [-16.471411, 19.668636], [-16.471697, 19.668634], [-16.47169, 19.667821], [-16.472548, 19.667814], [-16.472551, 19.668085], [-16.472837, 19.668082], [-16.472832, 19.66754], [-16.471973, 19.667547], [-16.471971, 19.667276], [-16.471399, 19.667281], [-16.471401, 19.667552], [-16.471115, 19.667554], [-16.471118, 19.667825], [-16.470831, 19.667828], [-16.470836, 19.66837], [-16.47055, 19.668372], [-16.470553, 19.668643], [-16.470839, 19.668641], [-16.470844, 19.669183], [-16.471416, 19.669178]]]}, "properties": {"layer": "meadow", "year": 2026, "sat": "S2B", "date": "2026-06-05", "area_ha": 2.07}}, {"type": "Feature", "geometry": {"type": "Polygon", "coordinates": [[[-16.387002, 19.668494], [-16.386999, 19.668223], [-16.387572, 19.668219], [-16.387569, 19.667948], [-16.387855, 19.667946], [-16.387853, 19.667675], [-16.387281, 19.667679], [-16.387283, 19.66795], [-16.386711, 19.667955], [-16.386716, 19.668497], [-16.387002, 19.668494]]]}, "properties": {"layer": "meadow", "year": 2026, "sat": "S2B", "date": "2026-06-05", "area_ha": 0.54}}, {"type": "Feature", "geometry": {"type": "Polygon", "coordinates": [[[-16.474946, 19.67972], [-16.474941, 19.679178], [-16.475513, 19.679173], [-16.475511, 19.678902], [-16.475797, 19.6789], [-16.475794, 19.678629], [-16.476081, 19.678626], [-16.476073, 19.677813], [-16.476359, 19.677811], [-16.476357, 19.67754], [-16.476643, 19.677537], [-16.476638, 19.676995], [-16.476924, 19.676993], [-16.476919, 19.676451], [-16.477205, 19.676449], [-16.477198, 19.675636], [-16.477484, 19.675633], [-16.477469, 19.674007], [-16.477183, 19.674009], [-16.47718, 19.673738], [-16.476894, 19.673741], [-16.476902, 19.674554], [-16.477188, 19.674552], [-16.477193, 19.675094], [-16.476334, 19.675101], [-16.476339, 19.675643], [-16.476625, 19.67564], [-16.47663, 19.676182], [-16.476344, 19.676185], [-16.476352, 19.676998], [-16.476066, 19.677], [-16.476061, 19.676458], [-16.475775, 19.67646], [-16.475772, 19.676189], [-16.476058, 19.676187], [-16.476048, 19.675103], [-16.475762, 19.675105], [-16.47576, 19.674834], [-16.476046, 19.674832], [-16.476041, 19.67429], [-16.476613, 19.674285], [-16.476606, 19.673472], [-16.476892, 19.67347], [-16.476882, 19.672386], [-16.477168, 19.672383], [-16.47716, 19.67157], [-16.477447, 19.671568], [-16.477439, 19.670755], [-16.477725, 19.670753], [-16.477723, 19.670482], [-16.477437, 19.670484], [-16.477434, 19.670213], [-16.477148, 19.670215], [-16.47715, 19.670486], [-16.476864, 19.670489], [-16.476872, 19.671302], [-16.4763, 19.671306], [-16.476302, 19.671577], [-16.476874, 19.671573], [-16.476877, 19.671844], [-16.476591, 19.671846], [-16.476593, 19.672117], [-16.476307, 19.672119], [-16.476315, 19.672932], [-16.475456, 19.67294], [-16.475459, 19.673211], [-16.475173, 19.673213], [-16.475165, 19.6724], [-16.475737, 19.672395], [-16.475732, 19.671853], [-16.476018, 19.671851], [-16.476009, 19.670767], [-16.476295, 19.670764], [-16.47629, 19.670222], [-16.476576, 19.67022], [-16.476563, 19.668865], [-16.476849, 19.668862], [-16.476847, 19.668591], [-16.477133, 19.668589], [-16.477131, 19.668318], [-16.477417, 19.668316], [-16.477414, 19.668045], [-16.4777, 19.668042], [-16.477698, 19.667771], [-16.477984, 19.667769], [-16.477979, 19.667227], [-16.477693, 19.667229], [-16.47769, 19.666958], [-16.477977, 19.666956], [-16.477974, 19.666685], [-16.47826, 19.666683], [-16.478253, 19.665869], [-16.47768, 19.665874], [-16.477683, 19.666145], [-16.477397, 19.666148], [-16.477399, 19.666419], [-16.477113, 19.666421], [-16.477118, 19.666963], [-16.47626, 19.66697], [-16.476262, 19.667241], [-16.476548, 19.667239], [-16.476553, 19.667781], [-16.475981, 19.667785], [-16.475984, 19.668056], [-16.475698, 19.668059], [-16.4757, 19.66833], [-16.475414, 19.668332], [-16.475412, 19.668061], [-16.475125, 19.668064], [-16.475128, 19.668335], [-16.474842, 19.668337], [-16.474847, 19.668879], [-16.474561, 19.668881], [-16.474563, 19.669152], [-16.474849, 19.66915], [-16.474854, 19.669692], [-16.47514, 19.66969], [-16.475138, 19.669419], [-16.475424, 19.669416], [-16.475421, 19.669145], [-16.475708, 19.669143], [-16.475713, 19.669685], [-16.475426, 19.669687], [-16.475429, 19.669958], [-16.475715, 19.669956], [-16.475722, 19.670769], [-16.475436, 19.670771], [-16.475441, 19.671313], [-16.475155, 19.671316], [-16.47516, 19.671858], [-16.474874, 19.67186], [-16.474867, 19.671047], [-16.47458, 19.671049], [-16.474588, 19.671862], [-16.474302, 19.671865], [-16.474304, 19.672136], [-16.474018, 19.672138], [-16.474013, 19.671596], [-16.473727, 19.671599], [-16.473742, 19.673225], [-16.473456, 19.673227], [-16.473458, 19.673498], [-16.474031, 19.673493], [-16.474043, 19.674848], [-16.474329, 19.674846], [-16.474332, 19.675117], [-16.474045, 19.675119], [-16.474048, 19.67539], [-16.473762, 19.675393], [-16.473764, 19.675664], [-16.473478, 19.675666], [-16.473483, 19.676208], [-16.473769, 19.676206], [-16.473772, 19.676477], [-16.474058, 19.676475], [-16.474055, 19.676204], [-16.474628, 19.676199], [-16.474625, 19.675928], [-16.474339, 19.67593], [-16.474337, 19.675659], [-16.474909, 19.675654], [-16.474914, 19.676196], [-16.4752, 19.676194], [-16.475202, 19.676465], [-16.47463, 19.67647], [-16.474633, 19.676741], [-16.474346, 19.676743], [-16.474349, 19.677014], [-16.474921, 19.67701], [-16.474924, 19.677281], [-16.474638, 19.677283], [-16.47464, 19.677554], [-16.474926, 19.677552], [-16.474931, 19.678094], [-16.474645, 19.678096], [-16.474655, 19.67918], [-16.474369, 19.679182], [-16.474371, 19.679453], [-16.474657, 19.679451], [-16.47466, 19.679722], [-16.474946, 19.67972]], [[-16.476071, 19.677542], [-16.475784, 19.677545], [-16.475782, 19.677273], [-16.476068, 19.677271], [-16.476071, 19.677542]], [[-16.474053, 19.675932], [-16.473767, 19.675935], [-16.473764, 19.675664], [-16.47405, 19.675661], [-16.474053, 19.675932]], [[-16.476912, 19.675638], [-16.476625, 19.67564], [-16.476623, 19.675369], [-16.476909, 19.675367], [-16.476912, 19.675638]], [[-16.475479, 19.675379], [-16.475192, 19.675381], [-16.47519, 19.67511], [-16.475476, 19.675108], [-16.475479, 19.675379]], [[-16.475466, 19.674024], [-16.47518, 19.674026], [-16.475178, 19.673755], [-16.475464, 19.673753], [-16.475466, 19.674024]]]}, "properties": {"layer": "meadow", "year": 2026, "sat": "S2B", "date": "2026-06-05", "area_ha": 28.44}}, {"type": "Feature", "geometry": {"type": "Polygon", "coordinates": [[[-16.459952, 19.667103], [-16.45995, 19.666832], [-16.460236, 19.66683], [-16.460233, 19.666559], [-16.460519, 19.666557], [-16.460507, 19.665201], [-16.460221, 19.665204], [-16.460228, 19.666017], [-16.459942, 19.666019], [-16.459945, 19.66629], [-16.459659, 19.666293], [-16.459666, 19.667106], [-16.459952, 19.667103]]]}, "properties": {"layer": "meadow", "year": 2026, "sat": "S2B", "date": "2026-06-05", "area_ha": 0.99}}, {"type": "Feature", "geometry": {"type": "Polygon", "coordinates": [[[-16.489413, 19.666048], [-16.48941, 19.665777], [-16.489697, 19.665775], [-16.489692, 19.665233], [-16.489119, 19.665238], [-16.489117, 19.664967], [-16.488831, 19.664969], [-16.488838, 19.665782], [-16.489124, 19.66578], [-16.489127, 19.666051], [-16.489413, 19.666048]]]}, "properties": {"layer": "meadow", "year": 2026, "sat": "S2B", "date": "2026-06-05", "area_ha": 0.72}}, {"type": "Feature", "geometry": {"type": "Polygon", "coordinates": [[[-16.371503, 19.662921], [-16.371499, 19.662379], [-16.371785, 19.662377], [-16.371782, 19.662106], [-16.372068, 19.662104], [-16.372066, 19.661833], [-16.372352, 19.661831], [-16.372345, 19.661018], [-16.372631, 19.661015], [-16.372627, 19.660473], [-16.372913, 19.660471], [-16.372908, 19.659929], [-16.373194, 19.659927], [-16.373192, 19.659656], [-16.373478, 19.659654], [-16.373474, 19.659112], [-16.37376, 19.659109], [-16.373755, 19.658567], [-16.374041, 19.658565], [-16.374039, 19.658294], [-16.374325, 19.658292], [-16.374323, 19.658021], [-16.373464, 19.658027], [-16.373467, 19.658298], [-16.373181, 19.658301], [-16.373185, 19.658843], [-16.372899, 19.658845], [-16.372906, 19.659658], [-16.37262, 19.65966], [-16.372624, 19.660202], [-16.372052, 19.660207], [-16.372055, 19.660478], [-16.371768, 19.66048], [-16.371771, 19.660751], [-16.371485, 19.660753], [-16.371487, 19.661024], [-16.371201, 19.661026], [-16.371212, 19.662381], [-16.370926, 19.662384], [-16.370931, 19.662926], [-16.371503, 19.662921]]]}, "properties": {"layer": "meadow", "year": 2026, "sat": "S2B", "date": "2026-06-05", "area_ha": 4.41}}, {"type": "Feature", "geometry": {"type": "Polygon", "coordinates": [[[-16.45759, 19.658991], [-16.457565, 19.656281], [-16.457279, 19.656283], [-16.457292, 19.657638], [-16.457005, 19.657641], [-16.457008, 19.657912], [-16.457294, 19.657909], [-16.457296, 19.65818], [-16.45701, 19.658183], [-16.457013, 19.658454], [-16.456727, 19.658456], [-16.456732, 19.658998], [-16.457018, 19.658996], [-16.457015, 19.658725], [-16.457301, 19.658722], [-16.457304, 19.658993], [-16.45759, 19.658991]]]}, "properties": {"layer": "meadow", "year": 2026, "sat": "S2B", "date": "2026-06-05", "area_ha": 1.35}}, {"type": "Feature", "geometry": {"type": "Polygon", "coordinates": [[[-16.376014, 19.655026], [-16.376009, 19.654484], [-16.376295, 19.654482], [-16.376288, 19.653669], [-16.376002, 19.653671], [-16.376007, 19.654213], [-16.375721, 19.654215], [-16.375728, 19.655029], [-16.376014, 19.655026]]]}, "properties": {"layer": "meadow", "year": 2026, "sat": "S2B", "date": "2026-06-05", "area_ha": 0.54}}, {"type": "Feature", "geometry": {"type": "Polygon", "coordinates": [[[-16.487576, 19.653054], [-16.487574, 19.652783], [-16.487288, 19.652785], [-16.487283, 19.652243], [-16.486997, 19.652245], [-16.486992, 19.651703], [-16.48642, 19.651708], [-16.486417, 19.651437], [-16.486131, 19.651439], [-16.486134, 19.65171], [-16.485847, 19.651713], [-16.48585, 19.651984], [-16.486422, 19.651979], [-16.486425, 19.65225], [-16.485566, 19.652257], [-16.485571, 19.652799], [-16.48643, 19.652792], [-16.486432, 19.653063], [-16.487576, 19.653054]]]}, "properties": {"layer": "meadow", "year": 2026, "sat": "S2B", "date": "2026-06-05", "area_ha": 2.07}}, {"type": "Feature", "geometry": {"type": "Polygon", "coordinates": [[[-16.457252, 19.653302], [-16.457247, 19.65276], [-16.456961, 19.652762], [-16.456959, 19.652491], [-16.456673, 19.652494], [-16.456658, 19.650867], [-16.456372, 19.65087], [-16.45637, 19.650599], [-16.456084, 19.650601], [-16.456088, 19.651143], [-16.455802, 19.651145], [-16.455805, 19.651416], [-16.456377, 19.651412], [-16.456392, 19.653038], [-16.456964, 19.653033], [-16.456966, 19.653304], [-16.457252, 19.653302]]]}, "properties": {"layer": "meadow", "year": 2026, "sat": "S2B", "date": "2026-06-05", "area_ha": 1.44}}, {"type": "Feature", "geometry": {"type": "Polygon", "coordinates": [[[-16.455802, 19.651145], [-16.455797, 19.650603], [-16.456084, 19.650601], [-16.456081, 19.65033], [-16.456367, 19.650328], [-16.456362, 19.649786], [-16.456076, 19.649788], [-16.456071, 19.649246], [-16.455785, 19.649248], [-16.45578, 19.648706], [-16.455494, 19.648709], [-16.455492, 19.648437], [-16.455206, 19.64844], [-16.455201, 19.647898], [-16.454915, 19.6479], [-16.454912, 19.647629], [-16.454626, 19.647631], [-16.454624, 19.64736], [-16.454052, 19.647365], [-16.454054, 19.647636], [-16.45434, 19.647634], [-16.454345, 19.648176], [-16.454631, 19.648173], [-16.454646, 19.6498], [-16.454932, 19.649797], [-16.454937, 19.650339], [-16.455509, 19.650335], [-16.455516, 19.651148], [-16.455802, 19.651145]]]}, "properties": {"layer": "meadow", "year": 2026, "sat": "S2B", "date": "2026-06-05", "area_ha": 3.96}}, {"type": "Feature", "geometry": {"type": "Polygon", "coordinates": [[[-16.400873, 19.651311], [-16.400871, 19.65104], [-16.401157, 19.651037], [-16.401154, 19.650766], [-16.40144, 19.650764], [-16.401438, 19.650493], [-16.401724, 19.650491], [-16.401719, 19.649949], [-16.402006, 19.649947], [-16.402001, 19.649405], [-16.402287, 19.649402], [-16.402282, 19.64886], [-16.402568, 19.648858], [-16.402564, 19.648316], [-16.40285, 19.648314], [-16.402847, 19.648043], [-16.403133, 19.648041], [-16.403126, 19.647227], [-16.403698, 19.647223], [-16.403694, 19.646681], [-16.40398, 19.646679], [-16.403977, 19.646408], [-16.404264, 19.646405], [-16.404261, 19.646134], [-16.403975, 19.646137], [-16.403973, 19.645866], [-16.403401, 19.64587], [-16.403394, 19.645057], [-16.40368, 19.645055], [-16.403675, 19.644513], [-16.403389, 19.644515], [-16.403391, 19.644786], [-16.403105, 19.644788], [-16.40311, 19.64533], [-16.402824, 19.645332], [-16.402826, 19.645603], [-16.40254, 19.645606], [-16.402542, 19.645877], [-16.40197, 19.645881], [-16.401973, 19.646152], [-16.401686, 19.646154], [-16.401684, 19.645883], [-16.401398, 19.645886], [-16.401403, 19.646428], [-16.401117, 19.64643], [-16.401124, 19.647243], [-16.400838, 19.647245], [-16.400847, 19.648329], [-16.400561, 19.648332], [-16.400582, 19.650771], [-16.400296, 19.650773], [-16.400301, 19.651315], [-16.400873, 19.651311]], [[-16.401691, 19.646697], [-16.401405, 19.646699], [-16.401403, 19.646428], [-16.401689, 19.646426], [-16.401691, 19.646697]]]}, "properties": {"layer": "meadow", "year": 2026, "sat": "S2B", "date": "2026-06-05", "area_ha": 12.33}}, {"type": "Feature", "geometry": {"type": "Polygon", "coordinates": [[[-16.405661, 19.6426], [-16.405658, 19.642329], [-16.405372, 19.642331], [-16.40537, 19.64206], [-16.404798, 19.642064], [-16.4048, 19.642336], [-16.404514, 19.642338], [-16.404517, 19.642609], [-16.405661, 19.6426]]]}, "properties": {"layer": "meadow", "year": 2026, "sat": "S2B", "date": "2026-06-05", "area_ha": 0.54}}, {"type": "Feature", "geometry": {"type": "Polygon", "coordinates": [[[-16.377986, 19.651488], [-16.377982, 19.650946], [-16.378268, 19.650943], [-16.378263, 19.650401], [-16.378549, 19.650399], [-16.378542, 19.649586], [-16.378828, 19.649584], [-16.378824, 19.649042], [-16.37911, 19.64904], [-16.379105, 19.648497], [-16.379391, 19.648495], [-16.379387, 19.647953], [-16.379673, 19.647951], [-16.37967, 19.64768], [-16.379956, 19.647678], [-16.379952, 19.647136], [-16.380238, 19.647134], [-16.380231, 19.64632], [-16.380517, 19.646318], [-16.380515, 19.646047], [-16.381087, 19.646043], [-16.381082, 19.645501], [-16.381368, 19.645499], [-16.381364, 19.644956], [-16.381078, 19.644959], [-16.38108, 19.64523], [-16.380794, 19.645232], [-16.380792, 19.644961], [-16.380505, 19.644963], [-16.380508, 19.645234], [-16.380222, 19.645236], [-16.380219, 19.644965], [-16.379933, 19.644967], [-16.379931, 19.644696], [-16.380217, 19.644694], [-16.380212, 19.644152], [-16.380785, 19.644148], [-16.380773, 19.642793], [-16.381059, 19.64279], [-16.381054, 19.642248], [-16.380768, 19.642251], [-16.380771, 19.642522], [-16.380485, 19.642524], [-16.380487, 19.642795], [-16.380201, 19.642797], [-16.380205, 19.643339], [-16.379919, 19.643341], [-16.379922, 19.643612], [-16.379636, 19.643614], [-16.37964, 19.644157], [-16.379926, 19.644154], [-16.379929, 19.644425], [-16.379643, 19.644428], [-16.379656, 19.646054], [-16.37937, 19.646056], [-16.379359, 19.644701], [-16.379073, 19.644703], [-16.379082, 19.645787], [-16.378796, 19.645789], [-16.378798, 19.64606], [-16.378512, 19.646063], [-16.378519, 19.646876], [-16.378233, 19.646878], [-16.37824, 19.647691], [-16.377954, 19.647693], [-16.377963, 19.648777], [-16.377677, 19.648779], [-16.377682, 19.649322], [-16.378254, 19.649317], [-16.378259, 19.649859], [-16.3774, 19.649866], [-16.377403, 19.650137], [-16.377116, 19.650139], [-16.377121, 19.650681], [-16.377693, 19.650677], [-16.3777, 19.65149], [-16.377986, 19.651488]], [[-16.377979, 19.650674], [-16.377693, 19.650677], [-16.377689, 19.650135], [-16.377975, 19.650132], [-16.377979, 19.650674]], [[-16.378817, 19.648229], [-16.378245, 19.648233], [-16.378242, 19.647962], [-16.378528, 19.64796], [-16.378524, 19.647418], [-16.37881, 19.647416], [-16.378805, 19.646873], [-16.379091, 19.646871], [-16.379089, 19.6466], [-16.379375, 19.646598], [-16.37938, 19.64714], [-16.379094, 19.647142], [-16.379098, 19.647684], [-16.378812, 19.647687], [-16.378817, 19.648229]], [[-16.379661, 19.646596], [-16.379375, 19.646598], [-16.379373, 19.646327], [-16.379659, 19.646325], [-16.379661, 19.646596]], [[-16.38021, 19.643881], [-16.379924, 19.643883], [-16.379922, 19.643612], [-16.380208, 19.64361], [-16.38021, 19.643881]]]}, "properties": {"layer": "meadow", "year": 2026, "sat": "S2B", "date": "2026-06-05", "area_ha": 10.98}}, {"type": "Feature", "geometry": {"type": "Polygon", "coordinates": [[[-16.407642, 19.640145], [-16.40764, 19.639874], [-16.407926, 19.639872], [-16.407921, 19.63933], [-16.408207, 19.639327], [-16.408209, 19.639598], [-16.408495, 19.639596], [-16.408493, 19.639325], [-16.408779, 19.639323], [-16.408777, 19.639052], [-16.409349, 19.639047], [-16.409342, 19.638234], [-16.409914, 19.63823], [-16.409909, 19.637688], [-16.409623, 19.63769], [-16.409626, 19.637961], [-16.409053, 19.637965], [-16.409049, 19.637423], [-16.408763, 19.637426], [-16.408767, 19.637968], [-16.408195, 19.637972], [-16.408198, 19.638243], [-16.407912, 19.638245], [-16.407907, 19.637703], [-16.407621, 19.637706], [-16.407623, 19.637977], [-16.407337, 19.637979], [-16.407339, 19.63825], [-16.407625, 19.638248], [-16.407635, 19.639332], [-16.407349, 19.639334], [-16.407356, 19.640147], [-16.407642, 19.640145]]]}, "properties": {"layer": "meadow", "year": 2026, "sat": "S2B", "date": "2026-06-05", "area_ha": 3.6}}, {"type": "Feature", "geometry": {"type": "Polygon", "coordinates": [[[-16.408763, 19.637426], [-16.408751, 19.636071], [-16.407893, 19.636077], [-16.407895, 19.636348], [-16.407609, 19.636351], [-16.407618, 19.637435], [-16.407904, 19.637432], [-16.407897, 19.636619], [-16.408183, 19.636617], [-16.408181, 19.636346], [-16.408467, 19.636344], [-16.408477, 19.637428], [-16.408763, 19.637426]]]}, "properties": {"layer": "meadow", "year": 2026, "sat": "S2B", "date": "2026-06-05", "area_ha": 1.08}}, {"type": "Feature", "geometry": {"type": "Polygon", "coordinates": [[[-16.453465, 19.645743], [-16.453463, 19.645472], [-16.453749, 19.64547], [-16.453734, 19.643844], [-16.453448, 19.643846], [-16.453436, 19.642491], [-16.45315, 19.642493], [-16.453137, 19.641138], [-16.452851, 19.641141], [-16.452849, 19.64087], [-16.452563, 19.640872], [-16.452558, 19.64033], [-16.452272, 19.640332], [-16.452267, 19.63979], [-16.451981, 19.639792], [-16.451976, 19.63925], [-16.45169, 19.639253], [-16.451683, 19.63844], [-16.451397, 19.638442], [-16.451389, 19.637629], [-16.451103, 19.637631], [-16.451098, 19.637089], [-16.450812, 19.637091], [-16.450803, 19.636007], [-16.450517, 19.63601], [-16.450509, 19.635197], [-16.449937, 19.635201], [-16.449942, 19.635743], [-16.450228, 19.635741], [-16.450231, 19.636012], [-16.449945, 19.636014], [-16.449947, 19.636285], [-16.450233, 19.636283], [-16.450245, 19.637638], [-16.450817, 19.637634], [-16.450822, 19.638176], [-16.451108, 19.638173], [-16.451111, 19.638444], [-16.450825, 19.638447], [-16.450832, 19.63926], [-16.451118, 19.639257], [-16.451125, 19.64007], [-16.451411, 19.640068], [-16.451414, 19.640339], [-16.4517, 19.640337], [-16.451702, 19.640608], [-16.451416, 19.64061], [-16.451419, 19.640881], [-16.451705, 19.640879], [-16.451707, 19.64115], [-16.451993, 19.641148], [-16.451998, 19.64169], [-16.452284, 19.641687], [-16.452289, 19.642229], [-16.452575, 19.642227], [-16.452592, 19.644124], [-16.452878, 19.644122], [-16.452886, 19.644935], [-16.453172, 19.644933], [-16.453179, 19.645746], [-16.453465, 19.645743]], [[-16.453159, 19.643578], [-16.452873, 19.64358], [-16.452864, 19.642496], [-16.45315, 19.642493], [-16.453159, 19.643578]], [[-16.450815, 19.637362], [-16.450529, 19.637365], [-16.450526, 19.637094], [-16.450812, 19.637091], [-16.450815, 19.637362]]]}, "properties": {"layer": "meadow", "year": 2026, "sat": "S2B", "date": "2026-06-05", "area_ha": 9.18}}, {"type": "Feature", "geometry": {"type": "Polygon", "coordinates": [[[-16.390422, 19.633774], [-16.39042, 19.633503], [-16.390992, 19.633498], [-16.390987, 19.632956], [-16.391559, 19.632952], [-16.391557, 19.632681], [-16.391843, 19.632678], [-16.391836, 19.631865], [-16.392122, 19.631863], [-16.392125, 19.632134], [-16.392411, 19.632132], [-16.392408, 19.631861], [-16.392694, 19.631859], [-16.392692, 19.631588], [-16.392406, 19.63159], [-16.392404, 19.631319], [-16.391832, 19.631323], [-16.391829, 19.631052], [-16.392401, 19.631048], [-16.392399, 19.630777], [-16.392971, 19.630772], [-16.392969, 19.630501], [-16.393255, 19.630499], [-16.39325, 19.629957], [-16.393822, 19.629953], [-16.393827, 19.630495], [-16.394113, 19.630493], [-16.394111, 19.630221], [-16.394397, 19.630219], [-16.394394, 19.629948], [-16.39468, 19.629946], [-16.394678, 19.629675], [-16.394964, 19.629673], [-16.394959, 19.629131], [-16.395245, 19.629128], [-16.395241, 19.628586], [-16.395527, 19.628584], [-16.395522, 19.628042], [-16.395236, 19.628044], [-16.395231, 19.627502], [-16.395517, 19.6275], [-16.395513, 19.626958], [-16.395227, 19.62696], [-16.395222, 19.626418], [-16.39465, 19.626423], [-16.394648, 19.626152], [-16.39522, 19.626147], [-16.395217, 19.625876], [-16.394359, 19.625883], [-16.394357, 19.625612], [-16.394071, 19.625614], [-16.394068, 19.625343], [-16.393782, 19.625345], [-16.39378, 19.625074], [-16.393208, 19.625079], [-16.39321, 19.62535], [-16.392924, 19.625352], [-16.392927, 19.625623], [-16.392641, 19.625625], [-16.392645, 19.626167], [-16.392931, 19.626165], [-16.392936, 19.626707], [-16.393222, 19.626705], [-16.393224, 19.626976], [-16.392938, 19.626978], [-16.392941, 19.627249], [-16.392655, 19.627251], [-16.392659, 19.627793], [-16.392373, 19.627795], [-16.392376, 19.628067], [-16.391804, 19.628071], [-16.391806, 19.628342], [-16.39152, 19.628344], [-16.391524, 19.628886], [-16.391811, 19.628884], [-16.391818, 19.629697], [-16.391531, 19.629699], [-16.391534, 19.62997], [-16.391248, 19.629973], [-16.391252, 19.630515], [-16.390966, 19.630517], [-16.390969, 19.630788], [-16.390397, 19.630792], [-16.390399, 19.631063], [-16.390971, 19.631059], [-16.390973, 19.63133], [-16.390687, 19.631332], [-16.390692, 19.631874], [-16.390406, 19.631876], [-16.390411, 19.632418], [-16.390125, 19.632421], [-16.390129, 19.632963], [-16.389843, 19.632965], [-16.389848, 19.633507], [-16.390134, 19.633505], [-16.390136, 19.633776], [-16.390422, 19.633774]], [[-16.392673, 19.629419], [-16.392101, 19.629424], [-16.392097, 19.628882], [-16.392383, 19.62888], [-16.392385, 19.629151], [-16.392671, 19.629148], [-16.392673, 19.629419]], [[-16.393529, 19.629142], [-16.393243, 19.629144], [-16.393238, 19.628602], [-16.393524, 19.6286], [-16.393529, 19.629142]], [[-16.394659, 19.627507], [-16.394373, 19.627509], [-16.394371, 19.627238], [-16.394657, 19.627236], [-16.394659, 19.627507]]]}, "properties": {"layer": "meadow", "year": 2026, "sat": "S2B", "date": "2026-06-05", "area_ha": 21.33}}, {"type": "Feature", "geometry": {"type": "Polygon", "coordinates": [[[-16.415245, 19.626262], [-16.415242, 19.625991], [-16.415528, 19.625989], [-16.415523, 19.625447], [-16.41581, 19.625444], [-16.415805, 19.624902], [-16.415519, 19.624904], [-16.415509, 19.62382], [-16.415223, 19.623823], [-16.415228, 19.624365], [-16.414942, 19.624367], [-16.414944, 19.624638], [-16.41523, 19.624636], [-16.415235, 19.625178], [-16.414949, 19.62518], [-16.414956, 19.625993], [-16.41467, 19.625995], [-16.414672, 19.626266], [-16.415245, 19.626262]]]}, "properties": {"layer": "meadow", "year": 2026, "sat": "S2B", "date": "2026-06-05", "area_ha": 1.44}}, {"type": "Feature", "geometry": {"type": "Polygon", "coordinates": [[[-16.422548, 19.611026], [-16.422541, 19.610213], [-16.423113, 19.610208], [-16.42311, 19.609937], [-16.423396, 19.609935], [-16.423392, 19.609393], [-16.423678, 19.60939], [-16.42367, 19.608577], [-16.423384, 19.60858], [-16.423387, 19.608851], [-16.423101, 19.608853], [-16.423103, 19.609124], [-16.422531, 19.609128], [-16.422536, 19.60967], [-16.42225, 19.609673], [-16.422252, 19.609944], [-16.421966, 19.609946], [-16.421974, 19.610759], [-16.42226, 19.610757], [-16.422262, 19.611028], [-16.422548, 19.611026]]]}, "properties": {"layer": "meadow", "year": 2026, "sat": "S2B", "date": "2026-06-05", "area_ha": 2.07}}, {"type": "Feature", "geometry": {"type": "Polygon", "coordinates": [[[-16.400017, 19.618521], [-16.400014, 19.618249], [-16.400586, 19.618245], [-16.400584, 19.617974], [-16.401442, 19.617967], [-16.40144, 19.617696], [-16.401726, 19.617694], [-16.401723, 19.617423], [-16.402295, 19.617419], [-16.402293, 19.617148], [-16.402579, 19.617145], [-16.402577, 19.616874], [-16.402863, 19.616872], [-16.40286, 19.616601], [-16.403146, 19.616599], [-16.403144, 19.616328], [-16.40343, 19.616326], [-16.403428, 19.616055], [-16.403714, 19.616052], [-16.403711, 19.615781], [-16.404569, 19.615775], [-16.404567, 19.615504], [-16.404853, 19.615501], [-16.404848, 19.614959], [-16.405134, 19.614957], [-16.405132, 19.614686], [-16.405704, 19.614682], [-16.405702, 19.61441], [-16.406274, 19.614406], [-16.406269, 19.613864], [-16.406555, 19.613862], [-16.406553, 19.613591], [-16.406839, 19.613588], [-16.406834, 19.613046], [-16.40712, 19.613044], [-16.407118, 19.612773], [-16.407404, 19.612771], [-16.407397, 19.611958], [-16.407683, 19.611956], [-16.407678, 19.611414], [-16.407964, 19.611411], [-16.407959, 19.610869], [-16.408245, 19.610867], [-16.408236, 19.609783], [-16.408522, 19.609781], [-16.408519, 19.60951], [-16.408805, 19.609507], [-16.408796, 19.608423], [-16.409082, 19.608421], [-16.40908, 19.60815], [-16.408794, 19.608152], [-16.408791, 19.607881], [-16.408219, 19.607886], [-16.408217, 19.607615], [-16.407645, 19.607619], [-16.40765, 19.608161], [-16.407364, 19.608163], [-16.407371, 19.608976], [-16.407085, 19.608979], [-16.407087, 19.60925], [-16.406801, 19.609252], [-16.406803, 19.609523], [-16.406517, 19.609525], [-16.406524, 19.610338], [-16.406238, 19.610341], [-16.406241, 19.610612], [-16.405955, 19.610614], [-16.405957, 19.610885], [-16.405671, 19.610887], [-16.405673, 19.611158], [-16.405387, 19.61116], [-16.40539, 19.611431], [-16.405104, 19.611434], [-16.405106, 19.611705], [-16.40482, 19.611707], [-16.404822, 19.611978], [-16.404536, 19.61198], [-16.404539, 19.612251], [-16.403681, 19.612258], [-16.403678, 19.611987], [-16.402248, 19.611998], [-16.402251, 19.612269], [-16.401679, 19.612273], [-16.401686, 19.613087], [-16.4014, 19.613089], [-16.401397, 19.612818], [-16.401111, 19.61282], [-16.401114, 19.613091], [-16.400828, 19.613093], [-16.40083, 19.613364], [-16.401116, 19.613362], [-16.401118, 19.613633], [-16.400832, 19.613635], [-16.400837, 19.614177], [-16.400551, 19.61418], [-16.400556, 19.614722], [-16.40027, 19.614724], [-16.400272, 19.614995], [-16.400558, 19.614993], [-16.40056, 19.615264], [-16.400274, 19.615266], [-16.400277, 19.615537], [-16.399991, 19.615539], [-16.399993, 19.61581], [-16.399421, 19.615815], [-16.399426, 19.616357], [-16.39914, 19.616359], [-16.399147, 19.617172], [-16.399433, 19.61717], [-16.399428, 19.616628], [-16.399714, 19.616626], [-16.399716, 19.616897], [-16.400002, 19.616894], [-16.4, 19.616623], [-16.400286, 19.616621], [-16.400284, 19.61635], [-16.401142, 19.616343], [-16.401149, 19.617156], [-16.400863, 19.617159], [-16.400865, 19.61743], [-16.400579, 19.617432], [-16.400582, 19.617703], [-16.400009, 19.617707], [-16.400012, 19.617978], [-16.39944, 19.617983], [-16.399444, 19.618525], [-16.400017, 19.618521]], [[-16.403707, 19.615239], [-16.403421, 19.615241], [-16.403418, 19.61497], [-16.403704, 19.614968], [-16.403707, 19.615239]], [[-16.40456, 19.61469], [-16.403988, 19.614695], [-16.403986, 19.614424], [-16.404558, 19.614419], [-16.40456, 19.61469]], [[-16.404844, 19.614417], [-16.404558, 19.614419], [-16.404553, 19.613877], [-16.404839, 19.613875], [-16.404844, 19.614417]], [[-16.405695, 19.613597], [-16.405409, 19.6136], [-16.405404, 19.613058], [-16.405976, 19.613053], [-16.405978, 19.613324], [-16.405692, 19.613326], [-16.405695, 19.613597]], [[-16.402827, 19.612807], [-16.402541, 19.612809], [-16.402539, 19.612538], [-16.402825, 19.612536], [-16.402827, 19.612807]], [[-16.40625, 19.611696], [-16.405678, 19.6117], [-16.405676, 19.611429], [-16.406248, 19.611425], [-16.40625, 19.611696]], [[-16.408231, 19.609241], [-16.407945, 19.609243], [-16.407938, 19.60843], [-16.408224, 19.608428], [-16.408231, 19.609241]]]}, "properties": {"layer": "meadow", "year": 2026, "sat": "S2B", "date": "2026-06-05", "area_ha": 37.98}}, {"type": "Feature", "geometry": {"type": "Polygon", "coordinates": [[[-16.390501, 19.60965], [-16.390498, 19.609379], [-16.391643, 19.60937], [-16.39164, 19.609099], [-16.391926, 19.609096], [-16.391919, 19.608283], [-16.392491, 19.608279], [-16.392494, 19.60855], [-16.39278, 19.608548], [-16.392766, 19.606922], [-16.393052, 19.606919], [-16.393047, 19.606377], [-16.392761, 19.60638], [-16.392763, 19.606651], [-16.392191, 19.606655], [-16.392187, 19.606113], [-16.391901, 19.606115], [-16.391898, 19.605844], [-16.391612, 19.605846], [-16.39161, 19.605575], [-16.391324, 19.605577], [-16.391329, 19.60612], [-16.391043, 19.606122], [-16.391045, 19.606393], [-16.390759, 19.606395], [-16.390761, 19.606666], [-16.390475, 19.606668], [-16.39048, 19.60721], [-16.390194, 19.607213], [-16.390198, 19.607755], [-16.389912, 19.607757], [-16.389919, 19.60857], [-16.390205, 19.608568], [-16.390201, 19.608026], [-16.390487, 19.608023], [-16.390485, 19.607752], [-16.391057, 19.607748], [-16.391059, 19.608019], [-16.390773, 19.608021], [-16.390778, 19.608563], [-16.390491, 19.608565], [-16.390494, 19.608837], [-16.389922, 19.608841], [-16.389929, 19.609654], [-16.390501, 19.60965]], [[-16.392487, 19.607737], [-16.392201, 19.607739], [-16.392198, 19.607468], [-16.392484, 19.607466], [-16.392487, 19.607737]]]}, "properties": {"layer": "meadow", "year": 2026, "sat": "S2B", "date": "2026-06-05", "area_ha": 8.01}}, {"type": "Feature", "geometry": {"type": "Polygon", "coordinates": [[[-16.422796, 19.606687], [-16.422793, 19.606416], [-16.423651, 19.606409], [-16.423649, 19.606138], [-16.423935, 19.606136], [-16.423933, 19.605865], [-16.424219, 19.605863], [-16.424216, 19.605592], [-16.423358, 19.605598], [-16.423363, 19.60614], [-16.422505, 19.606147], [-16.422503, 19.605876], [-16.422217, 19.605878], [-16.422214, 19.605607], [-16.4225, 19.605605], [-16.422498, 19.605334], [-16.422212, 19.605336], [-16.422205, 19.604523], [-16.422491, 19.604521], [-16.422488, 19.60425], [-16.422202, 19.604252], [-16.422195, 19.603439], [-16.421909, 19.603441], [-16.421907, 19.60317], [-16.421335, 19.603175], [-16.421332, 19.602904], [-16.42076, 19.602908], [-16.420756, 19.602366], [-16.421042, 19.602364], [-16.421037, 19.601822], [-16.421323, 19.60182], [-16.421318, 19.601278], [-16.421604, 19.601275], [-16.421602, 19.601004], [-16.421888, 19.601002], [-16.421885, 19.600731], [-16.422171, 19.600729], [-16.422162, 19.599645], [-16.422734, 19.59964], [-16.422731, 19.599369], [-16.423017, 19.599367], [-16.423015, 19.599096], [-16.422157, 19.599103], [-16.422159, 19.599374], [-16.421873, 19.599376], [-16.421878, 19.599918], [-16.421592, 19.59992], [-16.421595, 19.600191], [-16.421309, 19.600194], [-16.421316, 19.601007], [-16.42103, 19.601009], [-16.421032, 19.60128], [-16.420746, 19.601282], [-16.420751, 19.601824], [-16.420465, 19.601826], [-16.420467, 19.602097], [-16.420181, 19.6021], [-16.420188, 19.602913], [-16.419902, 19.602915], [-16.419905, 19.603186], [-16.419619, 19.603188], [-16.419621, 19.603459], [-16.419335, 19.603462], [-16.41934, 19.604004], [-16.419054, 19.604006], [-16.419059, 19.604548], [-16.418773, 19.60455], [-16.418775, 19.604821], [-16.418489, 19.604824], [-16.418499, 19.605908], [-16.418785, 19.605905], [-16.418782, 19.605634], [-16.41964, 19.605628], [-16.419643, 19.605899], [-16.419929, 19.605896], [-16.419931, 19.606167], [-16.421075, 19.606158], [-16.421077, 19.606429], [-16.421935, 19.606423], [-16.421938, 19.606694], [-16.422796, 19.606687]], [[-16.421628, 19.603986], [-16.42077, 19.603992], [-16.420765, 19.60345], [-16.421051, 19.603448], [-16.421049, 19.603177], [-16.421335, 19.603175], [-16.421337, 19.603446], [-16.421623, 19.603444], [-16.421628, 19.603986]], [[-16.420482, 19.603724], [-16.41991, 19.603728], [-16.419907, 19.603457], [-16.420193, 19.603455], [-16.420188, 19.602913], [-16.420474, 19.602911], [-16.420482, 19.603724]]]}, "properties": {"layer": "meadow", "year": 2026, "sat": "S2B", "date": "2026-06-05", "area_ha": 14.85}}, {"type": "Feature", "geometry": {"type": "Polygon", "coordinates": [[[-16.393286, 19.600954], [-16.393284, 19.600683], [-16.393856, 19.600679], [-16.393854, 19.600408], [-16.39414, 19.600406], [-16.394137, 19.600135], [-16.394423, 19.600133], [-16.394419, 19.59959], [-16.394133, 19.599593], [-16.394126, 19.59878], [-16.394412, 19.598777], [-16.394402, 19.597693], [-16.39383, 19.597698], [-16.393835, 19.59824], [-16.393549, 19.598242], [-16.393551, 19.598513], [-16.393837, 19.598511], [-16.39384, 19.598782], [-16.393554, 19.598784], [-16.393561, 19.599597], [-16.393275, 19.599599], [-16.393282, 19.600412], [-16.392996, 19.600415], [-16.393, 19.600957], [-16.393286, 19.600954]]]}, "properties": {"layer": "meadow", "year": 2026, "sat": "S2B", "date": "2026-06-05", "area_ha": 2.7}}, {"type": "Feature", "geometry": {"type": "Polygon", "coordinates": [[[-16.424791, 19.605858], [-16.424788, 19.605587], [-16.425074, 19.605585], [-16.425069, 19.605043], [-16.425355, 19.60504], [-16.425348, 19.604227], [-16.425634, 19.604225], [-16.425627, 19.603412], [-16.425913, 19.60341], [-16.425908, 19.602868], [-16.426194, 19.602865], [-16.42619, 19.602323], [-16.426476, 19.602321], [-16.426473, 19.60205], [-16.426759, 19.602048], [-16.426754, 19.601506], [-16.42704, 19.601503], [-16.427036, 19.600961], [-16.427322, 19.600959], [-16.427314, 19.600146], [-16.427886, 19.600142], [-16.427884, 19.59987], [-16.42817, 19.599868], [-16.428168, 19.599597], [-16.428454, 19.599595], [-16.428451, 19.599324], [-16.428737, 19.599322], [-16.428732, 19.59878], [-16.429018, 19.598777], [-16.429016, 19.598506], [-16.429302, 19.598504], [-16.429297, 19.597962], [-16.429583, 19.59796], [-16.429574, 19.596876], [-16.429288, 19.596878], [-16.42929, 19.597149], [-16.429004, 19.597151], [-16.429002, 19.59688], [-16.428144, 19.596887], [-16.428139, 19.596345], [-16.427567, 19.596349], [-16.427569, 19.59662], [-16.427283, 19.596623], [-16.427281, 19.596352], [-16.426709, 19.596356], [-16.426711, 19.596627], [-16.426997, 19.596625], [-16.427002, 19.597167], [-16.427288, 19.597165], [-16.427302, 19.598791], [-16.427016, 19.598793], [-16.427012, 19.598251], [-16.426726, 19.598253], [-16.426735, 19.599337], [-16.427021, 19.599335], [-16.427024, 19.599606], [-16.426452, 19.599611], [-16.426456, 19.600153], [-16.425884, 19.600157], [-16.425887, 19.600428], [-16.425601, 19.600431], [-16.425603, 19.600702], [-16.425317, 19.600704], [-16.42532, 19.600975], [-16.424748, 19.60098], [-16.424752, 19.601522], [-16.424466, 19.601524], [-16.424469, 19.601795], [-16.424183, 19.601797], [-16.424188, 19.602339], [-16.423902, 19.602341], [-16.423904, 19.602612], [-16.423332, 19.602617], [-16.423334, 19.602888], [-16.425622, 19.60287], [-16.425625, 19.603141], [-16.425339, 19.603143], [-16.425341, 19.603414], [-16.425055, 19.603416], [-16.425062, 19.60423], [-16.42449, 19.604234], [-16.424493, 19.604505], [-16.423921, 19.60451], [-16.423925, 19.605052], [-16.424211, 19.605049], [-16.424216, 19.605592], [-16.424502, 19.605589], [-16.424505, 19.60586], [-16.424791, 19.605858]], [[-16.428442, 19.59824], [-16.428156, 19.598242], [-16.428153, 19.597971], [-16.428439, 19.597969], [-16.428442, 19.59824]], [[-16.429297, 19.597962], [-16.428725, 19.597966], [-16.42872, 19.597424], [-16.429292, 19.59742], [-16.429297, 19.597962]]]}, "properties": {"layer": "meadow", "year": 2026, "sat": "S2B", "date": "2026-06-05", "area_ha": 17.37}}, {"type": "Feature", "geometry": {"type": "Polygon", "coordinates": [[[-16.433001, 19.596306], [-16.432993, 19.595493], [-16.432421, 19.595498], [-16.432424, 19.595769], [-16.432138, 19.595771], [-16.432133, 19.595229], [-16.431561, 19.595234], [-16.431563, 19.595505], [-16.431849, 19.595502], [-16.431854, 19.596044], [-16.43214, 19.596042], [-16.432143, 19.596313], [-16.433001, 19.596306]]]}, "properties": {"layer": "meadow", "year": 2026, "sat": "S2B", "date": "2026-06-05", "area_ha": 1.08}}, {"type": "Feature", "geometry": {"type": "Polygon", "coordinates": [[[-16.432991, 19.595222], [-16.432984, 19.594409], [-16.43327, 19.594407], [-16.43326, 19.593323], [-16.432688, 19.593327], [-16.432691, 19.593598], [-16.432405, 19.593601], [-16.432407, 19.593872], [-16.432121, 19.593874], [-16.432128, 19.594687], [-16.432414, 19.594685], [-16.432417, 19.594956], [-16.432703, 19.594953], [-16.432705, 19.595224], [-16.432991, 19.595222]]]}, "properties": {"layer": "meadow", "year": 2026, "sat": "S2B", "date": "2026-06-05", "area_ha": 1.71}}, {"type": "Feature", "geometry": {"type": "Polygon", "coordinates": [[[-16.402771, 19.606302], [-16.402769, 19.606031], [-16.403055, 19.606029], [-16.403052, 19.605758], [-16.403338, 19.605755], [-16.403331, 19.604942], [-16.403617, 19.60494], [-16.403605, 19.603585], [-16.403891, 19.603583], [-16.403887, 19.603041], [-16.404173, 19.603038], [-16.404168, 19.602496], [-16.404454, 19.602494], [-16.404452, 19.602223], [-16.40531, 19.602216], [-16.405307, 19.601945], [-16.405593, 19.601943], [-16.405591, 19.601672], [-16.405877, 19.60167], [-16.405868, 19.600586], [-16.406154, 19.600583], [-16.406151, 19.600312], [-16.405865, 19.600315], [-16.405863, 19.600044], [-16.405577, 19.600046], [-16.40556, 19.598149], [-16.405846, 19.598146], [-16.405842, 19.597604], [-16.406128, 19.597602], [-16.406113, 19.595976], [-16.406399, 19.595974], [-16.406397, 19.595703], [-16.406683, 19.5957], [-16.406674, 19.594616], [-16.40696, 19.594614], [-16.406957, 19.594343], [-16.406671, 19.594345], [-16.406669, 19.594074], [-16.407241, 19.59407], [-16.407232, 19.592986], [-16.407517, 19.592983], [-16.407513, 19.592441], [-16.407799, 19.592439], [-16.407794, 19.591897], [-16.406936, 19.591904], [-16.406941, 19.592446], [-16.406655, 19.592448], [-16.406657, 19.592719], [-16.406943, 19.592717], [-16.406946, 19.592988], [-16.40666, 19.59299], [-16.406667, 19.593803], [-16.406381, 19.593805], [-16.406369, 19.59245], [-16.406083, 19.592453], [-16.40609, 19.593266], [-16.405804, 19.593268], [-16.405809, 19.59381], [-16.405523, 19.593812], [-16.405537, 19.595438], [-16.405251, 19.595441], [-16.40526, 19.596525], [-16.404974, 19.596527], [-16.404977, 19.596798], [-16.405263, 19.596796], [-16.405265, 19.597067], [-16.404979, 19.597069], [-16.404981, 19.59734], [-16.404695, 19.597342], [-16.4047, 19.597884], [-16.404414, 19.597887], [-16.404416, 19.598158], [-16.404702, 19.598155], [-16.404705, 19.598426], [-16.404133, 19.598431], [-16.404135, 19.598702], [-16.403849, 19.598704], [-16.403856, 19.599517], [-16.40357, 19.599519], [-16.403575, 19.600061], [-16.403289, 19.600064], [-16.403294, 19.600606], [-16.403008, 19.600608], [-16.403012, 19.60115], [-16.402726, 19.601152], [-16.402731, 19.601694], [-16.402445, 19.601697], [-16.402461, 19.603594], [-16.402747, 19.603592], [-16.40275, 19.603863], [-16.402464, 19.603865], [-16.402466, 19.604136], [-16.402752, 19.604134], [-16.402755, 19.604405], [-16.402469, 19.604407], [-16.402485, 19.606304], [-16.402771, 19.606302]], [[-16.405307, 19.601945], [-16.405021, 19.601948], [-16.405012, 19.600863], [-16.405298, 19.600861], [-16.405293, 19.600319], [-16.405579, 19.600317], [-16.405589, 19.601401], [-16.405303, 19.601403], [-16.405307, 19.601945]], [[-16.405842, 19.597604], [-16.405556, 19.597607], [-16.405553, 19.597336], [-16.405839, 19.597333], [-16.405842, 19.597604]]]}, "properties": {"layer": "meadow", "year": 2026, "sat": "S2B", "date": "2026-06-05", "area_ha": 23.67}}, {"type": "Feature", "geometry": {"type": "Polygon", "coordinates": [[[-16.425241, 19.592031], [-16.425238, 19.59176], [-16.425524, 19.591758], [-16.425522, 19.591487], [-16.42495, 19.591491], [-16.424948, 19.59122], [-16.424376, 19.591225], [-16.424378, 19.591496], [-16.424092, 19.591498], [-16.424097, 19.59204], [-16.424383, 19.592038], [-16.424381, 19.591767], [-16.424953, 19.591762], [-16.424955, 19.592033], [-16.425241, 19.592031]]]}, "properties": {"layer": "meadow", "year": 2026, "sat": "S2B", "date": "2026-06-05", "area_ha": 0.81}}, {"type": "Feature", "geometry": {"type": "Polygon", "coordinates": [[[-16.42811, 19.593093], [-16.428108, 19.592821], [-16.428394, 19.592819], [-16.428391, 19.592548], [-16.428963, 19.592544], [-16.428961, 19.592273], [-16.429247, 19.59227], [-16.429245, 19.591999], [-16.429816, 19.591995], [-16.429812, 19.591453], [-16.430098, 19.59145], [-16.430093, 19.590908], [-16.430379, 19.590906], [-16.430374, 19.590364], [-16.429802, 19.590369], [-16.429807, 19.590911], [-16.429521, 19.590913], [-16.429526, 19.591455], [-16.42924, 19.591457], [-16.429242, 19.591728], [-16.42867, 19.591733], [-16.428673, 19.592004], [-16.428387, 19.592006], [-16.428389, 19.592277], [-16.428103, 19.592279], [-16.428105, 19.59255], [-16.427819, 19.592553], [-16.427824, 19.593095], [-16.42811, 19.593093]]]}, "properties": {"layer": "meadow", "year": 2026, "sat": "S2B", "date": "2026-06-05", "area_ha": 2.07}}, {"type": "Feature", "geometry": {"type": "Polygon", "coordinates": [[[-16.427521, 19.5912], [-16.427519, 19.590929], [-16.427805, 19.590927], [-16.427803, 19.590656], [-16.428375, 19.590651], [-16.428372, 19.59038], [-16.428944, 19.590375], [-16.428942, 19.590104], [-16.428084, 19.590111], [-16.428086, 19.590382], [-16.427514, 19.590387], [-16.427517, 19.590658], [-16.427231, 19.59066], [-16.427233, 19.590931], [-16.426947, 19.590933], [-16.42695, 19.591204], [-16.427521, 19.5912]]]}, "properties": {"layer": "meadow", "year": 2026, "sat": "S2B", "date": "2026-06-05", "area_ha": 0.9}}, {"type": "Feature", "geometry": {"type": "Polygon", "coordinates": [[[-16.409768, 19.588629], [-16.409765, 19.588358], [-16.410051, 19.588356], [-16.410049, 19.588085], [-16.410335, 19.588083], [-16.410337, 19.588354], [-16.410623, 19.588351], [-16.410621, 19.58808], [-16.410907, 19.588078], [-16.410902, 19.587536], [-16.411188, 19.587534], [-16.411186, 19.587263], [-16.411472, 19.587261], [-16.411469, 19.586989], [-16.411755, 19.586987], [-16.41175, 19.586445], [-16.412036, 19.586443], [-16.412032, 19.585901], [-16.41146, 19.585905], [-16.411455, 19.585363], [-16.410883, 19.585368], [-16.410885, 19.585639], [-16.411171, 19.585637], [-16.411174, 19.585908], [-16.410888, 19.58591], [-16.410893, 19.586452], [-16.410607, 19.586454], [-16.410611, 19.586996], [-16.410039, 19.587001], [-16.410042, 19.587272], [-16.409756, 19.587274], [-16.40976, 19.587816], [-16.409475, 19.587818], [-16.409477, 19.588089], [-16.409191, 19.588091], [-16.409196, 19.588634], [-16.409768, 19.588629]]]}, "properties": {"layer": "meadow", "year": 2026, "sat": "S2B", "date": "2026-06-05", "area_ha": 3.96}}, {"type": "Feature", "geometry": {"type": "Polygon", "coordinates": [[[-16.40722, 19.591631], [-16.407217, 19.59136], [-16.407503, 19.591357], [-16.407501, 19.591086], [-16.407215, 19.591088], [-16.407213, 19.590817], [-16.407499, 19.590815], [-16.407496, 19.590544], [-16.40721, 19.590546], [-16.407203, 19.589733], [-16.407489, 19.589731], [-16.407482, 19.588918], [-16.407768, 19.588916], [-16.407766, 19.588645], [-16.407194, 19.588649], [-16.407196, 19.58892], [-16.40691, 19.588922], [-16.406906, 19.58838], [-16.40662, 19.588383], [-16.406617, 19.588112], [-16.406331, 19.588114], [-16.406317, 19.586488], [-16.406603, 19.586485], [-16.406601, 19.586214], [-16.407745, 19.586205], [-16.407742, 19.585934], [-16.408028, 19.585932], [-16.408026, 19.585661], [-16.407454, 19.585666], [-16.407452, 19.585395], [-16.408023, 19.58539], [-16.408021, 19.585119], [-16.407735, 19.585121], [-16.40773, 19.584579], [-16.407444, 19.584581], [-16.407437, 19.583768], [-16.407723, 19.583766], [-16.407726, 19.584037], [-16.408298, 19.584033], [-16.408291, 19.58322], [-16.406861, 19.583231], [-16.406868, 19.584044], [-16.406582, 19.584046], [-16.40658, 19.583775], [-16.406294, 19.583777], [-16.406298, 19.584319], [-16.405726, 19.584324], [-16.405729, 19.584595], [-16.405157, 19.584599], [-16.405159, 19.58487], [-16.404301, 19.584877], [-16.404308, 19.58569], [-16.404022, 19.585692], [-16.404025, 19.585963], [-16.403453, 19.585968], [-16.40345, 19.585697], [-16.403164, 19.585699], [-16.403162, 19.585428], [-16.402876, 19.58543], [-16.402878, 19.585701], [-16.402592, 19.585704], [-16.402595, 19.585975], [-16.402309, 19.585977], [-16.402316, 19.58679], [-16.401458, 19.586797], [-16.401456, 19.586525], [-16.400598, 19.586532], [-16.400605, 19.587345], [-16.401177, 19.587341], [-16.401174, 19.58707], [-16.402318, 19.587061], [-16.402321, 19.587332], [-16.402607, 19.58733], [-16.402609, 19.587601], [-16.404325, 19.587587], [-16.404329, 19.588129], [-16.404615, 19.588127], [-16.40462, 19.588669], [-16.404906, 19.588667], [-16.404915, 19.589751], [-16.404629, 19.589753], [-16.404632, 19.590024], [-16.404918, 19.590022], [-16.40492, 19.590293], [-16.405492, 19.590289], [-16.405494, 19.59056], [-16.406352, 19.590553], [-16.406362, 19.591637], [-16.40722, 19.591631]], [[-16.406924, 19.590549], [-16.406638, 19.590551], [-16.406634, 19.590009], [-16.40692, 19.590007], [-16.406924, 19.590549]]]}, "properties": {"layer": "meadow", "year": 2026, "sat": "S2B", "date": "2026-06-05", "area_ha": 25.92}}, {"type": "Feature", "geometry": {"type": "Polygon", "coordinates": [[[-16.41345, 19.584535], [-16.413445, 19.583992], [-16.413731, 19.58399], [-16.413729, 19.583719], [-16.414015, 19.583717], [-16.414012, 19.583446], [-16.413726, 19.583448], [-16.413724, 19.583177], [-16.413438, 19.583179], [-16.413443, 19.583721], [-16.413157, 19.583724], [-16.413164, 19.584537], [-16.41345, 19.584535]]]}, "properties": {"layer": "meadow", "year": 2026, "sat": "S2B", "date": "2026-06-05", "area_ha": 0.63}}, {"type": "Feature", "geometry": {"type": "Polygon", "coordinates": [[[-16.415721, 19.582619], [-16.415718, 19.582348], [-16.416004, 19.582346], [-16.415995, 19.581262], [-16.415709, 19.581264], [-16.415707, 19.580993], [-16.415421, 19.580995], [-16.415435, 19.582622], [-16.415721, 19.582619]]]}, "properties": {"layer": "meadow", "year": 2026, "sat": "S2B", "date": "2026-06-05", "area_ha": 0.9}}, {"type": "Feature", "geometry": {"type": "Polygon", "coordinates": [[[-16.408858, 19.582673], [-16.408853, 19.582131], [-16.409139, 19.582129], [-16.409137, 19.581858], [-16.409995, 19.581851], [-16.40999, 19.581309], [-16.410276, 19.581307], [-16.410271, 19.580765], [-16.411129, 19.580758], [-16.411127, 19.580487], [-16.411698, 19.580483], [-16.411701, 19.580754], [-16.411987, 19.580751], [-16.411989, 19.581022], [-16.412275, 19.58102], [-16.412277, 19.581291], [-16.411992, 19.581293], [-16.411996, 19.581835], [-16.412282, 19.581833], [-16.412285, 19.582104], [-16.412571, 19.582102], [-16.412559, 19.580747], [-16.413417, 19.58074], [-16.413414, 19.580469], [-16.4137, 19.580467], [-16.413698, 19.580196], [-16.413984, 19.580194], [-16.413977, 19.57938], [-16.414263, 19.579378], [-16.414256, 19.578565], [-16.414541, 19.578563], [-16.414551, 19.579647], [-16.414265, 19.579649], [-16.414267, 19.57992], [-16.414553, 19.579918], [-16.414558, 19.58046], [-16.414844, 19.580458], [-16.414846, 19.580729], [-16.415418, 19.580724], [-16.415406, 19.579369], [-16.415692, 19.579367], [-16.415685, 19.578554], [-16.415399, 19.578556], [-16.415397, 19.578285], [-16.415969, 19.578281], [-16.415964, 19.577739], [-16.415678, 19.577741], [-16.415681, 19.578012], [-16.415395, 19.578014], [-16.415392, 19.577743], [-16.41482, 19.577748], [-16.414825, 19.57829], [-16.414539, 19.578292], [-16.414537, 19.578021], [-16.414251, 19.578023], [-16.414253, 19.578294], [-16.413967, 19.578296], [-16.413972, 19.578838], [-16.413686, 19.578841], [-16.413688, 19.579112], [-16.413402, 19.579114], [-16.413412, 19.580198], [-16.41284, 19.580203], [-16.412842, 19.580474], [-16.412556, 19.580476], [-16.412554, 19.580205], [-16.411982, 19.580209], [-16.41198, 19.579938], [-16.41055, 19.579949], [-16.410552, 19.58022], [-16.409694, 19.580227], [-16.409699, 19.580769], [-16.409413, 19.580771], [-16.409418, 19.581313], [-16.40856, 19.58132], [-16.408567, 19.582133], [-16.408281, 19.582136], [-16.408286, 19.582678], [-16.408858, 19.582673]]]}, "properties": {"layer": "meadow", "year": 2026, "sat": "S2B", "date": "2026-06-05", "area_ha": 9.99}}, {"type": "Feature", "geometry": {"type": "Polygon", "coordinates": [[[-16.427593, 19.566805], [-16.42759, 19.566534], [-16.427876, 19.566532], [-16.427874, 19.566261], [-16.42816, 19.566258], [-16.428157, 19.565987], [-16.428729, 19.565983], [-16.428722, 19.56517], [-16.429008, 19.565168], [-16.429005, 19.564896], [-16.42729, 19.56491], [-16.427292, 19.565181], [-16.426435, 19.565188], [-16.426437, 19.565459], [-16.426151, 19.565461], [-16.426153, 19.565732], [-16.426439, 19.56573], [-16.426442, 19.566001], [-16.426728, 19.565999], [-16.426725, 19.565728], [-16.427011, 19.565725], [-16.427014, 19.565996], [-16.427299, 19.565994], [-16.427307, 19.566807], [-16.427593, 19.566805]]]}, "properties": {"layer": "meadow", "year": 2026, "sat": "S2B", "date": "2026-06-05", "area_ha": 3.24}}, {"type": "Feature", "geometry": {"type": "Polygon", "coordinates": [[[-16.494543, 19.384121], [-16.494536, 19.383308], [-16.493964, 19.383313], [-16.493967, 19.383584], [-16.493681, 19.383586], [-16.493679, 19.383315], [-16.493393, 19.383317], [-16.493398, 19.383859], [-16.493684, 19.383857], [-16.493686, 19.384128], [-16.493972, 19.384126], [-16.493969, 19.383855], [-16.494255, 19.383852], [-16.494257, 19.384123], [-16.494543, 19.384121]]]}, "properties": {"layer": "meadow", "year": 2026, "sat": "S2B", "date": "2026-06-05", "area_ha": 0.81}}]}