{"type": "FeatureCollection", "features": [{"type": "Feature", "geometry": {"type": "Polygon", "coordinates": [[[-16.261235, 20.11964], [-16.261233, 20.119369], [-16.26152, 20.119367], [-16.261518, 20.119096], [-16.260083, 20.119106], [-16.260085, 20.119378], [-16.260946, 20.119371], [-16.260948, 20.119642], [-16.261235, 20.11964]]]}, "properties": {"layer": "meadow", "year": 2021, "sat": "S2B", "date": "2021-07-01", "area_ha": 0.54}}, {"type": "Feature", "geometry": {"type": "Polygon", "coordinates": [[[-16.259216, 20.1183], [-16.259213, 20.118029], [-16.260361, 20.11802], [-16.260359, 20.117749], [-16.260072, 20.117751], [-16.26007, 20.11748], [-16.259783, 20.117482], [-16.259785, 20.117753], [-16.259211, 20.117757], [-16.259207, 20.117215], [-16.25892, 20.117217], [-16.258918, 20.116946], [-16.258631, 20.116948], [-16.258633, 20.11722], [-16.258346, 20.117222], [-16.25835, 20.117764], [-16.258924, 20.11776], [-16.258929, 20.118302], [-16.259216, 20.1183]]]}, "properties": {"layer": "meadow", "year": 2021, "sat": "S2B", "date": "2021-07-01", "area_ha": 1.26}}, {"type": "Feature", "geometry": {"type": "Polygon", "coordinates": [[[-16.24373, 20.083173], [-16.243725, 20.082631], [-16.243152, 20.082635], [-16.243149, 20.082364], [-16.242289, 20.08237], [-16.242291, 20.082641], [-16.242865, 20.082637], [-16.242867, 20.082908], [-16.243154, 20.082906], [-16.243156, 20.083177], [-16.24373, 20.083173]]]}, "properties": {"layer": "meadow", "year": 2021, "sat": "S2B", "date": "2021-07-01", "area_ha": 0.72}}, {"type": "Feature", "geometry": {"type": "Polygon", "coordinates": [[[-16.243434, 20.082091], [-16.243423, 20.080736], [-16.244571, 20.080728], [-16.244569, 20.080457], [-16.244856, 20.080455], [-16.244845, 20.0791], [-16.245419, 20.079096], [-16.245412, 20.078282], [-16.245125, 20.078284], [-16.245128, 20.078555], [-16.244554, 20.07856], [-16.24456, 20.079373], [-16.2437, 20.079379], [-16.243695, 20.078837], [-16.241974, 20.078849], [-16.241976, 20.07912], [-16.242263, 20.079118], [-16.24227, 20.079931], [-16.242556, 20.079929], [-16.242561, 20.080471], [-16.242848, 20.080469], [-16.242852, 20.081011], [-16.242565, 20.081013], [-16.242571, 20.081826], [-16.242858, 20.081824], [-16.24286, 20.082095], [-16.243434, 20.082091]]]}, "properties": {"layer": "meadow", "year": 2021, "sat": "S2B", "date": "2021-07-01", "area_ha": 6.48}}, {"type": "Feature", "geometry": {"type": "Polygon", "coordinates": [[[-16.244554, 20.07856], [-16.244552, 20.078288], [-16.244265, 20.078291], [-16.244261, 20.077748], [-16.244547, 20.077746], [-16.244545, 20.077475], [-16.244258, 20.077477], [-16.244256, 20.077206], [-16.243682, 20.07721], [-16.243687, 20.077752], [-16.2434, 20.077755], [-16.243402, 20.078026], [-16.243689, 20.078024], [-16.243691, 20.078295], [-16.243978, 20.078293], [-16.24398, 20.078564], [-16.244554, 20.07856]]]}, "properties": {"layer": "meadow", "year": 2021, "sat": "S2B", "date": "2021-07-01", "area_ha": 1.08}}, {"type": "Feature", "geometry": {"type": "Polygon", "coordinates": [[[-16.24139, 20.077498], [-16.241385, 20.076956], [-16.241099, 20.076958], [-16.241096, 20.076687], [-16.24081, 20.076689], [-16.240812, 20.07696], [-16.240525, 20.076962], [-16.240527, 20.077233], [-16.240814, 20.077231], [-16.240816, 20.077502], [-16.24139, 20.077498]]]}, "properties": {"layer": "meadow", "year": 2021, "sat": "S2B", "date": "2021-07-01", "area_ha": 0.54}}, {"type": "Feature", "geometry": {"type": "Polygon", "coordinates": [[[-16.24832, 20.083141], [-16.248317, 20.08287], [-16.248604, 20.082868], [-16.248602, 20.082597], [-16.248889, 20.082595], [-16.24888, 20.081511], [-16.249167, 20.081508], [-16.249165, 20.081237], [-16.248878, 20.081239], [-16.24887, 20.080155], [-16.249157, 20.080153], [-16.24915, 20.07934], [-16.248863, 20.079342], [-16.248846, 20.077174], [-16.249133, 20.077172], [-16.249131, 20.076901], [-16.248844, 20.076903], [-16.24884, 20.076361], [-16.248553, 20.076363], [-16.248551, 20.076092], [-16.248264, 20.076094], [-16.248262, 20.075823], [-16.247975, 20.075825], [-16.247973, 20.075554], [-16.247686, 20.075556], [-16.247681, 20.075014], [-16.247968, 20.075012], [-16.247966, 20.074741], [-16.246532, 20.074751], [-16.246536, 20.075293], [-16.246823, 20.075291], [-16.246825, 20.075562], [-16.246538, 20.075564], [-16.246545, 20.076377], [-16.246258, 20.076379], [-16.246271, 20.078005], [-16.246558, 20.078003], [-16.246555, 20.077732], [-16.246842, 20.07773], [-16.246847, 20.078272], [-16.247133, 20.07827], [-16.247131, 20.077999], [-16.247418, 20.077997], [-16.247422, 20.078539], [-16.247136, 20.078541], [-16.247138, 20.078812], [-16.246851, 20.078814], [-16.246853, 20.079085], [-16.246566, 20.079087], [-16.246573, 20.079901], [-16.246859, 20.079899], [-16.246862, 20.08017], [-16.246575, 20.080172], [-16.246579, 20.080714], [-16.246866, 20.080712], [-16.24687, 20.081254], [-16.245436, 20.081264], [-16.24544, 20.081806], [-16.245727, 20.081804], [-16.245729, 20.082075], [-16.246016, 20.082073], [-16.24602, 20.082615], [-16.246307, 20.082613], [-16.246309, 20.082884], [-16.247457, 20.082876], [-16.247459, 20.083147], [-16.24832, 20.083141]], [[-16.248311, 20.082057], [-16.248024, 20.082059], [-16.248022, 20.081788], [-16.248309, 20.081786], [-16.248311, 20.082057]], [[-16.248013, 20.080704], [-16.247726, 20.080706], [-16.247724, 20.080435], [-16.248011, 20.080432], [-16.248013, 20.080704]], [[-16.247433, 20.079894], [-16.247146, 20.079896], [-16.247142, 20.079354], [-16.247716, 20.07935], [-16.247718, 20.079621], [-16.247431, 20.079623], [-16.247433, 20.079894]], [[-16.247705, 20.077995], [-16.247418, 20.077997], [-16.247416, 20.077726], [-16.247703, 20.077724], [-16.247705, 20.077995]], [[-16.247127, 20.077457], [-16.24684, 20.077459], [-16.246838, 20.077188], [-16.247125, 20.077186], [-16.247127, 20.077457]], [[-16.246838, 20.077188], [-16.246551, 20.07719], [-16.246549, 20.076919], [-16.246836, 20.076917], [-16.246838, 20.077188]]]}, "properties": {"layer": "meadow", "year": 2021, "sat": "S2B", "date": "2021-07-01", "area_ha": 20.79}}, {"type": "Feature", "geometry": {"type": "Polygon", "coordinates": [[[-16.248232, 20.072028], [-16.248229, 20.071757], [-16.248516, 20.071755], [-16.248514, 20.071484], [-16.248227, 20.071486], [-16.248223, 20.070944], [-16.24851, 20.070942], [-16.248508, 20.070671], [-16.249081, 20.070667], [-16.249075, 20.069854], [-16.248788, 20.069856], [-16.248786, 20.069585], [-16.247925, 20.069591], [-16.247928, 20.069862], [-16.247641, 20.069864], [-16.247643, 20.070135], [-16.247356, 20.070137], [-16.24736, 20.070679], [-16.246787, 20.070683], [-16.246789, 20.070954], [-16.247076, 20.070952], [-16.247084, 20.072037], [-16.248232, 20.072028]]]}, "properties": {"layer": "meadow", "year": 2021, "sat": "S2B", "date": "2021-07-01", "area_ha": 3.87}}, {"type": "Feature", "geometry": {"type": "Polygon", "coordinates": [[[-16.250464, 20.064152], [-16.25046, 20.06361], [-16.250747, 20.063608], [-16.250744, 20.063337], [-16.251031, 20.063335], [-16.251027, 20.062793], [-16.25074, 20.062795], [-16.250738, 20.062524], [-16.249878, 20.06253], [-16.24988, 20.062801], [-16.249306, 20.062805], [-16.24931, 20.063347], [-16.249597, 20.063345], [-16.249599, 20.063616], [-16.249312, 20.063618], [-16.249315, 20.063889], [-16.248741, 20.063893], [-16.248737, 20.063351], [-16.24845, 20.063353], [-16.248456, 20.064166], [-16.250464, 20.064152]]]}, "properties": {"layer": "meadow", "year": 2021, "sat": "S2B", "date": "2021-07-01", "area_ha": 2.88}}, {"type": "Feature", "geometry": {"type": "Polygon", "coordinates": [[[-16.24651, 20.072041], [-16.246508, 20.07177], [-16.246221, 20.071772], [-16.246217, 20.071229], [-16.246504, 20.071227], [-16.246502, 20.070956], [-16.245928, 20.07096], [-16.245926, 20.070689], [-16.245639, 20.070691], [-16.245637, 20.07042], [-16.24535, 20.070422], [-16.245348, 20.070151], [-16.245061, 20.070153], [-16.245059, 20.069882], [-16.244772, 20.069884], [-16.24477, 20.069613], [-16.244483, 20.069615], [-16.244481, 20.069344], [-16.244194, 20.069346], [-16.244188, 20.068533], [-16.244761, 20.068529], [-16.244759, 20.068258], [-16.245046, 20.068256], [-16.245048, 20.068527], [-16.245622, 20.068523], [-16.245624, 20.068794], [-16.246772, 20.068786], [-16.246769, 20.068515], [-16.247056, 20.068513], [-16.247052, 20.067971], [-16.246765, 20.067973], [-16.246763, 20.067702], [-16.24705, 20.0677], [-16.247046, 20.067158], [-16.246185, 20.067164], [-16.246181, 20.066622], [-16.245607, 20.066626], [-16.245605, 20.066355], [-16.245318, 20.066357], [-16.245314, 20.065815], [-16.245887, 20.065811], [-16.245885, 20.06554], [-16.246172, 20.065538], [-16.24617, 20.065267], [-16.245883, 20.065269], [-16.245881, 20.064998], [-16.247028, 20.06499], [-16.247013, 20.063092], [-16.2473, 20.06309], [-16.247296, 20.062548], [-16.247009, 20.06255], [-16.247007, 20.062279], [-16.247294, 20.062277], [-16.247292, 20.062006], [-16.247005, 20.062008], [-16.247003, 20.061737], [-16.246142, 20.061743], [-16.246138, 20.061201], [-16.245277, 20.061207], [-16.245282, 20.061749], [-16.244421, 20.061755], [-16.244423, 20.062026], [-16.24385, 20.06203], [-16.243852, 20.062302], [-16.244712, 20.062295], [-16.244714, 20.062566], [-16.245288, 20.062562], [-16.245292, 20.063105], [-16.244719, 20.063109], [-16.244721, 20.06338], [-16.244434, 20.063382], [-16.244436, 20.063653], [-16.244149, 20.063655], [-16.244151, 20.063926], [-16.243865, 20.063928], [-16.243871, 20.064741], [-16.243584, 20.064743], [-16.243586, 20.065014], [-16.243299, 20.065016], [-16.243304, 20.065558], [-16.243591, 20.065556], [-16.243593, 20.065827], [-16.242445, 20.065835], [-16.242447, 20.066106], [-16.241874, 20.06611], [-16.241876, 20.066381], [-16.241302, 20.066385], [-16.241307, 20.066927], [-16.241593, 20.066925], [-16.241595, 20.067196], [-16.241309, 20.067198], [-16.241311, 20.067469], [-16.241884, 20.067465], [-16.241891, 20.068278], [-16.241604, 20.06828], [-16.241602, 20.068009], [-16.241315, 20.068011], [-16.241319, 20.068553], [-16.241032, 20.068555], [-16.241037, 20.069098], [-16.241897, 20.069092], [-16.241899, 20.069363], [-16.242473, 20.069359], [-16.242471, 20.069087], [-16.242758, 20.069085], [-16.242756, 20.068814], [-16.243043, 20.068812], [-16.24304, 20.068541], [-16.243327, 20.068539], [-16.243334, 20.069352], [-16.243907, 20.069348], [-16.243914, 20.070162], [-16.243627, 20.070164], [-16.243629, 20.070435], [-16.244203, 20.070431], [-16.244205, 20.070702], [-16.245352, 20.070693], [-16.245361, 20.071778], [-16.245648, 20.071776], [-16.24565, 20.072047], [-16.24651, 20.072041]], [[-16.242184, 20.069089], [-16.241897, 20.069092], [-16.241895, 20.06882], [-16.242182, 20.068818], [-16.242184, 20.069089]], [[-16.242469, 20.068816], [-16.242182, 20.068818], [-16.24218, 20.068547], [-16.242467, 20.068545], [-16.242469, 20.068816]]]}, "properties": {"layer": "meadow", "year": 2021, "sat": "S2B", "date": "2021-07-01", "area_ha": 33.48}}, {"type": "Feature", "geometry": {"type": "Polygon", "coordinates": [[[-16.244907, 20.050639], [-16.244903, 20.050097], [-16.24519, 20.050095], [-16.245188, 20.049824], [-16.244901, 20.049826], [-16.244899, 20.049555], [-16.244325, 20.049559], [-16.244327, 20.04983], [-16.244614, 20.049828], [-16.24462, 20.050641], [-16.244907, 20.050639]]]}, "properties": {"layer": "meadow", "year": 2021, "sat": "S2B", "date": "2021-07-01", "area_ha": 0.54}}, {"type": "Feature", "geometry": {"type": "Polygon", "coordinates": [[[-16.246709, 20.060926], [-16.246707, 20.060655], [-16.246994, 20.060653], [-16.246992, 20.060382], [-16.247279, 20.06038], [-16.247277, 20.060109], [-16.24699, 20.060111], [-16.246988, 20.05984], [-16.246414, 20.059844], [-16.246408, 20.059031], [-16.247268, 20.059025], [-16.247264, 20.058483], [-16.247551, 20.058481], [-16.247549, 20.05821], [-16.247835, 20.058208], [-16.247831, 20.057666], [-16.247544, 20.057668], [-16.247542, 20.057397], [-16.246968, 20.057401], [-16.246966, 20.05713], [-16.246679, 20.057132], [-16.246675, 20.05659], [-16.246388, 20.056592], [-16.246386, 20.056321], [-16.246099, 20.056323], [-16.246097, 20.056052], [-16.245524, 20.056056], [-16.245521, 20.055785], [-16.245235, 20.055787], [-16.24523, 20.055245], [-16.244657, 20.055249], [-16.244652, 20.054706], [-16.244939, 20.054704], [-16.244941, 20.054976], [-16.245228, 20.054973], [-16.245226, 20.054702], [-16.245513, 20.0547], [-16.245511, 20.054429], [-16.245798, 20.054427], [-16.2458, 20.054698], [-16.247521, 20.054686], [-16.247516, 20.054144], [-16.24723, 20.054146], [-16.247225, 20.053604], [-16.247512, 20.053602], [-16.24751, 20.053331], [-16.248084, 20.053327], [-16.248077, 20.052514], [-16.248364, 20.052512], [-16.248362, 20.052241], [-16.248936, 20.052237], [-16.248938, 20.052508], [-16.249224, 20.052506], [-16.249227, 20.052777], [-16.2498, 20.052773], [-16.249794, 20.05196], [-16.249507, 20.051962], [-16.249503, 20.05142], [-16.248929, 20.051424], [-16.248931, 20.051695], [-16.248644, 20.051697], [-16.248647, 20.051968], [-16.24836, 20.05197], [-16.248358, 20.051699], [-16.247497, 20.051705], [-16.247499, 20.051976], [-16.246926, 20.05198], [-16.246919, 20.051167], [-16.247206, 20.051165], [-16.247202, 20.050623], [-16.247489, 20.050621], [-16.247482, 20.049808], [-16.247769, 20.049806], [-16.247767, 20.049535], [-16.248054, 20.049533], [-16.248047, 20.048719], [-16.24776, 20.048721], [-16.247758, 20.04845], [-16.247471, 20.048452], [-16.247478, 20.049266], [-16.246904, 20.04927], [-16.246902, 20.048999], [-16.246328, 20.049003], [-16.246324, 20.048461], [-16.246037, 20.048463], [-16.246035, 20.048192], [-16.245462, 20.048196], [-16.245468, 20.049009], [-16.245755, 20.049007], [-16.245757, 20.049278], [-16.246331, 20.049274], [-16.246339, 20.050358], [-16.246052, 20.05036], [-16.246054, 20.050631], [-16.245768, 20.050633], [-16.245774, 20.051446], [-16.245487, 20.051448], [-16.245489, 20.051719], [-16.245776, 20.051717], [-16.245785, 20.052801], [-16.245498, 20.052803], [-16.2455, 20.053074], [-16.245213, 20.053076], [-16.245215, 20.053347], [-16.244068, 20.053355], [-16.24407, 20.053626], [-16.244644, 20.053622], [-16.244648, 20.054164], [-16.244361, 20.054166], [-16.24437, 20.055251], [-16.244083, 20.055253], [-16.244085, 20.055524], [-16.244372, 20.055522], [-16.244374, 20.055793], [-16.244661, 20.055791], [-16.244663, 20.056062], [-16.24495, 20.05606], [-16.244956, 20.056873], [-16.244383, 20.056877], [-16.244378, 20.056335], [-16.244092, 20.056337], [-16.244094, 20.056608], [-16.243807, 20.05661], [-16.243809, 20.056881], [-16.244096, 20.056879], [-16.244098, 20.05715], [-16.244385, 20.057148], [-16.244387, 20.057419], [-16.244674, 20.057417], [-16.244676, 20.057688], [-16.244963, 20.057686], [-16.244965, 20.057957], [-16.245252, 20.057955], [-16.245254, 20.058226], [-16.245828, 20.058222], [-16.245832, 20.058764], [-16.246119, 20.058762], [-16.246123, 20.059304], [-16.245836, 20.059306], [-16.245838, 20.059577], [-16.245551, 20.059579], [-16.245556, 20.060121], [-16.244982, 20.060125], [-16.24498, 20.059854], [-16.244693, 20.059856], [-16.244691, 20.059585], [-16.244404, 20.059587], [-16.244411, 20.0604], [-16.244124, 20.060402], [-16.244126, 20.060673], [-16.245273, 20.060665], [-16.245275, 20.060936], [-16.246709, 20.060926]], [[-16.246945, 20.054419], [-16.246658, 20.054421], [-16.246656, 20.05415], [-16.246943, 20.054148], [-16.246945, 20.054419]]]}, "properties": {"layer": "meadow", "year": 2021, "sat": "S2B", "date": "2021-07-01", "area_ha": 27.81}}, {"type": "Feature", "geometry": {"type": "Polygon", "coordinates": [[[-16.243996, 20.04414], [-16.243993, 20.043869], [-16.244567, 20.043865], [-16.244565, 20.043594], [-16.242844, 20.043606], [-16.242848, 20.044148], [-16.243996, 20.04414]]]}, "properties": {"layer": "meadow", "year": 2021, "sat": "S2B", "date": "2021-07-01", "area_ha": 0.9}}, {"type": "Feature", "geometry": {"type": "Polygon", "coordinates": [[[-16.250307, 20.044367], [-16.250303, 20.043825], [-16.250016, 20.043827], [-16.250014, 20.043556], [-16.249727, 20.043558], [-16.249729, 20.043829], [-16.249443, 20.043831], [-16.249441, 20.04356], [-16.248867, 20.043564], [-16.248861, 20.042751], [-16.248, 20.042757], [-16.248002, 20.043028], [-16.247715, 20.04303], [-16.247722, 20.043843], [-16.248582, 20.043837], [-16.248584, 20.044108], [-16.248871, 20.044106], [-16.248873, 20.044377], [-16.249447, 20.044373], [-16.249445, 20.044102], [-16.249732, 20.0441], [-16.249734, 20.044371], [-16.250307, 20.044367]], [[-16.248578, 20.043295], [-16.248291, 20.043297], [-16.248289, 20.043026], [-16.248576, 20.043024], [-16.248578, 20.043295]]]}, "properties": {"layer": "meadow", "year": 2021, "sat": "S2B", "date": "2021-07-01", "area_ha": 2.43}}, {"type": "Feature", "geometry": {"type": "Polygon", "coordinates": [[[-16.238238, 20.04147], [-16.238234, 20.040928], [-16.238521, 20.040926], [-16.238519, 20.040655], [-16.237945, 20.040659], [-16.237947, 20.04093], [-16.23766, 20.040932], [-16.237658, 20.040661], [-16.237085, 20.040665], [-16.237087, 20.040936], [-16.237374, 20.040934], [-16.237378, 20.041476], [-16.238238, 20.04147]]]}, "properties": {"layer": "meadow", "year": 2021, "sat": "S2B", "date": "2021-07-01", "area_ha": 0.9}}, {"type": "Feature", "geometry": {"type": "Polygon", "coordinates": [[[-16.255545, 20.053816], [-16.255543, 20.053545], [-16.25583, 20.053543], [-16.255828, 20.053272], [-16.256115, 20.05327], [-16.256112, 20.052999], [-16.256399, 20.052997], [-16.256397, 20.052726], [-16.256971, 20.052722], [-16.256969, 20.052451], [-16.257542, 20.052447], [-16.25754, 20.052176], [-16.257827, 20.052174], [-16.257825, 20.051903], [-16.258112, 20.051901], [-16.258109, 20.05163], [-16.258683, 20.051626], [-16.258681, 20.051355], [-16.259254, 20.051351], [-16.259252, 20.051079], [-16.259539, 20.051077], [-16.259537, 20.050806], [-16.25925, 20.050808], [-16.259237, 20.049182], [-16.25895, 20.049184], [-16.258948, 20.048913], [-16.258661, 20.048915], [-16.258657, 20.048373], [-16.25837, 20.048375], [-16.258368, 20.048104], [-16.258655, 20.048102], [-16.258648, 20.047289], [-16.258935, 20.047287], [-16.258933, 20.047016], [-16.258646, 20.047018], [-16.258644, 20.046747], [-16.258071, 20.046751], [-16.258075, 20.047293], [-16.257788, 20.047295], [-16.257775, 20.045669], [-16.258062, 20.045667], [-16.258058, 20.045125], [-16.257771, 20.045127], [-16.257769, 20.044856], [-16.257482, 20.044858], [-16.257484, 20.045129], [-16.25691, 20.045133], [-16.256908, 20.044862], [-16.257195, 20.04486], [-16.257191, 20.044318], [-16.256904, 20.04432], [-16.256902, 20.044049], [-16.257189, 20.044047], [-16.257186, 20.043776], [-16.257473, 20.043774], [-16.257465, 20.04269], [-16.257178, 20.042692], [-16.257173, 20.04215], [-16.256887, 20.042152], [-16.256884, 20.041881], [-16.256598, 20.041883], [-16.256596, 20.041612], [-16.256882, 20.04161], [-16.256874, 20.040525], [-16.2563, 20.04053], [-16.256304, 20.041072], [-16.256591, 20.04107], [-16.256593, 20.041341], [-16.25602, 20.041345], [-16.256013, 20.040532], [-16.255726, 20.040534], [-16.255724, 20.040263], [-16.25429, 20.040273], [-16.254293, 20.040544], [-16.254006, 20.040546], [-16.254008, 20.040817], [-16.254295, 20.040815], [-16.254301, 20.041628], [-16.254588, 20.041626], [-16.254592, 20.042168], [-16.255166, 20.042164], [-16.255168, 20.042435], [-16.255455, 20.042433], [-16.255461, 20.043246], [-16.255748, 20.043244], [-16.255755, 20.044057], [-16.256041, 20.044055], [-16.256043, 20.044326], [-16.256617, 20.044322], [-16.256619, 20.044593], [-16.256332, 20.044595], [-16.256337, 20.045137], [-16.256624, 20.045135], [-16.256632, 20.046219], [-16.256345, 20.046221], [-16.256348, 20.046492], [-16.256634, 20.04649], [-16.256636, 20.046761], [-16.256923, 20.046759], [-16.256928, 20.047301], [-16.257214, 20.047299], [-16.257217, 20.04757], [-16.25693, 20.047572], [-16.256934, 20.048114], [-16.256647, 20.048116], [-16.256649, 20.048387], [-16.256363, 20.04839], [-16.256365, 20.048661], [-16.256078, 20.048663], [-16.256074, 20.048121], [-16.2555, 20.048125], [-16.255504, 20.048667], [-16.255218, 20.048669], [-16.255226, 20.049753], [-16.254653, 20.049757], [-16.254655, 20.050028], [-16.255515, 20.050022], [-16.255517, 20.050293], [-16.255804, 20.050291], [-16.255806, 20.050562], [-16.255519, 20.050564], [-16.255522, 20.050835], [-16.255235, 20.050837], [-16.255237, 20.051108], [-16.25495, 20.05111], [-16.254957, 20.051923], [-16.255243, 20.051921], [-16.255252, 20.053005], [-16.254965, 20.053007], [-16.254967, 20.053278], [-16.254394, 20.053282], [-16.254396, 20.053553], [-16.254683, 20.053551], [-16.254685, 20.053822], [-16.254972, 20.05382], [-16.254969, 20.053549], [-16.255256, 20.053547], [-16.255258, 20.053818], [-16.255545, 20.053816]], [[-16.258079, 20.047835], [-16.257792, 20.047837], [-16.25779, 20.047566], [-16.258077, 20.047564], [-16.258079, 20.047835]]]}, "properties": {"layer": "meadow", "year": 2021, "sat": "S2B", "date": "2021-07-01", "area_ha": 34.11}}, {"type": "Feature", "geometry": {"type": "Polygon", "coordinates": [[[-16.252582, 20.041911], [-16.25258, 20.04164], [-16.252867, 20.041638], [-16.252865, 20.041367], [-16.253152, 20.041365], [-16.25315, 20.041094], [-16.253436, 20.041092], [-16.253428, 20.040008], [-16.253715, 20.040006], [-16.253712, 20.039735], [-16.253999, 20.039733], [-16.253997, 20.039462], [-16.254284, 20.03946], [-16.254282, 20.039189], [-16.254569, 20.039187], [-16.254566, 20.038916], [-16.254853, 20.038914], [-16.254851, 20.038642], [-16.254277, 20.038647], [-16.25428, 20.038918], [-16.253993, 20.03892], [-16.253995, 20.039191], [-16.253708, 20.039193], [-16.253706, 20.038922], [-16.253419, 20.038924], [-16.253424, 20.039466], [-16.253137, 20.039468], [-16.253139, 20.039739], [-16.252565, 20.039743], [-16.252559, 20.03893], [-16.252272, 20.038932], [-16.25227, 20.038661], [-16.25141, 20.038667], [-16.251418, 20.039751], [-16.251705, 20.039749], [-16.251707, 20.04002], [-16.252281, 20.040016], [-16.252285, 20.040558], [-16.252572, 20.040556], [-16.252574, 20.040827], [-16.252861, 20.040825], [-16.252863, 20.041096], [-16.252289, 20.0411], [-16.252294, 20.041642], [-16.252007, 20.041644], [-16.252009, 20.041915], [-16.252582, 20.041911]]]}, "properties": {"layer": "meadow", "year": 2021, "sat": "S2B", "date": "2021-07-01", "area_ha": 4.77}}, {"type": "Feature", "geometry": {"type": "Polygon", "coordinates": [[[-16.254553, 20.037289], [-16.254551, 20.037018], [-16.254838, 20.037016], [-16.254834, 20.036474], [-16.255121, 20.036472], [-16.255118, 20.036201], [-16.255405, 20.036199], [-16.255403, 20.035928], [-16.25483, 20.035932], [-16.254832, 20.036203], [-16.253971, 20.036209], [-16.253973, 20.03648], [-16.2534, 20.036484], [-16.253402, 20.036755], [-16.253689, 20.036753], [-16.253693, 20.037295], [-16.254553, 20.037289]], [[-16.254262, 20.036749], [-16.253976, 20.036751], [-16.253973, 20.03648], [-16.25426, 20.036478], [-16.254262, 20.036749]]]}, "properties": {"layer": "meadow", "year": 2021, "sat": "S2B", "date": "2021-07-01", "area_ha": 1.53}}, {"type": "Feature", "geometry": {"type": "Polygon", "coordinates": [[[-16.245948, 20.037079], [-16.245945, 20.036808], [-16.246519, 20.036804], [-16.246517, 20.036533], [-16.246804, 20.036531], [-16.246793, 20.035176], [-16.246506, 20.035178], [-16.246502, 20.034636], [-16.246215, 20.034638], [-16.246217, 20.034909], [-16.245931, 20.034911], [-16.245933, 20.035182], [-16.245646, 20.035184], [-16.245648, 20.035455], [-16.245361, 20.035457], [-16.245363, 20.035728], [-16.245077, 20.03573], [-16.245085, 20.036814], [-16.245659, 20.03681], [-16.245661, 20.037081], [-16.245948, 20.037079]], [[-16.246513, 20.035991], [-16.246226, 20.035993], [-16.246224, 20.035722], [-16.24651, 20.03572], [-16.246513, 20.035991]]]}, "properties": {"layer": "meadow", "year": 2021, "sat": "S2B", "date": "2021-07-01", "area_ha": 3.15}}, {"type": "Feature", "geometry": {"type": "Polygon", "coordinates": [[[-16.254252, 20.035394], [-16.254249, 20.035123], [-16.254823, 20.035119], [-16.254819, 20.034577], [-16.254532, 20.034579], [-16.254526, 20.033766], [-16.254812, 20.033764], [-16.254806, 20.032951], [-16.254519, 20.032953], [-16.254521, 20.033224], [-16.254234, 20.033226], [-16.254239, 20.033768], [-16.253952, 20.03377], [-16.253948, 20.033228], [-16.253374, 20.033232], [-16.253383, 20.034316], [-16.253669, 20.034314], [-16.253674, 20.034856], [-16.253387, 20.034858], [-16.253389, 20.035129], [-16.253963, 20.035125], [-16.253965, 20.035396], [-16.254252, 20.035394]]]}, "properties": {"layer": "meadow", "year": 2021, "sat": "S2B", "date": "2021-07-01", "area_ha": 2.7}}, {"type": "Feature", "geometry": {"type": "Polygon", "coordinates": [[[-16.240511, 20.038744], [-16.240509, 20.038473], [-16.240796, 20.038471], [-16.24079, 20.037657], [-16.241363, 20.037653], [-16.241361, 20.037382], [-16.243082, 20.03737], [-16.243078, 20.036828], [-16.242791, 20.03683], [-16.242789, 20.036559], [-16.243075, 20.036557], [-16.243067, 20.035473], [-16.24278, 20.035475], [-16.242778, 20.035204], [-16.242491, 20.035206], [-16.242468, 20.032225], [-16.241894, 20.032229], [-16.241892, 20.031958], [-16.241605, 20.03196], [-16.241614, 20.033044], [-16.241901, 20.033042], [-16.241905, 20.033584], [-16.241331, 20.033588], [-16.241329, 20.033317], [-16.241042, 20.033319], [-16.241038, 20.032777], [-16.240751, 20.032779], [-16.240756, 20.033321], [-16.240469, 20.033323], [-16.240467, 20.033052], [-16.24018, 20.033054], [-16.240186, 20.033867], [-16.239899, 20.033869], [-16.239902, 20.03414], [-16.238468, 20.03415], [-16.238463, 20.033608], [-16.237603, 20.033614], [-16.237612, 20.034698], [-16.237325, 20.0347], [-16.237327, 20.034971], [-16.23704, 20.034973], [-16.237042, 20.035244], [-16.237329, 20.035242], [-16.237331, 20.035513], [-16.236758, 20.035517], [-16.23676, 20.035788], [-16.236473, 20.03579], [-16.236475, 20.036061], [-16.236188, 20.036063], [-16.236195, 20.036876], [-16.237629, 20.036866], [-16.237626, 20.036595], [-16.237913, 20.036593], [-16.237909, 20.036051], [-16.238196, 20.036049], [-16.238198, 20.03632], [-16.238485, 20.036318], [-16.238489, 20.03686], [-16.239062, 20.036856], [-16.239065, 20.037127], [-16.239351, 20.037125], [-16.239356, 20.037668], [-16.239642, 20.037666], [-16.239647, 20.038208], [-16.24022, 20.038204], [-16.240225, 20.038746], [-16.240511, 20.038744]], [[-16.239343, 20.036041], [-16.239056, 20.036043], [-16.239054, 20.035772], [-16.238767, 20.035774], [-16.238765, 20.035503], [-16.238191, 20.035507], [-16.238187, 20.034965], [-16.2379, 20.034967], [-16.237898, 20.034696], [-16.239619, 20.034684], [-16.239623, 20.035226], [-16.239337, 20.035228], [-16.239343, 20.036041]], [[-16.237903, 20.035238], [-16.237616, 20.03524], [-16.237614, 20.034969], [-16.2379, 20.034967], [-16.237903, 20.035238]]]}, "properties": {"layer": "meadow", "year": 2021, "sat": "S2B", "date": "2021-07-01", "area_ha": 24.3}}, {"type": "Feature", "geometry": {"type": "Polygon", "coordinates": [[[-16.240751, 20.032779], [-16.240747, 20.032237], [-16.241034, 20.032235], [-16.241032, 20.031964], [-16.240745, 20.031966], [-16.240741, 20.031424], [-16.240454, 20.031426], [-16.240456, 20.031697], [-16.240169, 20.031699], [-16.240171, 20.03197], [-16.240458, 20.031968], [-16.240465, 20.032781], [-16.240751, 20.032779]]]}, "properties": {"layer": "meadow", "year": 2021, "sat": "S2B", "date": "2021-07-01", "area_ha": 0.63}}, {"type": "Feature", "geometry": {"type": "Polygon", "coordinates": [[[-16.254797, 20.031867], [-16.254793, 20.031325], [-16.254506, 20.031327], [-16.254504, 20.031056], [-16.254217, 20.031058], [-16.254215, 20.030787], [-16.253928, 20.030789], [-16.253933, 20.031331], [-16.254219, 20.031329], [-16.254224, 20.031871], [-16.254797, 20.031867]]]}, "properties": {"layer": "meadow", "year": 2021, "sat": "S2B", "date": "2021-07-01", "area_ha": 0.63}}, {"type": "Feature", "geometry": {"type": "Polygon", "coordinates": [[[-16.242168, 20.0306], [-16.242164, 20.030058], [-16.242737, 20.030054], [-16.242735, 20.029783], [-16.243022, 20.029781], [-16.24302, 20.02951], [-16.242446, 20.029514], [-16.242449, 20.029785], [-16.241588, 20.029791], [-16.241592, 20.030333], [-16.241879, 20.030331], [-16.241881, 20.030603], [-16.242168, 20.0306]]]}, "properties": {"layer": "meadow", "year": 2021, "sat": "S2B", "date": "2021-07-01", "area_ha": 0.81}}, {"type": "Feature", "geometry": {"type": "Polygon", "coordinates": [[[-16.236129, 20.028474], [-16.236127, 20.028203], [-16.236413, 20.028201], [-16.236411, 20.02793], [-16.236698, 20.027928], [-16.236696, 20.027657], [-16.236409, 20.027659], [-16.236407, 20.027388], [-16.236694, 20.027386], [-16.23669, 20.026844], [-16.236976, 20.026842], [-16.236974, 20.026571], [-16.236688, 20.026573], [-16.236685, 20.026302], [-16.236972, 20.0263], [-16.23697, 20.026029], [-16.237257, 20.026027], [-16.237259, 20.026298], [-16.237546, 20.026296], [-16.23755, 20.026838], [-16.237837, 20.026836], [-16.237833, 20.026294], [-16.238693, 20.026288], [-16.238691, 20.026017], [-16.238404, 20.026019], [-16.238402, 20.025748], [-16.238689, 20.025746], [-16.238686, 20.025475], [-16.238973, 20.025473], [-16.23898, 20.026286], [-16.239266, 20.026284], [-16.239262, 20.025742], [-16.239836, 20.025738], [-16.239829, 20.024925], [-16.240403, 20.024921], [-16.240399, 20.024379], [-16.240112, 20.024381], [-16.240114, 20.024652], [-16.239827, 20.024654], [-16.239825, 20.024383], [-16.238965, 20.024389], [-16.238967, 20.02466], [-16.23782, 20.024668], [-16.237822, 20.024939], [-16.237535, 20.024941], [-16.237541, 20.025754], [-16.237255, 20.025756], [-16.237253, 20.025485], [-16.236392, 20.025491], [-16.236394, 20.025762], [-16.235821, 20.025766], [-16.235823, 20.026037], [-16.235536, 20.026039], [-16.23554, 20.026581], [-16.235254, 20.026583], [-16.235258, 20.027125], [-16.235545, 20.027123], [-16.235547, 20.027394], [-16.23526, 20.027396], [-16.235262, 20.027667], [-16.234975, 20.027669], [-16.234977, 20.02794], [-16.234404, 20.027944], [-16.234408, 20.028486], [-16.236129, 20.028474]]]}, "properties": {"layer": "meadow", "year": 2021, "sat": "S2B", "date": "2021-07-01", "area_ha": 9.36}}, {"type": "Feature", "geometry": {"type": "Polygon", "coordinates": [[[-16.239235, 20.022218], [-16.239232, 20.021947], [-16.239806, 20.021943], [-16.2398, 20.02113], [-16.239513, 20.021132], [-16.239511, 20.020861], [-16.239224, 20.020863], [-16.239226, 20.021134], [-16.238652, 20.021138], [-16.238655, 20.021409], [-16.238081, 20.021413], [-16.238083, 20.021684], [-16.237796, 20.021686], [-16.237801, 20.022229], [-16.239235, 20.022218]]]}, "properties": {"layer": "meadow", "year": 2021, "sat": "S2B", "date": "2021-07-01", "area_ha": 2.07}}, {"type": "Feature", "geometry": {"type": "Polygon", "coordinates": [[[-16.239502, 20.019777], [-16.2395, 20.019506], [-16.24036, 20.0195], [-16.240358, 20.019229], [-16.240645, 20.019227], [-16.240643, 20.018956], [-16.240356, 20.018958], [-16.240348, 20.017874], [-16.240061, 20.017876], [-16.240059, 20.017605], [-16.239772, 20.017607], [-16.23977, 20.017336], [-16.239196, 20.01734], [-16.239194, 20.017069], [-16.239481, 20.017067], [-16.239472, 20.015983], [-16.239186, 20.015985], [-16.239184, 20.015714], [-16.238897, 20.015716], [-16.238895, 20.015445], [-16.238321, 20.015449], [-16.23833, 20.016533], [-16.238043, 20.016535], [-16.238047, 20.017077], [-16.237474, 20.017081], [-16.237472, 20.01681], [-16.236898, 20.016814], [-16.236894, 20.016272], [-16.237181, 20.01627], [-16.237178, 20.015999], [-16.236892, 20.016001], [-16.23689, 20.01573], [-16.236603, 20.015732], [-16.236605, 20.016003], [-16.236318, 20.016005], [-16.236316, 20.015734], [-16.235743, 20.015738], [-16.235745, 20.016009], [-16.235171, 20.016013], [-16.235169, 20.015742], [-16.234309, 20.015748], [-16.234311, 20.016019], [-16.234024, 20.016021], [-16.234028, 20.016563], [-16.234602, 20.016559], [-16.234604, 20.01683], [-16.235177, 20.016826], [-16.235175, 20.016555], [-16.235462, 20.016553], [-16.235464, 20.016824], [-16.236038, 20.01682], [-16.236042, 20.017362], [-16.235755, 20.017364], [-16.235757, 20.017635], [-16.236044, 20.017633], [-16.236053, 20.018717], [-16.236339, 20.018715], [-16.236341, 20.018986], [-16.236628, 20.018984], [-16.23663, 20.019255], [-16.236344, 20.019257], [-16.236348, 20.019799], [-16.237208, 20.019793], [-16.237206, 20.019522], [-16.237493, 20.01952], [-16.237491, 20.019249], [-16.237777, 20.019247], [-16.237782, 20.019789], [-16.238355, 20.019785], [-16.238353, 20.019514], [-16.238927, 20.01951], [-16.238929, 20.019781], [-16.239502, 20.019777]], [[-16.238918, 20.018426], [-16.238631, 20.018428], [-16.238629, 20.018157], [-16.238916, 20.018155], [-16.238918, 20.018426]], [[-16.239203, 20.018153], [-16.238916, 20.018155], [-16.23891, 20.017342], [-16.239196, 20.01734], [-16.239203, 20.018153]], [[-16.238342, 20.018159], [-16.238056, 20.018161], [-16.238054, 20.01789], [-16.23834, 20.017888], [-16.238342, 20.018159]], [[-16.23748, 20.017894], [-16.237193, 20.017896], [-16.237187, 20.017083], [-16.237474, 20.017081], [-16.237476, 20.017352], [-16.237763, 20.01735], [-16.237765, 20.017621], [-16.237478, 20.017623], [-16.23748, 20.017894]]]}, "properties": {"layer": "meadow", "year": 2021, "sat": "S2B", "date": "2021-07-01", "area_ha": 16.65}}, {"type": "Feature", "geometry": {"type": "Polygon", "coordinates": [[[-16.234844, 20.010865], [-16.234842, 20.010594], [-16.234555, 20.010596], [-16.234553, 20.010325], [-16.23484, 20.010323], [-16.234829, 20.008968], [-16.234543, 20.00897], [-16.234541, 20.008699], [-16.234254, 20.008701], [-16.234258, 20.009243], [-16.234545, 20.009241], [-16.234549, 20.009783], [-16.233689, 20.009789], [-16.233691, 20.01006], [-16.234264, 20.010056], [-16.234271, 20.010869], [-16.234844, 20.010865]]]}, "properties": {"layer": "meadow", "year": 2021, "sat": "S2B", "date": "2021-07-01", "area_ha": 1.26}}, {"type": "Feature", "geometry": {"type": "Polygon", "coordinates": [[[-16.23425, 20.008159], [-16.234245, 20.007617], [-16.234532, 20.007615], [-16.234534, 20.007886], [-16.234821, 20.007884], [-16.234817, 20.007342], [-16.23367, 20.007349], [-16.233676, 20.008163], [-16.23425, 20.008159]]]}, "properties": {"layer": "meadow", "year": 2021, "sat": "S2B", "date": "2021-07-01", "area_ha": 0.81}}, {"type": "Feature", "geometry": {"type": "Polygon", "coordinates": [[[-16.239746, 20.014354], [-16.239742, 20.013812], [-16.239455, 20.013814], [-16.239453, 20.013543], [-16.240027, 20.013539], [-16.240025, 20.013268], [-16.240311, 20.013266], [-16.240307, 20.012724], [-16.24002, 20.012726], [-16.240018, 20.012455], [-16.240305, 20.012453], [-16.240299, 20.01164], [-16.240012, 20.011642], [-16.240006, 20.010829], [-16.240292, 20.010827], [-16.24029, 20.010556], [-16.240003, 20.010558], [-16.240001, 20.010287], [-16.239428, 20.010291], [-16.239426, 20.01002], [-16.239999, 20.010016], [-16.239997, 20.009745], [-16.23971, 20.009747], [-16.239708, 20.009476], [-16.239421, 20.009478], [-16.239419, 20.009207], [-16.239706, 20.009205], [-16.239704, 20.008934], [-16.239991, 20.008932], [-16.239986, 20.00839], [-16.2397, 20.008392], [-16.239693, 20.007578], [-16.23912, 20.007583], [-16.239118, 20.007311], [-16.239404, 20.007309], [-16.2394, 20.006767], [-16.239114, 20.006769], [-16.239105, 20.005685], [-16.238532, 20.005689], [-16.238529, 20.005418], [-16.238243, 20.00542], [-16.238245, 20.005691], [-16.237958, 20.005693], [-16.237962, 20.006235], [-16.237676, 20.006237], [-16.237678, 20.006508], [-16.237391, 20.00651], [-16.237389, 20.006239], [-16.236529, 20.006245], [-16.236527, 20.005974], [-16.2371, 20.00597], [-16.237098, 20.005699], [-16.237671, 20.005695], [-16.237669, 20.005424], [-16.237956, 20.005422], [-16.237954, 20.005151], [-16.238527, 20.005147], [-16.238521, 20.004334], [-16.238808, 20.004332], [-16.238806, 20.004061], [-16.238519, 20.004063], [-16.238512, 20.00325], [-16.237939, 20.003254], [-16.237937, 20.002983], [-16.238224, 20.002981], [-16.238217, 20.002168], [-16.237931, 20.00217], [-16.237933, 20.002441], [-16.237072, 20.002447], [-16.237075, 20.002718], [-16.236788, 20.00272], [-16.236792, 20.003262], [-16.237079, 20.00326], [-16.237081, 20.003531], [-16.236794, 20.003533], [-16.236798, 20.004075], [-16.235938, 20.004081], [-16.23594, 20.004352], [-16.235654, 20.004354], [-16.235656, 20.004625], [-16.236516, 20.004619], [-16.236514, 20.004348], [-16.236801, 20.004346], [-16.236807, 20.005159], [-16.23652, 20.005161], [-16.236518, 20.00489], [-16.235658, 20.004896], [-16.23566, 20.005167], [-16.235373, 20.005169], [-16.235375, 20.00544], [-16.235949, 20.005436], [-16.235951, 20.005707], [-16.235664, 20.005709], [-16.235671, 20.006522], [-16.235957, 20.00652], [-16.235959, 20.006791], [-16.235673, 20.006793], [-16.235677, 20.007336], [-16.235964, 20.007334], [-16.235968, 20.007876], [-16.235681, 20.007878], [-16.23569, 20.008962], [-16.235976, 20.00896], [-16.235974, 20.008689], [-16.236261, 20.008687], [-16.236259, 20.008416], [-16.236546, 20.008414], [-16.236543, 20.008143], [-16.23683, 20.008141], [-16.236837, 20.008954], [-16.23741, 20.00895], [-16.237412, 20.009221], [-16.236552, 20.009227], [-16.236554, 20.009498], [-16.236841, 20.009496], [-16.236843, 20.009767], [-16.237416, 20.009763], [-16.237419, 20.010034], [-16.238279, 20.010028], [-16.238283, 20.01057], [-16.237996, 20.010572], [-16.237998, 20.010843], [-16.237425, 20.010847], [-16.237429, 20.011389], [-16.237142, 20.011391], [-16.237144, 20.011662], [-16.236571, 20.011666], [-16.236565, 20.010853], [-16.235991, 20.010857], [-16.235993, 20.011128], [-16.23628, 20.011126], [-16.236293, 20.012752], [-16.236866, 20.012748], [-16.236868, 20.013019], [-16.237442, 20.013015], [-16.23744, 20.012744], [-16.2383, 20.012738], [-16.238311, 20.014093], [-16.238597, 20.014091], [-16.238595, 20.01382], [-16.238882, 20.013818], [-16.238886, 20.01436], [-16.239173, 20.014358], [-16.239171, 20.014087], [-16.239458, 20.014085], [-16.23946, 20.014356], [-16.239746, 20.014354]], [[-16.238287, 20.011112], [-16.238, 20.011114], [-16.237998, 20.010843], [-16.238285, 20.010841], [-16.238287, 20.011112]], [[-16.239141, 20.010293], [-16.238568, 20.010297], [-16.238565, 20.010026], [-16.239139, 20.010022], [-16.239141, 20.010293]], [[-16.237701, 20.00949], [-16.237414, 20.009492], [-16.237412, 20.009221], [-16.237699, 20.009219], [-16.237701, 20.00949]], [[-16.238557, 20.008942], [-16.237984, 20.008946], [-16.237981, 20.008675], [-16.238555, 20.008671], [-16.238557, 20.008942]], [[-16.237695, 20.008677], [-16.237408, 20.008679], [-16.237406, 20.008408], [-16.237119, 20.00841], [-16.237117, 20.008139], [-16.237404, 20.008137], [-16.237402, 20.007866], [-16.237688, 20.007864], [-16.237686, 20.007593], [-16.238833, 20.007585], [-16.238835, 20.007856], [-16.238262, 20.00786], [-16.238266, 20.008402], [-16.237693, 20.008406], [-16.237695, 20.008677]], [[-16.236236, 20.005434], [-16.235949, 20.005436], [-16.235947, 20.005165], [-16.236233, 20.005163], [-16.236236, 20.005434]]]}, "properties": {"layer": "meadow", "year": 2021, "sat": "S2B", "date": "2021-07-01", "area_ha": 33.84}}, {"type": "Feature", "geometry": {"type": "Polygon", "coordinates": [[[-16.233925, 20.003282], [-16.233923, 20.003011], [-16.234209, 20.003009], [-16.234205, 20.002467], [-16.234492, 20.002465], [-16.23449, 20.002194], [-16.234776, 20.002192], [-16.234774, 20.001921], [-16.235061, 20.001919], [-16.235059, 20.001648], [-16.235346, 20.001646], [-16.235341, 20.001104], [-16.235628, 20.001102], [-16.235626, 20.000831], [-16.235053, 20.000835], [-16.235055, 20.001106], [-16.234768, 20.001108], [-16.234772, 20.00165], [-16.233912, 20.001656], [-16.233918, 20.002469], [-16.233632, 20.002471], [-16.233634, 20.002742], [-16.233347, 20.002744], [-16.233351, 20.003286], [-16.233925, 20.003282]]]}, "properties": {"layer": "meadow", "year": 2021, "sat": "S2B", "date": "2021-07-01", "area_ha": 1.98}}, {"type": "Feature", "geometry": {"type": "Polygon", "coordinates": [[[-16.232761, 20.001122], [-16.232757, 20.00058], [-16.233904, 20.000572], [-16.233902, 20.000301], [-16.233041, 20.000307], [-16.233039, 20.000035], [-16.232753, 20.000037], [-16.23275, 19.999766], [-16.233037, 19.999764], [-16.233033, 19.999222], [-16.23332, 19.99922], [-16.233318, 19.998949], [-16.233891, 19.998945], [-16.233889, 19.998674], [-16.233602, 19.998676], [-16.2336, 19.998405], [-16.233313, 19.998407], [-16.233315, 19.998678], [-16.232742, 19.998682], [-16.232744, 19.998953], [-16.232457, 19.998955], [-16.232468, 20.000311], [-16.232181, 20.000313], [-16.232185, 20.000855], [-16.232472, 20.000853], [-16.232474, 20.001124], [-16.232761, 20.001122]]]}, "properties": {"layer": "meadow", "year": 2021, "sat": "S2B", "date": "2021-07-01", "area_ha": 2.16}}, {"type": "Feature", "geometry": {"type": "Polygon", "coordinates": [[[-16.236758, 19.998925], [-16.236756, 19.998654], [-16.237043, 19.998652], [-16.237041, 19.998381], [-16.236467, 19.998385], [-16.236463, 19.997843], [-16.23675, 19.997841], [-16.236745, 19.997299], [-16.236459, 19.997301], [-16.236461, 19.997572], [-16.235887, 19.997576], [-16.23589, 19.997847], [-16.235603, 19.997849], [-16.235605, 19.99812], [-16.236178, 19.998116], [-16.236185, 19.998929], [-16.236758, 19.998925]]]}, "properties": {"layer": "meadow", "year": 2021, "sat": "S2B", "date": "2021-07-01", "area_ha": 1.17}}, {"type": "Feature", "geometry": {"type": "Polygon", "coordinates": [[[-16.231298, 19.997337], [-16.231291, 19.996524], [-16.231005, 19.996526], [-16.231003, 19.996255], [-16.230716, 19.996257], [-16.23072, 19.996799], [-16.230433, 19.996801], [-16.230436, 19.997072], [-16.231009, 19.997068], [-16.231011, 19.997339], [-16.231298, 19.997337]]]}, "properties": {"layer": "meadow", "year": 2021, "sat": "S2B", "date": "2021-07-01", "area_ha": 0.63}}, {"type": "Feature", "geometry": {"type": "Polygon", "coordinates": [[[-16.235027, 19.997582], [-16.235023, 19.99704], [-16.23531, 19.997038], [-16.235303, 19.996225], [-16.235017, 19.996227], [-16.235015, 19.995956], [-16.235301, 19.995954], [-16.235299, 19.995683], [-16.235012, 19.995685], [-16.23501, 19.995414], [-16.234724, 19.995416], [-16.234717, 19.994603], [-16.234431, 19.994605], [-16.234428, 19.994334], [-16.234142, 19.994336], [-16.23414, 19.994065], [-16.23328, 19.994071], [-16.233277, 19.9938], [-16.232991, 19.993802], [-16.232995, 19.994344], [-16.233282, 19.994342], [-16.233284, 19.994613], [-16.232997, 19.994615], [-16.232999, 19.994886], [-16.232139, 19.994892], [-16.232145, 19.995705], [-16.232432, 19.995703], [-16.232434, 19.995974], [-16.232147, 19.995976], [-16.232158, 19.997331], [-16.233592, 19.997321], [-16.233594, 19.997592], [-16.235027, 19.997582]], [[-16.234452, 19.997315], [-16.234165, 19.997317], [-16.234163, 19.997046], [-16.23445, 19.997044], [-16.234452, 19.997315]], [[-16.233585, 19.996508], [-16.232725, 19.996514], [-16.232719, 19.995701], [-16.233005, 19.995699], [-16.233008, 19.99597], [-16.233581, 19.995966], [-16.233585, 19.996508]], [[-16.233579, 19.995695], [-16.233292, 19.995697], [-16.23329, 19.995426], [-16.233577, 19.995424], [-16.233579, 19.995695]]]}, "properties": {"layer": "meadow", "year": 2021, "sat": "S2B", "date": "2021-07-01", "area_ha": 9.18}}, {"type": "Feature", "geometry": {"type": "Polygon", "coordinates": [[[-16.230421, 19.995175], [-16.230419, 19.994904], [-16.230705, 19.994902], [-16.230699, 19.994089], [-16.230986, 19.994087], [-16.230979, 19.993273], [-16.230693, 19.993275], [-16.230695, 19.993547], [-16.230408, 19.993549], [-16.23041, 19.99382], [-16.230124, 19.993822], [-16.23013, 19.994635], [-16.229843, 19.994637], [-16.229845, 19.994908], [-16.230132, 19.994906], [-16.230134, 19.995177], [-16.230421, 19.995175]]]}, "properties": {"layer": "meadow", "year": 2021, "sat": "S2B", "date": "2021-07-01", "area_ha": 1.26}}, {"type": "Feature", "geometry": {"type": "Polygon", "coordinates": [[[-16.232116, 19.99191], [-16.232114, 19.991639], [-16.2324, 19.991637], [-16.232398, 19.991366], [-16.232972, 19.991362], [-16.23297, 19.991091], [-16.232683, 19.991093], [-16.232681, 19.990822], [-16.233254, 19.990818], [-16.233252, 19.990547], [-16.233539, 19.990545], [-16.233537, 19.990274], [-16.23411, 19.99027], [-16.234106, 19.989728], [-16.234679, 19.989724], [-16.234662, 19.987556], [-16.234376, 19.987558], [-16.234374, 19.987287], [-16.23466, 19.987285], [-16.234656, 19.986743], [-16.234369, 19.986745], [-16.234365, 19.986203], [-16.234078, 19.986205], [-16.234076, 19.985934], [-16.23379, 19.985936], [-16.233783, 19.985122], [-16.233497, 19.985124], [-16.23349, 19.984311], [-16.233204, 19.984313], [-16.233201, 19.984042], [-16.232915, 19.984044], [-16.232908, 19.983231], [-16.232622, 19.983233], [-16.23262, 19.982962], [-16.232333, 19.982964], [-16.232329, 19.982422], [-16.232042, 19.982424], [-16.23204, 19.982153], [-16.231753, 19.982155], [-16.231749, 19.981613], [-16.231462, 19.981615], [-16.231458, 19.981073], [-16.231171, 19.981075], [-16.231169, 19.980804], [-16.231456, 19.980802], [-16.23145, 19.979989], [-16.231163, 19.979991], [-16.231159, 19.979449], [-16.230585, 19.979453], [-16.230588, 19.979724], [-16.230301, 19.979726], [-16.230305, 19.980268], [-16.230018, 19.98027], [-16.230031, 19.981896], [-16.229744, 19.981898], [-16.229753, 19.982982], [-16.229466, 19.982984], [-16.22947, 19.983526], [-16.229757, 19.983524], [-16.229759, 19.983795], [-16.231192, 19.983785], [-16.231195, 19.984056], [-16.230908, 19.984058], [-16.23091, 19.984329], [-16.229763, 19.984337], [-16.229765, 19.984608], [-16.229479, 19.98461], [-16.229489, 19.985965], [-16.229776, 19.985963], [-16.229778, 19.986234], [-16.229205, 19.986238], [-16.229207, 19.986509], [-16.22892, 19.986511], [-16.228924, 19.987054], [-16.229784, 19.987048], [-16.229791, 19.987861], [-16.230077, 19.987859], [-16.230079, 19.98813], [-16.229793, 19.988132], [-16.229795, 19.988403], [-16.229508, 19.988405], [-16.22951, 19.988676], [-16.230084, 19.988672], [-16.230081, 19.988401], [-16.230368, 19.988399], [-16.23037, 19.98867], [-16.230657, 19.988668], [-16.230659, 19.988939], [-16.229512, 19.988947], [-16.229514, 19.989218], [-16.229228, 19.98922], [-16.22923, 19.989491], [-16.228943, 19.989493], [-16.228941, 19.989222], [-16.228368, 19.989226], [-16.228372, 19.989768], [-16.228945, 19.989764], [-16.228947, 19.990035], [-16.229234, 19.990033], [-16.229236, 19.990304], [-16.229809, 19.9903], [-16.229814, 19.990842], [-16.230674, 19.990836], [-16.230678, 19.991378], [-16.230965, 19.991376], [-16.230967, 19.991647], [-16.23154, 19.991643], [-16.231542, 19.991914], [-16.232116, 19.99191]], [[-16.232114, 19.991639], [-16.231827, 19.991641], [-16.231825, 19.99137], [-16.232112, 19.991368], [-16.232114, 19.991639]], [[-16.230672, 19.990565], [-16.230385, 19.990567], [-16.230379, 19.989754], [-16.230092, 19.989756], [-16.23009, 19.989485], [-16.230663, 19.989481], [-16.230672, 19.990565]], [[-16.232101, 19.990013], [-16.231814, 19.990015], [-16.231812, 19.989744], [-16.232099, 19.989742], [-16.232101, 19.990013]], [[-16.233246, 19.989734], [-16.232959, 19.989736], [-16.232957, 19.989465], [-16.233244, 19.989463], [-16.233246, 19.989734]], [[-16.232672, 19.989738], [-16.232386, 19.98974], [-16.232384, 19.989469], [-16.23267, 19.989467], [-16.232672, 19.989738]], [[-16.234102, 19.989186], [-16.233815, 19.989188], [-16.233809, 19.988375], [-16.234095, 19.988373], [-16.234102, 19.989186]], [[-16.233237, 19.98865], [-16.231804, 19.98866], [-16.231797, 19.987847], [-16.231511, 19.987849], [-16.231509, 19.987578], [-16.231222, 19.98758], [-16.23122, 19.987309], [-16.230933, 19.987311], [-16.230931, 19.98704], [-16.230644, 19.987042], [-16.23064, 19.9865], [-16.230927, 19.986498], [-16.230929, 19.986769], [-16.231502, 19.986765], [-16.231504, 19.987036], [-16.231791, 19.987034], [-16.231793, 19.987305], [-16.23208, 19.987303], [-16.232084, 19.987845], [-16.232371, 19.987843], [-16.232373, 19.988114], [-16.232946, 19.98811], [-16.232944, 19.987839], [-16.233518, 19.987835], [-16.233522, 19.988377], [-16.233235, 19.988379], [-16.233237, 19.98865]], [[-16.234378, 19.987829], [-16.234091, 19.987831], [-16.234089, 19.98756], [-16.234376, 19.987558], [-16.234378, 19.987829]], [[-16.230937, 19.987853], [-16.230364, 19.987857], [-16.230362, 19.987586], [-16.230935, 19.987582], [-16.230937, 19.987853]], [[-16.2338, 19.987291], [-16.233513, 19.987293], [-16.233511, 19.987022], [-16.233225, 19.987024], [-16.233223, 19.986753], [-16.232936, 19.986755], [-16.232932, 19.986213], [-16.233218, 19.986211], [-16.233216, 19.98594], [-16.23293, 19.985942], [-16.232923, 19.985128], [-16.23321, 19.985126], [-16.233212, 19.985397], [-16.233499, 19.985395], [-16.233503, 19.985938], [-16.23379, 19.985936], [-16.233792, 19.986207], [-16.233505, 19.986209], [-16.233507, 19.98648], [-16.233794, 19.986478], [-16.2338, 19.987291]], [[-16.23036, 19.987315], [-16.230073, 19.987317], [-16.230069, 19.986775], [-16.230356, 19.986773], [-16.23036, 19.987315]], [[-16.229782, 19.986777], [-16.229495, 19.986779], [-16.229493, 19.986507], [-16.22978, 19.986505], [-16.229782, 19.986777]], [[-16.231211, 19.986225], [-16.230638, 19.986228], [-16.230634, 19.985686], [-16.23006, 19.98569], [-16.230058, 19.985419], [-16.230345, 19.985417], [-16.230341, 19.984875], [-16.230627, 19.984873], [-16.230625, 19.984602], [-16.230912, 19.9846], [-16.230918, 19.985413], [-16.231205, 19.985411], [-16.231207, 19.985682], [-16.230921, 19.985684], [-16.230923, 19.985955], [-16.231209, 19.985953], [-16.231211, 19.986225]], [[-16.231188, 19.983243], [-16.230902, 19.983245], [-16.230897, 19.982703], [-16.231184, 19.982701], [-16.231188, 19.983243]], [[-16.230889, 19.981619], [-16.230316, 19.981623], [-16.230313, 19.981352], [-16.230887, 19.981348], [-16.230889, 19.981619]]]}, "properties": {"layer": "meadow", "year": 2021, "sat": "S2B", "date": "2021-07-01", "area_ha": 41.31}}, {"type": "Feature", "geometry": {"type": "Polygon", "coordinates": [[[-16.504521, 19.934246], [-16.504513, 19.933433], [-16.504227, 19.933436], [-16.504219, 19.932623], [-16.503933, 19.932625], [-16.503935, 19.932896], [-16.503649, 19.932899], [-16.503651, 19.93317], [-16.503938, 19.933167], [-16.50394, 19.933438], [-16.503367, 19.933443], [-16.50337, 19.933714], [-16.504229, 19.933707], [-16.504235, 19.934249], [-16.504521, 19.934246]]]}, "properties": {"layer": "meadow", "year": 2021, "sat": "S2B", "date": "2021-07-01", "area_ha": 0.9}}, {"type": "Feature", "geometry": {"type": "Polygon", "coordinates": [[[-16.504787, 19.932076], [-16.504785, 19.931805], [-16.505071, 19.931802], [-16.505066, 19.93126], [-16.504779, 19.931263], [-16.504777, 19.930992], [-16.50449, 19.930994], [-16.504488, 19.930723], [-16.504774, 19.930721], [-16.504764, 19.929637], [-16.504477, 19.929639], [-16.504475, 19.929368], [-16.504188, 19.929371], [-16.504183, 19.928829], [-16.503897, 19.928831], [-16.503894, 19.92856], [-16.503608, 19.928562], [-16.503613, 19.929104], [-16.503326, 19.929107], [-16.503329, 19.929378], [-16.503615, 19.929375], [-16.503618, 19.929647], [-16.503331, 19.929649], [-16.503339, 19.930462], [-16.503625, 19.93046], [-16.503628, 19.930731], [-16.503915, 19.930728], [-16.50392, 19.93127], [-16.504206, 19.931268], [-16.504209, 19.931539], [-16.504495, 19.931536], [-16.504501, 19.932078], [-16.504787, 19.932076]]]}, "properties": {"layer": "meadow", "year": 2021, "sat": "S2B", "date": "2021-07-01", "area_ha": 3.51}}, {"type": "Feature", "geometry": {"type": "Polygon", "coordinates": [[[-16.500412, 19.923982], [-16.500407, 19.92344], [-16.500693, 19.923438], [-16.500686, 19.922624], [-16.500112, 19.922629], [-16.500115, 19.9229], [-16.499828, 19.922903], [-16.499839, 19.923987], [-16.500412, 19.923982]]]}, "properties": {"layer": "meadow", "year": 2021, "sat": "S2B", "date": "2021-07-01", "area_ha": 1.08}}, {"type": "Feature", "geometry": {"type": "Polygon", "coordinates": [[[-16.501829, 19.922344], [-16.501824, 19.921802], [-16.502111, 19.921799], [-16.502106, 19.921257], [-16.501532, 19.921262], [-16.501535, 19.921533], [-16.501248, 19.921536], [-16.501254, 19.922078], [-16.500967, 19.92208], [-16.50097, 19.922351], [-16.501829, 19.922344]]]}, "properties": {"layer": "meadow", "year": 2021, "sat": "S2B", "date": "2021-07-01", "area_ha": 0.9}}, {"type": "Feature", "geometry": {"type": "Polygon", "coordinates": [[[-16.504679, 19.920694], [-16.504664, 19.919067], [-16.504377, 19.91907], [-16.504393, 19.920696], [-16.504679, 19.920694]]]}, "properties": {"layer": "meadow", "year": 2021, "sat": "S2B", "date": "2021-07-01", "area_ha": 0.54}}, {"type": "Feature", "geometry": {"type": "Polygon", "coordinates": [[[-16.478269, 19.915765], [-16.478266, 19.915494], [-16.478553, 19.915492], [-16.478548, 19.91495], [-16.478834, 19.914948], [-16.478832, 19.914677], [-16.479118, 19.914674], [-16.479116, 19.914403], [-16.478256, 19.91441], [-16.478261, 19.914952], [-16.477975, 19.914955], [-16.477982, 19.915768], [-16.478269, 19.915765]]]}, "properties": {"layer": "meadow", "year": 2021, "sat": "S2B", "date": "2021-07-01", "area_ha": 0.9}}, {"type": "Feature", "geometry": {"type": "Polygon", "coordinates": [[[-16.487139, 19.914336], [-16.487136, 19.914065], [-16.48685, 19.914068], [-16.486847, 19.913797], [-16.486561, 19.913799], [-16.486558, 19.913528], [-16.486272, 19.91353], [-16.486274, 19.913801], [-16.485988, 19.913804], [-16.485993, 19.914346], [-16.486279, 19.914344], [-16.486277, 19.914073], [-16.486563, 19.91407], [-16.486566, 19.914341], [-16.487139, 19.914336]]]}, "properties": {"layer": "meadow", "year": 2021, "sat": "S2B", "date": "2021-07-01", "area_ha": 0.63}}, {"type": "Feature", "geometry": {"type": "Polygon", "coordinates": [[[-16.483409, 19.913825], [-16.483404, 19.913283], [-16.48369, 19.913281], [-16.483688, 19.91301], [-16.483401, 19.913012], [-16.483399, 19.912741], [-16.483112, 19.912744], [-16.483107, 19.912202], [-16.482821, 19.912204], [-16.482823, 19.912475], [-16.48225, 19.91248], [-16.482248, 19.912209], [-16.481961, 19.912211], [-16.481964, 19.912482], [-16.481677, 19.912485], [-16.481682, 19.913027], [-16.481969, 19.913024], [-16.481971, 19.913295], [-16.482258, 19.913293], [-16.48226, 19.913564], [-16.482547, 19.913562], [-16.482544, 19.913291], [-16.482831, 19.913288], [-16.482836, 19.91383], [-16.483409, 19.913825]]]}, "properties": {"layer": "meadow", "year": 2021, "sat": "S2B", "date": "2021-07-01", "area_ha": 2.16}}, {"type": "Feature", "geometry": {"type": "Polygon", "coordinates": [[[-16.489152, 19.915133], [-16.489147, 19.914591], [-16.488861, 19.914593], [-16.488848, 19.913238], [-16.489708, 19.913231], [-16.489705, 19.91296], [-16.489419, 19.912962], [-16.489416, 19.912691], [-16.489129, 19.912693], [-16.489127, 19.912422], [-16.489413, 19.91242], [-16.489411, 19.912149], [-16.489697, 19.912147], [-16.489695, 19.911876], [-16.488835, 19.911883], [-16.488838, 19.912154], [-16.487978, 19.912161], [-16.487981, 19.912432], [-16.487694, 19.912434], [-16.487697, 19.912705], [-16.48741, 19.912708], [-16.487413, 19.912979], [-16.487699, 19.912976], [-16.487707, 19.91379], [-16.487993, 19.913787], [-16.488004, 19.914871], [-16.488863, 19.914864], [-16.488866, 19.915135], [-16.489152, 19.915133]], [[-16.489132, 19.912964], [-16.488845, 19.912967], [-16.488843, 19.912696], [-16.489129, 19.912693], [-16.489132, 19.912964]]]}, "properties": {"layer": "meadow", "year": 2021, "sat": "S2B", "date": "2021-07-01", "area_ha": 4.32}}, {"type": "Feature", "geometry": {"type": "Polygon", "coordinates": [[[-16.479113, 19.914132], [-16.479111, 19.913861], [-16.479684, 19.913856], [-16.479681, 19.913585], [-16.479968, 19.913583], [-16.479965, 19.913312], [-16.479392, 19.913317], [-16.479382, 19.912233], [-16.479096, 19.912235], [-16.479091, 19.911693], [-16.478804, 19.911696], [-16.478802, 19.911424], [-16.480234, 19.911413], [-16.480227, 19.9106], [-16.47994, 19.910602], [-16.479943, 19.910873], [-16.479656, 19.910875], [-16.479659, 19.911146], [-16.478512, 19.911156], [-16.478518, 19.911698], [-16.478231, 19.9117], [-16.478233, 19.911971], [-16.47766, 19.911976], [-16.477663, 19.912247], [-16.477949, 19.912245], [-16.477952, 19.912516], [-16.477665, 19.912518], [-16.477673, 19.913331], [-16.478246, 19.913326], [-16.478249, 19.913597], [-16.477676, 19.913602], [-16.477678, 19.913873], [-16.478251, 19.913868], [-16.478254, 19.914139], [-16.479113, 19.914132]]]}, "properties": {"layer": "meadow", "year": 2021, "sat": "S2B", "date": "2021-07-01", "area_ha": 5.13}}, {"type": "Feature", "geometry": {"type": "Polygon", "coordinates": [[[-16.487976, 19.91189], [-16.487973, 19.911619], [-16.48826, 19.911617], [-16.488257, 19.911346], [-16.487971, 19.911348], [-16.487966, 19.910806], [-16.488252, 19.910804], [-16.48825, 19.910533], [-16.48739, 19.91054], [-16.487393, 19.910811], [-16.486533, 19.910818], [-16.48653, 19.910547], [-16.486817, 19.910545], [-16.486814, 19.910274], [-16.486528, 19.910276], [-16.486523, 19.909734], [-16.485663, 19.909741], [-16.485661, 19.90947], [-16.485374, 19.909472], [-16.485377, 19.909743], [-16.484804, 19.909748], [-16.484801, 19.909477], [-16.483941, 19.909484], [-16.483944, 19.909755], [-16.483657, 19.909758], [-16.483655, 19.909487], [-16.483082, 19.909492], [-16.483084, 19.909763], [-16.483371, 19.90976], [-16.483373, 19.910031], [-16.48452, 19.910022], [-16.484525, 19.910564], [-16.484238, 19.910566], [-16.484241, 19.910837], [-16.484527, 19.910835], [-16.48453, 19.911106], [-16.485103, 19.911101], [-16.485105, 19.911372], [-16.485392, 19.91137], [-16.485397, 19.911912], [-16.485683, 19.911909], [-16.485681, 19.911638], [-16.485967, 19.911636], [-16.48597, 19.911907], [-16.486543, 19.911902], [-16.486541, 19.911631], [-16.487114, 19.911626], [-16.487116, 19.911897], [-16.487976, 19.91189]], [[-16.487398, 19.911353], [-16.487111, 19.911355], [-16.487109, 19.911084], [-16.487395, 19.911082], [-16.487398, 19.911353]]]}, "properties": {"layer": "meadow", "year": 2021, "sat": "S2B", "date": "2021-07-01", "area_ha": 7.2}}, {"type": "Feature", "geometry": {"type": "Polygon", "coordinates": [[[-16.406034, 19.913641], [-16.406032, 19.91337], [-16.406892, 19.913363], [-16.406889, 19.913092], [-16.406603, 19.913094], [-16.4066, 19.912823], [-16.40746, 19.912817], [-16.407455, 19.912275], [-16.407168, 19.912277], [-16.407171, 19.912548], [-16.406884, 19.91255], [-16.40688, 19.912008], [-16.406593, 19.91201], [-16.406591, 19.911739], [-16.406304, 19.911742], [-16.406302, 19.911471], [-16.406015, 19.911473], [-16.406013, 19.911202], [-16.406299, 19.911199], [-16.406292, 19.910386], [-16.406006, 19.910389], [-16.406003, 19.910118], [-16.405717, 19.91012], [-16.405714, 19.909849], [-16.405428, 19.909851], [-16.405425, 19.90958], [-16.405139, 19.909582], [-16.405141, 19.909853], [-16.404568, 19.909858], [-16.404563, 19.909316], [-16.40485, 19.909314], [-16.404845, 19.908772], [-16.404558, 19.908774], [-16.404561, 19.909045], [-16.404274, 19.909047], [-16.404272, 19.908776], [-16.403985, 19.908778], [-16.403983, 19.908507], [-16.403696, 19.90851], [-16.403704, 19.909323], [-16.40399, 19.90932], [-16.403997, 19.910134], [-16.40457, 19.910129], [-16.404575, 19.910671], [-16.404862, 19.910669], [-16.404867, 19.911211], [-16.40458, 19.911213], [-16.404587, 19.912026], [-16.404301, 19.912028], [-16.404305, 19.91257], [-16.404592, 19.912568], [-16.404594, 19.912839], [-16.404881, 19.912837], [-16.404883, 19.913108], [-16.405456, 19.913103], [-16.405459, 19.913374], [-16.405745, 19.913372], [-16.405748, 19.913643], [-16.406034, 19.913641]], [[-16.405435, 19.910664], [-16.405148, 19.910667], [-16.405144, 19.910124], [-16.40543, 19.910122], [-16.405435, 19.910664]]]}, "properties": {"layer": "meadow", "year": 2021, "sat": "S2B", "date": "2021-07-01", "area_ha": 8.73}}, {"type": "Feature", "geometry": {"type": "Polygon", "coordinates": [[[-16.472742, 19.906867], [-16.472739, 19.906596], [-16.473312, 19.906591], [-16.47331, 19.90632], [-16.474169, 19.906313], [-16.474167, 19.906042], [-16.473021, 19.906052], [-16.473018, 19.905781], [-16.472445, 19.905786], [-16.472455, 19.90687], [-16.472742, 19.906867]]]}, "properties": {"layer": "meadow", "year": 2021, "sat": "S2B", "date": "2021-07-01", "area_ha": 1.08}}, {"type": "Feature", "geometry": {"type": "Polygon", "coordinates": [[[-16.416292, 19.907055], [-16.416287, 19.906513], [-16.416574, 19.90651], [-16.416569, 19.905968], [-16.416282, 19.905971], [-16.416285, 19.906242], [-16.415998, 19.906244], [-16.416001, 19.906515], [-16.415714, 19.906517], [-16.415717, 19.906788], [-16.416003, 19.906786], [-16.416006, 19.907057], [-16.416292, 19.907055]]]}, "properties": {"layer": "meadow", "year": 2021, "sat": "S2B", "date": "2021-07-01", "area_ha": 0.54}}, {"type": "Feature", "geometry": {"type": "Polygon", "coordinates": [[[-16.437785, 19.907153], [-16.437782, 19.906882], [-16.438069, 19.90688], [-16.438066, 19.906609], [-16.438353, 19.906607], [-16.438348, 19.906065], [-16.438061, 19.906067], [-16.438064, 19.906338], [-16.437777, 19.90634], [-16.437775, 19.906069], [-16.437488, 19.906071], [-16.437486, 19.9058], [-16.437199, 19.905803], [-16.437202, 19.906074], [-16.436915, 19.906076], [-16.43691, 19.905534], [-16.436624, 19.905536], [-16.436631, 19.906349], [-16.436345, 19.906352], [-16.436347, 19.906623], [-16.436061, 19.906625], [-16.436063, 19.906896], [-16.43635, 19.906894], [-16.436352, 19.907165], [-16.436925, 19.90716], [-16.436923, 19.906889], [-16.437209, 19.906887], [-16.437212, 19.907158], [-16.437785, 19.907153]], [[-16.437496, 19.906885], [-16.437209, 19.906887], [-16.437207, 19.906616], [-16.437493, 19.906613], [-16.437496, 19.906885]]]}, "properties": {"layer": "meadow", "year": 2021, "sat": "S2B", "date": "2021-07-01", "area_ha": 2.25}}, {"type": "Feature", "geometry": {"type": "Polygon", "coordinates": [[[-16.433501, 19.908814], [-16.433499, 19.908543], [-16.433785, 19.908541], [-16.433783, 19.90827], [-16.43407, 19.908267], [-16.434062, 19.907454], [-16.434349, 19.907452], [-16.434344, 19.90691], [-16.434057, 19.906912], [-16.434055, 19.906641], [-16.434341, 19.906639], [-16.434339, 19.906368], [-16.434626, 19.906366], [-16.434635, 19.90745], [-16.434922, 19.907447], [-16.434917, 19.906905], [-16.43549, 19.906901], [-16.435488, 19.90663], [-16.436061, 19.906625], [-16.436058, 19.906354], [-16.435772, 19.906356], [-16.435769, 19.906085], [-16.435483, 19.906088], [-16.43548, 19.905817], [-16.435194, 19.905819], [-16.435191, 19.905548], [-16.434618, 19.905553], [-16.434611, 19.904739], [-16.433465, 19.904749], [-16.433467, 19.90502], [-16.433181, 19.905022], [-16.433186, 19.905564], [-16.432899, 19.905566], [-16.432901, 19.905837], [-16.432615, 19.90584], [-16.43262, 19.906382], [-16.432333, 19.906384], [-16.432336, 19.906655], [-16.432049, 19.906657], [-16.432059, 19.907741], [-16.432632, 19.907737], [-16.432637, 19.908279], [-16.432923, 19.908277], [-16.432928, 19.908819], [-16.433501, 19.908814]]]}, "properties": {"layer": "meadow", "year": 2021, "sat": "S2B", "date": "2021-07-01", "area_ha": 9.45}}, {"type": "Feature", "geometry": {"type": "Polygon", "coordinates": [[[-16.420304, 19.907023], [-16.420301, 19.906752], [-16.420588, 19.906749], [-16.420581, 19.905936], [-16.420867, 19.905934], [-16.420862, 19.905392], [-16.421149, 19.90539], [-16.421146, 19.905119], [-16.42086, 19.905121], [-16.420853, 19.904308], [-16.41942, 19.904319], [-16.419422, 19.90459], [-16.419136, 19.904593], [-16.419133, 19.904322], [-16.418847, 19.904324], [-16.418852, 19.904866], [-16.418279, 19.90487], [-16.418281, 19.905141], [-16.417421, 19.905148], [-16.417424, 19.905419], [-16.416851, 19.905424], [-16.416853, 19.905695], [-16.416567, 19.905697], [-16.416569, 19.905968], [-16.417142, 19.905964], [-16.41714, 19.905693], [-16.417426, 19.90569], [-16.417429, 19.905961], [-16.417715, 19.905959], [-16.417718, 19.90623], [-16.418004, 19.906228], [-16.418007, 19.906499], [-16.418866, 19.906492], [-16.418869, 19.906763], [-16.419442, 19.906758], [-16.419444, 19.907029], [-16.420304, 19.907023]]]}, "properties": {"layer": "meadow", "year": 2021, "sat": "S2B", "date": "2021-07-01", "area_ha": 8.19}}, {"type": "Feature", "geometry": {"type": "Polygon", "coordinates": [[[-16.472729, 19.905512], [-16.472722, 19.904699], [-16.472148, 19.904704], [-16.472141, 19.903891], [-16.471854, 19.903893], [-16.471849, 19.903351], [-16.471563, 19.903354], [-16.471565, 19.903625], [-16.471279, 19.903627], [-16.471284, 19.904169], [-16.47157, 19.904167], [-16.471573, 19.904438], [-16.471286, 19.90444], [-16.471291, 19.904982], [-16.471578, 19.90498], [-16.471575, 19.904709], [-16.471862, 19.904706], [-16.471869, 19.905519], [-16.472729, 19.905512]]]}, "properties": {"layer": "meadow", "year": 2021, "sat": "S2B", "date": "2021-07-01", "area_ha": 1.89}}, {"type": "Feature", "geometry": {"type": "Polygon", "coordinates": [[[-16.489921, 19.905369], [-16.489918, 19.905098], [-16.490778, 19.905091], [-16.490775, 19.90482], [-16.490489, 19.904822], [-16.490486, 19.904551], [-16.490773, 19.904549], [-16.490767, 19.904007], [-16.489908, 19.904014], [-16.489905, 19.903743], [-16.489332, 19.903748], [-16.48933, 19.903477], [-16.488757, 19.903481], [-16.488754, 19.90321], [-16.488468, 19.903213], [-16.48847, 19.903484], [-16.487611, 19.903491], [-16.487613, 19.903762], [-16.488473, 19.903755], [-16.488478, 19.904297], [-16.489051, 19.904292], [-16.489053, 19.904563], [-16.48934, 19.904561], [-16.489342, 19.904832], [-16.488769, 19.904837], [-16.488772, 19.905108], [-16.489345, 19.905103], [-16.489348, 19.905374], [-16.489921, 19.905369]]]}, "properties": {"layer": "meadow", "year": 2021, "sat": "S2B", "date": "2021-07-01", "area_ha": 3.51}}, {"type": "Feature", "geometry": {"type": "Polygon", "coordinates": [[[-16.504515, 19.903349], [-16.504513, 19.903078], [-16.504799, 19.903075], [-16.504794, 19.902533], [-16.504221, 19.902538], [-16.504224, 19.902809], [-16.503937, 19.902812], [-16.50394, 19.903083], [-16.504226, 19.90308], [-16.504229, 19.903351], [-16.504515, 19.903349]]]}, "properties": {"layer": "meadow", "year": 2021, "sat": "S2B", "date": "2021-07-01", "area_ha": 0.54}}, {"type": "Feature", "geometry": {"type": "Polygon", "coordinates": [[[-16.495661, 19.906405], [-16.495656, 19.905863], [-16.495083, 19.905868], [-16.495081, 19.905597], [-16.494794, 19.905599], [-16.494791, 19.905328], [-16.495078, 19.905326], [-16.495073, 19.904784], [-16.495359, 19.904781], [-16.495365, 19.905323], [-16.495651, 19.905321], [-16.495654, 19.905592], [-16.496513, 19.905585], [-16.496511, 19.905314], [-16.496224, 19.905316], [-16.496222, 19.905045], [-16.495935, 19.905047], [-16.495927, 19.904234], [-16.495641, 19.904237], [-16.495633, 19.903424], [-16.495347, 19.903426], [-16.495349, 19.903697], [-16.494776, 19.903702], [-16.494781, 19.904244], [-16.494495, 19.904246], [-16.494477, 19.902349], [-16.493904, 19.902354], [-16.493909, 19.902896], [-16.493049, 19.902903], [-16.493047, 19.902632], [-16.49276, 19.902635], [-16.492763, 19.902906], [-16.492476, 19.902908], [-16.492479, 19.903179], [-16.492192, 19.903182], [-16.492195, 19.903453], [-16.491335, 19.90346], [-16.491338, 19.903731], [-16.492198, 19.903724], [-16.4922, 19.903995], [-16.49306, 19.903987], [-16.493062, 19.904258], [-16.493635, 19.904254], [-16.49364, 19.904796], [-16.493927, 19.904793], [-16.493929, 19.905064], [-16.493356, 19.905069], [-16.493354, 19.904798], [-16.492781, 19.904803], [-16.492783, 19.905074], [-16.492497, 19.905076], [-16.492494, 19.904805], [-16.492208, 19.904808], [-16.49221, 19.905079], [-16.491924, 19.905081], [-16.491926, 19.905352], [-16.493072, 19.905343], [-16.493077, 19.905885], [-16.493364, 19.905882], [-16.493367, 19.906153], [-16.493653, 19.906151], [-16.49365, 19.90588], [-16.493937, 19.905877], [-16.49394, 19.906148], [-16.494513, 19.906144], [-16.49451, 19.905873], [-16.494797, 19.90587], [-16.494802, 19.906412], [-16.495661, 19.906405]], [[-16.49451, 19.905873], [-16.494224, 19.905875], [-16.494221, 19.905604], [-16.494508, 19.905602], [-16.49451, 19.905873]], [[-16.494218, 19.905333], [-16.493932, 19.905335], [-16.493929, 19.905064], [-16.494216, 19.905062], [-16.494218, 19.905333]]]}, "properties": {"layer": "meadow", "year": 2021, "sat": "S2B", "date": "2021-07-01", "area_ha": 10.17}}, {"type": "Feature", "geometry": {"type": "Polygon", "coordinates": [[[-16.438921, 19.90606], [-16.438916, 19.905518], [-16.439203, 19.905516], [-16.4392, 19.905245], [-16.439773, 19.90524], [-16.439776, 19.905511], [-16.440062, 19.905509], [-16.440057, 19.904967], [-16.440344, 19.904964], [-16.440346, 19.905235], [-16.440633, 19.905233], [-16.440628, 19.904691], [-16.440915, 19.904689], [-16.440912, 19.904418], [-16.441199, 19.904415], [-16.441196, 19.904144], [-16.44091, 19.904147], [-16.440907, 19.903875], [-16.441767, 19.903869], [-16.441757, 19.902784], [-16.44147, 19.902787], [-16.441475, 19.903329], [-16.441189, 19.903331], [-16.441191, 19.903602], [-16.440618, 19.903607], [-16.440626, 19.90442], [-16.440339, 19.904422], [-16.440337, 19.904151], [-16.44005, 19.904153], [-16.440048, 19.903882], [-16.439761, 19.903885], [-16.439756, 19.903343], [-16.43947, 19.903345], [-16.439475, 19.903887], [-16.438615, 19.903894], [-16.438612, 19.903623], [-16.438899, 19.903621], [-16.438894, 19.903079], [-16.438321, 19.903083], [-16.438331, 19.904167], [-16.438044, 19.90417], [-16.438042, 19.903899], [-16.437755, 19.903901], [-16.43776, 19.904443], [-16.438047, 19.904441], [-16.438052, 19.904983], [-16.437765, 19.904985], [-16.437768, 19.905256], [-16.437195, 19.905261], [-16.437197, 19.905532], [-16.437484, 19.905529], [-16.437486, 19.9058], [-16.437772, 19.905798], [-16.437775, 19.906069], [-16.438061, 19.906067], [-16.438057, 19.905525], [-16.438343, 19.905522], [-16.438348, 19.906065], [-16.438921, 19.90606]], [[-16.43863, 19.90552], [-16.438343, 19.905522], [-16.438341, 19.905251], [-16.438627, 19.905249], [-16.43863, 19.90552]], [[-16.440052, 19.904424], [-16.439766, 19.904427], [-16.439763, 19.904156], [-16.44005, 19.904153], [-16.440052, 19.904424]], [[-16.43862, 19.904436], [-16.438333, 19.904438], [-16.438331, 19.904167], [-16.438617, 19.904165], [-16.43862, 19.904436]]]}, "properties": {"layer": "meadow", "year": 2021, "sat": "S2B", "date": "2021-07-01", "area_ha": 6.66}}, {"type": "Feature", "geometry": {"type": "Polygon", "coordinates": [[[-16.481639, 19.90842], [-16.481632, 19.907606], [-16.481345, 19.907609], [-16.481342, 19.907338], [-16.481629, 19.907335], [-16.481627, 19.907064], [-16.482486, 19.907057], [-16.482484, 19.906786], [-16.482197, 19.906789], [-16.482195, 19.906518], [-16.481908, 19.90652], [-16.481905, 19.906249], [-16.482765, 19.906242], [-16.482763, 19.905971], [-16.483336, 19.905966], [-16.483341, 19.906508], [-16.483627, 19.906506], [-16.48363, 19.906777], [-16.484203, 19.906772], [-16.484205, 19.907043], [-16.484492, 19.907041], [-16.484497, 19.907583], [-16.48507, 19.907578], [-16.485072, 19.907849], [-16.485645, 19.907844], [-16.485643, 19.907573], [-16.485356, 19.907575], [-16.485354, 19.907304], [-16.485067, 19.907307], [-16.485065, 19.907036], [-16.484778, 19.907038], [-16.484776, 19.906767], [-16.484489, 19.90677], [-16.484487, 19.906499], [-16.484773, 19.906496], [-16.484771, 19.906225], [-16.484484, 19.906228], [-16.484482, 19.905957], [-16.485055, 19.905952], [-16.48505, 19.90541], [-16.485336, 19.905407], [-16.485339, 19.905678], [-16.485912, 19.905674], [-16.485914, 19.905945], [-16.486774, 19.905937], [-16.486769, 19.905395], [-16.487055, 19.905393], [-16.487058, 19.905664], [-16.487631, 19.905659], [-16.487626, 19.905117], [-16.488199, 19.905112], [-16.488196, 19.904841], [-16.48791, 19.904844], [-16.487907, 19.904573], [-16.487048, 19.90458], [-16.487045, 19.904309], [-16.487618, 19.904304], [-16.487613, 19.903762], [-16.487327, 19.903764], [-16.487324, 19.903493], [-16.487611, 19.903491], [-16.487608, 19.90322], [-16.486462, 19.90323], [-16.48646, 19.902959], [-16.485886, 19.902963], [-16.485884, 19.902692], [-16.48617, 19.90269], [-16.486168, 19.902419], [-16.485595, 19.902424], [-16.485597, 19.902695], [-16.485024, 19.9027], [-16.485027, 19.902971], [-16.485313, 19.902968], [-16.485318, 19.90351], [-16.484745, 19.903515], [-16.48475, 19.904057], [-16.484464, 19.904059], [-16.484472, 19.904872], [-16.484185, 19.904875], [-16.484188, 19.905146], [-16.483615, 19.905151], [-16.483612, 19.90488], [-16.482466, 19.904889], [-16.482468, 19.90516], [-16.482755, 19.905158], [-16.48276, 19.9057], [-16.481614, 19.905709], [-16.481616, 19.90598], [-16.48047, 19.90599], [-16.480473, 19.906261], [-16.480186, 19.906263], [-16.480191, 19.906805], [-16.480764, 19.906801], [-16.480767, 19.907072], [-16.48048, 19.907074], [-16.480485, 19.907616], [-16.480772, 19.907614], [-16.48078, 19.908427], [-16.481639, 19.90842]], [[-16.486485, 19.905669], [-16.486198, 19.905671], [-16.486196, 19.9054], [-16.486482, 19.905398], [-16.486485, 19.905669]], [[-16.483617, 19.905422], [-16.483331, 19.905424], [-16.483328, 19.905153], [-16.483615, 19.905151], [-16.483617, 19.905422]], [[-16.487626, 19.905117], [-16.487339, 19.90512], [-16.487337, 19.904849], [-16.487623, 19.904846], [-16.487626, 19.905117]], [[-16.486766, 19.905124], [-16.48648, 19.905127], [-16.486477, 19.904856], [-16.486764, 19.904853], [-16.486766, 19.905124]]]}, "properties": {"layer": "meadow", "year": 2021, "sat": "S2B", "date": "2021-07-01", "area_ha": 17.37}}, {"type": "Feature", "geometry": {"type": "Polygon", "coordinates": [[[-16.413111, 19.903827], [-16.413107, 19.903285], [-16.41282, 19.903288], [-16.412815, 19.902746], [-16.412529, 19.902748], [-16.412526, 19.902477], [-16.411953, 19.902481], [-16.411956, 19.902752], [-16.411383, 19.902757], [-16.411385, 19.903028], [-16.411958, 19.903023], [-16.41196, 19.903294], [-16.412247, 19.903292], [-16.412249, 19.903563], [-16.412536, 19.903561], [-16.412538, 19.903832], [-16.413111, 19.903827]]]}, "properties": {"layer": "meadow", "year": 2021, "sat": "S2B", "date": "2021-07-01", "area_ha": 1.35}}, {"type": "Feature", "geometry": {"type": "Polygon", "coordinates": [[[-16.505654, 19.902526], [-16.505646, 19.901713], [-16.50536, 19.901716], [-16.505362, 19.901987], [-16.504789, 19.901991], [-16.504794, 19.902533], [-16.505654, 19.902526]]]}, "properties": {"layer": "meadow", "year": 2021, "sat": "S2B", "date": "2021-07-01", "area_ha": 0.63}}, {"type": "Feature", "geometry": {"type": "Polygon", "coordinates": [[[-16.44147, 19.902787], [-16.441461, 19.901703], [-16.441174, 19.901705], [-16.441177, 19.901976], [-16.44089, 19.901978], [-16.440895, 19.90252], [-16.441181, 19.902518], [-16.441184, 19.902789], [-16.44147, 19.902787]]]}, "properties": {"layer": "meadow", "year": 2021, "sat": "S2B", "date": "2021-07-01", "area_ha": 0.54}}, {"type": "Feature", "geometry": {"type": "Polygon", "coordinates": [[[-16.414821, 19.90273], [-16.414818, 19.902459], [-16.415678, 19.902452], [-16.415676, 19.902181], [-16.415962, 19.902179], [-16.415957, 19.901636], [-16.416244, 19.901634], [-16.416237, 19.900821], [-16.41595, 19.900823], [-16.415955, 19.901365], [-16.415095, 19.901372], [-16.415103, 19.902185], [-16.41453, 19.90219], [-16.414534, 19.902732], [-16.414821, 19.90273]]]}, "properties": {"layer": "meadow", "year": 2021, "sat": "S2B", "date": "2021-07-01", "area_ha": 1.53}}, {"type": "Feature", "geometry": {"type": "Polygon", "coordinates": [[[-16.501394, 19.906628], [-16.501392, 19.906357], [-16.501678, 19.906354], [-16.501676, 19.906083], [-16.502249, 19.906078], [-16.502246, 19.905807], [-16.502819, 19.905803], [-16.502817, 19.905532], [-16.50339, 19.905527], [-16.503387, 19.905256], [-16.503674, 19.905253], [-16.503671, 19.904982], [-16.503958, 19.90498], [-16.503953, 19.904438], [-16.503379, 19.904443], [-16.503374, 19.903901], [-16.502801, 19.903905], [-16.502794, 19.903092], [-16.502507, 19.903095], [-16.502505, 19.902824], [-16.502218, 19.902826], [-16.502216, 19.902555], [-16.501929, 19.902558], [-16.501926, 19.902287], [-16.50164, 19.902289], [-16.501637, 19.902018], [-16.501351, 19.90202], [-16.501348, 19.901749], [-16.501062, 19.901752], [-16.501059, 19.901481], [-16.500773, 19.901483], [-16.500775, 19.901754], [-16.500489, 19.901757], [-16.500491, 19.902028], [-16.500205, 19.90203], [-16.500202, 19.901759], [-16.499343, 19.901766], [-16.49934, 19.901495], [-16.499627, 19.901493], [-16.499622, 19.900951], [-16.499335, 19.900953], [-16.499332, 19.900682], [-16.499619, 19.90068], [-16.499614, 19.900138], [-16.499327, 19.90014], [-16.499325, 19.899869], [-16.498752, 19.899874], [-16.498754, 19.900145], [-16.497608, 19.900155], [-16.497611, 19.900426], [-16.497897, 19.900423], [-16.4979, 19.900694], [-16.497613, 19.900697], [-16.497616, 19.900968], [-16.497902, 19.900965], [-16.497905, 19.901236], [-16.498478, 19.901232], [-16.498483, 19.901774], [-16.498197, 19.901776], [-16.498199, 19.902047], [-16.49734, 19.902054], [-16.497345, 19.902596], [-16.497058, 19.902599], [-16.497063, 19.903141], [-16.49735, 19.903138], [-16.497347, 19.902867], [-16.498207, 19.90286], [-16.498209, 19.903131], [-16.498496, 19.903129], [-16.498498, 19.9034], [-16.498785, 19.903397], [-16.498788, 19.903668], [-16.499074, 19.903666], [-16.499077, 19.903937], [-16.499363, 19.903934], [-16.499373, 19.905019], [-16.49966, 19.905016], [-16.499662, 19.905287], [-16.499949, 19.905285], [-16.499951, 19.905556], [-16.500238, 19.905553], [-16.500243, 19.906095], [-16.500816, 19.90609], [-16.500821, 19.906632], [-16.501394, 19.906628]]]}, "properties": {"layer": "meadow", "year": 2021, "sat": "S2B", "date": "2021-07-01", "area_ha": 23.31}}, {"type": "Feature", "geometry": {"type": "Polygon", "coordinates": [[[-16.399124, 19.909901], [-16.399121, 19.90963], [-16.399694, 19.909625], [-16.399687, 19.908812], [-16.399974, 19.90881], [-16.399971, 19.908539], [-16.400258, 19.908537], [-16.400251, 19.907724], [-16.399964, 19.907726], [-16.399955, 19.906642], [-16.399668, 19.906644], [-16.399663, 19.906102], [-16.39995, 19.9061], [-16.39994, 19.905016], [-16.399654, 19.905018], [-16.399651, 19.904747], [-16.399365, 19.904749], [-16.399367, 19.90502], [-16.398794, 19.905025], [-16.398797, 19.905296], [-16.39851, 19.905298], [-16.398508, 19.905027], [-16.398221, 19.905029], [-16.398216, 19.904487], [-16.39793, 19.904489], [-16.397928, 19.904218], [-16.398214, 19.904216], [-16.398209, 19.903674], [-16.397923, 19.903676], [-16.397918, 19.903134], [-16.397631, 19.903137], [-16.397629, 19.902866], [-16.397916, 19.902863], [-16.397911, 19.902321], [-16.397624, 19.902324], [-16.397622, 19.902053], [-16.397335, 19.902055], [-16.397324, 19.9007], [-16.397037, 19.900702], [-16.397035, 19.900431], [-16.396748, 19.900433], [-16.39675, 19.900704], [-16.396464, 19.900706], [-16.396462, 19.900435], [-16.395889, 19.90044], [-16.395891, 19.900711], [-16.395318, 19.900715], [-16.39532, 19.900986], [-16.395034, 19.900989], [-16.395036, 19.90126], [-16.39475, 19.901262], [-16.394754, 19.901804], [-16.393035, 19.901817], [-16.393033, 19.901546], [-16.392173, 19.901553], [-16.392187, 19.903179], [-16.392474, 19.903177], [-16.392476, 19.903448], [-16.393049, 19.903444], [-16.393052, 19.903715], [-16.392479, 19.903719], [-16.392481, 19.90399], [-16.392768, 19.903988], [-16.392772, 19.90453], [-16.393059, 19.904528], [-16.393061, 19.904799], [-16.393348, 19.904796], [-16.39335, 19.905067], [-16.393637, 19.905065], [-16.393639, 19.905336], [-16.393926, 19.905334], [-16.393928, 19.905605], [-16.394214, 19.905603], [-16.394222, 19.906416], [-16.395654, 19.906405], [-16.395652, 19.906134], [-16.396225, 19.906129], [-16.396232, 19.906942], [-16.395946, 19.906944], [-16.395948, 19.907215], [-16.396234, 19.907213], [-16.396237, 19.907484], [-16.396523, 19.907482], [-16.396526, 19.907753], [-16.397099, 19.907748], [-16.397096, 19.907477], [-16.397383, 19.907475], [-16.397385, 19.907746], [-16.397672, 19.907744], [-16.397674, 19.908015], [-16.397101, 19.90802], [-16.397104, 19.908291], [-16.397677, 19.908286], [-16.397679, 19.908557], [-16.397966, 19.908555], [-16.397963, 19.908284], [-16.39825, 19.908282], [-16.398255, 19.908824], [-16.398541, 19.908821], [-16.398543, 19.909092], [-16.39883, 19.90909], [-16.398837, 19.909903], [-16.399124, 19.909901]], [[-16.399405, 19.909357], [-16.399119, 19.909359], [-16.399117, 19.909088], [-16.399403, 19.909086], [-16.399405, 19.909357]], [[-16.398247, 19.90801], [-16.397961, 19.908013], [-16.397958, 19.907742], [-16.398245, 19.907739], [-16.398247, 19.90801]], [[-16.39767, 19.907473], [-16.397383, 19.907475], [-16.397381, 19.907204], [-16.397667, 19.907202], [-16.39767, 19.907473]], [[-16.393343, 19.904254], [-16.393056, 19.904257], [-16.393054, 19.903986], [-16.393341, 19.903983], [-16.393343, 19.904254]]]}, "properties": {"layer": "meadow", "year": 2021, "sat": "S2B", "date": "2021-07-01", "area_ha": 42.03}}, {"type": "Feature", "geometry": {"type": "Polygon", "coordinates": [[[-16.505101, 19.904699], [-16.505099, 19.904428], [-16.505958, 19.904421], [-16.505956, 19.90415], [-16.506815, 19.904143], [-16.506813, 19.903872], [-16.507386, 19.903867], [-16.507383, 19.903596], [-16.507956, 19.903591], [-16.507954, 19.90332], [-16.508527, 19.903315], [-16.508524, 19.903044], [-16.508811, 19.903041], [-16.508808, 19.90277], [-16.509094, 19.902768], [-16.509092, 19.902497], [-16.509665, 19.902492], [-16.509668, 19.902763], [-16.511387, 19.902749], [-16.511384, 19.902478], [-16.511671, 19.902475], [-16.511668, 19.902204], [-16.511955, 19.902202], [-16.511952, 19.901931], [-16.512811, 19.901923], [-16.512809, 19.901652], [-16.513095, 19.90165], [-16.513088, 19.900837], [-16.512801, 19.900839], [-16.512799, 19.900568], [-16.513085, 19.900566], [-16.513083, 19.900295], [-16.513369, 19.900292], [-16.513372, 19.900563], [-16.513658, 19.900561], [-16.513648, 19.899477], [-16.513075, 19.899482], [-16.513072, 19.899211], [-16.512213, 19.899218], [-16.51221, 19.898947], [-16.511924, 19.89895], [-16.511926, 19.899221], [-16.51164, 19.899223], [-16.511637, 19.898952], [-16.510778, 19.898959], [-16.51078, 19.89923], [-16.509921, 19.899238], [-16.509923, 19.899509], [-16.50935, 19.899514], [-16.509355, 19.900056], [-16.508782, 19.90006], [-16.508787, 19.900602], [-16.508501, 19.900605], [-16.508493, 19.899792], [-16.508207, 19.899794], [-16.508204, 19.899523], [-16.507918, 19.899526], [-16.507915, 19.899255], [-16.507629, 19.899257], [-16.507631, 19.899528], [-16.507345, 19.899531], [-16.507347, 19.899802], [-16.507061, 19.899804], [-16.507066, 19.900346], [-16.506206, 19.900353], [-16.506209, 19.900624], [-16.505636, 19.900629], [-16.505641, 19.901171], [-16.506214, 19.901166], [-16.506216, 19.901437], [-16.506503, 19.901435], [-16.506506, 19.901706], [-16.506792, 19.901703], [-16.50679, 19.901432], [-16.507076, 19.90143], [-16.507086, 19.902514], [-16.506513, 19.902519], [-16.506516, 19.90279], [-16.505656, 19.902797], [-16.505659, 19.903068], [-16.505086, 19.903073], [-16.505088, 19.903344], [-16.504802, 19.903346], [-16.504804, 19.903617], [-16.504518, 19.90362], [-16.504526, 19.904433], [-16.504812, 19.904431], [-16.504815, 19.904702], [-16.505101, 19.904699]], [[-16.510803, 19.901669], [-16.510517, 19.901672], [-16.510514, 19.901401], [-16.510801, 19.901398], [-16.510803, 19.901669]], [[-16.507649, 19.901425], [-16.507076, 19.90143], [-16.507068, 19.900617], [-16.507355, 19.900615], [-16.507357, 19.900886], [-16.507644, 19.900883], [-16.507649, 19.901425]], [[-16.511082, 19.900854], [-16.510223, 19.900861], [-16.51022, 19.90059], [-16.510506, 19.900588], [-16.510504, 19.900317], [-16.51079, 19.900314], [-16.510788, 19.900043], [-16.511361, 19.900039], [-16.511358, 19.899767], [-16.511645, 19.899765], [-16.51165, 19.900307], [-16.511363, 19.90031], [-16.511366, 19.900581], [-16.51108, 19.900583], [-16.511082, 19.900854]], [[-16.507641, 19.900612], [-16.507355, 19.900615], [-16.50735, 19.900073], [-16.507636, 19.90007], [-16.507641, 19.900612]], [[-16.513083, 19.900295], [-16.512796, 19.900297], [-16.512793, 19.900026], [-16.51308, 19.900024], [-16.513083, 19.900295]], [[-16.51222, 19.900031], [-16.511934, 19.900034], [-16.511931, 19.899763], [-16.512218, 19.89976], [-16.51222, 19.900031]], [[-16.507923, 19.900068], [-16.507636, 19.90007], [-16.507634, 19.899799], [-16.50792, 19.899797], [-16.507923, 19.900068]]]}, "properties": {"layer": "meadow", "year": 2021, "sat": "S2B", "date": "2021-07-01", "area_ha": 27.18}}, {"type": "Feature", "geometry": {"type": "Polygon", "coordinates": [[[-16.419962, 19.900791], [-16.419959, 19.90052], [-16.420246, 19.900518], [-16.420241, 19.899976], [-16.419668, 19.899981], [-16.419665, 19.89971], [-16.419379, 19.899712], [-16.419384, 19.900254], [-16.419097, 19.900256], [-16.419102, 19.900798], [-16.419962, 19.900791]]]}, "properties": {"layer": "meadow", "year": 2021, "sat": "S2B", "date": "2021-07-01", "area_ha": 0.99}}, {"type": "Feature", "geometry": {"type": "Polygon", "coordinates": [[[-16.469238, 19.899849], [-16.469233, 19.899307], [-16.469806, 19.899303], [-16.469801, 19.89876], [-16.470088, 19.898758], [-16.47008, 19.897945], [-16.469507, 19.89795], [-16.46951, 19.898221], [-16.469223, 19.898223], [-16.469226, 19.898494], [-16.468939, 19.898497], [-16.468944, 19.899039], [-16.468658, 19.899041], [-16.468663, 19.899583], [-16.468949, 19.899581], [-16.468952, 19.899852], [-16.469238, 19.899849]]]}, "properties": {"layer": "meadow", "year": 2021, "sat": "S2B", "date": "2021-07-01", "area_ha": 1.71}}, {"type": "Feature", "geometry": {"type": "Polygon", "coordinates": [[[-16.469839, 19.902826], [-16.469836, 19.902555], [-16.470696, 19.902548], [-16.470683, 19.901193], [-16.47097, 19.90119], [-16.470967, 19.900919], [-16.472113, 19.90091], [-16.472118, 19.901452], [-16.471832, 19.901454], [-16.471837, 19.901996], [-16.472123, 19.901994], [-16.472126, 19.902265], [-16.472412, 19.902262], [-16.472415, 19.902533], [-16.472701, 19.902531], [-16.472699, 19.90226], [-16.472985, 19.902258], [-16.47298, 19.901716], [-16.472694, 19.901718], [-16.472691, 19.901447], [-16.472978, 19.901445], [-16.472973, 19.900903], [-16.472686, 19.900905], [-16.472684, 19.900634], [-16.47297, 19.900632], [-16.472953, 19.898734], [-16.472666, 19.898737], [-16.472656, 19.897653], [-16.472083, 19.897657], [-16.472091, 19.898471], [-16.471804, 19.898473], [-16.471802, 19.898202], [-16.471515, 19.898204], [-16.471503, 19.896849], [-16.471216, 19.896852], [-16.471219, 19.897123], [-16.470646, 19.897127], [-16.470648, 19.897398], [-16.470935, 19.897396], [-16.47094, 19.897938], [-16.470653, 19.89794], [-16.470663, 19.899024], [-16.470377, 19.899027], [-16.470379, 19.899298], [-16.469806, 19.899303], [-16.469809, 19.899574], [-16.469522, 19.899576], [-16.469525, 19.899847], [-16.469238, 19.899849], [-16.469241, 19.90012], [-16.468954, 19.900123], [-16.468952, 19.899852], [-16.468665, 19.899854], [-16.468663, 19.899583], [-16.468376, 19.899585], [-16.468379, 19.899856], [-16.468092, 19.899859], [-16.468095, 19.90013], [-16.468668, 19.900125], [-16.468673, 19.900667], [-16.468386, 19.900669], [-16.468399, 19.902024], [-16.468685, 19.902022], [-16.468688, 19.902293], [-16.468974, 19.902291], [-16.468972, 19.90202], [-16.469545, 19.902015], [-16.469552, 19.902828], [-16.469839, 19.902826]], [[-16.470407, 19.902279], [-16.47012, 19.902281], [-16.470118, 19.90201], [-16.470404, 19.902008], [-16.470407, 19.902279]], [[-16.469829, 19.901742], [-16.469542, 19.901744], [-16.46954, 19.901473], [-16.469826, 19.901471], [-16.469829, 19.901742]], [[-16.469256, 19.901746], [-16.468969, 19.901749], [-16.468967, 19.901478], [-16.469253, 19.901475], [-16.469256, 19.901746]], [[-16.472691, 19.901447], [-16.472405, 19.901449], [-16.472402, 19.901178], [-16.472689, 19.901176], [-16.472691, 19.901447]], [[-16.469824, 19.9012], [-16.469537, 19.901202], [-16.46953, 19.900389], [-16.469816, 19.900387], [-16.469809, 19.899574], [-16.470668, 19.899566], [-16.470671, 19.899837], [-16.470384, 19.89984], [-16.470389, 19.900382], [-16.470103, 19.900384], [-16.470108, 19.900926], [-16.469821, 19.900929], [-16.469824, 19.9012]], [[-16.468964, 19.901207], [-16.468678, 19.901209], [-16.468675, 19.900938], [-16.468962, 19.900936], [-16.468964, 19.901207]], [[-16.472385, 19.899281], [-16.472098, 19.899284], [-16.472091, 19.898471], [-16.472377, 19.898468], [-16.472385, 19.899281]]]}, "properties": {"layer": "meadow", "year": 2021, "sat": "S2B", "date": "2021-07-01", "area_ha": 15.3}}, {"type": "Feature", "geometry": {"type": "Polygon", "coordinates": [[[-16.507613, 19.897631], [-16.507611, 19.89736], [-16.507897, 19.897358], [-16.507895, 19.897087], [-16.508468, 19.897082], [-16.508465, 19.896811], [-16.508178, 19.896813], [-16.508176, 19.896542], [-16.507889, 19.896545], [-16.507892, 19.896816], [-16.507605, 19.896818], [-16.507608, 19.897089], [-16.507321, 19.897091], [-16.507327, 19.897633], [-16.507613, 19.897631]]]}, "properties": {"layer": "meadow", "year": 2021, "sat": "S2B", "date": "2021-07-01", "area_ha": 0.63}}, {"type": "Feature", "geometry": {"type": "Polygon", "coordinates": [[[-16.279536, 19.898875], [-16.279525, 19.89752], [-16.278665, 19.897526], [-16.278667, 19.897797], [-16.278381, 19.897799], [-16.278379, 19.897528], [-16.278092, 19.89753], [-16.278099, 19.898343], [-16.278672, 19.898339], [-16.27867, 19.898068], [-16.279243, 19.898064], [-16.279249, 19.898877], [-16.279536, 19.898875]]]}, "properties": {"layer": "meadow", "year": 2021, "sat": "S2B", "date": "2021-07-01", "area_ha": 1.26}}, {"type": "Feature", "geometry": {"type": "Polygon", "coordinates": [[[-16.283265, 19.89939], [-16.283263, 19.899119], [-16.283549, 19.899117], [-16.283547, 19.898846], [-16.283834, 19.898844], [-16.283829, 19.898302], [-16.283543, 19.898304], [-16.283541, 19.898033], [-16.283254, 19.898035], [-16.283252, 19.897764], [-16.283538, 19.897762], [-16.283536, 19.897491], [-16.282104, 19.897501], [-16.282108, 19.898044], [-16.281821, 19.898046], [-16.281824, 19.898317], [-16.28211, 19.898315], [-16.282112, 19.898586], [-16.281826, 19.898588], [-16.281828, 19.898859], [-16.282688, 19.898853], [-16.28269, 19.899124], [-16.28183, 19.89913], [-16.281832, 19.899401], [-16.283265, 19.89939]], [[-16.283545, 19.898575], [-16.282972, 19.898579], [-16.28297, 19.898308], [-16.283543, 19.898304], [-16.283545, 19.898575]], [[-16.28297, 19.898308], [-16.282683, 19.89831], [-16.282681, 19.898039], [-16.282968, 19.898037], [-16.28297, 19.898308]]]}, "properties": {"layer": "meadow", "year": 2021, "sat": "S2B", "date": "2021-07-01", "area_ha": 2.97}}, {"type": "Feature", "geometry": {"type": "Polygon", "coordinates": [[[-16.506754, 19.897638], [-16.506748, 19.897096], [-16.507035, 19.897094], [-16.50703, 19.896552], [-16.507316, 19.896549], [-16.507311, 19.896007], [-16.507598, 19.896005], [-16.507595, 19.895734], [-16.507309, 19.895736], [-16.507306, 19.895465], [-16.50702, 19.895468], [-16.507022, 19.895739], [-16.506163, 19.895746], [-16.506165, 19.896017], [-16.505879, 19.89602], [-16.505886, 19.896833], [-16.506173, 19.89683], [-16.506175, 19.897101], [-16.505889, 19.897104], [-16.505894, 19.897646], [-16.506754, 19.897638]]]}, "properties": {"layer": "meadow", "year": 2021, "sat": "S2B", "date": "2021-07-01", "area_ha": 2.61}}, {"type": "Feature", "geometry": {"type": "Polygon", "coordinates": [[[-16.277224, 19.896452], [-16.277222, 19.896181], [-16.278081, 19.896175], [-16.278077, 19.895633], [-16.278363, 19.895631], [-16.278361, 19.89536], [-16.277788, 19.895364], [-16.277793, 19.895906], [-16.27636, 19.895916], [-16.276364, 19.896459], [-16.277224, 19.896452]]]}, "properties": {"layer": "meadow", "year": 2021, "sat": "S2B", "date": "2021-07-01", "area_ha": 1.08}}, {"type": "Feature", "geometry": {"type": "Polygon", "coordinates": [[[-16.279803, 19.896434], [-16.2798, 19.896163], [-16.280087, 19.896161], [-16.280083, 19.895619], [-16.280369, 19.895617], [-16.280367, 19.895346], [-16.28008, 19.895348], [-16.280076, 19.894806], [-16.279503, 19.89481], [-16.279505, 19.895081], [-16.279792, 19.895079], [-16.279794, 19.89535], [-16.279507, 19.895352], [-16.27951, 19.895623], [-16.279223, 19.895625], [-16.279225, 19.895896], [-16.278652, 19.8959], [-16.27865, 19.895629], [-16.278363, 19.895631], [-16.278368, 19.896173], [-16.279227, 19.896167], [-16.27923, 19.896438], [-16.279803, 19.896434]]]}, "properties": {"layer": "meadow", "year": 2021, "sat": "S2B", "date": "2021-07-01", "area_ha": 1.62}}, {"type": "Feature", "geometry": {"type": "Polygon", "coordinates": [[[-16.514794, 19.899467], [-16.514791, 19.899196], [-16.514505, 19.899199], [-16.514494, 19.898115], [-16.514781, 19.898112], [-16.514778, 19.897841], [-16.515065, 19.897839], [-16.515067, 19.89811], [-16.515354, 19.898107], [-16.515351, 19.897836], [-16.515638, 19.897834], [-16.515635, 19.897563], [-16.515922, 19.89756], [-16.515924, 19.897831], [-16.516211, 19.897829], [-16.516208, 19.897558], [-16.516495, 19.897556], [-16.516497, 19.897827], [-16.516784, 19.897824], [-16.516787, 19.898095], [-16.516214, 19.8981], [-16.516216, 19.898371], [-16.516789, 19.898366], [-16.516792, 19.898637], [-16.517078, 19.898635], [-16.517068, 19.897551], [-16.517354, 19.897548], [-16.517357, 19.897819], [-16.51793, 19.897814], [-16.517917, 19.896459], [-16.517631, 19.896462], [-16.517633, 19.896733], [-16.517347, 19.896735], [-16.517341, 19.896193], [-16.517055, 19.896196], [-16.517052, 19.895925], [-16.516479, 19.895929], [-16.516482, 19.896201], [-16.515909, 19.896205], [-16.515906, 19.895934], [-16.515333, 19.895939], [-16.515336, 19.89621], [-16.515049, 19.896213], [-16.515047, 19.895942], [-16.51476, 19.895944], [-16.514766, 19.896486], [-16.514192, 19.896491], [-16.514185, 19.895678], [-16.514471, 19.895676], [-16.514458, 19.894321], [-16.513885, 19.894325], [-16.51388, 19.893783], [-16.513594, 19.893786], [-16.513586, 19.892973], [-16.513299, 19.892975], [-16.513294, 19.892433], [-16.512435, 19.892441], [-16.512437, 19.892712], [-16.512151, 19.892714], [-16.512156, 19.893256], [-16.512443, 19.893254], [-16.512445, 19.893525], [-16.511586, 19.893532], [-16.511591, 19.894074], [-16.511018, 19.894079], [-16.511015, 19.893808], [-16.510729, 19.89381], [-16.510724, 19.893268], [-16.510437, 19.893271], [-16.510435, 19.893], [-16.510148, 19.893002], [-16.510151, 19.893273], [-16.509864, 19.893275], [-16.509867, 19.893546], [-16.50958, 19.893549], [-16.509583, 19.89382], [-16.509296, 19.893822], [-16.509294, 19.893551], [-16.509007, 19.893554], [-16.509012, 19.894096], [-16.509585, 19.894091], [-16.50959, 19.894633], [-16.509304, 19.894635], [-16.509306, 19.894906], [-16.50902, 19.894909], [-16.509023, 19.89518], [-16.508736, 19.895182], [-16.508744, 19.895995], [-16.508457, 19.895998], [-16.50846, 19.896269], [-16.508173, 19.896271], [-16.508176, 19.896542], [-16.508462, 19.89654], [-16.508465, 19.896811], [-16.508751, 19.896808], [-16.508757, 19.89735], [-16.509043, 19.897348], [-16.509041, 19.897077], [-16.509327, 19.897074], [-16.509324, 19.896803], [-16.509611, 19.896801], [-16.509608, 19.89653], [-16.509895, 19.896528], [-16.50989, 19.895986], [-16.510176, 19.895983], [-16.510174, 19.895712], [-16.51046, 19.89571], [-16.510458, 19.895439], [-16.510744, 19.895436], [-16.510752, 19.896249], [-16.510465, 19.896252], [-16.510468, 19.896523], [-16.510181, 19.896525], [-16.510187, 19.897067], [-16.5099, 19.89707], [-16.50991, 19.898154], [-16.510197, 19.898151], [-16.510199, 19.898422], [-16.511345, 19.898412], [-16.511348, 19.898683], [-16.511635, 19.898681], [-16.511627, 19.897868], [-16.5122, 19.897863], [-16.512208, 19.898676], [-16.512494, 19.898674], [-16.512497, 19.898945], [-16.51307, 19.89894], [-16.513067, 19.898669], [-16.512781, 19.898671], [-16.512775, 19.898129], [-16.513062, 19.898127], [-16.513059, 19.897856], [-16.513346, 19.897853], [-16.513351, 19.898395], [-16.513638, 19.898393], [-16.513643, 19.898935], [-16.513929, 19.898933], [-16.513921, 19.89812], [-16.514208, 19.898117], [-16.514221, 19.899472], [-16.514794, 19.899467]], [[-16.512481, 19.897319], [-16.512195, 19.897321], [-16.512192, 19.89705], [-16.512479, 19.897048], [-16.512481, 19.897319]], [[-16.512752, 19.89569], [-16.512179, 19.895695], [-16.512177, 19.895424], [-16.512463, 19.895422], [-16.512461, 19.895151], [-16.512747, 19.895148], [-16.512745, 19.894877], [-16.513031, 19.894875], [-16.513036, 19.895417], [-16.51275, 19.895419], [-16.512752, 19.89569]], [[-16.512458, 19.89488], [-16.512172, 19.894882], [-16.512169, 19.894611], [-16.512455, 19.894609], [-16.512458, 19.89488]], [[-16.511885, 19.894884], [-16.511026, 19.894892], [-16.511023, 19.894621], [-16.511309, 19.894618], [-16.511307, 19.894347], [-16.511593, 19.894345], [-16.511596, 19.894616], [-16.511882, 19.894613], [-16.511885, 19.894884]], [[-16.512169, 19.894611], [-16.511882, 19.894613], [-16.51188, 19.894342], [-16.512166, 19.89434], [-16.512169, 19.894611]], [[-16.512453, 19.894338], [-16.512166, 19.89434], [-16.512164, 19.894069], [-16.51245, 19.894067], [-16.512453, 19.894338]], [[-16.513023, 19.894062], [-16.51245, 19.894067], [-16.512448, 19.893796], [-16.512734, 19.893793], [-16.512729, 19.893251], [-16.513302, 19.893246], [-16.513307, 19.893788], [-16.513021, 19.893791], [-16.513023, 19.894062]]]}, "properties": {"layer": "meadow", "year": 2021, "sat": "S2B", "date": "2021-07-01", "area_ha": 34.74}}, {"type": "Feature", "geometry": {"type": "Polygon", "coordinates": [[[-16.491812, 19.893157], [-16.491809, 19.892886], [-16.491523, 19.892888], [-16.491518, 19.892346], [-16.491231, 19.892348], [-16.491234, 19.892619], [-16.490661, 19.892624], [-16.490666, 19.893166], [-16.491812, 19.893157]]]}, "properties": {"layer": "meadow", "year": 2021, "sat": "S2B", "date": "2021-07-01", "area_ha": 0.72}}, {"type": "Feature", "geometry": {"type": "Polygon", "coordinates": [[[-16.492961, 19.893418], [-16.492955, 19.892876], [-16.492382, 19.892881], [-16.492372, 19.891797], [-16.491799, 19.891802], [-16.491802, 19.892073], [-16.491515, 19.892075], [-16.491518, 19.892346], [-16.492091, 19.892341], [-16.492093, 19.892612], [-16.491807, 19.892615], [-16.491809, 19.892886], [-16.492096, 19.892883], [-16.492101, 19.893425], [-16.492961, 19.893418]]]}, "properties": {"layer": "meadow", "year": 2021, "sat": "S2B", "date": "2021-07-01", "area_ha": 1.26}}, {"type": "Feature", "geometry": {"type": "Polygon", "coordinates": [[[-16.485217, 19.89267], [-16.485215, 19.892399], [-16.486934, 19.892384], [-16.486929, 19.891842], [-16.486642, 19.891845], [-16.486645, 19.892116], [-16.486358, 19.892118], [-16.486356, 19.891847], [-16.48521, 19.891857], [-16.485212, 19.892128], [-16.484926, 19.89213], [-16.484923, 19.891859], [-16.48435, 19.891864], [-16.484353, 19.892135], [-16.484639, 19.892132], [-16.484642, 19.892404], [-16.484928, 19.892401], [-16.484931, 19.892672], [-16.485217, 19.89267]]]}, "properties": {"layer": "meadow", "year": 2021, "sat": "S2B", "date": "2021-07-01", "area_ha": 1.44}}, {"type": "Feature", "geometry": {"type": "Polygon", "coordinates": [[[-16.484071, 19.892679], [-16.484069, 19.892408], [-16.484355, 19.892406], [-16.484353, 19.892135], [-16.484066, 19.892137], [-16.484064, 19.891866], [-16.48435, 19.891864], [-16.484348, 19.891593], [-16.483488, 19.8916], [-16.483491, 19.891871], [-16.483777, 19.891869], [-16.483785, 19.892682], [-16.484071, 19.892679]]]}, "properties": {"layer": "meadow", "year": 2021, "sat": "S2B", "date": "2021-07-01", "area_ha": 0.63}}, {"type": "Feature", "geometry": {"type": "Polygon", "coordinates": [[[-16.494956, 19.892317], [-16.494953, 19.892046], [-16.49524, 19.892044], [-16.495235, 19.891502], [-16.494948, 19.891504], [-16.494946, 19.891233], [-16.49294, 19.89125], [-16.492948, 19.892063], [-16.493521, 19.892058], [-16.493523, 19.892329], [-16.494956, 19.892317]], [[-16.494953, 19.892046], [-16.494667, 19.892049], [-16.494664, 19.891778], [-16.494951, 19.891775], [-16.494953, 19.892046]]]}, "properties": {"layer": "meadow", "year": 2021, "sat": "S2B", "date": "2021-07-01", "area_ha": 2.43}}, {"type": "Feature", "geometry": {"type": "Polygon", "coordinates": [[[-16.313629, 19.898085], [-16.313625, 19.897543], [-16.313338, 19.897545], [-16.313334, 19.897003], [-16.31362, 19.897001], [-16.313618, 19.89673], [-16.313904, 19.896727], [-16.313895, 19.895643], [-16.313609, 19.895645], [-16.313604, 19.895103], [-16.313891, 19.895101], [-16.313893, 19.895372], [-16.31418, 19.89537], [-16.314182, 19.895641], [-16.314468, 19.895639], [-16.314473, 19.896181], [-16.314759, 19.896179], [-16.314753, 19.895366], [-16.315039, 19.895364], [-16.31503, 19.89428], [-16.315317, 19.894278], [-16.31531, 19.893464], [-16.315024, 19.893467], [-16.315017, 19.892653], [-16.314444, 19.892658], [-16.314442, 19.892387], [-16.313582, 19.892393], [-16.31358, 19.892122], [-16.313293, 19.892124], [-16.313296, 19.892395], [-16.313009, 19.892397], [-16.313011, 19.892668], [-16.314157, 19.89266], [-16.31416, 19.892931], [-16.3133, 19.892937], [-16.313304, 19.893479], [-16.313018, 19.893481], [-16.31302, 19.893752], [-16.312734, 19.893755], [-16.312727, 19.892941], [-16.31244, 19.892944], [-16.312443, 19.893215], [-16.31187, 19.893219], [-16.311883, 19.894845], [-16.311596, 19.894847], [-16.311594, 19.894576], [-16.311021, 19.89458], [-16.311023, 19.894851], [-16.31131, 19.894849], [-16.311312, 19.89512], [-16.311026, 19.895122], [-16.311028, 19.895393], [-16.311314, 19.895391], [-16.311319, 19.895933], [-16.311892, 19.895929], [-16.31189, 19.895658], [-16.312176, 19.895656], [-16.312178, 19.895927], [-16.312465, 19.895925], [-16.312467, 19.896196], [-16.312754, 19.896194], [-16.312756, 19.896465], [-16.312469, 19.896467], [-16.312481, 19.897822], [-16.31334, 19.897816], [-16.313342, 19.898087], [-16.313629, 19.898085]], [[-16.312172, 19.895114], [-16.311885, 19.895116], [-16.311883, 19.894845], [-16.31217, 19.894843], [-16.312172, 19.895114]], [[-16.312454, 19.89457], [-16.312167, 19.894572], [-16.312165, 19.894301], [-16.312452, 19.894299], [-16.312454, 19.89457]]]}, "properties": {"layer": "meadow", "year": 2021, "sat": "S2B", "date": "2021-07-01", "area_ha": 14.13}}, {"type": "Feature", "geometry": {"type": "Polygon", "coordinates": [[[-16.490088, 19.892629], [-16.490085, 19.892358], [-16.490372, 19.892356], [-16.490369, 19.892085], [-16.490083, 19.892087], [-16.49008, 19.891816], [-16.490367, 19.891814], [-16.490364, 19.891543], [-16.490651, 19.89154], [-16.490648, 19.891269], [-16.491221, 19.891264], [-16.491219, 19.890993], [-16.490932, 19.890996], [-16.49093, 19.890725], [-16.49007, 19.890732], [-16.490073, 19.891003], [-16.489786, 19.891005], [-16.489796, 19.892089], [-16.48951, 19.892092], [-16.489505, 19.89155], [-16.489218, 19.891552], [-16.489221, 19.891823], [-16.488934, 19.891826], [-16.488939, 19.892368], [-16.489799, 19.89236], [-16.489801, 19.892631], [-16.490088, 19.892629]]]}, "properties": {"layer": "meadow", "year": 2021, "sat": "S2B", "date": "2021-07-01", "area_ha": 2.07}}, {"type": "Feature", "geometry": {"type": "Polygon", "coordinates": [[[-16.487497, 19.891296], [-16.487489, 19.890482], [-16.486916, 19.890487], [-16.486919, 19.890758], [-16.486632, 19.890761], [-16.48663, 19.89049], [-16.486343, 19.890492], [-16.486348, 19.891034], [-16.487208, 19.891027], [-16.48721, 19.891298], [-16.487497, 19.891296]]]}, "properties": {"layer": "meadow", "year": 2021, "sat": "S2B", "date": "2021-07-01", "area_ha": 0.72}}, {"type": "Feature", "geometry": {"type": "Polygon", "coordinates": [[[-16.510422, 19.891645], [-16.510417, 19.891103], [-16.51013, 19.891105], [-16.510127, 19.890834], [-16.510414, 19.890831], [-16.510406, 19.890018], [-16.51012, 19.890021], [-16.510122, 19.890292], [-16.509836, 19.890294], [-16.509849, 19.891649], [-16.510422, 19.891645]]]}, "properties": {"layer": "meadow", "year": 2021, "sat": "S2B", "date": "2021-07-01", "area_ha": 0.9}}, {"type": "Feature", "geometry": {"type": "Polygon", "coordinates": [[[-16.380632, 19.892428], [-16.38063, 19.892157], [-16.380916, 19.892154], [-16.380914, 19.891883], [-16.3812, 19.891881], [-16.381196, 19.891339], [-16.380909, 19.891341], [-16.380907, 19.89107], [-16.380334, 19.891075], [-16.380331, 19.890804], [-16.380045, 19.890806], [-16.380047, 19.891077], [-16.379761, 19.891079], [-16.379758, 19.890808], [-16.379472, 19.89081], [-16.379479, 19.891623], [-16.379765, 19.891621], [-16.379768, 19.891892], [-16.380054, 19.89189], [-16.380057, 19.892161], [-16.380343, 19.892159], [-16.380345, 19.89243], [-16.380632, 19.892428]]]}, "properties": {"layer": "meadow", "year": 2021, "sat": "S2B", "date": "2021-07-01", "area_ha": 1.98}}, {"type": "Feature", "geometry": {"type": "Polygon", "coordinates": [[[-16.315015, 19.892382], [-16.315012, 19.892111], [-16.315299, 19.892109], [-16.315292, 19.891296], [-16.315579, 19.891294], [-16.315577, 19.891023], [-16.31529, 19.891025], [-16.315283, 19.890212], [-16.31557, 19.89021], [-16.315568, 19.889939], [-16.315281, 19.889941], [-16.315277, 19.889399], [-16.31499, 19.889401], [-16.314997, 19.890214], [-16.31471, 19.890216], [-16.314712, 19.890487], [-16.314426, 19.890489], [-16.314421, 19.889947], [-16.313848, 19.889952], [-16.313851, 19.890223], [-16.313564, 19.890225], [-16.313566, 19.890496], [-16.31328, 19.890498], [-16.313284, 19.89104], [-16.312998, 19.891042], [-16.313002, 19.891584], [-16.313575, 19.89158], [-16.313578, 19.891851], [-16.314151, 19.891847], [-16.314148, 19.891576], [-16.314721, 19.891571], [-16.314726, 19.892114], [-16.314439, 19.892116], [-16.314442, 19.892387], [-16.315015, 19.892382]]]}, "properties": {"layer": "meadow", "year": 2021, "sat": "S2B", "date": "2021-07-01", "area_ha": 4.5}}, {"type": "Feature", "geometry": {"type": "Polygon", "coordinates": [[[-16.444309, 19.899782], [-16.444306, 19.899511], [-16.444593, 19.899509], [-16.44459, 19.899238], [-16.444877, 19.899236], [-16.444872, 19.898694], [-16.445158, 19.898691], [-16.445156, 19.89842], [-16.445442, 19.898418], [-16.44544, 19.898147], [-16.445726, 19.898145], [-16.445724, 19.897874], [-16.44601, 19.897871], [-16.446006, 19.897329], [-16.446579, 19.897325], [-16.446576, 19.897054], [-16.446863, 19.897051], [-16.446858, 19.896509], [-16.446571, 19.896512], [-16.446564, 19.895698], [-16.44685, 19.895696], [-16.446848, 19.895425], [-16.446561, 19.895427], [-16.446559, 19.895156], [-16.446845, 19.895154], [-16.446843, 19.894883], [-16.447129, 19.894881], [-16.447125, 19.894339], [-16.447411, 19.894336], [-16.447406, 19.893794], [-16.44712, 19.893797], [-16.447117, 19.893526], [-16.44769, 19.893521], [-16.447693, 19.893792], [-16.447979, 19.89379], [-16.447977, 19.893519], [-16.448263, 19.893516], [-16.448261, 19.893245], [-16.447974, 19.893248], [-16.447972, 19.892977], [-16.448258, 19.892974], [-16.448256, 19.892703], [-16.448542, 19.892701], [-16.44855, 19.893514], [-16.448836, 19.893512], [-16.448829, 19.892699], [-16.449115, 19.892696], [-16.449108, 19.891883], [-16.449394, 19.891881], [-16.449392, 19.89161], [-16.449105, 19.891612], [-16.449103, 19.891341], [-16.449389, 19.891339], [-16.449385, 19.890797], [-16.449671, 19.890795], [-16.449681, 19.891879], [-16.449967, 19.891876], [-16.44997, 19.892147], [-16.450543, 19.892143], [-16.45054, 19.891872], [-16.450254, 19.891874], [-16.450249, 19.891332], [-16.450535, 19.89133], [-16.450533, 19.891059], [-16.450247, 19.891061], [-16.450244, 19.89079], [-16.449958, 19.890792], [-16.449955, 19.890521], [-16.449669, 19.890524], [-16.449661, 19.88971], [-16.449948, 19.889708], [-16.44995, 19.889979], [-16.450237, 19.889977], [-16.450234, 19.889706], [-16.450521, 19.889703], [-16.450518, 19.889432], [-16.450805, 19.88943], [-16.450802, 19.889159], [-16.451089, 19.889157], [-16.451086, 19.888886], [-16.4508, 19.888888], [-16.450795, 19.888346], [-16.450222, 19.888351], [-16.450219, 19.88808], [-16.449933, 19.888082], [-16.449935, 19.888353], [-16.449362, 19.888358], [-16.449365, 19.888629], [-16.449651, 19.888626], [-16.449654, 19.888897], [-16.448794, 19.888904], [-16.448804, 19.889988], [-16.448518, 19.889991], [-16.44852, 19.890262], [-16.447947, 19.890266], [-16.44795, 19.890538], [-16.447663, 19.89054], [-16.447661, 19.890269], [-16.447374, 19.890271], [-16.447377, 19.890542], [-16.446517, 19.890549], [-16.44652, 19.89082], [-16.446233, 19.890823], [-16.446231, 19.890551], [-16.445944, 19.890554], [-16.445946, 19.890825], [-16.44566, 19.890827], [-16.445672, 19.892182], [-16.445386, 19.892185], [-16.445383, 19.891914], [-16.445097, 19.891916], [-16.445085, 19.890561], [-16.444512, 19.890565], [-16.444509, 19.890294], [-16.444796, 19.890292], [-16.444793, 19.890021], [-16.444507, 19.890023], [-16.444504, 19.889752], [-16.444218, 19.889755], [-16.444215, 19.889484], [-16.443929, 19.889486], [-16.443926, 19.889215], [-16.44364, 19.889217], [-16.44363, 19.888133], [-16.443343, 19.888136], [-16.443346, 19.888407], [-16.442486, 19.888414], [-16.442484, 19.888143], [-16.442197, 19.888145], [-16.442195, 19.887874], [-16.441335, 19.887881], [-16.441338, 19.888152], [-16.441051, 19.888154], [-16.441049, 19.887883], [-16.440762, 19.887885], [-16.440765, 19.888156], [-16.440478, 19.888159], [-16.440481, 19.88843], [-16.440194, 19.888432], [-16.440204, 19.889516], [-16.440491, 19.889514], [-16.440493, 19.889785], [-16.44078, 19.889783], [-16.440777, 19.889512], [-16.441064, 19.889509], [-16.441066, 19.88978], [-16.441353, 19.889778], [-16.441358, 19.89032], [-16.440785, 19.890325], [-16.440787, 19.890596], [-16.441073, 19.890593], [-16.441086, 19.891948], [-16.441372, 19.891946], [-16.44138, 19.892759], [-16.441666, 19.892757], [-16.441671, 19.893299], [-16.441958, 19.893297], [-16.44196, 19.893568], [-16.442246, 19.893565], [-16.442249, 19.893836], [-16.442535, 19.893834], [-16.442538, 19.894105], [-16.442824, 19.894103], [-16.442837, 19.895458], [-16.443123, 19.895455], [-16.443126, 19.895726], [-16.443412, 19.895724], [-16.443417, 19.896266], [-16.442844, 19.896271], [-16.442842, 19.896], [-16.442555, 19.896002], [-16.442553, 19.895731], [-16.442266, 19.895733], [-16.442254, 19.894378], [-16.441967, 19.894381], [-16.441965, 19.89411], [-16.441678, 19.894112], [-16.441698, 19.89628], [-16.441985, 19.896278], [-16.441987, 19.896549], [-16.442273, 19.896546], [-16.442278, 19.897088], [-16.442851, 19.897084], [-16.442854, 19.897355], [-16.44314, 19.897353], [-16.443143, 19.897624], [-16.443429, 19.897621], [-16.443432, 19.897892], [-16.444005, 19.897888], [-16.444012, 19.898701], [-16.444299, 19.898698], [-16.444304, 19.89924], [-16.443731, 19.899245], [-16.443736, 19.899787], [-16.444309, 19.899782]], [[-16.442271, 19.896275], [-16.441985, 19.896278], [-16.441982, 19.896007], [-16.442269, 19.896004], [-16.442271, 19.896275]], [[-16.442523, 19.892479], [-16.44195, 19.892483], [-16.441931, 19.890315], [-16.442504, 19.890311], [-16.442506, 19.890582], [-16.442219, 19.890584], [-16.442227, 19.891397], [-16.442513, 19.891395], [-16.442516, 19.891666], [-16.442802, 19.891663], [-16.442807, 19.892205], [-16.442521, 19.892208], [-16.442523, 19.892479]], [[-16.444519, 19.891378], [-16.444232, 19.891381], [-16.44423, 19.89111], [-16.444516, 19.891107], [-16.444519, 19.891378]]]}, "properties": {"layer": "meadow", "year": 2021, "sat": "S2B", "date": "2021-07-01", "area_ha": 62.82}}, {"type": "Feature", "geometry": {"type": "Polygon", "coordinates": [[[-16.381179, 19.889442], [-16.381174, 19.8889], [-16.380888, 19.888902], [-16.380883, 19.88836], [-16.380597, 19.888362], [-16.380601, 19.888904], [-16.380315, 19.888907], [-16.380317, 19.889178], [-16.380604, 19.889175], [-16.380606, 19.889446], [-16.381179, 19.889442]]]}, "properties": {"layer": "meadow", "year": 2021, "sat": "S2B", "date": "2021-07-01", "area_ha": 0.63}}, {"type": "Feature", "geometry": {"type": "Polygon", "coordinates": [[[-16.386358, 19.891841], [-16.386353, 19.891299], [-16.386639, 19.891297], [-16.386637, 19.891026], [-16.38635, 19.891028], [-16.386348, 19.890757], [-16.386635, 19.890755], [-16.386632, 19.890484], [-16.386919, 19.890481], [-16.386914, 19.889939], [-16.387201, 19.889937], [-16.387194, 19.889124], [-16.386907, 19.889126], [-16.386905, 19.888855], [-16.386618, 19.888858], [-16.386613, 19.888315], [-16.385181, 19.888327], [-16.385183, 19.888598], [-16.384897, 19.8886], [-16.384901, 19.889142], [-16.384615, 19.889144], [-16.38462, 19.889686], [-16.384906, 19.889684], [-16.384909, 19.889955], [-16.385195, 19.889953], [-16.385197, 19.890224], [-16.385484, 19.890222], [-16.385493, 19.891306], [-16.38578, 19.891303], [-16.385785, 19.891845], [-16.386358, 19.891841]], [[-16.385482, 19.889951], [-16.385195, 19.889953], [-16.385193, 19.889682], [-16.385479, 19.88968], [-16.385482, 19.889951]], [[-16.38662, 19.889129], [-16.385761, 19.889135], [-16.385756, 19.888593], [-16.386043, 19.888591], [-16.386045, 19.888862], [-16.386618, 19.888858], [-16.38662, 19.889129]]]}, "properties": {"layer": "meadow", "year": 2021, "sat": "S2B", "date": "2021-07-01", "area_ha": 5.85}}, {"type": "Feature", "geometry": {"type": "Polygon", "coordinates": [[[-16.379756, 19.890537], [-16.379749, 19.889724], [-16.379462, 19.889726], [-16.379455, 19.888913], [-16.379169, 19.888915], [-16.379167, 19.888644], [-16.378594, 19.888649], [-16.378591, 19.888378], [-16.378305, 19.88838], [-16.378302, 19.888109], [-16.377443, 19.888116], [-16.377445, 19.888387], [-16.377732, 19.888384], [-16.377734, 19.888655], [-16.378021, 19.888653], [-16.378023, 19.888924], [-16.378309, 19.888922], [-16.378314, 19.889464], [-16.378601, 19.889462], [-16.378603, 19.889733], [-16.378889, 19.889731], [-16.378892, 19.890002], [-16.379465, 19.889997], [-16.37947, 19.890539], [-16.379756, 19.890537]], [[-16.379174, 19.889457], [-16.378887, 19.88946], [-16.378885, 19.889189], [-16.379171, 19.889186], [-16.379174, 19.889457]]]}, "properties": {"layer": "meadow", "year": 2021, "sat": "S2B", "date": "2021-07-01", "area_ha": 2.25}}, {"type": "Feature", "geometry": {"type": "Polygon", "coordinates": [[[-16.452237, 19.889418], [-16.452235, 19.889147], [-16.452521, 19.889145], [-16.452519, 19.888874], [-16.452805, 19.888872], [-16.452803, 19.888601], [-16.453089, 19.888598], [-16.453087, 19.888327], [-16.453373, 19.888325], [-16.453371, 19.888054], [-16.453657, 19.888052], [-16.453652, 19.88751], [-16.453366, 19.887512], [-16.453363, 19.887241], [-16.45279, 19.887246], [-16.452788, 19.886975], [-16.452501, 19.886977], [-16.452504, 19.887248], [-16.452217, 19.88725], [-16.452222, 19.887792], [-16.452509, 19.88779], [-16.452511, 19.888061], [-16.452225, 19.888063], [-16.452227, 19.888334], [-16.452514, 19.888332], [-16.452516, 19.888603], [-16.45223, 19.888605], [-16.452232, 19.888876], [-16.451659, 19.888881], [-16.451662, 19.889152], [-16.451948, 19.88915], [-16.451951, 19.889421], [-16.452237, 19.889418]]]}, "properties": {"layer": "meadow", "year": 2021, "sat": "S2B", "date": "2021-07-01", "area_ha": 2.34}}, {"type": "Feature", "geometry": {"type": "Polygon", "coordinates": [[[-16.274291, 19.888071], [-16.274289, 19.8878], [-16.274576, 19.887798], [-16.274573, 19.887527], [-16.275146, 19.887523], [-16.275144, 19.887252], [-16.272566, 19.88727], [-16.272568, 19.887541], [-16.272854, 19.887539], [-16.272856, 19.88781], [-16.273716, 19.887804], [-16.273718, 19.888075], [-16.274291, 19.888071]]]}, "properties": {"layer": "meadow", "year": 2021, "sat": "S2B", "date": "2021-07-01", "area_ha": 1.53}}, {"type": "Feature", "geometry": {"type": "Polygon", "coordinates": [[[-16.400695, 19.893084], [-16.400683, 19.891729], [-16.401256, 19.891724], [-16.401254, 19.891453], [-16.401827, 19.891449], [-16.401824, 19.891178], [-16.402111, 19.891176], [-16.402109, 19.890905], [-16.401822, 19.890907], [-16.40182, 19.890636], [-16.402106, 19.890633], [-16.402104, 19.890362], [-16.40239, 19.89036], [-16.402386, 19.889818], [-16.402672, 19.889816], [-16.40267, 19.889545], [-16.402956, 19.889543], [-16.402954, 19.889272], [-16.40324, 19.889269], [-16.403236, 19.888727], [-16.403522, 19.888725], [-16.40352, 19.888454], [-16.403806, 19.888452], [-16.403801, 19.88791], [-16.403515, 19.887912], [-16.403512, 19.887641], [-16.403799, 19.887639], [-16.403792, 19.886826], [-16.403219, 19.88683], [-16.403212, 19.886017], [-16.402925, 19.886019], [-16.402928, 19.88629], [-16.402641, 19.886293], [-16.402639, 19.886022], [-16.402352, 19.886024], [-16.402355, 19.886295], [-16.402068, 19.886297], [-16.402066, 19.886026], [-16.401779, 19.886028], [-16.401782, 19.886299], [-16.401209, 19.886304], [-16.401206, 19.886033], [-16.400347, 19.88604], [-16.400349, 19.886311], [-16.399203, 19.88632], [-16.39921, 19.887133], [-16.398637, 19.887137], [-16.398649, 19.888492], [-16.398363, 19.888495], [-16.398365, 19.888766], [-16.398651, 19.888763], [-16.398654, 19.889034], [-16.399227, 19.88903], [-16.399234, 19.889843], [-16.39952, 19.889841], [-16.399523, 19.890112], [-16.399809, 19.890109], [-16.399812, 19.890381], [-16.400098, 19.890378], [-16.400103, 19.89092], [-16.39953, 19.890925], [-16.399532, 19.891196], [-16.399819, 19.891194], [-16.399821, 19.891465], [-16.399535, 19.891467], [-16.399537, 19.891738], [-16.399251, 19.89174], [-16.399258, 19.892553], [-16.398971, 19.892555], [-16.398974, 19.892826], [-16.399547, 19.892822], [-16.399549, 19.893093], [-16.399836, 19.893091], [-16.399833, 19.89282], [-16.40012, 19.892817], [-16.400122, 19.893088], [-16.400695, 19.893084]], [[-16.400113, 19.892004], [-16.399826, 19.892007], [-16.399824, 19.891736], [-16.40011, 19.891733], [-16.400113, 19.892004]]]}, "properties": {"layer": "meadow", "year": 2021, "sat": "S2B", "date": "2021-07-01", "area_ha": 26.01}}, {"type": "Feature", "geometry": {"type": "Polygon", "coordinates": [[[-16.439041, 19.887628], [-16.439036, 19.887086], [-16.43875, 19.887089], [-16.43874, 19.886005], [-16.438453, 19.886007], [-16.438448, 19.885465], [-16.437302, 19.885474], [-16.437305, 19.885745], [-16.437591, 19.885743], [-16.437594, 19.886014], [-16.43788, 19.886011], [-16.437888, 19.886825], [-16.438174, 19.886822], [-16.438177, 19.887093], [-16.43789, 19.887096], [-16.437895, 19.887638], [-16.438468, 19.887633], [-16.438466, 19.887362], [-16.438752, 19.88736], [-16.438755, 19.887631], [-16.439041, 19.887628]]]}, "properties": {"layer": "meadow", "year": 2021, "sat": "S2B", "date": "2021-07-01", "area_ha": 2.25}}, {"type": "Feature", "geometry": {"type": "Polygon", "coordinates": [[[-16.283792, 19.893695], [-16.28379, 19.893424], [-16.284363, 19.893419], [-16.284361, 19.893148], [-16.284647, 19.893146], [-16.284643, 19.892604], [-16.285216, 19.8926], [-16.285212, 19.892058], [-16.284925, 19.89206], [-16.284927, 19.892331], [-16.284354, 19.892335], [-16.284352, 19.892064], [-16.284639, 19.892062], [-16.284637, 19.891791], [-16.28521, 19.891787], [-16.285207, 19.891516], [-16.285494, 19.891514], [-16.285496, 19.891785], [-16.285783, 19.891783], [-16.285778, 19.891241], [-16.285492, 19.891243], [-16.28549, 19.890972], [-16.284916, 19.890976], [-16.284914, 19.890705], [-16.285487, 19.890701], [-16.285481, 19.889888], [-16.285767, 19.889886], [-16.285763, 19.889344], [-16.286049, 19.889341], [-16.286047, 19.88907], [-16.28662, 19.889066], [-16.286622, 19.889337], [-16.286909, 19.889335], [-16.286907, 19.889064], [-16.287193, 19.889062], [-16.287189, 19.88852], [-16.287475, 19.888518], [-16.287467, 19.887434], [-16.28718, 19.887436], [-16.287182, 19.887707], [-16.286896, 19.887709], [-16.286891, 19.887167], [-16.287178, 19.887165], [-16.287176, 19.886894], [-16.287749, 19.88689], [-16.287744, 19.886348], [-16.288317, 19.886344], [-16.288313, 19.885801], [-16.288027, 19.885804], [-16.288024, 19.885532], [-16.287738, 19.885535], [-16.28774, 19.885806], [-16.287454, 19.885808], [-16.287456, 19.886079], [-16.286883, 19.886083], [-16.286885, 19.886354], [-16.286312, 19.886358], [-16.286314, 19.886629], [-16.285455, 19.886635], [-16.285459, 19.887177], [-16.285172, 19.887179], [-16.285175, 19.88745], [-16.285461, 19.887448], [-16.285465, 19.88799], [-16.285179, 19.887993], [-16.285181, 19.888264], [-16.284895, 19.888266], [-16.284899, 19.888808], [-16.284612, 19.88881], [-16.284617, 19.889352], [-16.28433, 19.889354], [-16.284335, 19.889896], [-16.284048, 19.889898], [-16.284053, 19.89044], [-16.283193, 19.890446], [-16.283197, 19.890988], [-16.283484, 19.890986], [-16.283486, 19.891257], [-16.282626, 19.891264], [-16.282624, 19.890992], [-16.280905, 19.891005], [-16.28091, 19.891547], [-16.282056, 19.891539], [-16.28206, 19.892081], [-16.282347, 19.892079], [-16.282349, 19.89235], [-16.282635, 19.892348], [-16.282642, 19.893161], [-16.282355, 19.893163], [-16.282357, 19.893434], [-16.282644, 19.893432], [-16.282646, 19.893703], [-16.283792, 19.893695]], [[-16.283784, 19.89261], [-16.28321, 19.892615], [-16.283208, 19.892344], [-16.283495, 19.892341], [-16.283493, 19.89207], [-16.283779, 19.892068], [-16.283784, 19.89261]], [[-16.283493, 19.89207], [-16.283206, 19.892073], [-16.283202, 19.89153], [-16.283488, 19.891528], [-16.283493, 19.89207]]]}, "properties": {"layer": "meadow", "year": 2021, "sat": "S2B", "date": "2021-07-01", "area_ha": 18.81}}, {"type": "Feature", "geometry": {"type": "Polygon", "coordinates": [[[-16.275991, 19.885619], [-16.275982, 19.884535], [-16.275696, 19.884537], [-16.275685, 19.883182], [-16.275398, 19.883184], [-16.2754, 19.883455], [-16.274254, 19.883463], [-16.274252, 19.883192], [-16.273679, 19.883196], [-16.27369, 19.884551], [-16.273977, 19.884549], [-16.273979, 19.88482], [-16.274552, 19.884816], [-16.274554, 19.885087], [-16.275127, 19.885083], [-16.275129, 19.885354], [-16.275416, 19.885352], [-16.275418, 19.885623], [-16.275991, 19.885619]], [[-16.275413, 19.885081], [-16.275127, 19.885083], [-16.275123, 19.884541], [-16.275409, 19.884539], [-16.275413, 19.885081]], [[-16.274838, 19.884814], [-16.274552, 19.884816], [-16.27455, 19.884545], [-16.274263, 19.884547], [-16.274261, 19.884276], [-16.274547, 19.884274], [-16.274545, 19.884003], [-16.274832, 19.884001], [-16.274838, 19.884814]], [[-16.275405, 19.883997], [-16.274832, 19.884001], [-16.27483, 19.88373], [-16.275403, 19.883726], [-16.275405, 19.883997]]]}, "properties": {"layer": "meadow", "year": 2021, "sat": "S2B", "date": "2021-07-01", "area_ha": 3.6}}, {"type": "Feature", "geometry": {"type": "Polygon", "coordinates": [[[-16.48913, 19.882067], [-16.489122, 19.881254], [-16.488835, 19.881256], [-16.488833, 19.880985], [-16.488546, 19.880987], [-16.488549, 19.881259], [-16.488263, 19.881261], [-16.488268, 19.881803], [-16.488841, 19.881798], [-16.488843, 19.882069], [-16.48913, 19.882067]]]}, "properties": {"layer": "meadow", "year": 2021, "sat": "S2B", "date": "2021-07-01", "area_ha": 0.72}}, {"type": "Feature", "geometry": {"type": "Polygon", "coordinates": [[[-16.269955, 19.883223], [-16.269952, 19.882952], [-16.270239, 19.88295], [-16.270235, 19.882408], [-16.269948, 19.88241], [-16.26995, 19.882681], [-16.269377, 19.882685], [-16.269382, 19.883227], [-16.269955, 19.883223]]]}, "properties": {"layer": "meadow", "year": 2021, "sat": "S2B", "date": "2021-07-01", "area_ha": 0.54}}, {"type": "Feature", "geometry": {"type": "Polygon", "coordinates": [[[-16.311783, 19.882649], [-16.311778, 19.882106], [-16.311492, 19.882109], [-16.311489, 19.881838], [-16.311203, 19.88184], [-16.311201, 19.881569], [-16.310628, 19.881573], [-16.31063, 19.881844], [-16.310916, 19.881842], [-16.310919, 19.882113], [-16.311205, 19.882111], [-16.311207, 19.882382], [-16.311494, 19.88238], [-16.311496, 19.882651], [-16.311783, 19.882649]]]}, "properties": {"layer": "meadow", "year": 2021, "sat": "S2B", "date": "2021-07-01", "area_ha": 0.63}}, {"type": "Feature", "geometry": {"type": "Polygon", "coordinates": [[[-16.282878, 19.886925], [-16.282874, 19.886383], [-16.28316, 19.886381], [-16.283158, 19.88611], [-16.283445, 19.886108], [-16.283447, 19.886379], [-16.283733, 19.886377], [-16.283731, 19.886106], [-16.284304, 19.886101], [-16.284302, 19.88583], [-16.284588, 19.885828], [-16.284586, 19.885557], [-16.284873, 19.885555], [-16.284871, 19.885284], [-16.28573, 19.885278], [-16.285726, 19.884736], [-16.286299, 19.884732], [-16.286301, 19.885003], [-16.28716, 19.884997], [-16.287156, 19.884455], [-16.288589, 19.884444], [-16.288586, 19.884173], [-16.289446, 19.884167], [-16.289444, 19.883896], [-16.289157, 19.883898], [-16.289151, 19.883085], [-16.289437, 19.883083], [-16.289442, 19.883625], [-16.289728, 19.883623], [-16.289724, 19.883081], [-16.29001, 19.883079], [-16.290006, 19.882537], [-16.290292, 19.882534], [-16.29029, 19.882263], [-16.290004, 19.882266], [-16.290001, 19.881995], [-16.289715, 19.881997], [-16.289713, 19.881726], [-16.28914, 19.88173], [-16.289142, 19.882001], [-16.288855, 19.882003], [-16.28886, 19.882545], [-16.288573, 19.882547], [-16.288576, 19.882818], [-16.288289, 19.88282], [-16.288287, 19.882549], [-16.287427, 19.882555], [-16.287429, 19.882826], [-16.287143, 19.882828], [-16.287145, 19.883099], [-16.286859, 19.883101], [-16.286854, 19.882559], [-16.286281, 19.882564], [-16.286283, 19.882835], [-16.28571, 19.882839], [-16.285717, 19.883652], [-16.285144, 19.883656], [-16.285146, 19.883927], [-16.284573, 19.883931], [-16.284571, 19.88366], [-16.281992, 19.883679], [-16.281997, 19.884221], [-16.282283, 19.884219], [-16.282288, 19.884761], [-16.282001, 19.884763], [-16.281999, 19.884492], [-16.281712, 19.884494], [-16.281715, 19.884765], [-16.281142, 19.884769], [-16.281144, 19.88504], [-16.280857, 19.885042], [-16.280855, 19.884771], [-16.279422, 19.884781], [-16.279425, 19.885052], [-16.279138, 19.885054], [-16.279136, 19.884783], [-16.278849, 19.884785], [-16.278854, 19.885328], [-16.27914, 19.885325], [-16.279142, 19.885597], [-16.279716, 19.885592], [-16.279713, 19.885321], [-16.28, 19.885319], [-16.280002, 19.88559], [-16.280289, 19.885588], [-16.280286, 19.885317], [-16.280573, 19.885315], [-16.280575, 19.885586], [-16.281148, 19.885582], [-16.281152, 19.886124], [-16.281439, 19.886122], [-16.281437, 19.885851], [-16.282296, 19.885845], [-16.282299, 19.886116], [-16.282585, 19.886114], [-16.282592, 19.886927], [-16.282878, 19.886925]], [[-16.284011, 19.88529], [-16.283151, 19.885297], [-16.283149, 19.885026], [-16.284009, 19.885019], [-16.284011, 19.88529]], [[-16.284578, 19.884473], [-16.284291, 19.884475], [-16.284289, 19.884204], [-16.284575, 19.884202], [-16.284578, 19.884473]], [[-16.288005, 19.883093], [-16.287432, 19.883097], [-16.287429, 19.882826], [-16.288002, 19.882822], [-16.288005, 19.883093]]]}, "properties": {"layer": "meadow", "year": 2021, "sat": "S2B", "date": "2021-07-01", "area_ha": 21.24}}, {"type": "Feature", "geometry": {"type": "Polygon", "coordinates": [[[-16.259054, 19.881674], [-16.25905, 19.881132], [-16.259336, 19.88113], [-16.259332, 19.880588], [-16.259619, 19.880586], [-16.259617, 19.880315], [-16.259044, 19.880319], [-16.259048, 19.880861], [-16.258761, 19.880863], [-16.258768, 19.881676], [-16.259054, 19.881674]]]}, "properties": {"layer": "meadow", "year": 2021, "sat": "S2B", "date": "2021-07-01", "area_ha": 0.63}}, {"type": "Feature", "geometry": {"type": "Polygon", "coordinates": [[[-16.497752, 19.884976], [-16.497747, 19.884434], [-16.49832, 19.884429], [-16.498317, 19.884158], [-16.49889, 19.884153], [-16.498893, 19.884424], [-16.499179, 19.884422], [-16.499177, 19.884151], [-16.499463, 19.884148], [-16.499466, 19.884419], [-16.499752, 19.884417], [-16.49975, 19.884146], [-16.500036, 19.884143], [-16.500039, 19.884414], [-16.500612, 19.88441], [-16.500604, 19.883597], [-16.501464, 19.883589], [-16.501461, 19.883318], [-16.501748, 19.883316], [-16.501745, 19.883045], [-16.502604, 19.883038], [-16.502602, 19.882767], [-16.502315, 19.882769], [-16.502313, 19.882498], [-16.50174, 19.882503], [-16.501732, 19.88169], [-16.502592, 19.881683], [-16.502594, 19.881954], [-16.502881, 19.881951], [-16.502886, 19.882493], [-16.503172, 19.882491], [-16.503175, 19.882762], [-16.503461, 19.882759], [-16.503454, 19.881946], [-16.50374, 19.881944], [-16.503738, 19.881673], [-16.503165, 19.881678], [-16.503162, 19.881407], [-16.502876, 19.881409], [-16.502868, 19.880596], [-16.502295, 19.880601], [-16.50229, 19.880059], [-16.502003, 19.880061], [-16.501996, 19.879248], [-16.502282, 19.879246], [-16.502277, 19.878704], [-16.502564, 19.878702], [-16.502561, 19.87843], [-16.501988, 19.878435], [-16.501985, 19.878164], [-16.501413, 19.878169], [-16.50141, 19.877898], [-16.501123, 19.877901], [-16.501129, 19.878443], [-16.500269, 19.87845], [-16.500267, 19.878179], [-16.500553, 19.878176], [-16.500551, 19.877905], [-16.499978, 19.87791], [-16.499975, 19.877639], [-16.499116, 19.877646], [-16.499118, 19.877917], [-16.497972, 19.877927], [-16.49797, 19.877656], [-16.497683, 19.877658], [-16.497693, 19.878743], [-16.49798, 19.87874], [-16.497982, 19.879011], [-16.497696, 19.879014], [-16.497701, 19.879556], [-16.497988, 19.879553], [-16.497993, 19.880095], [-16.498279, 19.880093], [-16.498284, 19.880635], [-16.498857, 19.88063], [-16.49886, 19.880901], [-16.498287, 19.880906], [-16.498289, 19.881177], [-16.498003, 19.881179], [-16.497998, 19.880637], [-16.497711, 19.88064], [-16.497709, 19.880369], [-16.497422, 19.880371], [-16.497425, 19.880642], [-16.497138, 19.880644], [-16.497141, 19.880915], [-16.497427, 19.880913], [-16.49743, 19.881184], [-16.497143, 19.881186], [-16.497146, 19.881457], [-16.496859, 19.88146], [-16.496872, 19.882815], [-16.497159, 19.882813], [-16.497161, 19.883084], [-16.497448, 19.883081], [-16.49745, 19.883352], [-16.497737, 19.88335], [-16.497739, 19.883621], [-16.497453, 19.883623], [-16.497455, 19.883894], [-16.497169, 19.883897], [-16.497171, 19.884168], [-16.496885, 19.88417], [-16.496887, 19.884441], [-16.496315, 19.884446], [-16.49632, 19.884988], [-16.496606, 19.884985], [-16.496604, 19.884714], [-16.497177, 19.88471], [-16.497179, 19.884981], [-16.497752, 19.884976]], [[-16.498599, 19.883613], [-16.498312, 19.883616], [-16.49831, 19.883345], [-16.498596, 19.883342], [-16.498599, 19.883613]], [[-16.500602, 19.883326], [-16.500029, 19.88333], [-16.500026, 19.883059], [-16.500599, 19.883055], [-16.500602, 19.883326]], [[-16.501172, 19.88305], [-16.500886, 19.883052], [-16.500883, 19.882781], [-16.501169, 19.882779], [-16.501172, 19.88305]], [[-16.500596, 19.882784], [-16.50031, 19.882786], [-16.500307, 19.882515], [-16.500594, 19.882513], [-16.500596, 19.882784]], [[-16.500852, 19.879529], [-16.500566, 19.879531], [-16.500563, 19.87926], [-16.50085, 19.879258], [-16.500852, 19.879529]], [[-16.498561, 19.879548], [-16.498274, 19.879551], [-16.498269, 19.879009], [-16.498555, 19.879006], [-16.498561, 19.879548]], [[-16.501993, 19.878977], [-16.501707, 19.87898], [-16.501704, 19.878709], [-16.501991, 19.878706], [-16.501993, 19.878977]], [[-16.500847, 19.878987], [-16.500561, 19.878989], [-16.500558, 19.878718], [-16.500845, 19.878716], [-16.500847, 19.878987]], [[-16.501704, 19.878709], [-16.501418, 19.878711], [-16.501415, 19.87844], [-16.501702, 19.878438], [-16.501704, 19.878709]], [[-16.499983, 19.878452], [-16.499696, 19.878455], [-16.499694, 19.878184], [-16.49998, 19.878181], [-16.499983, 19.878452]]]}, "properties": {"layer": "meadow", "year": 2021, "sat": "S2B", "date": "2021-07-01", "area_ha": 34.02}}, {"type": "Feature", "geometry": {"type": "Polygon", "coordinates": [[[-16.490565, 19.882326], [-16.490562, 19.882055], [-16.490848, 19.882052], [-16.490843, 19.88151], [-16.490557, 19.881513], [-16.490559, 19.881784], [-16.489986, 19.881789], [-16.489981, 19.881247], [-16.490268, 19.881244], [-16.490265, 19.880973], [-16.489979, 19.880976], [-16.489969, 19.879891], [-16.489682, 19.879894], [-16.489677, 19.879352], [-16.489964, 19.879349], [-16.489959, 19.878807], [-16.490245, 19.878805], [-16.490237, 19.877992], [-16.490524, 19.87799], [-16.490521, 19.877719], [-16.490808, 19.877716], [-16.4908, 19.876903], [-16.490227, 19.876908], [-16.49023, 19.877179], [-16.490516, 19.877177], [-16.490519, 19.877448], [-16.489659, 19.877455], [-16.489662, 19.877726], [-16.489376, 19.877728], [-16.489383, 19.878541], [-16.489097, 19.878544], [-16.489099, 19.878815], [-16.489386, 19.878812], [-16.489388, 19.879083], [-16.489102, 19.879086], [-16.489122, 19.881254], [-16.489695, 19.881249], [-16.489703, 19.882062], [-16.490275, 19.882057], [-16.490278, 19.882328], [-16.490565, 19.882326]]]}, "properties": {"layer": "meadow", "year": 2021, "sat": "S2B", "date": "2021-07-01", "area_ha": 4.86}}, {"type": "Feature", "geometry": {"type": "Polygon", "coordinates": [[[-16.371619, 19.877319], [-16.371615, 19.876777], [-16.372188, 19.876772], [-16.372185, 19.876501], [-16.371326, 19.876508], [-16.371331, 19.87705], [-16.371044, 19.877052], [-16.371046, 19.877323], [-16.371619, 19.877319]]]}, "properties": {"layer": "meadow", "year": 2021, "sat": "S2B", "date": "2021-07-01", "area_ha": 0.54}}, {"type": "Feature", "geometry": {"type": "Polygon", "coordinates": [[[-16.393101, 19.87661], [-16.393099, 19.876339], [-16.393385, 19.876337], [-16.393383, 19.876066], [-16.393096, 19.876068], [-16.393092, 19.875526], [-16.393378, 19.875524], [-16.393376, 19.875253], [-16.392803, 19.875257], [-16.392805, 19.875528], [-16.392519, 19.87553], [-16.392521, 19.875801], [-16.392235, 19.875804], [-16.392237, 19.876075], [-16.392523, 19.876072], [-16.392528, 19.876614], [-16.393101, 19.87661]]]}, "properties": {"layer": "meadow", "year": 2021, "sat": "S2B", "date": "2021-07-01", "area_ha": 1.08}}, {"type": "Feature", "geometry": {"type": "Polygon", "coordinates": [[[-16.27679, 19.878024], [-16.276787, 19.877753], [-16.27736, 19.877749], [-16.277358, 19.877478], [-16.277072, 19.87748], [-16.27707, 19.877209], [-16.276497, 19.877213], [-16.276492, 19.876671], [-16.277352, 19.876665], [-16.277343, 19.875581], [-16.277057, 19.875583], [-16.277059, 19.875854], [-16.276772, 19.875856], [-16.276774, 19.876127], [-16.275915, 19.876133], [-16.275917, 19.876404], [-16.275058, 19.87641], [-16.27506, 19.876681], [-16.2742, 19.876687], [-16.274198, 19.876416], [-16.273625, 19.87642], [-16.273621, 19.875878], [-16.273048, 19.875882], [-16.273052, 19.876424], [-16.272766, 19.876426], [-16.272768, 19.876697], [-16.272195, 19.876702], [-16.272197, 19.876973], [-16.27191, 19.876975], [-16.271915, 19.877517], [-16.272201, 19.877515], [-16.272203, 19.877786], [-16.273349, 19.877778], [-16.273347, 19.877506], [-16.274207, 19.8775], [-16.274205, 19.877229], [-16.274778, 19.877225], [-16.274775, 19.876954], [-16.275062, 19.876952], [-16.275066, 19.877494], [-16.275926, 19.877488], [-16.275928, 19.877759], [-16.276501, 19.877755], [-16.276503, 19.878026], [-16.27679, 19.878024]], [[-16.272488, 19.877513], [-16.272201, 19.877515], [-16.272199, 19.877244], [-16.272486, 19.877242], [-16.272488, 19.877513]]]}, "properties": {"layer": "meadow", "year": 2021, "sat": "S2B", "date": "2021-07-01", "area_ha": 7.11}}, {"type": "Feature", "geometry": {"type": "Polygon", "coordinates": [[[-16.286517, 19.876328], [-16.286515, 19.876057], [-16.287088, 19.876052], [-16.287086, 19.875781], [-16.287373, 19.875779], [-16.287368, 19.875237], [-16.286795, 19.875241], [-16.286797, 19.875512], [-16.286511, 19.875515], [-16.286513, 19.875786], [-16.286227, 19.875788], [-16.286231, 19.87633], [-16.286517, 19.876328]]]}, "properties": {"layer": "meadow", "year": 2021, "sat": "S2B", "date": "2021-07-01", "area_ha": 0.81}}, {"type": "Feature", "geometry": {"type": "Polygon", "coordinates": [[[-16.280505, 19.876913], [-16.280503, 19.876642], [-16.28079, 19.87664], [-16.280788, 19.876369], [-16.281074, 19.876367], [-16.28107, 19.875825], [-16.280783, 19.875827], [-16.280774, 19.874743], [-16.280201, 19.874747], [-16.280204, 19.875018], [-16.279917, 19.87502], [-16.279919, 19.875291], [-16.279346, 19.875295], [-16.279348, 19.875566], [-16.279062, 19.875568], [-16.27906, 19.875297], [-16.278773, 19.875299], [-16.278771, 19.875028], [-16.278485, 19.87503], [-16.278498, 19.876656], [-16.277925, 19.876661], [-16.277927, 19.876932], [-16.279932, 19.876917], [-16.27993, 19.876646], [-16.280217, 19.876644], [-16.280219, 19.876915], [-16.280505, 19.876913]]]}, "properties": {"layer": "meadow", "year": 2021, "sat": "S2B", "date": "2021-07-01", "area_ha": 4.95}}, {"type": "Feature", "geometry": {"type": "Polygon", "coordinates": [[[-16.49622, 19.874418], [-16.496215, 19.873876], [-16.495929, 19.873879], [-16.495926, 19.873608], [-16.49564, 19.87361], [-16.495637, 19.873339], [-16.495924, 19.873337], [-16.495921, 19.873066], [-16.495062, 19.873073], [-16.495069, 19.873886], [-16.495356, 19.873884], [-16.495358, 19.874155], [-16.495931, 19.87415], [-16.495934, 19.874421], [-16.49622, 19.874418]]]}, "properties": {"layer": "meadow", "year": 2021, "sat": "S2B", "date": "2021-07-01", "area_ha": 1.08}}, {"type": "Feature", "geometry": {"type": "Polygon", "coordinates": [[[-16.369593, 19.874895], [-16.369588, 19.874353], [-16.369875, 19.874351], [-16.36987, 19.873809], [-16.369011, 19.873815], [-16.369015, 19.874357], [-16.369302, 19.874355], [-16.369304, 19.874626], [-16.369018, 19.874628], [-16.36902, 19.874899], [-16.369593, 19.874895]]]}, "properties": {"layer": "meadow", "year": 2021, "sat": "S2B", "date": "2021-07-01", "area_ha": 0.81}}, {"type": "Feature", "geometry": {"type": "Polygon", "coordinates": [[[-16.373886, 19.87432], [-16.373883, 19.874049], [-16.37417, 19.874047], [-16.374165, 19.873505], [-16.373879, 19.873507], [-16.373874, 19.872965], [-16.373301, 19.872969], [-16.373303, 19.87324], [-16.37359, 19.873238], [-16.373592, 19.873509], [-16.373306, 19.873511], [-16.373308, 19.873782], [-16.373594, 19.87378], [-16.373599, 19.874322], [-16.373886, 19.87432]]]}, "properties": {"layer": "meadow", "year": 2021, "sat": "S2B", "date": "2021-07-01", "area_ha": 0.81}}, {"type": "Feature", "geometry": {"type": "Polygon", "coordinates": [[[-16.300258, 19.874873], [-16.300254, 19.874331], [-16.30054, 19.874328], [-16.300536, 19.873786], [-16.300249, 19.873788], [-16.300252, 19.874059], [-16.299965, 19.874062], [-16.299963, 19.873791], [-16.299103, 19.873797], [-16.299101, 19.873526], [-16.298815, 19.873528], [-16.29881, 19.872986], [-16.298237, 19.87299], [-16.298242, 19.873532], [-16.298528, 19.87353], [-16.29853, 19.873801], [-16.298817, 19.873799], [-16.298819, 19.87407], [-16.299106, 19.874068], [-16.299108, 19.874339], [-16.299681, 19.874335], [-16.299683, 19.874606], [-16.299969, 19.874604], [-16.299972, 19.874875], [-16.300258, 19.874873]]]}, "properties": {"layer": "meadow", "year": 2021, "sat": "S2B", "date": "2021-07-01", "area_ha": 1.71}}, {"type": "Feature", "geometry": {"type": "Polygon", "coordinates": [[[-16.395954, 19.875232], [-16.395947, 19.874419], [-16.39652, 19.874415], [-16.396518, 19.874144], [-16.396804, 19.874142], [-16.396802, 19.873871], [-16.397375, 19.873866], [-16.397372, 19.873595], [-16.397659, 19.873593], [-16.397656, 19.873322], [-16.397943, 19.87332], [-16.397941, 19.873049], [-16.397081, 19.873055], [-16.397076, 19.872513], [-16.39679, 19.872515], [-16.396787, 19.872244], [-16.396501, 19.872247], [-16.396503, 19.872518], [-16.396217, 19.87252], [-16.396224, 19.873333], [-16.395938, 19.873335], [-16.395935, 19.873064], [-16.395649, 19.873067], [-16.395658, 19.874151], [-16.395372, 19.874153], [-16.395374, 19.874424], [-16.395661, 19.874422], [-16.395668, 19.875235], [-16.395954, 19.875232]]]}, "properties": {"layer": "meadow", "year": 2021, "sat": "S2B", "date": "2021-07-01", "area_ha": 3.42}}, {"type": "Feature", "geometry": {"type": "Polygon", "coordinates": [[[-16.362706, 19.873593], [-16.362701, 19.873051], [-16.362415, 19.873053], [-16.362412, 19.872782], [-16.362126, 19.872784], [-16.362124, 19.872513], [-16.361551, 19.872517], [-16.361553, 19.872788], [-16.361839, 19.872786], [-16.361842, 19.873057], [-16.361555, 19.873059], [-16.361558, 19.87333], [-16.36213, 19.873326], [-16.362133, 19.873597], [-16.362706, 19.873593]]]}, "properties": {"layer": "meadow", "year": 2021, "sat": "S2B", "date": "2021-07-01", "area_ha": 0.9}}, {"type": "Feature", "geometry": {"type": "Polygon", "coordinates": [[[-16.275047, 19.875055], [-16.275045, 19.874784], [-16.275331, 19.874782], [-16.275329, 19.874511], [-16.275615, 19.874509], [-16.275613, 19.874238], [-16.274754, 19.874244], [-16.274752, 19.873973], [-16.275325, 19.873969], [-16.275322, 19.873698], [-16.276182, 19.873691], [-16.27618, 19.87342], [-16.275893, 19.873422], [-16.275891, 19.873151], [-16.275605, 19.873153], [-16.275607, 19.873425], [-16.275034, 19.873429], [-16.275036, 19.8737], [-16.274463, 19.873704], [-16.274467, 19.874246], [-16.274181, 19.874248], [-16.274185, 19.87479], [-16.274472, 19.874788], [-16.274474, 19.875059], [-16.275047, 19.875055]]]}, "properties": {"layer": "meadow", "year": 2021, "sat": "S2B", "date": "2021-07-01", "area_ha": 1.8}}, {"type": "Feature", "geometry": {"type": "Polygon", "coordinates": [[[-16.371589, 19.873795], [-16.371582, 19.872982], [-16.371869, 19.87298], [-16.371866, 19.872709], [-16.372153, 19.872707], [-16.37215, 19.872436], [-16.371577, 19.87244], [-16.37158, 19.872711], [-16.371293, 19.872714], [-16.371296, 19.872985], [-16.371009, 19.872987], [-16.371007, 19.872716], [-16.37072, 19.872718], [-16.370723, 19.872989], [-16.37015, 19.872993], [-16.370154, 19.873535], [-16.3713, 19.873527], [-16.371303, 19.873798], [-16.371589, 19.873795]]]}, "properties": {"layer": "meadow", "year": 2021, "sat": "S2B", "date": "2021-07-01", "area_ha": 1.44}}, {"type": "Feature", "geometry": {"type": "Polygon", "coordinates": [[[-16.497369, 19.87468], [-16.497366, 19.874409], [-16.49708, 19.874411], [-16.497077, 19.87414], [-16.498223, 19.874131], [-16.498221, 19.87386], [-16.498507, 19.873857], [-16.498504, 19.873586], [-16.498791, 19.873584], [-16.498788, 19.873313], [-16.499361, 19.873308], [-16.499346, 19.871682], [-16.49906, 19.871684], [-16.499057, 19.871413], [-16.49963, 19.871408], [-16.499627, 19.871137], [-16.499054, 19.871142], [-16.499049, 19.8706], [-16.498476, 19.870605], [-16.498479, 19.870876], [-16.498193, 19.870878], [-16.498195, 19.871149], [-16.497909, 19.871152], [-16.497911, 19.871423], [-16.498198, 19.87142], [-16.4982, 19.871691], [-16.497914, 19.871694], [-16.497916, 19.871965], [-16.49763, 19.871967], [-16.497632, 19.872238], [-16.497346, 19.872241], [-16.497348, 19.872512], [-16.497062, 19.872514], [-16.497059, 19.872243], [-16.496773, 19.872245], [-16.496786, 19.873601], [-16.496499, 19.873603], [-16.496502, 19.873874], [-16.496788, 19.873872], [-16.496791, 19.874143], [-16.496504, 19.874145], [-16.496509, 19.874687], [-16.497369, 19.87468]], [[-16.498783, 19.872771], [-16.49821, 19.872775], [-16.498208, 19.872504], [-16.498781, 19.8725], [-16.498783, 19.872771]], [[-16.499062, 19.871955], [-16.498776, 19.871958], [-16.498773, 19.871687], [-16.49906, 19.871684], [-16.499062, 19.871955]]]}, "properties": {"layer": "meadow", "year": 2021, "sat": "S2B", "date": "2021-07-01", "area_ha": 7.29}}, {"type": "Feature", "geometry": {"type": "Polygon", "coordinates": [[[-16.292794, 19.87303], [-16.292792, 19.872759], [-16.293651, 19.872752], [-16.293649, 19.872481], [-16.292503, 19.87249], [-16.292501, 19.872219], [-16.292787, 19.872216], [-16.292785, 19.871945], [-16.291926, 19.871952], [-16.291928, 19.872223], [-16.291068, 19.872229], [-16.291073, 19.872771], [-16.291359, 19.872769], [-16.291357, 19.872498], [-16.29193, 19.872494], [-16.291935, 19.873036], [-16.292794, 19.87303]]]}, "properties": {"layer": "meadow", "year": 2021, "sat": "S2B", "date": "2021-07-01", "area_ha": 1.62}}, {"type": "Feature", "geometry": {"type": "Polygon", "coordinates": [[[-16.299954, 19.872706], [-16.299952, 19.872435], [-16.299665, 19.872437], [-16.299663, 19.872166], [-16.299377, 19.872169], [-16.299374, 19.871897], [-16.299088, 19.8719], [-16.299086, 19.871629], [-16.299372, 19.871626], [-16.29937, 19.871355], [-16.298797, 19.87136], [-16.298799, 19.871631], [-16.29794, 19.871637], [-16.297944, 19.872179], [-16.298517, 19.872175], [-16.298522, 19.872717], [-16.298808, 19.872715], [-16.298806, 19.872444], [-16.299092, 19.872442], [-16.299095, 19.872713], [-16.299954, 19.872706]]]}, "properties": {"layer": "meadow", "year": 2021, "sat": "S2B", "date": "2021-07-01", "area_ha": 1.71}}, {"type": "Feature", "geometry": {"type": "Polygon", "coordinates": [[[-16.300525, 19.872431], [-16.300516, 19.871347], [-16.299943, 19.871351], [-16.299941, 19.87108], [-16.299654, 19.871082], [-16.299659, 19.871624], [-16.299945, 19.871622], [-16.299952, 19.872435], [-16.300525, 19.872431]]]}, "properties": {"layer": "meadow", "year": 2021, "sat": "S2B", "date": "2021-07-01", "area_ha": 0.9}}, {"type": "Feature", "geometry": {"type": "Polygon", "coordinates": [[[-16.29134, 19.87033], [-16.291337, 19.870059], [-16.29191, 19.870054], [-16.291908, 19.869783], [-16.290189, 19.869796], [-16.290191, 19.870067], [-16.291051, 19.870061], [-16.291053, 19.870332], [-16.29134, 19.87033]]]}, "properties": {"layer": "meadow", "year": 2021, "sat": "S2B", "date": "2021-07-01", "area_ha": 0.63}}, {"type": "Feature", "geometry": {"type": "Polygon", "coordinates": [[[-16.29907, 19.869731], [-16.299059, 19.868376], [-16.2982, 19.868382], [-16.298195, 19.86784], [-16.297909, 19.867842], [-16.297916, 19.868656], [-16.298202, 19.868653], [-16.298209, 19.869467], [-16.298495, 19.869464], [-16.298497, 19.869735], [-16.29907, 19.869731]]]}, "properties": {"layer": "meadow", "year": 2021, "sat": "S2B", "date": "2021-07-01", "area_ha": 1.53}}, {"type": "Feature", "geometry": {"type": "Polygon", "coordinates": [[[-16.291895, 19.868157], [-16.291888, 19.867344], [-16.292175, 19.867342], [-16.292173, 19.867071], [-16.291886, 19.867073], [-16.291884, 19.866802], [-16.290738, 19.86681], [-16.290742, 19.867352], [-16.291029, 19.86735], [-16.291033, 19.867892], [-16.291606, 19.867888], [-16.291609, 19.868159], [-16.291895, 19.868157]], [[-16.291602, 19.867346], [-16.291315, 19.867348], [-16.291313, 19.867077], [-16.2916, 19.867075], [-16.291602, 19.867346]]]}, "properties": {"layer": "meadow", "year": 2021, "sat": "S2B", "date": "2021-07-01", "area_ha": 1.35}}, {"type": "Feature", "geometry": {"type": "Polygon", "coordinates": [[[-16.297909, 19.867842], [-16.297907, 19.867571], [-16.298193, 19.867569], [-16.298184, 19.866485], [-16.297038, 19.866493], [-16.297043, 19.867036], [-16.297329, 19.867033], [-16.297334, 19.867576], [-16.29762, 19.867573], [-16.297622, 19.867844], [-16.297909, 19.867842]]]}, "properties": {"layer": "meadow", "year": 2021, "sat": "S2B", "date": "2021-07-01", "area_ha": 1.35}}, {"type": "Feature", "geometry": {"type": "Polygon", "coordinates": [[[-16.274678, 19.864757], [-16.274674, 19.864215], [-16.274387, 19.864217], [-16.274385, 19.863946], [-16.273812, 19.863951], [-16.273814, 19.864222], [-16.274101, 19.86422], [-16.274103, 19.864491], [-16.273816, 19.864493], [-16.273818, 19.864764], [-16.274678, 19.864757]]]}, "properties": {"layer": "meadow", "year": 2021, "sat": "S2B", "date": "2021-07-01", "area_ha": 0.63}}, {"type": "Feature", "geometry": {"type": "Polygon", "coordinates": [[[-16.289572, 19.864379], [-16.289564, 19.863295], [-16.289277, 19.863297], [-16.289282, 19.863839], [-16.288995, 19.863841], [-16.289, 19.864383], [-16.289572, 19.864379]]]}, "properties": {"layer": "meadow", "year": 2021, "sat": "S2B", "date": "2021-07-01", "area_ha": 0.54}}, {"type": "Feature", "geometry": {"type": "Polygon", "coordinates": [[[-16.345428, 19.863153], [-16.345425, 19.862882], [-16.345998, 19.862878], [-16.345996, 19.862607], [-16.345709, 19.862609], [-16.345707, 19.862338], [-16.345134, 19.862342], [-16.345132, 19.862071], [-16.344845, 19.862073], [-16.344848, 19.862344], [-16.344561, 19.862347], [-16.344566, 19.862889], [-16.344852, 19.862886], [-16.344855, 19.863157], [-16.345428, 19.863153]]]}, "properties": {"layer": "meadow", "year": 2021, "sat": "S2B", "date": "2021-07-01", "area_ha": 1.08}}, {"type": "Feature", "geometry": {"type": "Polygon", "coordinates": [[[-16.289275, 19.863026], [-16.289273, 19.862755], [-16.288986, 19.862757], [-16.288984, 19.862486], [-16.289271, 19.862484], [-16.289268, 19.862213], [-16.287836, 19.862223], [-16.287838, 19.862494], [-16.288125, 19.862492], [-16.288127, 19.862763], [-16.288413, 19.862761], [-16.288416, 19.863032], [-16.289275, 19.863026]]]}, "properties": {"layer": "meadow", "year": 2021, "sat": "S2B", "date": "2021-07-01", "area_ha": 0.99}}, {"type": "Feature", "geometry": {"type": "Polygon", "coordinates": [[[-16.270661, 19.863973], [-16.270654, 19.86316], [-16.271227, 19.863156], [-16.271229, 19.863427], [-16.271516, 19.863425], [-16.271514, 19.863154], [-16.272087, 19.86315], [-16.272076, 19.861795], [-16.271789, 19.861797], [-16.271791, 19.862068], [-16.271505, 19.86207], [-16.271509, 19.862612], [-16.271223, 19.862614], [-16.271225, 19.862885], [-16.270366, 19.862891], [-16.27037, 19.863433], [-16.269797, 19.863437], [-16.269799, 19.863708], [-16.270372, 19.863704], [-16.270374, 19.863975], [-16.270661, 19.863973]]]}, "properties": {"layer": "meadow", "year": 2021, "sat": "S2B", "date": "2021-07-01", "area_ha": 1.8}}, {"type": "Feature", "geometry": {"type": "Polygon", "coordinates": [[[-16.286135, 19.864404], [-16.286133, 19.864133], [-16.286706, 19.864129], [-16.286703, 19.863858], [-16.28699, 19.863856], [-16.286988, 19.863585], [-16.28842, 19.863574], [-16.288422, 19.863845], [-16.288995, 19.863841], [-16.288993, 19.86357], [-16.288706, 19.863572], [-16.288704, 19.863301], [-16.288418, 19.863303], [-16.288416, 19.863032], [-16.288129, 19.863034], [-16.288127, 19.862763], [-16.287554, 19.862768], [-16.287552, 19.862497], [-16.286979, 19.862501], [-16.286977, 19.86223], [-16.287836, 19.862223], [-16.287834, 19.861952], [-16.287547, 19.861954], [-16.287539, 19.86087], [-16.286679, 19.860877], [-16.286681, 19.861148], [-16.286968, 19.861145], [-16.28697, 19.861417], [-16.286684, 19.861419], [-16.286688, 19.861961], [-16.286402, 19.861963], [-16.286406, 19.862505], [-16.285833, 19.862509], [-16.285835, 19.86278], [-16.285549, 19.862782], [-16.285551, 19.863053], [-16.284978, 19.863057], [-16.284976, 19.862786], [-16.284403, 19.86279], [-16.284405, 19.863061], [-16.284119, 19.863063], [-16.284116, 19.862792], [-16.28383, 19.862794], [-16.283828, 19.862523], [-16.283541, 19.862525], [-16.283543, 19.862796], [-16.282397, 19.862805], [-16.282402, 19.863347], [-16.282975, 19.863343], [-16.282977, 19.863614], [-16.28355, 19.86361], [-16.283554, 19.864152], [-16.284127, 19.864148], [-16.284129, 19.864419], [-16.286135, 19.864404]], [[-16.287845, 19.863308], [-16.287558, 19.86331], [-16.287556, 19.863039], [-16.287843, 19.863037], [-16.287845, 19.863308]]]}, "properties": {"layer": "meadow", "year": 2021, "sat": "S2B", "date": "2021-07-01", "area_ha": 10.26}}, {"type": "Feature", "geometry": {"type": "Polygon", "coordinates": [[[-16.506676, 19.859152], [-16.506666, 19.858068], [-16.50638, 19.858071], [-16.506382, 19.858342], [-16.506096, 19.858344], [-16.506101, 19.858886], [-16.506387, 19.858884], [-16.50639, 19.859155], [-16.506676, 19.859152]]]}, "properties": {"layer": "meadow", "year": 2021, "sat": "S2B", "date": "2021-07-01", "area_ha": 0.54}}, {"type": "Feature", "geometry": {"type": "Polygon", "coordinates": [[[-16.270062, 19.860725], [-16.27006, 19.860454], [-16.271492, 19.860443], [-16.27149, 19.860172], [-16.271203, 19.860174], [-16.271201, 19.859903], [-16.270915, 19.859905], [-16.270917, 19.860176], [-16.27063, 19.860178], [-16.270628, 19.859907], [-16.270342, 19.85991], [-16.270344, 19.860181], [-16.269771, 19.860185], [-16.269775, 19.860727], [-16.270062, 19.860725]]]}, "properties": {"layer": "meadow", "year": 2021, "sat": "S2B", "date": "2021-07-01", "area_ha": 0.81}}, {"type": "Feature", "geometry": {"type": "Polygon", "coordinates": [[[-16.447965, 19.860723], [-16.447963, 19.860452], [-16.448249, 19.86045], [-16.448247, 19.860179], [-16.448533, 19.860177], [-16.448531, 19.859906], [-16.449104, 19.859901], [-16.449101, 19.85963], [-16.449388, 19.859628], [-16.44938, 19.858814], [-16.449094, 19.858817], [-16.449091, 19.858546], [-16.448518, 19.85855], [-16.448516, 19.858279], [-16.448802, 19.858277], [-16.4488, 19.858006], [-16.448227, 19.858011], [-16.448225, 19.85774], [-16.44536, 19.857763], [-16.445358, 19.857492], [-16.444498, 19.857499], [-16.444501, 19.85777], [-16.443642, 19.857777], [-16.443646, 19.858319], [-16.443074, 19.858324], [-16.443076, 19.858595], [-16.442503, 19.858599], [-16.442506, 19.85887], [-16.442792, 19.858868], [-16.442794, 19.859139], [-16.442508, 19.859141], [-16.442513, 19.859683], [-16.442799, 19.859681], [-16.442802, 19.859952], [-16.443375, 19.859947], [-16.443377, 19.860218], [-16.444236, 19.860211], [-16.444239, 19.860482], [-16.445671, 19.860471], [-16.445674, 19.860742], [-16.447965, 19.860723]], [[-16.447671, 19.859913], [-16.447385, 19.859915], [-16.447382, 19.859644], [-16.447669, 19.859642], [-16.447671, 19.859913]], [[-16.445953, 19.859926], [-16.445666, 19.859929], [-16.445661, 19.859387], [-16.445948, 19.859384], [-16.445953, 19.859926]], [[-16.447666, 19.859371], [-16.447094, 19.859375], [-16.447089, 19.858833], [-16.447375, 19.858831], [-16.447378, 19.859102], [-16.447664, 19.859099], [-16.447666, 19.859371]], [[-16.445661, 19.859387], [-16.445375, 19.859389], [-16.44537, 19.858847], [-16.445656, 19.858845], [-16.445661, 19.859387]], [[-16.444516, 19.859396], [-16.443656, 19.859403], [-16.443654, 19.859132], [-16.444513, 19.859125], [-16.444516, 19.859396]], [[-16.4448, 19.859123], [-16.444513, 19.859125], [-16.444511, 19.858854], [-16.444797, 19.858852], [-16.4448, 19.859123]]]}, "properties": {"layer": "meadow", "year": 2021, "sat": "S2B", "date": "2021-07-01", "area_ha": 18.0}}, {"type": "Feature", "geometry": {"type": "Polygon", "coordinates": [[[-16.272345, 19.859624], [-16.272343, 19.859353], [-16.272056, 19.859355], [-16.272043, 19.857729], [-16.271757, 19.857731], [-16.271755, 19.85746], [-16.271468, 19.857462], [-16.27147, 19.857733], [-16.271184, 19.857735], [-16.271195, 19.85909], [-16.271481, 19.859088], [-16.271483, 19.859359], [-16.271197, 19.859361], [-16.271199, 19.859632], [-16.272345, 19.859624]]]}, "properties": {"layer": "meadow", "year": 2021, "sat": "S2B", "date": "2021-07-01", "area_ha": 1.98}}, {"type": "Feature", "geometry": {"type": "Polygon", "coordinates": [[[-16.281501, 19.858203], [-16.281497, 19.857661], [-16.28121, 19.857663], [-16.281208, 19.857392], [-16.280922, 19.857394], [-16.280919, 19.857123], [-16.280633, 19.857125], [-16.280635, 19.857396], [-16.280349, 19.857398], [-16.280351, 19.857669], [-16.280637, 19.857667], [-16.280639, 19.857938], [-16.281212, 19.857934], [-16.281215, 19.858205], [-16.281501, 19.858203]]]}, "properties": {"layer": "meadow", "year": 2021, "sat": "S2B", "date": "2021-07-01", "area_ha": 0.72}}, {"type": "Feature", "geometry": {"type": "Polygon", "coordinates": [[[-16.473703, 19.855905], [-16.4737, 19.855634], [-16.473987, 19.855631], [-16.473982, 19.855089], [-16.473695, 19.855092], [-16.473693, 19.854821], [-16.47312, 19.854825], [-16.473115, 19.854283], [-16.471969, 19.854293], [-16.471972, 19.854564], [-16.472545, 19.854559], [-16.47255, 19.855101], [-16.472836, 19.855099], [-16.472839, 19.85537], [-16.473125, 19.855367], [-16.473123, 19.855096], [-16.473409, 19.855094], [-16.473417, 19.855907], [-16.473703, 19.855905]]]}, "properties": {"layer": "meadow", "year": 2021, "sat": "S2B", "date": "2021-07-01", "area_ha": 1.44}}, {"type": "Feature", "geometry": {"type": "Polygon", "coordinates": [[[-16.495201, 19.857352], [-16.495193, 19.856539], [-16.495766, 19.856534], [-16.495764, 19.856263], [-16.496336, 19.856258], [-16.496326, 19.855174], [-16.49604, 19.855177], [-16.496037, 19.854906], [-16.495751, 19.854908], [-16.495748, 19.854637], [-16.496035, 19.854635], [-16.49603, 19.854092], [-16.496316, 19.85409], [-16.496314, 19.853819], [-16.495454, 19.853826], [-16.495457, 19.854097], [-16.494884, 19.854102], [-16.494887, 19.854373], [-16.4946, 19.854376], [-16.49461, 19.85546], [-16.494324, 19.855462], [-16.494329, 19.856004], [-16.494042, 19.856006], [-16.494048, 19.856548], [-16.493761, 19.856551], [-16.493759, 19.85628], [-16.493186, 19.856285], [-16.493188, 19.856556], [-16.492902, 19.856558], [-16.492907, 19.8571], [-16.493766, 19.857093], [-16.493764, 19.856822], [-16.49405, 19.856819], [-16.494053, 19.85709], [-16.494912, 19.857083], [-16.494914, 19.857354], [-16.495201, 19.857352]], [[-16.495191, 19.856268], [-16.494904, 19.85627], [-16.494899, 19.855728], [-16.495186, 19.855726], [-16.495191, 19.856268]], [[-16.496042, 19.855448], [-16.495756, 19.85545], [-16.495753, 19.855179], [-16.49604, 19.855177], [-16.496042, 19.855448]]]}, "properties": {"layer": "meadow", "year": 2021, "sat": "S2B", "date": "2021-07-01", "area_ha": 6.3}}, {"type": "Feature", "geometry": {"type": "Polygon", "coordinates": [[[-16.46567, 19.854616], [-16.465663, 19.853803], [-16.465949, 19.8538], [-16.465947, 19.853529], [-16.46566, 19.853532], [-16.465658, 19.853261], [-16.465371, 19.853263], [-16.465374, 19.853534], [-16.465087, 19.853536], [-16.465092, 19.854078], [-16.465379, 19.854076], [-16.465384, 19.854618], [-16.46567, 19.854616]]]}, "properties": {"layer": "meadow", "year": 2021, "sat": "S2B", "date": "2021-07-01", "area_ha": 0.72}}, {"type": "Feature", "geometry": {"type": "Polygon", "coordinates": [[[-16.270027, 19.856388], [-16.270025, 19.856117], [-16.270312, 19.856115], [-16.270309, 19.855844], [-16.272028, 19.855832], [-16.272024, 19.85529], [-16.271737, 19.855292], [-16.271725, 19.853665], [-16.271438, 19.853667], [-16.271436, 19.853396], [-16.271149, 19.853398], [-16.271152, 19.85367], [-16.270865, 19.853672], [-16.270878, 19.855298], [-16.270305, 19.855302], [-16.270303, 19.855031], [-16.270017, 19.855033], [-16.270019, 19.855304], [-16.269732, 19.855306], [-16.269741, 19.85639], [-16.270027, 19.856388]]]}, "properties": {"layer": "meadow", "year": 2021, "sat": "S2B", "date": "2021-07-01", "area_ha": 3.51}}, {"type": "Feature", "geometry": {"type": "Polygon", "coordinates": [[[-16.464604, 19.863298], [-16.464599, 19.862756], [-16.46374, 19.862763], [-16.463735, 19.862221], [-16.463162, 19.862225], [-16.463152, 19.861141], [-16.462866, 19.861144], [-16.462856, 19.86006], [-16.462569, 19.860062], [-16.462567, 19.859791], [-16.46228, 19.859793], [-16.462273, 19.85898], [-16.461986, 19.858983], [-16.461984, 19.858712], [-16.461697, 19.858714], [-16.461695, 19.858443], [-16.461981, 19.858441], [-16.461979, 19.85817], [-16.461406, 19.858174], [-16.461411, 19.858716], [-16.460838, 19.858721], [-16.460831, 19.857908], [-16.460544, 19.85791], [-16.460547, 19.858181], [-16.46026, 19.858184], [-16.46025, 19.8571], [-16.459964, 19.857102], [-16.459971, 19.857915], [-16.459685, 19.857917], [-16.459687, 19.858188], [-16.458542, 19.858198], [-16.458539, 19.857927], [-16.458253, 19.857929], [-16.458248, 19.857387], [-16.457961, 19.857389], [-16.457959, 19.857118], [-16.458245, 19.857116], [-16.45824, 19.856574], [-16.457954, 19.856576], [-16.457949, 19.856034], [-16.458235, 19.856032], [-16.458233, 19.855761], [-16.459092, 19.855754], [-16.45909, 19.855483], [-16.459376, 19.85548], [-16.459374, 19.855209], [-16.45966, 19.855207], [-16.459653, 19.854394], [-16.459939, 19.854392], [-16.459937, 19.854121], [-16.460223, 19.854118], [-16.460218, 19.853576], [-16.460791, 19.853572], [-16.460788, 19.853301], [-16.460502, 19.853303], [-16.460497, 19.852761], [-16.461643, 19.852752], [-16.461638, 19.85221], [-16.462211, 19.852205], [-16.462208, 19.851934], [-16.461349, 19.851941], [-16.461351, 19.852212], [-16.461065, 19.852214], [-16.461067, 19.852485], [-16.460781, 19.852488], [-16.460776, 19.851946], [-16.46049, 19.851948], [-16.460492, 19.852219], [-16.460206, 19.852221], [-16.460213, 19.853034], [-16.45964, 19.853039], [-16.459645, 19.853581], [-16.459359, 19.853583], [-16.459361, 19.853854], [-16.458788, 19.853859], [-16.458791, 19.85413], [-16.458218, 19.854135], [-16.458223, 19.854677], [-16.458509, 19.854674], [-16.458507, 19.854403], [-16.458793, 19.854401], [-16.458796, 19.854672], [-16.459082, 19.85467], [-16.459085, 19.854941], [-16.458512, 19.854945], [-16.458514, 19.855217], [-16.457655, 19.855224], [-16.45766, 19.855766], [-16.457373, 19.855768], [-16.457378, 19.85631], [-16.457092, 19.856312], [-16.457104, 19.857667], [-16.457391, 19.857665], [-16.457393, 19.857936], [-16.45682, 19.857941], [-16.456818, 19.85767], [-16.456531, 19.857672], [-16.456536, 19.858214], [-16.457396, 19.858207], [-16.457401, 19.858749], [-16.457687, 19.858747], [-16.45769, 19.859018], [-16.457403, 19.85902], [-16.457406, 19.859291], [-16.457692, 19.859289], [-16.457695, 19.85956], [-16.457981, 19.859557], [-16.457986, 19.860099], [-16.458272, 19.860097], [-16.458275, 19.860368], [-16.457988, 19.860371], [-16.457991, 19.860642], [-16.457704, 19.860644], [-16.457707, 19.860915], [-16.457993, 19.860913], [-16.458003, 19.861997], [-16.45829, 19.861994], [-16.458292, 19.862265], [-16.458865, 19.862261], [-16.45887, 19.862803], [-16.459157, 19.8628], [-16.459154, 19.862529], [-16.459441, 19.862527], [-16.459443, 19.862798], [-16.459729, 19.862796], [-16.459734, 19.863338], [-16.460021, 19.863335], [-16.460016, 19.862793], [-16.460302, 19.862791], [-16.4603, 19.86252], [-16.460586, 19.862518], [-16.460589, 19.862789], [-16.461162, 19.862784], [-16.461154, 19.861971], [-16.460868, 19.861973], [-16.460858, 19.860889], [-16.461144, 19.860887], [-16.461149, 19.861429], [-16.461436, 19.861426], [-16.461433, 19.861155], [-16.462006, 19.861151], [-16.462009, 19.861422], [-16.462295, 19.861419], [-16.462298, 19.86169], [-16.46287, 19.861686], [-16.462878, 19.862499], [-16.462305, 19.862503], [-16.462308, 19.862774], [-16.463167, 19.862767], [-16.463172, 19.863309], [-16.463745, 19.863305], [-16.463742, 19.863034], [-16.464315, 19.863029], [-16.464318, 19.8633], [-16.464604, 19.863298]], [[-16.460873, 19.862515], [-16.460586, 19.862518], [-16.460584, 19.862247], [-16.46087, 19.862244], [-16.460873, 19.862515]], [[-16.46085, 19.860076], [-16.460564, 19.860078], [-16.460559, 19.859536], [-16.460845, 19.859534], [-16.46085, 19.860076]], [[-16.458267, 19.859555], [-16.457981, 19.859557], [-16.457979, 19.859286], [-16.458265, 19.859284], [-16.458267, 19.859555]], [[-16.460841, 19.858992], [-16.460554, 19.858994], [-16.460552, 19.858723], [-16.460838, 19.858721], [-16.460841, 19.858992]]]}, "properties": {"layer": "meadow", "year": 2021, "sat": "S2B", "date": "2021-07-01", "area_ha": 31.14}}, {"type": "Feature", "geometry": {"type": "Polygon", "coordinates": [[[-16.423857, 19.855768], [-16.423855, 19.855497], [-16.42586, 19.855481], [-16.425858, 19.85521], [-16.426144, 19.855207], [-16.426139, 19.854665], [-16.426426, 19.854663], [-16.426421, 19.854121], [-16.426134, 19.854123], [-16.42613, 19.853581], [-16.42527, 19.853588], [-16.425265, 19.853046], [-16.424979, 19.853048], [-16.424974, 19.852506], [-16.424401, 19.852511], [-16.424394, 19.851698], [-16.42468, 19.851696], [-16.424673, 19.850883], [-16.424387, 19.850885], [-16.424384, 19.850614], [-16.424098, 19.850616], [-16.4241, 19.850887], [-16.422955, 19.850896], [-16.422957, 19.851167], [-16.422098, 19.851174], [-16.422102, 19.851716], [-16.422389, 19.851714], [-16.422394, 19.852256], [-16.422107, 19.852258], [-16.42211, 19.852529], [-16.422396, 19.852527], [-16.422399, 19.852798], [-16.422112, 19.8528], [-16.422115, 19.853071], [-16.421542, 19.853076], [-16.421539, 19.852805], [-16.421253, 19.852807], [-16.421255, 19.853078], [-16.420969, 19.85308], [-16.420971, 19.853351], [-16.421258, 19.853349], [-16.42126, 19.85362], [-16.421547, 19.853618], [-16.421544, 19.853347], [-16.422117, 19.853342], [-16.422122, 19.853884], [-16.421835, 19.853887], [-16.421838, 19.854158], [-16.420692, 19.854167], [-16.420697, 19.854709], [-16.420983, 19.854707], [-16.420986, 19.854978], [-16.421559, 19.854973], [-16.421556, 19.854702], [-16.421843, 19.8547], [-16.42184, 19.854429], [-16.422127, 19.854426], [-16.422131, 19.854968], [-16.421845, 19.854971], [-16.421847, 19.855242], [-16.422134, 19.855239], [-16.422136, 19.85551], [-16.422996, 19.855504], [-16.422998, 19.855775], [-16.423857, 19.855768]], [[-16.425562, 19.854128], [-16.425275, 19.85413], [-16.425273, 19.853859], [-16.425559, 19.853857], [-16.425562, 19.854128]], [[-16.422411, 19.854153], [-16.422124, 19.854155], [-16.422122, 19.853884], [-16.422408, 19.853882], [-16.422411, 19.854153]]]}, "properties": {"layer": "meadow", "year": 2021, "sat": "S2B", "date": "2021-07-01", "area_ha": 18.63}}, {"type": "Feature", "geometry": {"type": "Polygon", "coordinates": [[[-16.464208, 19.851375], [-16.464201, 19.850562], [-16.463914, 19.850565], [-16.463912, 19.850294], [-16.463339, 19.850298], [-16.463337, 19.850027], [-16.462764, 19.850032], [-16.462769, 19.850574], [-16.461909, 19.850581], [-16.461917, 19.851394], [-16.462203, 19.851392], [-16.462201, 19.851121], [-16.462774, 19.851116], [-16.462771, 19.850845], [-16.463344, 19.85084], [-16.463341, 19.850569], [-16.463628, 19.850567], [-16.463635, 19.85138], [-16.464208, 19.851375]]]}, "properties": {"layer": "meadow", "year": 2021, "sat": "S2B", "date": "2021-07-01", "area_ha": 1.89}}, {"type": "Feature", "geometry": {"type": "Polygon", "coordinates": [[[-16.377129, 19.851798], [-16.377127, 19.851527], [-16.377413, 19.851525], [-16.377411, 19.851254], [-16.377697, 19.851252], [-16.377695, 19.850981], [-16.377981, 19.850978], [-16.377979, 19.850707], [-16.377693, 19.85071], [-16.37769, 19.850439], [-16.377404, 19.850441], [-16.377406, 19.850712], [-16.37712, 19.850714], [-16.377122, 19.850985], [-16.376836, 19.850987], [-16.376838, 19.851258], [-16.376552, 19.851261], [-16.376554, 19.851532], [-16.37684, 19.851529], [-16.376843, 19.8518], [-16.377129, 19.851798]]]}, "properties": {"layer": "meadow", "year": 2021, "sat": "S2B", "date": "2021-07-01", "area_ha": 0.99}}, {"type": "Feature", "geometry": {"type": "Polygon", "coordinates": [[[-16.373694, 19.852096], [-16.373692, 19.851825], [-16.373978, 19.851822], [-16.373976, 19.851551], [-16.374262, 19.851549], [-16.37426, 19.851278], [-16.374546, 19.851276], [-16.374542, 19.850734], [-16.374828, 19.850732], [-16.374826, 19.850461], [-16.374253, 19.850465], [-16.374255, 19.850736], [-16.373969, 19.850738], [-16.373974, 19.85128], [-16.373687, 19.851283], [-16.37369, 19.851554], [-16.373403, 19.851556], [-16.373408, 19.852098], [-16.373694, 19.852096]]]}, "properties": {"layer": "meadow", "year": 2021, "sat": "S2B", "date": "2021-07-01", "area_ha": 0.99}}, {"type": "Feature", "geometry": {"type": "Polygon", "coordinates": [[[-16.465058, 19.850284], [-16.46505, 19.849471], [-16.465337, 19.849469], [-16.465334, 19.849198], [-16.465048, 19.8492], [-16.465045, 19.848929], [-16.464759, 19.848931], [-16.464761, 19.849202], [-16.464475, 19.849205], [-16.464485, 19.850289], [-16.465058, 19.850284]]]}, "properties": {"layer": "meadow", "year": 2021, "sat": "S2B", "date": "2021-07-01", "area_ha": 0.9}}, {"type": "Feature", "geometry": {"type": "Polygon", "coordinates": [[[-16.375399, 19.850456], [-16.375394, 19.849914], [-16.375681, 19.849912], [-16.375678, 19.849641], [-16.374819, 19.849648], [-16.374821, 19.849919], [-16.375108, 19.849916], [-16.37511, 19.850187], [-16.374824, 19.85019], [-16.374826, 19.850461], [-16.375399, 19.850456]]]}, "properties": {"layer": "meadow", "year": 2021, "sat": "S2B", "date": "2021-07-01", "area_ha": 0.54}}, {"type": "Feature", "geometry": {"type": "Polygon", "coordinates": [[[-16.47364, 19.849129], [-16.473635, 19.848587], [-16.474208, 19.848583], [-16.474206, 19.848312], [-16.473919, 19.848314], [-16.473917, 19.848043], [-16.47363, 19.848045], [-16.473633, 19.848316], [-16.47306, 19.848321], [-16.473063, 19.848592], [-16.473349, 19.84859], [-16.473354, 19.849132], [-16.47364, 19.849129]]]}, "properties": {"layer": "meadow", "year": 2021, "sat": "S2B", "date": "2021-07-01", "area_ha": 0.63}}, {"type": "Feature", "geometry": {"type": "Polygon", "coordinates": [[[-16.269133, 19.852058], [-16.269131, 19.851787], [-16.269418, 19.851784], [-16.269416, 19.851513], [-16.270561, 19.851505], [-16.270559, 19.851234], [-16.270273, 19.851236], [-16.270269, 19.850694], [-16.269982, 19.850696], [-16.269976, 19.849883], [-16.269689, 19.849885], [-16.269687, 19.849614], [-16.269401, 19.849616], [-16.269398, 19.849345], [-16.268825, 19.849349], [-16.268828, 19.84962], [-16.268541, 19.849622], [-16.268545, 19.850164], [-16.268832, 19.850162], [-16.268836, 19.850704], [-16.26855, 19.850706], [-16.268552, 19.850977], [-16.268838, 19.850975], [-16.268841, 19.851246], [-16.268554, 19.851249], [-16.268558, 19.851791], [-16.268845, 19.851789], [-16.268847, 19.85206], [-16.269133, 19.852058]]]}, "properties": {"layer": "meadow", "year": 2021, "sat": "S2B", "date": "2021-07-01", "area_ha": 3.69}}, {"type": "Feature", "geometry": {"type": "Polygon", "coordinates": [[[-16.268813, 19.847723], [-16.268804, 19.846639], [-16.268517, 19.846641], [-16.268515, 19.84637], [-16.267083, 19.84638], [-16.267085, 19.846651], [-16.267372, 19.846649], [-16.267378, 19.847462], [-16.267665, 19.84746], [-16.267662, 19.847189], [-16.267949, 19.847187], [-16.267951, 19.847458], [-16.268237, 19.847456], [-16.26824, 19.847727], [-16.268813, 19.847723]]]}, "properties": {"layer": "meadow", "year": 2021, "sat": "S2B", "date": "2021-07-01", "area_ha": 1.89}}, {"type": "Feature", "geometry": {"type": "Polygon", "coordinates": [[[-16.510824, 19.843397], [-16.510821, 19.843126], [-16.511108, 19.843124], [-16.511105, 19.842853], [-16.510246, 19.84286], [-16.510249, 19.843131], [-16.509389, 19.843139], [-16.509392, 19.84341], [-16.510824, 19.843397]]]}, "properties": {"layer": "meadow", "year": 2021, "sat": "S2B", "date": "2021-07-01", "area_ha": 0.72}}, {"type": "Feature", "geometry": {"type": "Polygon", "coordinates": [[[-16.509093, 19.842057], [-16.50909, 19.841786], [-16.509377, 19.841784], [-16.509374, 19.841513], [-16.509947, 19.841508], [-16.509942, 19.840966], [-16.509655, 19.840968], [-16.509658, 19.841239], [-16.509085, 19.841244], [-16.509083, 19.840973], [-16.50851, 19.840978], [-16.508515, 19.84152], [-16.508801, 19.841517], [-16.508806, 19.842059], [-16.509093, 19.842057]]]}, "properties": {"layer": "meadow", "year": 2021, "sat": "S2B", "date": "2021-07-01", "area_ha": 0.99}}, {"type": "Feature", "geometry": {"type": "Polygon", "coordinates": [[[-16.506817, 19.843702], [-16.506814, 19.843431], [-16.508246, 19.843419], [-16.508241, 19.842877], [-16.508814, 19.842872], [-16.508809, 19.84233], [-16.508236, 19.842335], [-16.508234, 19.842064], [-16.507947, 19.842067], [-16.507945, 19.841796], [-16.507372, 19.8418], [-16.507369, 19.841529], [-16.506796, 19.841534], [-16.506794, 19.841263], [-16.506507, 19.841266], [-16.506505, 19.840995], [-16.506218, 19.840997], [-16.506221, 19.841268], [-16.505648, 19.841273], [-16.505646, 19.841002], [-16.505932, 19.841], [-16.505927, 19.840458], [-16.505354, 19.840462], [-16.505357, 19.840733], [-16.504784, 19.840738], [-16.504792, 19.841551], [-16.504505, 19.841554], [-16.504503, 19.841283], [-16.503357, 19.841292], [-16.503354, 19.841021], [-16.502782, 19.841026], [-16.502787, 19.841568], [-16.503359, 19.841563], [-16.503362, 19.841834], [-16.503648, 19.841832], [-16.503651, 19.842103], [-16.503937, 19.842101], [-16.50394, 19.842372], [-16.505372, 19.842359], [-16.505375, 19.84263], [-16.505661, 19.842628], [-16.505666, 19.84317], [-16.506525, 19.843163], [-16.50653, 19.843705], [-16.506817, 19.843702]]]}, "properties": {"layer": "meadow", "year": 2021, "sat": "S2B", "date": "2021-07-01", "area_ha": 9.72}}, {"type": "Feature", "geometry": {"type": "Polygon", "coordinates": [[[-16.506786, 19.84045], [-16.506784, 19.840179], [-16.507356, 19.840174], [-16.507354, 19.839903], [-16.507067, 19.839906], [-16.507065, 19.839635], [-16.506206, 19.839642], [-16.506208, 19.839913], [-16.506495, 19.839911], [-16.5065, 19.840453], [-16.506786, 19.84045]]]}, "properties": {"layer": "meadow", "year": 2021, "sat": "S2B", "date": "2021-07-01", "area_ha": 0.63}}, {"type": "Feature", "geometry": {"type": "Polygon", "coordinates": [[[-16.266472, 19.841505], [-16.266469, 19.841234], [-16.266183, 19.841236], [-16.266181, 19.840965], [-16.265894, 19.840967], [-16.265892, 19.840696], [-16.265319, 19.8407], [-16.265321, 19.840971], [-16.265608, 19.840969], [-16.26561, 19.84124], [-16.265896, 19.841238], [-16.265899, 19.841509], [-16.266472, 19.841505]]]}, "properties": {"layer": "meadow", "year": 2021, "sat": "S2B", "date": "2021-07-01", "area_ha": 0.54}}, {"type": "Feature", "geometry": {"type": "Polygon", "coordinates": [[[-16.506203, 19.839371], [-16.506201, 19.8391], [-16.506773, 19.839095], [-16.506771, 19.838824], [-16.506484, 19.838827], [-16.506482, 19.838556], [-16.506195, 19.838558], [-16.506193, 19.838287], [-16.505907, 19.838289], [-16.505909, 19.83856], [-16.505623, 19.838563], [-16.505625, 19.838834], [-16.505339, 19.838836], [-16.505341, 19.839107], [-16.505914, 19.839102], [-16.505917, 19.839373], [-16.506203, 19.839371]]]}, "properties": {"layer": "meadow", "year": 2021, "sat": "S2B", "date": "2021-07-01", "area_ha": 0.9}}, {"type": "Feature", "geometry": {"type": "Polygon", "coordinates": [[[-16.265319, 19.8407], [-16.265317, 19.840429], [-16.265604, 19.840427], [-16.265601, 19.840156], [-16.265315, 19.840158], [-16.265313, 19.839887], [-16.265026, 19.839889], [-16.265024, 19.839618], [-16.264738, 19.83962], [-16.264736, 19.839349], [-16.264163, 19.839353], [-16.264165, 19.839624], [-16.264451, 19.839622], [-16.264454, 19.839893], [-16.26474, 19.839891], [-16.264744, 19.840433], [-16.265031, 19.840431], [-16.265033, 19.840702], [-16.265319, 19.8407]]]}, "properties": {"layer": "meadow", "year": 2021, "sat": "S2B", "date": "2021-07-01", "area_ha": 0.9}}, {"type": "Feature", "geometry": {"type": "Polygon", "coordinates": [[[-16.456652, 19.839512], [-16.45665, 19.839241], [-16.456936, 19.839238], [-16.456931, 19.838696], [-16.457218, 19.838694], [-16.457215, 19.838423], [-16.457502, 19.83842], [-16.457492, 19.837336], [-16.456919, 19.837341], [-16.456924, 19.837883], [-16.456351, 19.837888], [-16.456356, 19.83843], [-16.455783, 19.838435], [-16.455786, 19.838706], [-16.456072, 19.838703], [-16.456079, 19.839516], [-16.456652, 19.839512]], [[-16.456647, 19.83897], [-16.456361, 19.838972], [-16.456358, 19.838701], [-16.456645, 19.838699], [-16.456647, 19.83897]], [[-16.456931, 19.838696], [-16.456645, 19.838699], [-16.456642, 19.838427], [-16.456929, 19.838425], [-16.456931, 19.838696]]]}, "properties": {"layer": "meadow", "year": 2021, "sat": "S2B", "date": "2021-07-01", "area_ha": 2.07}}, {"type": "Feature", "geometry": {"type": "Polygon", "coordinates": [[[-16.510804, 19.841229], [-16.510798, 19.840687], [-16.511085, 19.840685], [-16.511077, 19.839872], [-16.511364, 19.839869], [-16.511361, 19.839598], [-16.511647, 19.839596], [-16.511645, 19.839325], [-16.511931, 19.839323], [-16.511929, 19.839052], [-16.512215, 19.839049], [-16.512212, 19.838778], [-16.513072, 19.838771], [-16.513069, 19.8385], [-16.513355, 19.838497], [-16.513353, 19.838226], [-16.513926, 19.838222], [-16.513923, 19.837951], [-16.51421, 19.837948], [-16.514207, 19.837677], [-16.514493, 19.837675], [-16.514488, 19.837133], [-16.513915, 19.837138], [-16.513918, 19.837409], [-16.513345, 19.837413], [-16.51334, 19.836871], [-16.513054, 19.836874], [-16.513051, 19.836603], [-16.512765, 19.836605], [-16.512762, 19.836334], [-16.51133, 19.836346], [-16.511333, 19.836617], [-16.511046, 19.83662], [-16.511049, 19.836891], [-16.511335, 19.836888], [-16.511338, 19.837159], [-16.510765, 19.837164], [-16.510768, 19.837435], [-16.510195, 19.83744], [-16.510197, 19.837711], [-16.509911, 19.837714], [-16.509914, 19.837985], [-16.509627, 19.837987], [-16.509637, 19.839071], [-16.509924, 19.839069], [-16.509926, 19.83934], [-16.510213, 19.839337], [-16.510215, 19.839608], [-16.510502, 19.839606], [-16.510504, 19.839877], [-16.510218, 19.839879], [-16.510226, 19.840692], [-16.509939, 19.840695], [-16.509942, 19.840966], [-16.510228, 19.840963], [-16.510231, 19.841234], [-16.510804, 19.841229]], [[-16.511077, 19.839872], [-16.510791, 19.839874], [-16.510788, 19.839603], [-16.511075, 19.839601], [-16.511077, 19.839872]], [[-16.511064, 19.838517], [-16.510491, 19.838522], [-16.510486, 19.83798], [-16.511059, 19.837975], [-16.511064, 19.838517]], [[-16.510203, 19.838253], [-16.509916, 19.838256], [-16.509914, 19.837985], [-16.5102, 19.837982], [-16.510203, 19.838253]]]}, "properties": {"layer": "meadow", "year": 2021, "sat": "S2B", "date": "2021-07-01", "area_ha": 11.88}}, {"type": "Feature", "geometry": {"type": "Polygon", "coordinates": [[[-16.4592, 19.836238], [-16.459193, 19.835425], [-16.458906, 19.835428], [-16.458909, 19.835699], [-16.45805, 19.835706], [-16.458052, 19.835977], [-16.458625, 19.835972], [-16.458627, 19.836243], [-16.4592, 19.836238]]]}, "properties": {"layer": "meadow", "year": 2021, "sat": "S2B", "date": "2021-07-01", "area_ha": 0.63}}, {"type": "Feature", "geometry": {"type": "Polygon", "coordinates": [[[-16.455781, 19.838163], [-16.455776, 19.837621], [-16.456062, 19.837619], [-16.45606, 19.837348], [-16.456346, 19.837346], [-16.456344, 19.837075], [-16.456916, 19.83707], [-16.456906, 19.835986], [-16.457193, 19.835984], [-16.45719, 19.835713], [-16.456331, 19.83572], [-16.456329, 19.835449], [-16.455756, 19.835453], [-16.455766, 19.836537], [-16.456052, 19.836535], [-16.456057, 19.837077], [-16.455771, 19.837079], [-16.455773, 19.83735], [-16.455487, 19.837353], [-16.455484, 19.837082], [-16.454912, 19.837086], [-16.454914, 19.837357], [-16.4552, 19.837355], [-16.455203, 19.837626], [-16.454916, 19.837628], [-16.454921, 19.83817], [-16.455208, 19.838168], [-16.455205, 19.837897], [-16.455492, 19.837895], [-16.455494, 19.838166], [-16.455781, 19.838163]], [[-16.456625, 19.83653], [-16.456052, 19.836535], [-16.456047, 19.835993], [-16.45662, 19.835988], [-16.456625, 19.83653]]]}, "properties": {"layer": "meadow", "year": 2021, "sat": "S2B", "date": "2021-07-01", "area_ha": 2.61}}, {"type": "Feature", "geometry": {"type": "Polygon", "coordinates": [[[-16.254454, 19.843217], [-16.25445, 19.842675], [-16.254736, 19.842673], [-16.254734, 19.842402], [-16.25502, 19.842399], [-16.255018, 19.842128], [-16.255305, 19.842126], [-16.255298, 19.841313], [-16.255871, 19.841309], [-16.255867, 19.840767], [-16.256153, 19.840765], [-16.256151, 19.840494], [-16.256438, 19.840492], [-16.256431, 19.839679], [-16.256718, 19.839677], [-16.256716, 19.839406], [-16.256143, 19.83941], [-16.256134, 19.838326], [-16.256707, 19.838322], [-16.256711, 19.838864], [-16.257284, 19.83886], [-16.25728, 19.838318], [-16.257566, 19.838316], [-16.257562, 19.837774], [-16.257276, 19.837776], [-16.257274, 19.837505], [-16.256987, 19.837507], [-16.256985, 19.837236], [-16.256412, 19.83724], [-16.25641, 19.836969], [-16.256983, 19.836965], [-16.256979, 19.836422], [-16.256119, 19.836429], [-16.256117, 19.836157], [-16.256404, 19.836155], [-16.256399, 19.835613], [-16.256113, 19.835615], [-16.256111, 19.835344], [-16.255824, 19.835346], [-16.255826, 19.835617], [-16.25554, 19.835619], [-16.255544, 19.836162], [-16.255831, 19.83616], [-16.255833, 19.836431], [-16.255546, 19.836433], [-16.255549, 19.836704], [-16.255262, 19.836706], [-16.255269, 19.837519], [-16.254982, 19.837521], [-16.254999, 19.839689], [-16.255572, 19.839685], [-16.255574, 19.839956], [-16.255861, 19.839954], [-16.255863, 19.840225], [-16.254717, 19.840233], [-16.254719, 19.840504], [-16.254433, 19.840506], [-16.254435, 19.840777], [-16.254148, 19.840779], [-16.25415, 19.84105], [-16.254437, 19.841048], [-16.254439, 19.841319], [-16.254153, 19.841321], [-16.254161, 19.842406], [-16.253875, 19.842408], [-16.253877, 19.842679], [-16.254163, 19.842677], [-16.254167, 19.843219], [-16.254454, 19.843217]], [[-16.255559, 19.838059], [-16.255273, 19.838061], [-16.255271, 19.83779], [-16.255557, 19.837788], [-16.255559, 19.838059]], [[-16.255844, 19.837786], [-16.255557, 19.837788], [-16.255555, 19.837517], [-16.255841, 19.837515], [-16.255844, 19.837786]]]}, "properties": {"layer": "meadow", "year": 2021, "sat": "S2B", "date": "2021-07-01", "area_ha": 11.43}}, {"type": "Feature", "geometry": {"type": "Polygon", "coordinates": [[[-16.259541, 19.834507], [-16.259537, 19.833965], [-16.259251, 19.833967], [-16.259249, 19.833696], [-16.258962, 19.833698], [-16.258964, 19.833969], [-16.258391, 19.833973], [-16.258394, 19.834244], [-16.258966, 19.83424], [-16.258969, 19.834511], [-16.259541, 19.834507]]]}, "properties": {"layer": "meadow", "year": 2021, "sat": "S2B", "date": "2021-07-01", "area_ha": 0.63}}, {"type": "Feature", "geometry": {"type": "Polygon", "coordinates": [[[-16.257838, 19.836416], [-16.257834, 19.835874], [-16.25812, 19.835872], [-16.258118, 19.835601], [-16.257831, 19.835603], [-16.257821, 19.834248], [-16.257534, 19.83425], [-16.257532, 19.833979], [-16.257246, 19.833981], [-16.257248, 19.834252], [-16.256675, 19.834256], [-16.256669, 19.833443], [-16.256382, 19.833445], [-16.256384, 19.833716], [-16.256098, 19.833718], [-16.2561, 19.833989], [-16.256387, 19.833987], [-16.256389, 19.834258], [-16.256102, 19.83426], [-16.256106, 19.834802], [-16.256393, 19.8348], [-16.256395, 19.835071], [-16.256681, 19.835069], [-16.256686, 19.835611], [-16.256972, 19.835609], [-16.256974, 19.83588], [-16.257547, 19.835876], [-16.257551, 19.836418], [-16.257838, 19.836416]]]}, "properties": {"layer": "meadow", "year": 2021, "sat": "S2B", "date": "2021-07-01", "area_ha": 3.24}}, {"type": "Feature", "geometry": {"type": "Polygon", "coordinates": [[[-16.288973, 19.825623], [-16.288971, 19.825352], [-16.289257, 19.82535], [-16.289255, 19.825079], [-16.289542, 19.825077], [-16.289539, 19.824806], [-16.290112, 19.824802], [-16.290106, 19.823989], [-16.289819, 19.823991], [-16.289817, 19.82372], [-16.289531, 19.823722], [-16.289526, 19.82318], [-16.28924, 19.823182], [-16.289246, 19.823995], [-16.28896, 19.823997], [-16.288967, 19.82481], [-16.28868, 19.824812], [-16.288678, 19.824541], [-16.288392, 19.824543], [-16.288389, 19.824272], [-16.288103, 19.824274], [-16.288101, 19.824003], [-16.287814, 19.824005], [-16.287817, 19.824276], [-16.28753, 19.824278], [-16.287532, 19.824549], [-16.287819, 19.824547], [-16.287821, 19.824818], [-16.288107, 19.824816], [-16.288112, 19.825358], [-16.288398, 19.825356], [-16.2884, 19.825627], [-16.288973, 19.825623]]]}, "properties": {"layer": "meadow", "year": 2021, "sat": "S2B", "date": "2021-07-01", "area_ha": 3.06}}, {"type": "Feature", "geometry": {"type": "Polygon", "coordinates": [[[-16.479397, 19.821165], [-16.479392, 19.820623], [-16.479965, 19.820618], [-16.479959, 19.820076], [-16.479673, 19.820079], [-16.479676, 19.82035], [-16.479103, 19.820354], [-16.47911, 19.821167], [-16.479397, 19.821165]]]}, "properties": {"layer": "meadow", "year": 2021, "sat": "S2B", "date": "2021-07-01", "area_ha": 0.54}}, {"type": "Feature", "geometry": {"type": "Polygon", "coordinates": [[[-16.256015, 19.823148], [-16.256013, 19.822877], [-16.256299, 19.822875], [-16.256295, 19.822332], [-16.256581, 19.82233], [-16.256579, 19.822059], [-16.256866, 19.822057], [-16.256863, 19.821786], [-16.256291, 19.82179], [-16.256293, 19.822061], [-16.256006, 19.822063], [-16.256011, 19.822605], [-16.255724, 19.822607], [-16.255728, 19.82315], [-16.256015, 19.823148]]]}, "properties": {"layer": "meadow", "year": 2021, "sat": "S2B", "date": "2021-07-01", "area_ha": 0.72}}, {"type": "Feature", "geometry": {"type": "Polygon", "coordinates": [[[-16.441845, 19.817407], [-16.441842, 19.817136], [-16.442129, 19.817133], [-16.442126, 19.816862], [-16.442413, 19.81686], [-16.44241, 19.816589], [-16.442124, 19.816591], [-16.442121, 19.81632], [-16.441549, 19.816325], [-16.441551, 19.816596], [-16.441837, 19.816594], [-16.44184, 19.816865], [-16.441553, 19.816867], [-16.441558, 19.817409], [-16.441845, 19.817407]]]}, "properties": {"layer": "meadow", "year": 2021, "sat": "S2B", "date": "2021-07-01", "area_ha": 0.63}}, {"type": "Feature", "geometry": {"type": "Polygon", "coordinates": [[[-16.436406, 19.817722], [-16.436401, 19.817179], [-16.436974, 19.817175], [-16.436969, 19.816633], [-16.436683, 19.816635], [-16.43668, 19.816364], [-16.436108, 19.816369], [-16.436115, 19.817182], [-16.435828, 19.817184], [-16.435833, 19.817726], [-16.436406, 19.817722]], [[-16.436685, 19.816906], [-16.436399, 19.816908], [-16.436396, 19.816637], [-16.436683, 19.816635], [-16.436685, 19.816906]]]}, "properties": {"layer": "meadow", "year": 2021, "sat": "S2B", "date": "2021-07-01", "area_ha": 0.99}}, {"type": "Feature", "geometry": {"type": "Polygon", "coordinates": [[[-16.438137, 19.819063], [-16.438129, 19.81825], [-16.438416, 19.818247], [-16.438418, 19.818518], [-16.439277, 19.818512], [-16.439275, 19.81824], [-16.439561, 19.818238], [-16.439559, 19.817967], [-16.439845, 19.817965], [-16.439843, 19.817694], [-16.440129, 19.817692], [-16.440126, 19.817421], [-16.440413, 19.817418], [-16.44042, 19.818231], [-16.440707, 19.818229], [-16.440704, 19.817958], [-16.44099, 19.817956], [-16.440988, 19.817685], [-16.441274, 19.817682], [-16.441277, 19.817953], [-16.44185, 19.817949], [-16.441847, 19.817678], [-16.441561, 19.81768], [-16.441558, 19.817409], [-16.440699, 19.817416], [-16.440697, 19.817145], [-16.440983, 19.817143], [-16.440981, 19.816872], [-16.440408, 19.816876], [-16.440403, 19.816334], [-16.440689, 19.816332], [-16.440687, 19.816061], [-16.439542, 19.81607], [-16.439544, 19.816341], [-16.438971, 19.816346], [-16.438974, 19.816617], [-16.438401, 19.816621], [-16.438398, 19.81635], [-16.437826, 19.816355], [-16.437828, 19.816626], [-16.437542, 19.816628], [-16.437544, 19.816899], [-16.437258, 19.816902], [-16.43726, 19.817173], [-16.436974, 19.817175], [-16.436976, 19.817446], [-16.43669, 19.817448], [-16.436692, 19.817719], [-16.436979, 19.817717], [-16.436984, 19.818259], [-16.437556, 19.818254], [-16.437554, 19.817983], [-16.43784, 19.817981], [-16.437848, 19.818794], [-16.437561, 19.818796], [-16.437564, 19.819067], [-16.438137, 19.819063]], [[-16.438988, 19.818243], [-16.438702, 19.818245], [-16.438697, 19.817703], [-16.438983, 19.817701], [-16.438988, 19.818243]], [[-16.438413, 19.817976], [-16.438127, 19.817979], [-16.438124, 19.817708], [-16.438411, 19.817705], [-16.438413, 19.817976]], [[-16.437838, 19.81771], [-16.437552, 19.817712], [-16.437547, 19.81717], [-16.437833, 19.817168], [-16.437831, 19.816897], [-16.438117, 19.816895], [-16.438119, 19.817166], [-16.438406, 19.817163], [-16.438408, 19.817434], [-16.437836, 19.817439], [-16.437838, 19.81771]], [[-16.438981, 19.81743], [-16.438695, 19.817432], [-16.438692, 19.817161], [-16.438979, 19.817159], [-16.438981, 19.81743]], [[-16.439551, 19.817154], [-16.438979, 19.817159], [-16.438976, 19.816888], [-16.439549, 19.816883], [-16.439551, 19.817154]], [[-16.438692, 19.817161], [-16.438406, 19.817163], [-16.438403, 19.816892], [-16.43869, 19.81689], [-16.438692, 19.817161]], [[-16.440122, 19.816878], [-16.439549, 19.816883], [-16.439544, 19.816341], [-16.440117, 19.816336], [-16.440122, 19.816878]]]}, "properties": {"layer": "meadow", "year": 2021, "sat": "S2B", "date": "2021-07-01", "area_ha": 6.93}}, {"type": "Feature", "geometry": {"type": "Polygon", "coordinates": [[[-16.319276, 19.818625], [-16.319271, 19.818083], [-16.319558, 19.818081], [-16.319553, 19.817539], [-16.31984, 19.817537], [-16.319838, 19.817266], [-16.319551, 19.817268], [-16.319549, 19.816997], [-16.318976, 19.817001], [-16.318974, 19.81673], [-16.318401, 19.816735], [-16.318403, 19.817006], [-16.318117, 19.817008], [-16.318119, 19.817279], [-16.317833, 19.817281], [-16.31784, 19.818094], [-16.318412, 19.81809], [-16.318415, 19.818361], [-16.318987, 19.818357], [-16.31899, 19.818628], [-16.319276, 19.818625]], [[-16.318408, 19.817548], [-16.318121, 19.81755], [-16.318119, 19.817279], [-16.318406, 19.817277], [-16.318408, 19.817548]]]}, "properties": {"layer": "meadow", "year": 2021, "sat": "S2B", "date": "2021-07-01", "area_ha": 2.61}}, {"type": "Feature", "geometry": {"type": "Polygon", "coordinates": [[[-16.473624, 19.816334], [-16.473619, 19.815792], [-16.473906, 19.81579], [-16.473901, 19.815248], [-16.473328, 19.815252], [-16.473333, 19.815794], [-16.473047, 19.815797], [-16.473049, 19.816068], [-16.473335, 19.816065], [-16.473338, 19.816336], [-16.473624, 19.816334]]]}, "properties": {"layer": "meadow", "year": 2021, "sat": "S2B", "date": "2021-07-01", "area_ha": 0.63}}, {"type": "Feature", "geometry": {"type": "Polygon", "coordinates": [[[-16.315251, 19.816758], [-16.315246, 19.816216], [-16.314674, 19.81622], [-16.314676, 19.816491], [-16.314103, 19.816495], [-16.314105, 19.816766], [-16.315251, 19.816758]]]}, "properties": {"layer": "meadow", "year": 2021, "sat": "S2B", "date": "2021-07-01", "area_ha": 0.54}}, {"type": "Feature", "geometry": {"type": "Polygon", "coordinates": [[[-16.435246, 19.816105], [-16.435244, 19.815834], [-16.43553, 19.815831], [-16.435527, 19.81556], [-16.435814, 19.815558], [-16.435811, 19.815287], [-16.436098, 19.815285], [-16.436095, 19.815014], [-16.436382, 19.815011], [-16.436379, 19.81474], [-16.436093, 19.814743], [-16.43609, 19.814472], [-16.435804, 19.814474], [-16.435799, 19.813932], [-16.435227, 19.813936], [-16.435224, 19.813665], [-16.434938, 19.813668], [-16.43494, 19.813939], [-16.434654, 19.813941], [-16.434656, 19.814212], [-16.43437, 19.814214], [-16.434375, 19.814756], [-16.434661, 19.814754], [-16.434664, 19.815025], [-16.43495, 19.815023], [-16.43496, 19.816107], [-16.435246, 19.816105]], [[-16.435527, 19.81556], [-16.435241, 19.815563], [-16.435236, 19.815021], [-16.435523, 19.815018], [-16.435527, 19.81556]], [[-16.435809, 19.815016], [-16.435523, 19.815018], [-16.43552, 19.814747], [-16.435807, 19.814745], [-16.435809, 19.815016]], [[-16.43552, 19.814747], [-16.435234, 19.81475], [-16.435231, 19.814478], [-16.435518, 19.814476], [-16.43552, 19.814747]]]}, "properties": {"layer": "meadow", "year": 2021, "sat": "S2B", "date": "2021-07-01", "area_ha": 2.52}}, {"type": "Feature", "geometry": {"type": "Polygon", "coordinates": [[[-16.255468, 19.826404], [-16.255461, 19.825591], [-16.255748, 19.825589], [-16.255741, 19.824776], [-16.256028, 19.824774], [-16.256026, 19.824503], [-16.256312, 19.824501], [-16.25631, 19.82423], [-16.256596, 19.824228], [-16.256594, 19.823957], [-16.256881, 19.823955], [-16.256878, 19.823684], [-16.257165, 19.823682], [-16.257163, 19.823411], [-16.257449, 19.823409], [-16.257445, 19.822866], [-16.258018, 19.822862], [-16.258001, 19.820694], [-16.25886, 19.820688], [-16.258858, 19.820417], [-16.25943, 19.820413], [-16.259433, 19.820684], [-16.259719, 19.820682], [-16.259721, 19.820953], [-16.260007, 19.820951], [-16.26002, 19.822577], [-16.259447, 19.822581], [-16.259454, 19.823394], [-16.25974, 19.823392], [-16.259742, 19.823663], [-16.260029, 19.823661], [-16.260025, 19.823119], [-16.260311, 19.823117], [-16.260307, 19.822575], [-16.260593, 19.822573], [-16.260589, 19.822031], [-16.260875, 19.822029], [-16.260858, 19.819861], [-16.260572, 19.819863], [-16.260567, 19.819321], [-16.260854, 19.819319], [-16.260852, 19.819048], [-16.259993, 19.819054], [-16.25999, 19.818783], [-16.259704, 19.818785], [-16.2597, 19.818243], [-16.260559, 19.818237], [-16.260555, 19.817694], [-16.260841, 19.817692], [-16.260835, 19.816879], [-16.261121, 19.816877], [-16.261119, 19.816606], [-16.260832, 19.816608], [-16.260826, 19.815795], [-16.261112, 19.815793], [-16.26111, 19.815522], [-16.261397, 19.81552], [-16.261395, 19.815249], [-16.261681, 19.815247], [-16.261679, 19.814976], [-16.262538, 19.81497], [-16.262527, 19.813615], [-16.262241, 19.813617], [-16.262237, 19.813075], [-16.262809, 19.813071], [-16.262805, 19.812529], [-16.262519, 19.812531], [-16.262517, 19.812259], [-16.261657, 19.812266], [-16.26166, 19.812537], [-16.261373, 19.812539], [-16.261371, 19.812268], [-16.261085, 19.81227], [-16.261083, 19.811999], [-16.261369, 19.811997], [-16.261367, 19.811726], [-16.26108, 19.811728], [-16.261076, 19.811185], [-16.260503, 19.811189], [-16.260499, 19.810647], [-16.260213, 19.810649], [-16.260223, 19.812005], [-16.26051, 19.812003], [-16.260516, 19.812816], [-16.26023, 19.812818], [-16.260234, 19.81336], [-16.259948, 19.813362], [-16.25995, 19.813633], [-16.260236, 19.813631], [-16.260238, 19.813902], [-16.259952, 19.813904], [-16.259956, 19.814446], [-16.260529, 19.814442], [-16.26052, 19.813358], [-16.261093, 19.813354], [-16.261091, 19.813083], [-16.261377, 19.813081], [-16.261375, 19.81281], [-16.261948, 19.812806], [-16.26195, 19.813077], [-16.261664, 19.813079], [-16.261675, 19.814434], [-16.261388, 19.814436], [-16.26139, 19.814707], [-16.261104, 19.814709], [-16.261106, 19.81498], [-16.26082, 19.814982], [-16.260822, 19.815253], [-16.260535, 19.815255], [-16.260531, 19.814713], [-16.259958, 19.814717], [-16.25996, 19.814988], [-16.259674, 19.81499], [-16.259678, 19.815532], [-16.259392, 19.815534], [-16.259401, 19.816618], [-16.259114, 19.81662], [-16.259125, 19.817976], [-16.258838, 19.817978], [-16.258845, 19.818791], [-16.258558, 19.818793], [-16.258563, 19.819335], [-16.258276, 19.819337], [-16.258278, 19.819608], [-16.257992, 19.81961], [-16.257998, 19.820423], [-16.257712, 19.820425], [-16.257718, 19.821238], [-16.257432, 19.82124], [-16.257436, 19.821782], [-16.25715, 19.821784], [-16.257154, 19.822326], [-16.256868, 19.822328], [-16.25687, 19.822599], [-16.256583, 19.822601], [-16.256588, 19.823144], [-16.256015, 19.823148], [-16.256019, 19.82369], [-16.255733, 19.823692], [-16.255735, 19.823963], [-16.255448, 19.823965], [-16.255451, 19.824236], [-16.255164, 19.824238], [-16.25516, 19.823696], [-16.254874, 19.823698], [-16.254876, 19.823969], [-16.254589, 19.823971], [-16.2546, 19.825326], [-16.255173, 19.825322], [-16.255181, 19.826406], [-16.255468, 19.826404]], [[-16.259415, 19.818516], [-16.259129, 19.818518], [-16.259127, 19.818247], [-16.259413, 19.818245], [-16.259415, 19.818516]]]}, "properties": {"layer": "meadow", "year": 2021, "sat": "S2B", "date": "2021-07-01", "area_ha": 26.91}}, {"type": "Feature", "geometry": {"type": "Polygon", "coordinates": [[[-16.3321, 19.810941], [-16.332098, 19.81067], [-16.332384, 19.810668], [-16.332382, 19.810397], [-16.331809, 19.810401], [-16.331807, 19.81013], [-16.331521, 19.810132], [-16.331523, 19.810403], [-16.330664, 19.810409], [-16.330666, 19.810681], [-16.331239, 19.810676], [-16.331241, 19.810947], [-16.3321, 19.810941]]]}, "properties": {"layer": "meadow", "year": 2021, "sat": "S2B", "date": "2021-07-01", "area_ha": 0.9}}, {"type": "Feature", "geometry": {"type": "Polygon", "coordinates": [[[-16.437469, 19.808498], [-16.437464, 19.807956], [-16.438609, 19.807946], [-16.438607, 19.807675], [-16.438893, 19.807673], [-16.438891, 19.807402], [-16.438604, 19.807404], [-16.438602, 19.807133], [-16.438316, 19.807136], [-16.438321, 19.807678], [-16.437175, 19.807687], [-16.437182, 19.8085], [-16.437469, 19.808498]]]}, "properties": {"layer": "meadow", "year": 2021, "sat": "S2B", "date": "2021-07-01", "area_ha": 0.9}}, {"type": "Feature", "geometry": {"type": "Polygon", "coordinates": [[[-16.435772, 19.810951], [-16.43577, 19.81068], [-16.436343, 19.810675], [-16.436338, 19.810133], [-16.436052, 19.810135], [-16.436049, 19.809864], [-16.436335, 19.809862], [-16.436331, 19.80932], [-16.436044, 19.809322], [-16.436042, 19.809051], [-16.436328, 19.809049], [-16.436318, 19.807965], [-16.436605, 19.807962], [-16.4366, 19.80742], [-16.436314, 19.807423], [-16.436309, 19.806881], [-16.435736, 19.806885], [-16.435738, 19.807156], [-16.435452, 19.807159], [-16.435459, 19.807972], [-16.435173, 19.807974], [-16.435171, 19.807703], [-16.434598, 19.807708], [-16.4346, 19.807979], [-16.434314, 19.807981], [-16.434316, 19.808252], [-16.434603, 19.80825], [-16.434612, 19.809334], [-16.434899, 19.809331], [-16.434901, 19.809602], [-16.435188, 19.8096], [-16.43519, 19.809871], [-16.434904, 19.809873], [-16.434906, 19.810144], [-16.435479, 19.81014], [-16.435481, 19.810411], [-16.434622, 19.810418], [-16.434625, 19.810689], [-16.434911, 19.810686], [-16.434913, 19.810958], [-16.435772, 19.810951]], [[-16.435183, 19.809058], [-16.434896, 19.80906], [-16.434894, 19.808789], [-16.43518, 19.808787], [-16.435183, 19.809058]], [[-16.435175, 19.808245], [-16.434889, 19.808247], [-16.434887, 19.807976], [-16.435173, 19.807974], [-16.435175, 19.808245]]]}, "properties": {"layer": "meadow", "year": 2021, "sat": "S2B", "date": "2021-07-01", "area_ha": 6.12}}, {"type": "Feature", "geometry": {"type": "Polygon", "coordinates": [[[-16.451216, 19.808657], [-16.451214, 19.808386], [-16.4515, 19.808384], [-16.451495, 19.807842], [-16.451209, 19.807844], [-16.451206, 19.807573], [-16.45092, 19.807576], [-16.450915, 19.807034], [-16.450342, 19.807038], [-16.45034, 19.806767], [-16.450054, 19.80677], [-16.450049, 19.806228], [-16.44919, 19.806235], [-16.449192, 19.806506], [-16.448619, 19.80651], [-16.448627, 19.807323], [-16.448913, 19.807321], [-16.448918, 19.807863], [-16.449204, 19.807861], [-16.449209, 19.808403], [-16.449782, 19.808398], [-16.449785, 19.808669], [-16.451216, 19.808657]]]}, "properties": {"layer": "meadow", "year": 2021, "sat": "S2B", "date": "2021-07-01", "area_ha": 5.22}}, {"type": "Feature", "geometry": {"type": "Polygon", "coordinates": [[[-16.345526, 19.806774], [-16.345523, 19.806503], [-16.34581, 19.806501], [-16.345803, 19.805688], [-16.344944, 19.805695], [-16.344946, 19.805966], [-16.34466, 19.805968], [-16.344662, 19.806239], [-16.344376, 19.806241], [-16.344378, 19.806512], [-16.344664, 19.80651], [-16.344666, 19.806781], [-16.345526, 19.806774]]]}, "properties": {"layer": "meadow", "year": 2021, "sat": "S2B", "date": "2021-07-01", "area_ha": 1.35}}, {"type": "Feature", "geometry": {"type": "Polygon", "coordinates": [[[-16.435161, 19.806619], [-16.435158, 19.806348], [-16.435445, 19.806346], [-16.435442, 19.806075], [-16.435729, 19.806072], [-16.435726, 19.805801], [-16.436013, 19.805799], [-16.43601, 19.805528], [-16.436583, 19.805523], [-16.43658, 19.805252], [-16.436294, 19.805255], [-16.436289, 19.804713], [-16.436576, 19.80471], [-16.436578, 19.804981], [-16.436864, 19.804979], [-16.43686, 19.804437], [-16.437146, 19.804435], [-16.437143, 19.804164], [-16.43743, 19.804161], [-16.437427, 19.80389], [-16.436568, 19.803897], [-16.436573, 19.804439], [-16.436, 19.804444], [-16.436003, 19.804715], [-16.435717, 19.804717], [-16.435712, 19.804175], [-16.435998, 19.804173], [-16.435996, 19.803902], [-16.43485, 19.803911], [-16.434858, 19.804724], [-16.434571, 19.804726], [-16.434574, 19.804997], [-16.434287, 19.805], [-16.43429, 19.805271], [-16.434003, 19.805273], [-16.434008, 19.805815], [-16.434295, 19.805813], [-16.434299, 19.806355], [-16.434013, 19.806357], [-16.434015, 19.806628], [-16.435161, 19.806619]]]}, "properties": {"layer": "meadow", "year": 2021, "sat": "S2B", "date": "2021-07-01", "area_ha": 5.49}}, {"type": "Feature", "geometry": {"type": "Polygon", "coordinates": [[[-16.435993, 19.803631], [-16.435986, 19.802818], [-16.4357, 19.80282], [-16.435697, 19.802549], [-16.435411, 19.802551], [-16.435408, 19.80228], [-16.435122, 19.802283], [-16.435127, 19.802825], [-16.43484, 19.802827], [-16.434843, 19.803098], [-16.435129, 19.803096], [-16.435132, 19.803367], [-16.435418, 19.803364], [-16.43542, 19.803635], [-16.435993, 19.803631]]]}, "properties": {"layer": "meadow", "year": 2021, "sat": "S2B", "date": "2021-07-01", "area_ha": 1.08}}, {"type": "Feature", "geometry": {"type": "Polygon", "coordinates": [[[-16.310573, 19.805137], [-16.31056, 19.803511], [-16.310274, 19.803513], [-16.310267, 19.8027], [-16.30998, 19.802702], [-16.309978, 19.802431], [-16.309119, 19.802437], [-16.309121, 19.802708], [-16.309408, 19.802706], [-16.30941, 19.802977], [-16.309696, 19.802975], [-16.309705, 19.804059], [-16.309419, 19.804061], [-16.309421, 19.804332], [-16.309994, 19.804328], [-16.309996, 19.804599], [-16.30971, 19.804601], [-16.309712, 19.804872], [-16.309998, 19.80487], [-16.31, 19.805141], [-16.310573, 19.805137]]]}, "properties": {"layer": "meadow", "year": 2021, "sat": "S2B", "date": "2021-07-01", "area_ha": 2.43}}, {"type": "Feature", "geometry": {"type": "Polygon", "coordinates": [[[-16.264226, 19.811163], [-16.26422, 19.81035], [-16.264506, 19.810348], [-16.264504, 19.810077], [-16.264791, 19.810075], [-16.264776, 19.808178], [-16.265062, 19.808176], [-16.265058, 19.807634], [-16.265917, 19.807627], [-16.26591, 19.806814], [-16.266197, 19.806812], [-16.266195, 19.806541], [-16.266481, 19.806539], [-16.266477, 19.805997], [-16.266763, 19.805995], [-16.266761, 19.805724], [-16.266474, 19.805726], [-16.266468, 19.804913], [-16.266182, 19.804915], [-16.26618, 19.804644], [-16.265893, 19.804646], [-16.265895, 19.804917], [-16.265609, 19.804919], [-16.265607, 19.804648], [-16.265034, 19.804652], [-16.265032, 19.804381], [-16.264459, 19.804385], [-16.264457, 19.804114], [-16.264743, 19.804112], [-16.264739, 19.80357], [-16.265025, 19.803568], [-16.265023, 19.803297], [-16.26531, 19.803295], [-16.265305, 19.802753], [-16.264446, 19.802759], [-16.264451, 19.803301], [-16.264164, 19.803303], [-16.264171, 19.804116], [-16.263598, 19.80412], [-16.263602, 19.804662], [-16.263316, 19.804664], [-16.263318, 19.804935], [-16.263032, 19.804937], [-16.263038, 19.80575], [-16.263324, 19.805748], [-16.263327, 19.806019], [-16.263613, 19.806017], [-16.263619, 19.806831], [-16.263047, 19.806835], [-16.263051, 19.807377], [-16.263337, 19.807375], [-16.263339, 19.807646], [-16.26248, 19.807652], [-16.262478, 19.807381], [-16.262764, 19.807379], [-16.262762, 19.807108], [-16.262476, 19.80711], [-16.262472, 19.806568], [-16.262185, 19.80657], [-16.26219, 19.807112], [-16.261903, 19.807114], [-16.261907, 19.807656], [-16.261621, 19.807658], [-16.261625, 19.8082], [-16.261339, 19.808202], [-16.261335, 19.80766], [-16.260762, 19.807664], [-16.260768, 19.808477], [-16.260482, 19.808479], [-16.260488, 19.809292], [-16.260775, 19.80929], [-16.260783, 19.810374], [-16.26107, 19.810372], [-16.261074, 19.810914], [-16.26136, 19.810912], [-16.261358, 19.810641], [-16.261931, 19.810637], [-16.261935, 19.811179], [-16.264226, 19.811163]], [[-16.261925, 19.809824], [-16.261638, 19.809826], [-16.261636, 19.809555], [-16.26135, 19.809557], [-16.261352, 19.809828], [-16.261065, 19.80983], [-16.261057, 19.808746], [-16.260771, 19.808748], [-16.260768, 19.808477], [-16.261341, 19.808473], [-16.261343, 19.808744], [-16.26163, 19.808742], [-16.261634, 19.809284], [-16.26192, 19.809282], [-16.261925, 19.809824]], [[-16.265908, 19.806543], [-16.265622, 19.806545], [-16.26562, 19.806274], [-16.265906, 19.806272], [-16.265908, 19.806543]], [[-16.265613, 19.805461], [-16.265327, 19.805463], [-16.265323, 19.804921], [-16.265609, 19.804919], [-16.265613, 19.805461]]]}, "properties": {"layer": "meadow", "year": 2021, "sat": "S2B", "date": "2021-07-01", "area_ha": 26.91}}, {"type": "Feature", "geometry": {"type": "Polygon", "coordinates": [[[-16.340619, 19.802204], [-16.340612, 19.80139], [-16.340898, 19.801388], [-16.340894, 19.800846], [-16.340321, 19.800851], [-16.340332, 19.802206], [-16.340619, 19.802204]]]}, "properties": {"layer": "meadow", "year": 2021, "sat": "S2B", "date": "2021-07-01", "area_ha": 0.63}}, {"type": "Feature", "geometry": {"type": "Polygon", "coordinates": [[[-16.434554, 19.802829], [-16.434552, 19.802558], [-16.434838, 19.802556], [-16.434828, 19.801472], [-16.435115, 19.801469], [-16.43511, 19.800927], [-16.435396, 19.800925], [-16.435394, 19.800654], [-16.43568, 19.800652], [-16.435683, 19.800923], [-16.435969, 19.800921], [-16.435964, 19.800378], [-16.43625, 19.800376], [-16.436248, 19.800105], [-16.43453, 19.800119], [-16.434535, 19.800661], [-16.434248, 19.800663], [-16.434246, 19.800392], [-16.433387, 19.800399], [-16.433392, 19.800941], [-16.433105, 19.800944], [-16.43312, 19.80257], [-16.433406, 19.802567], [-16.433409, 19.802838], [-16.434554, 19.802829]], [[-16.434542, 19.801474], [-16.434256, 19.801476], [-16.434253, 19.801205], [-16.43454, 19.801203], [-16.434542, 19.801474]], [[-16.433967, 19.801208], [-16.433681, 19.80121], [-16.433678, 19.800939], [-16.433964, 19.800937], [-16.433967, 19.801208]]]}, "properties": {"layer": "meadow", "year": 2021, "sat": "S2B", "date": "2021-07-01", "area_ha": 5.58}}, {"type": "Feature", "geometry": {"type": "Polygon", "coordinates": [[[-16.339464, 19.801128], [-16.339462, 19.800857], [-16.339748, 19.800855], [-16.339744, 19.800313], [-16.339457, 19.800315], [-16.339455, 19.800044], [-16.339169, 19.800046], [-16.339171, 19.800317], [-16.338885, 19.800319], [-16.338887, 19.80059], [-16.339173, 19.800588], [-16.339178, 19.80113], [-16.339464, 19.801128]]]}, "properties": {"layer": "meadow", "year": 2021, "sat": "S2B", "date": "2021-07-01", "area_ha": 0.63}}, {"type": "Feature", "geometry": {"type": "Polygon", "coordinates": [[[-16.467454, 19.79931], [-16.467452, 19.799038], [-16.467165, 19.799041], [-16.46716, 19.798499], [-16.466301, 19.798506], [-16.466304, 19.798777], [-16.466017, 19.798779], [-16.46602, 19.79905], [-16.466306, 19.799048], [-16.466309, 19.799319], [-16.467454, 19.79931]], [[-16.466879, 19.799043], [-16.466593, 19.799046], [-16.46659, 19.798775], [-16.466876, 19.798772], [-16.466879, 19.799043]]]}, "properties": {"layer": "meadow", "year": 2021, "sat": "S2B", "date": "2021-07-01", "area_ha": 0.9}}, {"type": "Feature", "geometry": {"type": "Polygon", "coordinates": [[[-16.441108, 19.799253], [-16.441106, 19.798982], [-16.441392, 19.79898], [-16.44139, 19.798709], [-16.441104, 19.798711], [-16.441099, 19.798169], [-16.440812, 19.798171], [-16.440817, 19.798713], [-16.440531, 19.798715], [-16.440533, 19.798987], [-16.44082, 19.798984], [-16.440822, 19.799255], [-16.441108, 19.799253]]]}, "properties": {"layer": "meadow", "year": 2021, "sat": "S2B", "date": "2021-07-01", "area_ha": 0.54}}, {"type": "Feature", "geometry": {"type": "Polygon", "coordinates": [[[-16.312833, 19.801326], [-16.312831, 19.801055], [-16.313403, 19.80105], [-16.313392, 19.799695], [-16.313106, 19.799697], [-16.313099, 19.798884], [-16.312813, 19.798886], [-16.31282, 19.799699], [-16.312247, 19.799704], [-16.312249, 19.799975], [-16.312536, 19.799973], [-16.312538, 19.800244], [-16.312251, 19.800246], [-16.312256, 19.800788], [-16.312542, 19.800786], [-16.312547, 19.801328], [-16.312833, 19.801326]]]}, "properties": {"layer": "meadow", "year": 2021, "sat": "S2B", "date": "2021-07-01", "area_ha": 1.98}}, {"type": "Feature", "geometry": {"type": "Polygon", "coordinates": [[[-16.311961, 19.799706], [-16.311956, 19.799164], [-16.312529, 19.79916], [-16.312527, 19.798888], [-16.312813, 19.798886], [-16.312804, 19.797802], [-16.312231, 19.797806], [-16.312234, 19.798077], [-16.311947, 19.79808], [-16.311945, 19.797809], [-16.311659, 19.797811], [-16.311654, 19.797269], [-16.311941, 19.797266], [-16.311938, 19.796995], [-16.311652, 19.796998], [-16.31165, 19.796726], [-16.311077, 19.796731], [-16.311073, 19.796189], [-16.311359, 19.796187], [-16.311355, 19.795644], [-16.311068, 19.795647], [-16.311064, 19.795104], [-16.310491, 19.795109], [-16.310489, 19.794838], [-16.309916, 19.794842], [-16.309914, 19.794571], [-16.309628, 19.794573], [-16.30963, 19.794844], [-16.309343, 19.794846], [-16.309341, 19.794575], [-16.309055, 19.794577], [-16.309053, 19.794306], [-16.308766, 19.794308], [-16.308775, 19.795392], [-16.309062, 19.79539], [-16.309068, 19.796203], [-16.309355, 19.796201], [-16.309366, 19.797556], [-16.309652, 19.797554], [-16.309654, 19.797825], [-16.310227, 19.797821], [-16.310234, 19.798634], [-16.31052, 19.798632], [-16.310522, 19.798903], [-16.310809, 19.798901], [-16.310813, 19.799443], [-16.311099, 19.799441], [-16.311102, 19.799712], [-16.311961, 19.799706]]]}, "properties": {"layer": "meadow", "year": 2021, "sat": "S2B", "date": "2021-07-01", "area_ha": 11.88}}, {"type": "Feature", "geometry": {"type": "Polygon", "coordinates": [[[-16.311632, 19.794558], [-16.311628, 19.794016], [-16.311341, 19.794018], [-16.311339, 19.793747], [-16.311053, 19.793749], [-16.31105, 19.793478], [-16.310764, 19.79348], [-16.310755, 19.792396], [-16.311614, 19.79239], [-16.311612, 19.792119], [-16.311326, 19.792121], [-16.311321, 19.791579], [-16.311035, 19.791581], [-16.311037, 19.791852], [-16.310751, 19.791854], [-16.310753, 19.792125], [-16.310467, 19.792127], [-16.310464, 19.791856], [-16.310178, 19.791858], [-16.310174, 19.791316], [-16.31046, 19.791314], [-16.310453, 19.790501], [-16.310167, 19.790503], [-16.310165, 19.790232], [-16.310451, 19.79023], [-16.310449, 19.789959], [-16.310163, 19.789961], [-16.31016, 19.78969], [-16.309874, 19.789692], [-16.309881, 19.790505], [-16.309594, 19.790507], [-16.309599, 19.791049], [-16.309312, 19.791052], [-16.309315, 19.791323], [-16.309028, 19.791325], [-16.309031, 19.791596], [-16.308744, 19.791598], [-16.308746, 19.791869], [-16.308174, 19.791873], [-16.308176, 19.792144], [-16.308462, 19.792142], [-16.308467, 19.792684], [-16.308753, 19.792682], [-16.30876, 19.793495], [-16.310478, 19.793482], [-16.31048, 19.793754], [-16.310766, 19.793751], [-16.310769, 19.794022], [-16.311055, 19.79402], [-16.311059, 19.794562], [-16.311632, 19.794558]]]}, "properties": {"layer": "meadow", "year": 2021, "sat": "S2B", "date": "2021-07-01", "area_ha": 7.38}}, {"type": "Feature", "geometry": {"type": "Polygon", "coordinates": [[[-16.437582, 19.789253], [-16.43758, 19.788982], [-16.437866, 19.788979], [-16.437861, 19.788437], [-16.437002, 19.788444], [-16.437005, 19.788715], [-16.437291, 19.788713], [-16.437296, 19.789255], [-16.437582, 19.789253]]]}, "properties": {"layer": "meadow", "year": 2021, "sat": "S2B", "date": "2021-07-01", "area_ha": 0.54}}, {"type": "Feature", "geometry": {"type": "Polygon", "coordinates": [[[-16.443852, 19.817661], [-16.443849, 19.81739], [-16.444136, 19.817388], [-16.444133, 19.817117], [-16.443847, 19.817119], [-16.443842, 19.816577], [-16.444128, 19.816575], [-16.444121, 19.815762], [-16.444407, 19.81576], [-16.444402, 19.815218], [-16.444689, 19.815215], [-16.444699, 19.816299], [-16.444985, 19.816297], [-16.444983, 19.816026], [-16.445269, 19.816024], [-16.445259, 19.81494], [-16.444973, 19.814942], [-16.444965, 19.814129], [-16.445252, 19.814127], [-16.445249, 19.813856], [-16.445536, 19.813853], [-16.445528, 19.81304], [-16.446101, 19.813036], [-16.446104, 19.813307], [-16.44639, 19.813304], [-16.446385, 19.812762], [-16.446671, 19.81276], [-16.446674, 19.813031], [-16.44696, 19.813029], [-16.446963, 19.8133], [-16.447249, 19.813297], [-16.447244, 19.812755], [-16.446958, 19.812758], [-16.446955, 19.812487], [-16.447242, 19.812484], [-16.447239, 19.812213], [-16.446953, 19.812216], [-16.446945, 19.811403], [-16.446086, 19.811409], [-16.446084, 19.811138], [-16.44637, 19.811136], [-16.446365, 19.810594], [-16.446652, 19.810592], [-16.446649, 19.810321], [-16.446363, 19.810323], [-16.446361, 19.810052], [-16.446074, 19.810054], [-16.446072, 19.809783], [-16.446644, 19.809779], [-16.446637, 19.808966], [-16.446923, 19.808963], [-16.446921, 19.808692], [-16.446348, 19.808697], [-16.446343, 19.808155], [-16.446057, 19.808157], [-16.446055, 19.807886], [-16.446341, 19.807884], [-16.446338, 19.807613], [-16.446052, 19.807615], [-16.44605, 19.807344], [-16.445763, 19.807346], [-16.445753, 19.806262], [-16.445467, 19.806265], [-16.445465, 19.805994], [-16.444319, 19.806003], [-16.444317, 19.805732], [-16.444603, 19.80573], [-16.444598, 19.805188], [-16.444885, 19.805185], [-16.444882, 19.804914], [-16.445169, 19.804912], [-16.445166, 19.804641], [-16.445452, 19.804639], [-16.44545, 19.804368], [-16.445736, 19.804365], [-16.445734, 19.804094], [-16.44602, 19.804092], [-16.446023, 19.804363], [-16.446309, 19.804361], [-16.446307, 19.80409], [-16.446593, 19.804087], [-16.446591, 19.803816], [-16.446877, 19.803814], [-16.446874, 19.803543], [-16.447161, 19.803541], [-16.447158, 19.80327], [-16.446872, 19.803272], [-16.446869, 19.803001], [-16.446583, 19.803003], [-16.446581, 19.802732], [-16.446294, 19.802735], [-16.446292, 19.802463], [-16.446578, 19.802461], [-16.446576, 19.80219], [-16.446289, 19.802192], [-16.446285, 19.80165], [-16.445998, 19.801653], [-16.445996, 19.801382], [-16.445709, 19.801384], [-16.445707, 19.801113], [-16.445421, 19.801115], [-16.445411, 19.800031], [-16.445697, 19.800029], [-16.4457, 19.8003], [-16.445986, 19.800298], [-16.445974, 19.798943], [-16.445687, 19.798945], [-16.445685, 19.798674], [-16.445971, 19.798672], [-16.445969, 19.798401], [-16.445396, 19.798405], [-16.445394, 19.798134], [-16.44568, 19.798132], [-16.445678, 19.797861], [-16.445964, 19.797858], [-16.445961, 19.797587], [-16.446248, 19.797585], [-16.44624, 19.796772], [-16.446813, 19.796767], [-16.446808, 19.796225], [-16.447095, 19.796223], [-16.447092, 19.795952], [-16.448524, 19.79594], [-16.448514, 19.794856], [-16.448228, 19.794859], [-16.448225, 19.794588], [-16.448512, 19.794585], [-16.448509, 19.794314], [-16.448223, 19.794317], [-16.448218, 19.793775], [-16.448504, 19.793772], [-16.448502, 19.793501], [-16.448215, 19.793504], [-16.448208, 19.792691], [-16.447922, 19.792693], [-16.447919, 19.792422], [-16.448206, 19.79242], [-16.448203, 19.792149], [-16.447917, 19.792151], [-16.447912, 19.791609], [-16.447626, 19.791611], [-16.447613, 19.790256], [-16.447327, 19.790258], [-16.447325, 19.789987], [-16.447038, 19.78999], [-16.447041, 19.790261], [-16.446754, 19.790263], [-16.446749, 19.789721], [-16.447322, 19.789716], [-16.447317, 19.789174], [-16.447031, 19.789177], [-16.447026, 19.788635], [-16.44674, 19.788637], [-16.446735, 19.788095], [-16.446448, 19.788097], [-16.446444, 19.787555], [-16.446157, 19.787557], [-16.44616, 19.787828], [-16.445873, 19.787831], [-16.445876, 19.788102], [-16.44559, 19.788104], [-16.445594, 19.788646], [-16.445881, 19.788644], [-16.445883, 19.788915], [-16.446169, 19.788912], [-16.446172, 19.789184], [-16.445886, 19.789186], [-16.445888, 19.789457], [-16.445602, 19.789459], [-16.445599, 19.789188], [-16.445313, 19.78919], [-16.445311, 19.788919], [-16.445024, 19.788922], [-16.445029, 19.789464], [-16.444743, 19.789466], [-16.444748, 19.790008], [-16.445034, 19.790006], [-16.445032, 19.789735], [-16.445318, 19.789733], [-16.445323, 19.790275], [-16.445036, 19.790277], [-16.445039, 19.790548], [-16.444753, 19.79055], [-16.444767, 19.792176], [-16.444195, 19.792181], [-16.444197, 19.792452], [-16.443911, 19.792454], [-16.443913, 19.792725], [-16.443627, 19.792728], [-16.443629, 19.792999], [-16.443916, 19.792996], [-16.443923, 19.793809], [-16.443637, 19.793812], [-16.443639, 19.794083], [-16.443353, 19.794085], [-16.443348, 19.793543], [-16.443061, 19.793545], [-16.443064, 19.793816], [-16.441919, 19.793826], [-16.441928, 19.79491], [-16.443074, 19.7949], [-16.443071, 19.794629], [-16.443644, 19.794625], [-16.443649, 19.795167], [-16.443076, 19.795171], [-16.443079, 19.795442], [-16.443365, 19.79544], [-16.443367, 19.795711], [-16.443654, 19.795709], [-16.443656, 19.79598], [-16.44337, 19.795982], [-16.443377, 19.796795], [-16.443091, 19.796798], [-16.443098, 19.797611], [-16.442812, 19.797613], [-16.442814, 19.797884], [-16.443387, 19.797879], [-16.443397, 19.798963], [-16.44311, 19.798966], [-16.443103, 19.798153], [-16.44253, 19.798157], [-16.442538, 19.79897], [-16.442251, 19.798973], [-16.442254, 19.799244], [-16.441681, 19.799248], [-16.441686, 19.79979], [-16.4414, 19.799793], [-16.441397, 19.799522], [-16.440825, 19.799526], [-16.440829, 19.800068], [-16.440257, 19.800073], [-16.440262, 19.800615], [-16.439975, 19.800617], [-16.43998, 19.801159], [-16.439694, 19.801162], [-16.439689, 19.80062], [-16.439403, 19.800622], [-16.439398, 19.80008], [-16.438825, 19.800084], [-16.438827, 19.800355], [-16.439114, 19.800353], [-16.439121, 19.801166], [-16.438548, 19.801171], [-16.438546, 19.8009], [-16.43826, 19.800902], [-16.438262, 19.801173], [-16.437976, 19.801175], [-16.437978, 19.801446], [-16.438837, 19.80144], [-16.438842, 19.801982], [-16.438556, 19.801984], [-16.438561, 19.802526], [-16.438274, 19.802528], [-16.438286, 19.803883], [-16.438, 19.803886], [-16.438002, 19.804157], [-16.439148, 19.804147], [-16.43916, 19.805503], [-16.439446, 19.8055], [-16.439449, 19.805771], [-16.439163, 19.805774], [-16.439165, 19.806045], [-16.438879, 19.806047], [-16.438881, 19.806318], [-16.439454, 19.806313], [-16.439459, 19.806855], [-16.439745, 19.806853], [-16.439735, 19.805769], [-16.440022, 19.805767], [-16.440026, 19.806309], [-16.440313, 19.806306], [-16.440315, 19.806577], [-16.440029, 19.80658], [-16.440039, 19.807664], [-16.439752, 19.807666], [-16.43976, 19.808479], [-16.440046, 19.808477], [-16.440044, 19.808206], [-16.44033, 19.808204], [-16.440327, 19.807932], [-16.440614, 19.80793], [-16.440606, 19.807117], [-16.440893, 19.807115], [-16.440888, 19.806573], [-16.441174, 19.80657], [-16.441172, 19.806299], [-16.441745, 19.806295], [-16.441752, 19.807108], [-16.442325, 19.807103], [-16.442327, 19.807374], [-16.442613, 19.807372], [-16.442616, 19.807643], [-16.443189, 19.807638], [-16.443191, 19.807909], [-16.442905, 19.807912], [-16.442914, 19.808996], [-16.442628, 19.808998], [-16.442631, 19.809269], [-16.442917, 19.809267], [-16.442919, 19.809538], [-16.443206, 19.809535], [-16.443208, 19.809807], [-16.442922, 19.809809], [-16.442924, 19.81008], [-16.442638, 19.810082], [-16.44264, 19.810353], [-16.442068, 19.810358], [-16.442065, 19.810087], [-16.441206, 19.810094], [-16.441204, 19.809823], [-16.440917, 19.809825], [-16.440922, 19.810367], [-16.441495, 19.810362], [-16.441497, 19.810633], [-16.441211, 19.810636], [-16.441218, 19.811449], [-16.441505, 19.811447], [-16.441509, 19.811989], [-16.440364, 19.811998], [-16.440347, 19.810101], [-16.440061, 19.810103], [-16.440063, 19.810374], [-16.439777, 19.810376], [-16.439767, 19.809292], [-16.439481, 19.809295], [-16.439476, 19.808752], [-16.438617, 19.808759], [-16.438614, 19.808488], [-16.438041, 19.808493], [-16.438044, 19.808764], [-16.43833, 19.808762], [-16.438333, 19.809033], [-16.438046, 19.809035], [-16.438049, 19.809306], [-16.437762, 19.809308], [-16.437765, 19.809579], [-16.438338, 19.809575], [-16.43834, 19.809846], [-16.438054, 19.809848], [-16.438061, 19.810661], [-16.437775, 19.810663], [-16.437777, 19.810934], [-16.437491, 19.810937], [-16.437496, 19.811479], [-16.437209, 19.811481], [-16.437212, 19.811752], [-16.436925, 19.811754], [-16.436935, 19.812839], [-16.437794, 19.812832], [-16.437792, 19.812561], [-16.438937, 19.812551], [-16.438942, 19.813093], [-16.439228, 19.813091], [-16.439231, 19.813362], [-16.438944, 19.813364], [-16.438947, 19.813635], [-16.43866, 19.813638], [-16.438663, 19.813909], [-16.43809, 19.813913], [-16.438088, 19.813642], [-16.437515, 19.813647], [-16.43752, 19.814189], [-16.437234, 19.814191], [-16.437236, 19.814462], [-16.43695, 19.814465], [-16.436954, 19.815007], [-16.436382, 19.815011], [-16.436387, 19.815553], [-16.436673, 19.815551], [-16.436671, 19.81528], [-16.436957, 19.815278], [-16.436959, 19.815549], [-16.437246, 19.815546], [-16.437248, 19.815817], [-16.437535, 19.815815], [-16.437537, 19.816086], [-16.43811, 19.816082], [-16.438107, 19.815811], [-16.438394, 19.815808], [-16.438396, 19.816079], [-16.439542, 19.81607], [-16.439539, 19.815799], [-16.440112, 19.815794], [-16.440109, 19.815523], [-16.440969, 19.815516], [-16.440973, 19.816058], [-16.44126, 19.816056], [-16.441255, 19.815514], [-16.441828, 19.81551], [-16.441823, 19.814967], [-16.442109, 19.814965], [-16.442114, 19.815507], [-16.4424, 19.815505], [-16.442398, 19.815234], [-16.442684, 19.815232], [-16.442692, 19.816045], [-16.442119, 19.816049], [-16.442121, 19.81632], [-16.442694, 19.816316], [-16.442699, 19.816858], [-16.442985, 19.816855], [-16.442988, 19.817126], [-16.443274, 19.817124], [-16.443277, 19.817395], [-16.443563, 19.817393], [-16.443565, 19.817664], [-16.443852, 19.817661]], [[-16.443269, 19.816582], [-16.442983, 19.816584], [-16.44298, 19.816313], [-16.443267, 19.816311], [-16.443269, 19.816582]], [[-16.444121, 19.815762], [-16.443835, 19.815764], [-16.443827, 19.814951], [-16.444114, 19.814949], [-16.444121, 19.815762]], [[-16.43868, 19.815806], [-16.438394, 19.815808], [-16.438391, 19.815537], [-16.438678, 19.815535], [-16.43868, 19.815806]], [[-16.438964, 19.815533], [-16.438678, 19.815535], [-16.438675, 19.815264], [-16.438961, 19.815262], [-16.438964, 19.815533]], [[-16.443543, 19.815225], [-16.443257, 19.815227], [-16.443255, 19.814956], [-16.443541, 19.814954], [-16.443543, 19.815225]], [[-16.439245, 19.814988], [-16.438959, 19.814991], [-16.438957, 19.81472], [-16.439243, 19.814717], [-16.439245, 19.814988]], [[-16.438386, 19.814995], [-16.437814, 19.815], [-16.437809, 19.814458], [-16.438095, 19.814455], [-16.438098, 19.814726], [-16.438384, 19.814724], [-16.438386, 19.814995]], [[-16.440388, 19.814708], [-16.440102, 19.81471], [-16.4401, 19.814439], [-16.440386, 19.814437], [-16.440388, 19.814708]], [[-16.437809, 19.814458], [-16.437522, 19.81446], [-16.43752, 19.814189], [-16.437806, 19.814187], [-16.437809, 19.814458]], [[-16.442958, 19.813874], [-16.442672, 19.813876], [-16.44267, 19.813605], [-16.442097, 19.81361], [-16.442087, 19.812526], [-16.441801, 19.812528], [-16.441798, 19.812257], [-16.442657, 19.81225], [-16.44266, 19.812521], [-16.442946, 19.812519], [-16.442944, 19.812248], [-16.443516, 19.812243], [-16.443521, 19.812785], [-16.443235, 19.812788], [-16.443242, 19.813601], [-16.442956, 19.813603], [-16.442958, 19.813874]], [[-16.441228, 19.812533], [-16.440942, 19.812535], [-16.440939, 19.812264], [-16.441226, 19.812262], [-16.441228, 19.812533]], [[-16.444655, 19.811421], [-16.444368, 19.811423], [-16.444366, 19.811152], [-16.444652, 19.81115], [-16.444655, 19.811421]], [[-16.444082, 19.811426], [-16.443509, 19.81143], [-16.443507, 19.811159], [-16.444079, 19.811155], [-16.444082, 19.811426]], [[-16.44007, 19.811187], [-16.439784, 19.811189], [-16.439782, 19.810918], [-16.440068, 19.810916], [-16.44007, 19.811187]], [[-16.439209, 19.810923], [-16.438922, 19.810925], [-16.43892, 19.810654], [-16.439206, 19.810652], [-16.439209, 19.810923]], [[-16.438913, 19.809841], [-16.438626, 19.809843], [-16.438624, 19.809572], [-16.43891, 19.80957], [-16.438913, 19.809841]], [[-16.445766, 19.807618], [-16.445479, 19.80762], [-16.445477, 19.807349], [-16.445763, 19.807346], [-16.445766, 19.807618]], [[-16.443468, 19.806823], [-16.442895, 19.806828], [-16.44289, 19.806286], [-16.443176, 19.806283], [-16.443179, 19.806554], [-16.443465, 19.806552], [-16.443468, 19.806823]], [[-16.441172, 19.806299], [-16.440886, 19.806302], [-16.440883, 19.806031], [-16.441169, 19.806028], [-16.441172, 19.806299]], [[-16.442601, 19.806017], [-16.442315, 19.806019], [-16.442312, 19.805748], [-16.442599, 19.805746], [-16.442601, 19.806017]], [[-16.441742, 19.806024], [-16.441456, 19.806026], [-16.441453, 19.805755], [-16.44174, 19.805753], [-16.441742, 19.806024]], [[-16.443458, 19.805739], [-16.443171, 19.805741], [-16.443169, 19.80547], [-16.443455, 19.805468], [-16.443458, 19.805739]], [[-16.442594, 19.805204], [-16.442307, 19.805206], [-16.442305, 19.804935], [-16.442019, 19.804937], [-16.442016, 19.804666], [-16.442303, 19.804664], [-16.4423, 19.804393], [-16.441727, 19.804398], [-16.441725, 19.804127], [-16.442011, 19.804124], [-16.442009, 19.803853], [-16.442582, 19.803849], [-16.442587, 19.804391], [-16.443159, 19.804386], [-16.443162, 19.804657], [-16.442875, 19.804659], [-16.442878, 19.80493], [-16.442591, 19.804933], [-16.442594, 19.805204]], [[-16.441444, 19.804671], [-16.441157, 19.804673], [-16.441155, 19.804402], [-16.441441, 19.8044], [-16.441444, 19.804671]], [[-16.44172, 19.803585], [-16.441434, 19.803587], [-16.441431, 19.803316], [-16.441145, 19.803318], [-16.441143, 19.803047], [-16.441715, 19.803043], [-16.44172, 19.803585]], [[-16.443149, 19.803302], [-16.442863, 19.803304], [-16.442861, 19.803033], [-16.443147, 19.803031], [-16.443149, 19.803302]], [[-16.44229, 19.803309], [-16.442004, 19.803311], [-16.442002, 19.80304], [-16.442288, 19.803038], [-16.44229, 19.803309]], [[-16.444292, 19.803022], [-16.444006, 19.803024], [-16.444001, 19.802482], [-16.444287, 19.80248], [-16.444292, 19.803022]], [[-16.442574, 19.803036], [-16.442288, 19.803038], [-16.442283, 19.802496], [-16.441997, 19.802498], [-16.441994, 19.802227], [-16.442281, 19.802225], [-16.442278, 19.801954], [-16.441992, 19.801956], [-16.441989, 19.801685], [-16.441703, 19.801687], [-16.441701, 19.801416], [-16.441987, 19.801414], [-16.441985, 19.801143], [-16.44313, 19.801134], [-16.443132, 19.801405], [-16.443705, 19.8014], [-16.44371, 19.801942], [-16.443424, 19.801945], [-16.443426, 19.802216], [-16.44314, 19.802218], [-16.443137, 19.801947], [-16.442851, 19.801949], [-16.442856, 19.802491], [-16.442569, 19.802494], [-16.442574, 19.803036]], [[-16.44543, 19.802199], [-16.445144, 19.802202], [-16.445142, 19.801931], [-16.445428, 19.801928], [-16.44543, 19.802199]], [[-16.443999, 19.802211], [-16.443712, 19.802213], [-16.44371, 19.801942], [-16.443996, 19.80194], [-16.443999, 19.802211]], [[-16.441135, 19.802234], [-16.440849, 19.802236], [-16.440837, 19.800881], [-16.441123, 19.800879], [-16.441125, 19.80115], [-16.441412, 19.801148], [-16.441417, 19.80169], [-16.44113, 19.801692], [-16.441135, 19.802234]], [[-16.444853, 19.801662], [-16.443994, 19.801669], [-16.443986, 19.800856], [-16.444559, 19.800851], [-16.444562, 19.801122], [-16.444848, 19.80112], [-16.444853, 19.801662]], [[-16.443416, 19.801132], [-16.44313, 19.801134], [-16.443125, 19.800592], [-16.443411, 19.80059], [-16.443416, 19.801132]], [[-16.442555, 19.800867], [-16.441982, 19.800872], [-16.44198, 19.800601], [-16.442266, 19.800599], [-16.442259, 19.799786], [-16.442545, 19.799783], [-16.44255, 19.800325], [-16.443123, 19.800321], [-16.443125, 19.800592], [-16.442552, 19.800596], [-16.442555, 19.800867]], [[-16.443979, 19.800043], [-16.443406, 19.800047], [-16.443397, 19.798963], [-16.443683, 19.798961], [-16.44369, 19.799774], [-16.443977, 19.799772], [-16.443979, 19.800043]], [[-16.445695, 19.799758], [-16.445408, 19.79976], [-16.445406, 19.799489], [-16.445692, 19.799487], [-16.445695, 19.799758]], [[-16.44569, 19.799216], [-16.445404, 19.799218], [-16.445401, 19.798947], [-16.445687, 19.798945], [-16.44569, 19.799216]], [[-16.444823, 19.79841], [-16.444537, 19.798412], [-16.444532, 19.79787], [-16.444819, 19.797868], [-16.444816, 19.797597], [-16.445675, 19.79759], [-16.445678, 19.797861], [-16.445105, 19.797865], [-16.445107, 19.798136], [-16.444821, 19.798139], [-16.444823, 19.79841]], [[-16.445673, 19.797319], [-16.445386, 19.797321], [-16.445384, 19.79705], [-16.44567, 19.797048], [-16.445673, 19.797319]], [[-16.443355, 19.794356], [-16.443069, 19.794358], [-16.443066, 19.794087], [-16.443353, 19.794085], [-16.443355, 19.794356]], [[-16.444488, 19.792992], [-16.444202, 19.792994], [-16.444199, 19.792723], [-16.444486, 19.792721], [-16.444488, 19.792992]], [[-16.445328, 19.790817], [-16.445041, 19.790819], [-16.445039, 19.790548], [-16.445325, 19.790546], [-16.445328, 19.790817]], [[-16.446747, 19.78945], [-16.446461, 19.789452], [-16.446458, 19.789181], [-16.446745, 19.789179], [-16.446747, 19.78945]], [[-16.446167, 19.788641], [-16.445881, 19.788644], [-16.445878, 19.788373], [-16.446165, 19.78837], [-16.446167, 19.788641]]]}, "properties": {"layer": "meadow", "year": 2021, "sat": "S2B", "date": "2021-07-01", "area_ha": 162.99}}, {"type": "Feature", "geometry": {"type": "Polygon", "coordinates": [[[-16.311261, 19.784261], [-16.311257, 19.783719], [-16.310398, 19.783725], [-16.310402, 19.784267], [-16.311261, 19.784261]]]}, "properties": {"layer": "meadow", "year": 2021, "sat": "S2B", "date": "2021-07-01", "area_ha": 0.54}}, {"type": "Feature", "geometry": {"type": "Polygon", "coordinates": [[[-16.441038, 19.791393], [-16.441033, 19.790851], [-16.440746, 19.790854], [-16.440739, 19.790041], [-16.441025, 19.790038], [-16.441021, 19.789496], [-16.440734, 19.789498], [-16.440732, 19.789227], [-16.441304, 19.789223], [-16.441302, 19.788952], [-16.441588, 19.78895], [-16.441586, 19.788678], [-16.4413, 19.788681], [-16.441297, 19.78841], [-16.441583, 19.788407], [-16.441581, 19.788136], [-16.441867, 19.788134], [-16.441865, 19.787863], [-16.442151, 19.787861], [-16.442141, 19.786777], [-16.442428, 19.786774], [-16.44242, 19.785961], [-16.442134, 19.785964], [-16.442137, 19.786235], [-16.441564, 19.786239], [-16.441562, 19.785968], [-16.441848, 19.785966], [-16.441845, 19.785695], [-16.442132, 19.785693], [-16.442127, 19.785151], [-16.441841, 19.785153], [-16.441843, 19.785424], [-16.441557, 19.785426], [-16.441554, 19.785155], [-16.441268, 19.785158], [-16.441265, 19.784886], [-16.441552, 19.784884], [-16.441549, 19.784613], [-16.440977, 19.784618], [-16.440979, 19.784889], [-16.440693, 19.784891], [-16.44069, 19.78462], [-16.440404, 19.784622], [-16.440402, 19.784351], [-16.440115, 19.784354], [-16.44011, 19.783812], [-16.439824, 19.783814], [-16.439827, 19.784085], [-16.439254, 19.78409], [-16.439252, 19.783819], [-16.438965, 19.783821], [-16.438963, 19.78355], [-16.438676, 19.783552], [-16.438669, 19.782739], [-16.438955, 19.782737], [-16.438953, 19.782466], [-16.438667, 19.782468], [-16.438659, 19.781655], [-16.438373, 19.781657], [-16.438368, 19.781115], [-16.438082, 19.781118], [-16.438087, 19.78166], [-16.437514, 19.781664], [-16.437517, 19.781935], [-16.43723, 19.781938], [-16.437233, 19.782209], [-16.436946, 19.782211], [-16.436949, 19.782482], [-16.437235, 19.78248], [-16.43724, 19.783022], [-16.436954, 19.783024], [-16.436956, 19.783295], [-16.43667, 19.783297], [-16.436684, 19.784923], [-16.436971, 19.784921], [-16.436973, 19.785192], [-16.436114, 19.785199], [-16.436117, 19.78547], [-16.436689, 19.785465], [-16.436697, 19.786278], [-16.437269, 19.786274], [-16.437272, 19.786545], [-16.436699, 19.786549], [-16.436701, 19.786821], [-16.436988, 19.786818], [-16.43699, 19.787089], [-16.437277, 19.787087], [-16.437286, 19.788171], [-16.437573, 19.788169], [-16.43757, 19.787898], [-16.437856, 19.787895], [-16.437859, 19.788166], [-16.438432, 19.788162], [-16.438424, 19.787349], [-16.438711, 19.787346], [-16.438703, 19.786533], [-16.43899, 19.786531], [-16.438987, 19.78626], [-16.439273, 19.786258], [-16.439276, 19.786529], [-16.439562, 19.786526], [-16.439574, 19.787882], [-16.439861, 19.787879], [-16.439863, 19.78815], [-16.440149, 19.788148], [-16.440152, 19.788419], [-16.439866, 19.788421], [-16.439883, 19.790318], [-16.440169, 19.790316], [-16.440171, 19.790587], [-16.439885, 19.790589], [-16.43989, 19.791132], [-16.440463, 19.791127], [-16.440465, 19.791398], [-16.441038, 19.791393]], [[-16.440453, 19.790043], [-16.440166, 19.790045], [-16.440159, 19.789232], [-16.440446, 19.78923], [-16.440448, 19.789501], [-16.440734, 19.789498], [-16.440737, 19.789769], [-16.44045, 19.789772], [-16.440453, 19.790043]], [[-16.441566, 19.78651], [-16.44128, 19.786513], [-16.441278, 19.786242], [-16.441564, 19.786239], [-16.441566, 19.78651]], [[-16.440132, 19.786251], [-16.439846, 19.786253], [-16.439841, 19.785711], [-16.440128, 19.785709], [-16.440132, 19.786251]], [[-16.437556, 19.786272], [-16.437269, 19.786274], [-16.437259, 19.78519], [-16.437546, 19.785187], [-16.437548, 19.785459], [-16.437835, 19.785456], [-16.437837, 19.785727], [-16.437551, 19.78573], [-16.437556, 19.786272]], [[-16.437832, 19.785185], [-16.437546, 19.785187], [-16.437543, 19.784916], [-16.43783, 19.784914], [-16.437832, 19.785185]], [[-16.438973, 19.784634], [-16.438686, 19.784636], [-16.438684, 19.784365], [-16.43897, 19.784363], [-16.438973, 19.784634]], [[-16.437827, 19.784643], [-16.437541, 19.784645], [-16.437538, 19.784374], [-16.437825, 19.784372], [-16.437827, 19.784643]], [[-16.437252, 19.784377], [-16.436966, 19.784379], [-16.436963, 19.784108], [-16.43725, 19.784106], [-16.437252, 19.784377]], [[-16.438681, 19.784094], [-16.438395, 19.784096], [-16.438393, 19.783825], [-16.438679, 19.783823], [-16.438681, 19.784094]], [[-16.438393, 19.783825], [-16.438106, 19.783828], [-16.438104, 19.783557], [-16.43839, 19.783554], [-16.438393, 19.783825]], [[-16.437247, 19.783835], [-16.436961, 19.783837], [-16.436956, 19.783295], [-16.437242, 19.783293], [-16.437247, 19.783835]]]}, "properties": {"layer": "meadow", "year": 2021, "sat": "S2B", "date": "2021-07-01", "area_ha": 28.35}}, {"type": "Feature", "geometry": {"type": "Polygon", "coordinates": [[[-16.310706, 19.786433], [-16.310704, 19.786162], [-16.310991, 19.78616], [-16.310988, 19.785889], [-16.311847, 19.785883], [-16.311845, 19.785612], [-16.312418, 19.785608], [-16.31242, 19.785879], [-16.312993, 19.785875], [-16.312995, 19.786146], [-16.314713, 19.786133], [-16.314711, 19.785862], [-16.31557, 19.785856], [-16.315567, 19.785585], [-16.315854, 19.785582], [-16.315845, 19.784498], [-16.315559, 19.7845], [-16.315554, 19.783958], [-16.315268, 19.78396], [-16.315277, 19.785045], [-16.315563, 19.785043], [-16.315565, 19.785314], [-16.31442, 19.785322], [-16.314422, 19.785593], [-16.314136, 19.785595], [-16.314134, 19.785324], [-16.313847, 19.785326], [-16.313845, 19.785055], [-16.314131, 19.785053], [-16.314129, 19.784782], [-16.313556, 19.784786], [-16.313552, 19.784244], [-16.313266, 19.784246], [-16.313263, 19.783975], [-16.312118, 19.783984], [-16.312123, 19.784526], [-16.311836, 19.784528], [-16.311838, 19.784799], [-16.311266, 19.784803], [-16.311264, 19.784532], [-16.310977, 19.784534], [-16.310979, 19.784805], [-16.310693, 19.784807], [-16.310695, 19.785078], [-16.310123, 19.785082], [-16.310125, 19.785353], [-16.309839, 19.785356], [-16.309834, 19.784814], [-16.31012, 19.784811], [-16.310118, 19.78454], [-16.309832, 19.784542], [-16.309825, 19.783729], [-16.310112, 19.783727], [-16.310096, 19.78183], [-16.30981, 19.781832], [-16.309812, 19.782103], [-16.309526, 19.782105], [-16.309532, 19.782918], [-16.309246, 19.78292], [-16.309259, 19.784547], [-16.308973, 19.784549], [-16.308975, 19.78482], [-16.309261, 19.784818], [-16.309268, 19.785631], [-16.309554, 19.785629], [-16.309559, 19.786171], [-16.309845, 19.786169], [-16.309847, 19.78644], [-16.310706, 19.786433]], [[-16.310132, 19.786167], [-16.309845, 19.786169], [-16.309841, 19.785627], [-16.310127, 19.785625], [-16.310132, 19.786167]], [[-16.312988, 19.785332], [-16.312702, 19.785335], [-16.312697, 19.784793], [-16.312984, 19.78479], [-16.312988, 19.785332]]]}, "properties": {"layer": "meadow", "year": 2021, "sat": "S2B", "date": "2021-07-01", "area_ha": 11.61}}, {"type": "Feature", "geometry": {"type": "Polygon", "coordinates": [[[-16.31353, 19.781534], [-16.313528, 19.781263], [-16.313814, 19.781261], [-16.313809, 19.780719], [-16.313523, 19.780721], [-16.313525, 19.780992], [-16.312953, 19.780996], [-16.312957, 19.781538], [-16.31353, 19.781534]]]}, "properties": {"layer": "meadow", "year": 2021, "sat": "S2B", "date": "2021-07-01", "area_ha": 0.54}}, {"type": "Feature", "geometry": {"type": "Polygon", "coordinates": [[[-16.425191, 19.780408], [-16.425186, 19.779866], [-16.425472, 19.779863], [-16.42547, 19.779592], [-16.425184, 19.779595], [-16.425176, 19.778782], [-16.42489, 19.778784], [-16.424897, 19.779597], [-16.424611, 19.779599], [-16.424613, 19.77987], [-16.4249, 19.779868], [-16.424904, 19.78041], [-16.425191, 19.780408]]]}, "properties": {"layer": "meadow", "year": 2021, "sat": "S2B", "date": "2021-07-01", "area_ha": 0.72}}, {"type": "Feature", "geometry": {"type": "Polygon", "coordinates": [[[-16.310078, 19.779662], [-16.310076, 19.779391], [-16.310362, 19.779389], [-16.31036, 19.779118], [-16.310933, 19.779113], [-16.310931, 19.778842], [-16.312076, 19.778834], [-16.312074, 19.778563], [-16.312646, 19.778559], [-16.312644, 19.778288], [-16.313217, 19.778283], [-16.313215, 19.778012], [-16.313501, 19.77801], [-16.313499, 19.777739], [-16.313212, 19.777741], [-16.31321, 19.77747], [-16.312065, 19.777479], [-16.312063, 19.777208], [-16.31149, 19.777212], [-16.311492, 19.777483], [-16.31092, 19.777487], [-16.310917, 19.777216], [-16.310058, 19.777222], [-16.310061, 19.777493], [-16.309774, 19.777496], [-16.309779, 19.778038], [-16.309492, 19.77804], [-16.309497, 19.778582], [-16.309211, 19.778584], [-16.309215, 19.779126], [-16.309501, 19.779124], [-16.309506, 19.779666], [-16.310078, 19.779662]], [[-16.312358, 19.77829], [-16.311785, 19.778294], [-16.311783, 19.778023], [-16.312356, 19.778019], [-16.312358, 19.77829]], [[-16.312928, 19.778015], [-16.312356, 19.778019], [-16.312353, 19.777748], [-16.312926, 19.777743], [-16.312928, 19.778015]]]}, "properties": {"layer": "meadow", "year": 2021, "sat": "S2B", "date": "2021-07-01", "area_ha": 6.39}}, {"type": "Feature", "geometry": {"type": "Polygon", "coordinates": [[[-16.424289, 19.775536], [-16.424279, 19.774452], [-16.423993, 19.774454], [-16.423985, 19.773641], [-16.423699, 19.773643], [-16.423701, 19.773914], [-16.423415, 19.773917], [-16.42342, 19.774459], [-16.423706, 19.774457], [-16.423709, 19.774728], [-16.423995, 19.774725], [-16.424002, 19.775538], [-16.424289, 19.775536]]]}, "properties": {"layer": "meadow", "year": 2021, "sat": "S2B", "date": "2021-07-01", "area_ha": 0.9}}, {"type": "Feature", "geometry": {"type": "Polygon", "coordinates": [[[-16.2731, 19.774508], [-16.273095, 19.773966], [-16.272809, 19.773968], [-16.272803, 19.773155], [-16.27223, 19.773159], [-16.272232, 19.77343], [-16.272518, 19.773428], [-16.272525, 19.774241], [-16.272811, 19.774239], [-16.272813, 19.77451], [-16.2731, 19.774508]]]}, "properties": {"layer": "meadow", "year": 2021, "sat": "S2B", "date": "2021-07-01", "area_ha": 0.63}}, {"type": "Feature", "geometry": {"type": "Polygon", "coordinates": [[[-16.335225, 19.773513], [-16.335223, 19.773242], [-16.334936, 19.773244], [-16.334934, 19.772973], [-16.334361, 19.772977], [-16.334359, 19.772706], [-16.334073, 19.772708], [-16.334075, 19.772979], [-16.33293, 19.772988], [-16.332932, 19.773259], [-16.334364, 19.773248], [-16.334366, 19.773519], [-16.335225, 19.773513]]]}, "properties": {"layer": "meadow", "year": 2021, "sat": "S2B", "date": "2021-07-01", "area_ha": 0.99}}, {"type": "Feature", "geometry": {"type": "Polygon", "coordinates": [[[-16.264527, 19.776737], [-16.264525, 19.776466], [-16.264811, 19.776464], [-16.264809, 19.776193], [-16.265096, 19.776191], [-16.265093, 19.77592], [-16.26538, 19.775918], [-16.265378, 19.775647], [-16.26595, 19.775643], [-16.265948, 19.775372], [-16.266234, 19.77537], [-16.266232, 19.775099], [-16.266519, 19.775097], [-16.266516, 19.774826], [-16.266803, 19.774823], [-16.266801, 19.774552], [-16.26766, 19.774546], [-16.267657, 19.774275], [-16.267944, 19.774273], [-16.267942, 19.774002], [-16.267655, 19.774004], [-16.267653, 19.773733], [-16.267939, 19.773731], [-16.267937, 19.77346], [-16.267078, 19.773466], [-16.267076, 19.773195], [-16.26679, 19.773197], [-16.266792, 19.773468], [-16.266506, 19.77347], [-16.266508, 19.773741], [-16.266222, 19.773743], [-16.266226, 19.774285], [-16.265653, 19.774289], [-16.265655, 19.774561], [-16.265083, 19.774565], [-16.265085, 19.774836], [-16.264799, 19.774838], [-16.264801, 19.775109], [-16.264514, 19.775111], [-16.264517, 19.775382], [-16.263944, 19.775386], [-16.263948, 19.775928], [-16.263662, 19.77593], [-16.263664, 19.776201], [-16.263378, 19.776203], [-16.26338, 19.776474], [-16.263952, 19.77647], [-16.263955, 19.776741], [-16.264527, 19.776737]], [[-16.265662, 19.775374], [-16.265375, 19.775376], [-16.265373, 19.775105], [-16.265087, 19.775107], [-16.265085, 19.774836], [-16.265944, 19.77483], [-16.265946, 19.775101], [-16.26566, 19.775103], [-16.265662, 19.775374]]]}, "properties": {"layer": "meadow", "year": 2021, "sat": "S2B", "date": "2021-07-01", "area_ha": 5.58}}, {"type": "Feature", "geometry": {"type": "Polygon", "coordinates": [[[-16.427698, 19.772527], [-16.427693, 19.771985], [-16.427406, 19.771988], [-16.427402, 19.771446], [-16.426543, 19.771452], [-16.42654, 19.771181], [-16.426254, 19.771184], [-16.426252, 19.770913], [-16.425965, 19.770915], [-16.425973, 19.771728], [-16.425686, 19.77173], [-16.425691, 19.772272], [-16.425977, 19.77227], [-16.425975, 19.771999], [-16.426261, 19.771997], [-16.426259, 19.771726], [-16.426545, 19.771723], [-16.426548, 19.771995], [-16.426834, 19.771992], [-16.426839, 19.772534], [-16.427698, 19.772527]]]}, "properties": {"layer": "meadow", "year": 2021, "sat": "S2B", "date": "2021-07-01", "area_ha": 1.8}}, {"type": "Feature", "geometry": {"type": "Polygon", "coordinates": [[[-16.332069, 19.772723], [-16.332064, 19.772181], [-16.331778, 19.772183], [-16.331773, 19.771641], [-16.331487, 19.771643], [-16.331485, 19.771372], [-16.330912, 19.771376], [-16.330917, 19.771918], [-16.331203, 19.771916], [-16.331207, 19.772458], [-16.331494, 19.772456], [-16.331496, 19.772727], [-16.332069, 19.772723]]]}, "properties": {"layer": "meadow", "year": 2021, "sat": "S2B", "date": "2021-07-01", "area_ha": 1.08}}, {"type": "Feature", "geometry": {"type": "Polygon", "coordinates": [[[-16.277097, 19.773124], [-16.277093, 19.772582], [-16.277666, 19.772578], [-16.277663, 19.772307], [-16.27795, 19.772305], [-16.277948, 19.772034], [-16.277661, 19.772036], [-16.277655, 19.771223], [-16.277368, 19.771225], [-16.277366, 19.770954], [-16.277653, 19.770952], [-16.277646, 19.770138], [-16.277073, 19.770142], [-16.277076, 19.770414], [-16.277362, 19.770411], [-16.277364, 19.770683], [-16.277078, 19.770685], [-16.277086, 19.771769], [-16.2768, 19.771771], [-16.276809, 19.772855], [-16.276522, 19.772857], [-16.27652, 19.772586], [-16.275948, 19.77259], [-16.275952, 19.773132], [-16.277097, 19.773124]]]}, "properties": {"layer": "meadow", "year": 2021, "sat": "S2B", "date": "2021-07-01", "area_ha": 2.43}}, {"type": "Feature", "geometry": {"type": "Polygon", "coordinates": [[[-16.429105, 19.769806], [-16.429102, 19.769535], [-16.429389, 19.769532], [-16.429386, 19.769261], [-16.429673, 19.769259], [-16.42967, 19.768988], [-16.429384, 19.76899], [-16.429381, 19.768719], [-16.428236, 19.768729], [-16.428244, 19.769542], [-16.42853, 19.769539], [-16.428532, 19.76981], [-16.429105, 19.769806]]]}, "properties": {"layer": "meadow", "year": 2021, "sat": "S2B", "date": "2021-07-01", "area_ha": 1.35}}, {"type": "Feature", "geometry": {"type": "Polygon", "coordinates": [[[-16.427382, 19.769277], [-16.427377, 19.768735], [-16.428236, 19.768729], [-16.428234, 19.768458], [-16.42852, 19.768455], [-16.428515, 19.767913], [-16.428802, 19.767911], [-16.428799, 19.76764], [-16.429086, 19.767638], [-16.429088, 19.767909], [-16.429374, 19.767906], [-16.429367, 19.767093], [-16.428794, 19.767098], [-16.428797, 19.767369], [-16.428224, 19.767373], [-16.428227, 19.767644], [-16.42794, 19.767647], [-16.427943, 19.767918], [-16.427657, 19.76792], [-16.427659, 19.768191], [-16.427373, 19.768193], [-16.427375, 19.768464], [-16.426802, 19.768469], [-16.4268, 19.768198], [-16.426514, 19.7682], [-16.426516, 19.768471], [-16.42623, 19.768473], [-16.426232, 19.768745], [-16.426519, 19.768742], [-16.426521, 19.769013], [-16.426807, 19.769011], [-16.42681, 19.769282], [-16.427382, 19.769277]]]}, "properties": {"layer": "meadow", "year": 2021, "sat": "S2B", "date": "2021-07-01", "area_ha": 2.7}}, {"type": "Feature", "geometry": {"type": "Polygon", "coordinates": [[[-16.309404, 19.767198], [-16.309399, 19.766656], [-16.308827, 19.76666], [-16.308825, 19.766389], [-16.308252, 19.766394], [-16.308259, 19.767207], [-16.309404, 19.767198]]]}, "properties": {"layer": "meadow", "year": 2021, "sat": "S2B", "date": "2021-07-01", "area_ha": 0.9}}, {"type": "Feature", "geometry": {"type": "Polygon", "coordinates": [[[-16.430493, 19.764916], [-16.430488, 19.764374], [-16.429915, 19.764378], [-16.429913, 19.764107], [-16.429627, 19.76411], [-16.429624, 19.763839], [-16.429338, 19.763841], [-16.429336, 19.76357], [-16.429049, 19.763572], [-16.429057, 19.764385], [-16.429629, 19.764381], [-16.429632, 19.764652], [-16.429918, 19.764649], [-16.42992, 19.76492], [-16.430493, 19.764916]]]}, "properties": {"layer": "meadow", "year": 2021, "sat": "S2B", "date": "2021-07-01", "area_ha": 0.99}}, {"type": "Feature", "geometry": {"type": "Polygon", "coordinates": [[[-16.276759, 19.766621], [-16.276755, 19.766079], [-16.277327, 19.766075], [-16.277323, 19.765533], [-16.277609, 19.765531], [-16.277607, 19.76526], [-16.277321, 19.765262], [-16.277319, 19.764991], [-16.277032, 19.764993], [-16.27703, 19.764722], [-16.276458, 19.764726], [-16.276462, 19.765268], [-16.275889, 19.765272], [-16.275892, 19.765543], [-16.276178, 19.765541], [-16.276184, 19.766354], [-16.276471, 19.766352], [-16.276473, 19.766623], [-16.276759, 19.766621]]]}, "properties": {"layer": "meadow", "year": 2021, "sat": "S2B", "date": "2021-07-01", "area_ha": 1.98}}, {"type": "Feature", "geometry": {"type": "Polygon", "coordinates": [[[-16.328315, 19.768956], [-16.328311, 19.768414], [-16.328597, 19.768412], [-16.328599, 19.768683], [-16.328886, 19.768681], [-16.328883, 19.76841], [-16.32917, 19.768408], [-16.329167, 19.768137], [-16.329454, 19.768135], [-16.329456, 19.768406], [-16.330315, 19.768399], [-16.330317, 19.76867], [-16.330603, 19.768668], [-16.330601, 19.768397], [-16.330887, 19.768395], [-16.330885, 19.768124], [-16.331458, 19.76812], [-16.331456, 19.767849], [-16.331742, 19.767847], [-16.33174, 19.767576], [-16.332026, 19.767573], [-16.332024, 19.767302], [-16.33231, 19.7673], [-16.332303, 19.766487], [-16.332876, 19.766483], [-16.332874, 19.766212], [-16.332587, 19.766214], [-16.332585, 19.765943], [-16.332012, 19.765947], [-16.332017, 19.766489], [-16.331158, 19.766496], [-16.331156, 19.766225], [-16.330869, 19.766227], [-16.330865, 19.765685], [-16.330579, 19.765687], [-16.330574, 19.765145], [-16.330288, 19.765147], [-16.330286, 19.764876], [-16.329999, 19.764878], [-16.329997, 19.764607], [-16.329711, 19.764609], [-16.329709, 19.764338], [-16.329136, 19.764342], [-16.329134, 19.764071], [-16.328847, 19.764073], [-16.328852, 19.764615], [-16.329424, 19.764611], [-16.329429, 19.765153], [-16.329715, 19.765151], [-16.329718, 19.765422], [-16.329145, 19.765426], [-16.329149, 19.765968], [-16.328863, 19.765971], [-16.328861, 19.7657], [-16.328002, 19.765706], [-16.328004, 19.765977], [-16.327718, 19.765979], [-16.32772, 19.76625], [-16.327434, 19.766252], [-16.327441, 19.767065], [-16.327154, 19.767067], [-16.327157, 19.767339], [-16.326584, 19.767343], [-16.326588, 19.767885], [-16.326875, 19.767883], [-16.326879, 19.768425], [-16.327166, 19.768423], [-16.32717, 19.768965], [-16.328315, 19.768956]]]}, "properties": {"layer": "meadow", "year": 2021, "sat": "S2B", "date": "2021-07-01", "area_ha": 16.47}}, {"type": "Feature", "geometry": {"type": "Polygon", "coordinates": [[[-16.344039, 19.766128], [-16.344028, 19.764773], [-16.343741, 19.764775], [-16.343739, 19.764504], [-16.343166, 19.764509], [-16.343169, 19.76478], [-16.34231, 19.764786], [-16.342305, 19.764244], [-16.342019, 19.764246], [-16.342017, 19.763975], [-16.34173, 19.763977], [-16.34174, 19.765061], [-16.342026, 19.765059], [-16.342028, 19.76533], [-16.342314, 19.765328], [-16.342317, 19.765599], [-16.343176, 19.765593], [-16.343178, 19.765864], [-16.343464, 19.765862], [-16.343466, 19.766133], [-16.344039, 19.766128]]]}, "properties": {"layer": "meadow", "year": 2021, "sat": "S2B", "date": "2021-07-01", "area_ha": 2.97}}, {"type": "Feature", "geometry": {"type": "Polygon", "coordinates": [[[-16.326852, 19.765172], [-16.32685, 19.764901], [-16.326564, 19.764903], [-16.326562, 19.764632], [-16.325703, 19.764639], [-16.3257, 19.764368], [-16.325414, 19.76437], [-16.32541, 19.763828], [-16.324837, 19.763832], [-16.324835, 19.763561], [-16.324549, 19.763563], [-16.324551, 19.763834], [-16.324265, 19.763836], [-16.324262, 19.763565], [-16.323976, 19.763567], [-16.323978, 19.763838], [-16.323692, 19.763841], [-16.323694, 19.764112], [-16.323408, 19.764114], [-16.32341, 19.764385], [-16.323696, 19.764383], [-16.323699, 19.764654], [-16.323985, 19.764651], [-16.323989, 19.765194], [-16.325421, 19.765183], [-16.325419, 19.764912], [-16.325991, 19.764908], [-16.325993, 19.765179], [-16.326852, 19.765172]]]}, "properties": {"layer": "meadow", "year": 2021, "sat": "S2B", "date": "2021-07-01", "area_ha": 3.51}}, {"type": "Feature", "geometry": {"type": "Polygon", "coordinates": [[[-16.340872, 19.763984], [-16.340865, 19.763171], [-16.340579, 19.763173], [-16.340576, 19.762902], [-16.34029, 19.762904], [-16.340292, 19.763175], [-16.340006, 19.763177], [-16.34001, 19.763719], [-16.340297, 19.763717], [-16.340299, 19.763988], [-16.340872, 19.763984]]]}, "properties": {"layer": "meadow", "year": 2021, "sat": "S2B", "date": "2021-07-01", "area_ha": 0.81}}, {"type": "Feature", "geometry": {"type": "Polygon", "coordinates": [[[-16.340006, 19.763177], [-16.339997, 19.762093], [-16.339711, 19.762095], [-16.339697, 19.760469], [-16.339411, 19.760471], [-16.339415, 19.761013], [-16.339129, 19.761015], [-16.339136, 19.761828], [-16.339422, 19.761826], [-16.339431, 19.76291], [-16.339717, 19.762908], [-16.33972, 19.763179], [-16.340006, 19.763177]]]}, "properties": {"layer": "meadow", "year": 2021, "sat": "S2B", "date": "2021-07-01", "area_ha": 1.44}}, {"type": "Feature", "geometry": {"type": "Polygon", "coordinates": [[[-16.496281, 19.758415], [-16.496275, 19.757873], [-16.497134, 19.757866], [-16.497129, 19.757324], [-16.496557, 19.757329], [-16.496559, 19.7576], [-16.496273, 19.757602], [-16.49627, 19.757331], [-16.495984, 19.757333], [-16.495987, 19.757604], [-16.4957, 19.757607], [-16.495708, 19.75842], [-16.496281, 19.758415]]]}, "properties": {"layer": "meadow", "year": 2021, "sat": "S2B", "date": "2021-07-01", "area_ha": 1.08}}, {"type": "Feature", "geometry": {"type": "Polygon", "coordinates": [[[-16.277314, 19.764449], [-16.277312, 19.764178], [-16.277885, 19.764173], [-16.277883, 19.763902], [-16.277596, 19.763904], [-16.277588, 19.76282], [-16.277874, 19.762818], [-16.27787, 19.762276], [-16.278156, 19.762274], [-16.278154, 19.762003], [-16.278726, 19.761999], [-16.278722, 19.761457], [-16.279008, 19.761455], [-16.279006, 19.761184], [-16.279293, 19.761182], [-16.279288, 19.76064], [-16.279575, 19.760638], [-16.27957, 19.760096], [-16.279857, 19.760094], [-16.279852, 19.759551], [-16.280138, 19.759549], [-16.280136, 19.759278], [-16.280423, 19.759276], [-16.280416, 19.758463], [-16.280702, 19.758461], [-16.280694, 19.757377], [-16.280121, 19.757381], [-16.280123, 19.757652], [-16.279551, 19.757656], [-16.279544, 19.756843], [-16.279258, 19.756845], [-16.279262, 19.757387], [-16.27869, 19.757391], [-16.278692, 19.757662], [-16.278406, 19.757664], [-16.278408, 19.757935], [-16.277835, 19.75794], [-16.277837, 19.758211], [-16.277551, 19.758213], [-16.277553, 19.758484], [-16.278698, 19.758476], [-16.278701, 19.758747], [-16.278414, 19.758749], [-16.278421, 19.759562], [-16.277562, 19.759568], [-16.277566, 19.76011], [-16.277853, 19.760108], [-16.27785, 19.759837], [-16.278137, 19.759835], [-16.278141, 19.760377], [-16.277855, 19.760379], [-16.277863, 19.761463], [-16.277577, 19.761465], [-16.277575, 19.761194], [-16.277289, 19.761196], [-16.277293, 19.761738], [-16.277007, 19.76174], [-16.277004, 19.761469], [-16.276718, 19.761471], [-16.27672, 19.761742], [-16.276148, 19.761746], [-16.27615, 19.762017], [-16.277009, 19.762011], [-16.277011, 19.762282], [-16.276152, 19.762288], [-16.276156, 19.762831], [-16.27587, 19.762833], [-16.275872, 19.763104], [-16.275586, 19.763106], [-16.275588, 19.763377], [-16.275302, 19.763379], [-16.275306, 19.763921], [-16.27502, 19.763923], [-16.275022, 19.764194], [-16.276453, 19.764184], [-16.276456, 19.764455], [-16.276742, 19.764453], [-16.27674, 19.764182], [-16.277026, 19.76418], [-16.277028, 19.764451], [-16.277314, 19.764449]], [[-16.279557, 19.758469], [-16.279271, 19.758471], [-16.279267, 19.757929], [-16.280126, 19.757923], [-16.280128, 19.758194], [-16.279555, 19.758198], [-16.279557, 19.758469]]]}, "properties": {"layer": "meadow", "year": 2021, "sat": "S2B", "date": "2021-07-01", "area_ha": 15.39}}, {"type": "Feature", "geometry": {"type": "Polygon", "coordinates": [[[-16.340815, 19.757208], [-16.340813, 19.756937], [-16.341099, 19.756935], [-16.341097, 19.756664], [-16.341383, 19.756661], [-16.341381, 19.75639], [-16.341094, 19.756393], [-16.34109, 19.755851], [-16.340804, 19.755853], [-16.340801, 19.755582], [-16.340229, 19.755586], [-16.340227, 19.755315], [-16.339654, 19.755319], [-16.339656, 19.75559], [-16.33937, 19.755592], [-16.339368, 19.755321], [-16.338795, 19.755326], [-16.338793, 19.755055], [-16.33822, 19.755059], [-16.338218, 19.754788], [-16.337646, 19.754792], [-16.33765, 19.755334], [-16.337936, 19.755332], [-16.337939, 19.755603], [-16.338225, 19.755601], [-16.338227, 19.755872], [-16.339372, 19.755863], [-16.339375, 19.756134], [-16.339661, 19.756132], [-16.339663, 19.756403], [-16.339949, 19.756401], [-16.339952, 19.756672], [-16.340524, 19.756668], [-16.340529, 19.75721], [-16.340815, 19.757208]]]}, "properties": {"layer": "meadow", "year": 2021, "sat": "S2B", "date": "2021-07-01", "area_ha": 3.69}}, {"type": "Feature", "geometry": {"type": "Polygon", "coordinates": [[[-16.335939, 19.75616], [-16.335935, 19.755618], [-16.336221, 19.755616], [-16.336216, 19.755074], [-16.335644, 19.755078], [-16.335642, 19.754807], [-16.335355, 19.754809], [-16.335358, 19.75508], [-16.335071, 19.755082], [-16.335067, 19.75454], [-16.334781, 19.754542], [-16.334778, 19.754271], [-16.334492, 19.754274], [-16.334494, 19.754545], [-16.334208, 19.754547], [-16.334204, 19.754005], [-16.333917, 19.754007], [-16.333915, 19.753736], [-16.333629, 19.753738], [-16.333638, 19.754822], [-16.333351, 19.754824], [-16.333354, 19.755095], [-16.332209, 19.755104], [-16.332211, 19.755375], [-16.331925, 19.755377], [-16.331929, 19.755919], [-16.331643, 19.755921], [-16.331645, 19.756192], [-16.333076, 19.756181], [-16.333072, 19.755639], [-16.333644, 19.755635], [-16.333647, 19.755906], [-16.335364, 19.755893], [-16.335367, 19.756164], [-16.335939, 19.75616]]]}, "properties": {"layer": "meadow", "year": 2021, "sat": "S2B", "date": "2021-07-01", "area_ha": 5.94}}, {"type": "Feature", "geometry": {"type": "Polygon", "coordinates": [[[-16.475612, 19.752353], [-16.47561, 19.752082], [-16.475324, 19.752084], [-16.475321, 19.751813], [-16.474462, 19.75182], [-16.474467, 19.752362], [-16.475612, 19.752353]]]}, "properties": {"layer": "meadow", "year": 2021, "sat": "S2B", "date": "2021-07-01", "area_ha": 0.63}}, {"type": "Feature", "geometry": {"type": "Polygon", "coordinates": [[[-16.325571, 19.748648], [-16.325568, 19.748377], [-16.325855, 19.748375], [-16.325852, 19.748104], [-16.326139, 19.748101], [-16.326141, 19.748372], [-16.327, 19.748366], [-16.326993, 19.747553], [-16.326707, 19.747555], [-16.326704, 19.747284], [-16.326418, 19.747286], [-16.326416, 19.747015], [-16.32613, 19.747017], [-16.326127, 19.746746], [-16.326414, 19.746744], [-16.326411, 19.746473], [-16.326125, 19.746475], [-16.326123, 19.746204], [-16.325837, 19.746206], [-16.325834, 19.745935], [-16.325262, 19.745939], [-16.32526, 19.745668], [-16.325546, 19.745666], [-16.325544, 19.745395], [-16.325257, 19.745397], [-16.325255, 19.745126], [-16.324969, 19.745128], [-16.324978, 19.746213], [-16.325264, 19.746211], [-16.325266, 19.746482], [-16.32498, 19.746484], [-16.324987, 19.747297], [-16.324701, 19.747299], [-16.324705, 19.747841], [-16.325278, 19.747837], [-16.32528, 19.748108], [-16.324707, 19.748112], [-16.324712, 19.748654], [-16.325571, 19.748648]], [[-16.325848, 19.747561], [-16.325275, 19.747566], [-16.325271, 19.747024], [-16.32613, 19.747017], [-16.326132, 19.747288], [-16.325846, 19.74729], [-16.325848, 19.747561]]]}, "properties": {"layer": "meadow", "year": 2021, "sat": "S2B", "date": "2021-07-01", "area_ha": 4.5}}, {"type": "Feature", "geometry": {"type": "Polygon", "coordinates": [[[-16.288332, 19.745938], [-16.28833, 19.745667], [-16.288616, 19.745665], [-16.288614, 19.745394], [-16.2889, 19.745392], [-16.288892, 19.744308], [-16.288319, 19.744312], [-16.288321, 19.744583], [-16.288607, 19.744581], [-16.28861, 19.744852], [-16.288037, 19.744856], [-16.288035, 19.744585], [-16.287749, 19.744587], [-16.287751, 19.744858], [-16.287465, 19.74486], [-16.287469, 19.745402], [-16.287755, 19.7454], [-16.28776, 19.745942], [-16.288332, 19.745938]]]}, "properties": {"layer": "meadow", "year": 2021, "sat": "S2B", "date": "2021-07-01", "area_ha": 1.71}}, {"type": "Feature", "geometry": {"type": "Polygon", "coordinates": [[[-16.289464, 19.744303], [-16.289462, 19.744032], [-16.289748, 19.74403], [-16.289744, 19.743488], [-16.288885, 19.743494], [-16.288887, 19.743765], [-16.289173, 19.743763], [-16.289178, 19.744305], [-16.289464, 19.744303]]]}, "properties": {"layer": "meadow", "year": 2021, "sat": "S2B", "date": "2021-07-01", "area_ha": 0.54}}, {"type": "Feature", "geometry": {"type": "Polygon", "coordinates": [[[-16.288317, 19.744041], [-16.288312, 19.743499], [-16.288599, 19.743496], [-16.288597, 19.743225], [-16.289169, 19.743221], [-16.289167, 19.74295], [-16.288881, 19.742952], [-16.288878, 19.742681], [-16.288306, 19.742685], [-16.28831, 19.743228], [-16.287738, 19.743232], [-16.287736, 19.742961], [-16.287163, 19.742965], [-16.287167, 19.743507], [-16.287454, 19.743505], [-16.287456, 19.743776], [-16.287742, 19.743774], [-16.287744, 19.744045], [-16.288317, 19.744041]]]}, "properties": {"layer": "meadow", "year": 2021, "sat": "S2B", "date": "2021-07-01", "area_ha": 1.53}}, {"type": "Feature", "geometry": {"type": "Polygon", "coordinates": [[[-16.286619, 19.746492], [-16.286601, 19.744324], [-16.286888, 19.744322], [-16.286886, 19.744051], [-16.286599, 19.744053], [-16.286597, 19.743782], [-16.286311, 19.743784], [-16.286317, 19.744597], [-16.286031, 19.744599], [-16.286029, 19.744328], [-16.285743, 19.74433], [-16.28574, 19.744059], [-16.285454, 19.744061], [-16.285452, 19.74379], [-16.285166, 19.743792], [-16.285164, 19.743521], [-16.284877, 19.743523], [-16.284875, 19.743252], [-16.284589, 19.743254], [-16.284587, 19.742983], [-16.284301, 19.742985], [-16.284298, 19.742714], [-16.284012, 19.742716], [-16.28401, 19.742445], [-16.283437, 19.742449], [-16.283442, 19.742991], [-16.283728, 19.742989], [-16.283732, 19.743531], [-16.284019, 19.743529], [-16.284027, 19.744614], [-16.284314, 19.744611], [-16.284316, 19.744883], [-16.284602, 19.74488], [-16.284604, 19.745152], [-16.284318, 19.745154], [-16.28432, 19.745425], [-16.284606, 19.745423], [-16.284608, 19.745694], [-16.285181, 19.745689], [-16.285183, 19.745961], [-16.284897, 19.745963], [-16.284899, 19.746234], [-16.285758, 19.746227], [-16.28576, 19.746498], [-16.286619, 19.746492]]]}, "properties": {"layer": "meadow", "year": 2021, "sat": "S2B", "date": "2021-07-01", "area_ha": 7.38}}, {"type": "Feature", "geometry": {"type": "Polygon", "coordinates": [[[-16.329265, 19.745368], [-16.329263, 19.745097], [-16.329549, 19.745095], [-16.329547, 19.744824], [-16.329261, 19.744826], [-16.329258, 19.744555], [-16.328972, 19.744557], [-16.328965, 19.743744], [-16.329252, 19.743741], [-16.329249, 19.74347], [-16.329536, 19.743468], [-16.329529, 19.742655], [-16.329815, 19.742653], [-16.329811, 19.742111], [-16.330097, 19.742109], [-16.330095, 19.741838], [-16.329808, 19.74184], [-16.329806, 19.741569], [-16.32952, 19.741571], [-16.329518, 19.7413], [-16.328945, 19.741304], [-16.328947, 19.741575], [-16.328089, 19.741582], [-16.328091, 19.741853], [-16.328377, 19.741851], [-16.328382, 19.742393], [-16.328095, 19.742395], [-16.328098, 19.742666], [-16.328384, 19.742664], [-16.328388, 19.743206], [-16.327816, 19.74321], [-16.327814, 19.742939], [-16.327527, 19.742941], [-16.327525, 19.74267], [-16.327811, 19.742668], [-16.327802, 19.741584], [-16.327516, 19.741586], [-16.327514, 19.741315], [-16.327228, 19.741317], [-16.327225, 19.741046], [-16.326653, 19.74105], [-16.326655, 19.741321], [-16.326369, 19.741323], [-16.326373, 19.741865], [-16.326087, 19.741868], [-16.326089, 19.742139], [-16.325803, 19.742141], [-16.325805, 19.742412], [-16.325519, 19.742414], [-16.325524, 19.742956], [-16.325237, 19.742958], [-16.32524, 19.743229], [-16.325526, 19.743227], [-16.325528, 19.743498], [-16.326673, 19.74349], [-16.326675, 19.743761], [-16.326389, 19.743763], [-16.326398, 19.744847], [-16.326971, 19.744843], [-16.326973, 19.745114], [-16.327832, 19.745107], [-16.327834, 19.745378], [-16.32812, 19.745376], [-16.328118, 19.745105], [-16.328404, 19.745103], [-16.328402, 19.744832], [-16.328688, 19.74483], [-16.328693, 19.745372], [-16.329265, 19.745368]], [[-16.328111, 19.744292], [-16.327825, 19.744294], [-16.32782, 19.743752], [-16.328107, 19.74375], [-16.328111, 19.744292]], [[-16.328679, 19.743746], [-16.328393, 19.743748], [-16.328388, 19.743206], [-16.328675, 19.743204], [-16.328679, 19.743746]]]}, "properties": {"layer": "meadow", "year": 2021, "sat": "S2B", "date": "2021-07-01", "area_ha": 13.32}}, {"type": "Feature", "geometry": {"type": "Polygon", "coordinates": [[[-16.492109, 19.740833], [-16.492107, 19.740561], [-16.492393, 19.740559], [-16.49239, 19.740288], [-16.492677, 19.740286], [-16.492669, 19.739473], [-16.492383, 19.739475], [-16.492385, 19.739746], [-16.492099, 19.739748], [-16.492102, 19.740019], [-16.491815, 19.740022], [-16.491823, 19.740835], [-16.492109, 19.740833]]]}, "properties": {"layer": "meadow", "year": 2021, "sat": "S2B", "date": "2021-07-01", "area_ha": 0.81}}, {"type": "Feature", "geometry": {"type": "Polygon", "coordinates": [[[-16.33238, 19.741279], [-16.332376, 19.740737], [-16.330658, 19.740749], [-16.33066, 19.741021], [-16.330947, 19.741018], [-16.330949, 19.741289], [-16.331808, 19.741283], [-16.331805, 19.741012], [-16.332092, 19.74101], [-16.332094, 19.741281], [-16.33238, 19.741279]]]}, "properties": {"layer": "meadow", "year": 2021, "sat": "S2B", "date": "2021-07-01", "area_ha": 0.9}}, {"type": "Feature", "geometry": {"type": "Polygon", "coordinates": [[[-16.333518, 19.740457], [-16.333516, 19.740186], [-16.334089, 19.740182], [-16.334086, 19.739911], [-16.3338, 19.739913], [-16.333798, 19.739642], [-16.334084, 19.73964], [-16.334082, 19.739369], [-16.334368, 19.739367], [-16.334361, 19.738554], [-16.334075, 19.738556], [-16.334077, 19.738827], [-16.333219, 19.738833], [-16.333221, 19.739104], [-16.332935, 19.739106], [-16.332937, 19.739377], [-16.332651, 19.739379], [-16.332653, 19.73965], [-16.332367, 19.739653], [-16.332369, 19.739924], [-16.332655, 19.739921], [-16.332657, 19.740193], [-16.33323, 19.740188], [-16.333232, 19.740459], [-16.333518, 19.740457]]]}, "properties": {"layer": "meadow", "year": 2021, "sat": "S2B", "date": "2021-07-01", "area_ha": 2.34}}, {"type": "Feature", "geometry": {"type": "Polygon", "coordinates": [[[-16.295792, 19.748053], [-16.29579, 19.747781], [-16.296076, 19.747779], [-16.296074, 19.747508], [-16.297219, 19.7475], [-16.297217, 19.747229], [-16.297503, 19.747227], [-16.297499, 19.746685], [-16.297785, 19.746683], [-16.297781, 19.746141], [-16.297208, 19.746145], [-16.297206, 19.745874], [-16.297492, 19.745872], [-16.29749, 19.745601], [-16.297777, 19.745599], [-16.297774, 19.745328], [-16.297488, 19.74533], [-16.297481, 19.744517], [-16.298054, 19.744512], [-16.298056, 19.744783], [-16.29777, 19.744786], [-16.297772, 19.745057], [-16.298058, 19.745055], [-16.298065, 19.745868], [-16.298351, 19.745866], [-16.298349, 19.745595], [-16.298635, 19.745592], [-16.298631, 19.74505], [-16.298917, 19.745048], [-16.298913, 19.744506], [-16.299199, 19.744504], [-16.299197, 19.744233], [-16.299483, 19.744231], [-16.299479, 19.743689], [-16.300051, 19.743685], [-16.300045, 19.742872], [-16.300617, 19.742868], [-16.300615, 19.742596], [-16.300901, 19.742594], [-16.300895, 19.741781], [-16.301181, 19.741779], [-16.301174, 19.740966], [-16.302033, 19.74096], [-16.302035, 19.741231], [-16.302608, 19.741227], [-16.302606, 19.740956], [-16.302892, 19.740954], [-16.302894, 19.741225], [-16.30318, 19.741223], [-16.303178, 19.740952], [-16.303464, 19.740949], [-16.303462, 19.740678], [-16.304893, 19.740668], [-16.304891, 19.740397], [-16.305177, 19.740395], [-16.30518, 19.740666], [-16.305466, 19.740664], [-16.305468, 19.740935], [-16.306327, 19.740929], [-16.306331, 19.741471], [-16.306904, 19.741466], [-16.306902, 19.741195], [-16.307474, 19.741191], [-16.307472, 19.74092], [-16.307758, 19.740918], [-16.307754, 19.740376], [-16.30804, 19.740374], [-16.308036, 19.739832], [-16.308608, 19.739828], [-16.308599, 19.738744], [-16.308885, 19.738741], [-16.308881, 19.738199], [-16.308022, 19.738206], [-16.308025, 19.738477], [-16.307452, 19.738481], [-16.307454, 19.738752], [-16.306595, 19.738758], [-16.306598, 19.739029], [-16.306311, 19.739031], [-16.306309, 19.73876], [-16.306023, 19.738762], [-16.306025, 19.739033], [-16.305739, 19.739035], [-16.305737, 19.738764], [-16.304019, 19.738777], [-16.304021, 19.739048], [-16.303735, 19.73905], [-16.303737, 19.739321], [-16.303451, 19.739323], [-16.303456, 19.739865], [-16.302311, 19.739874], [-16.302313, 19.740145], [-16.30174, 19.740149], [-16.301742, 19.74042], [-16.300884, 19.740426], [-16.300886, 19.740697], [-16.299741, 19.740705], [-16.299743, 19.740976], [-16.298312, 19.740987], [-16.298314, 19.741258], [-16.298028, 19.74126], [-16.29803, 19.741531], [-16.297744, 19.741533], [-16.297746, 19.741804], [-16.297173, 19.741808], [-16.297176, 19.742079], [-16.296603, 19.742083], [-16.296601, 19.741812], [-16.296315, 19.741814], [-16.296317, 19.742086], [-16.296031, 19.742088], [-16.296035, 19.74263], [-16.295749, 19.742632], [-16.295753, 19.743174], [-16.295467, 19.743176], [-16.295475, 19.74426], [-16.295189, 19.744262], [-16.295194, 19.744804], [-16.29548, 19.744802], [-16.295478, 19.744531], [-16.295764, 19.744529], [-16.295766, 19.7448], [-16.296339, 19.744796], [-16.296341, 19.745067], [-16.296627, 19.745065], [-16.296636, 19.746149], [-16.29635, 19.746151], [-16.296347, 19.74588], [-16.295775, 19.745884], [-16.295779, 19.746426], [-16.294634, 19.746435], [-16.294632, 19.746164], [-16.294346, 19.746166], [-16.294344, 19.745895], [-16.294057, 19.745897], [-16.294049, 19.744812], [-16.293762, 19.744815], [-16.29376, 19.744543], [-16.293474, 19.744546], [-16.293469, 19.744003], [-16.292611, 19.74401], [-16.292613, 19.744281], [-16.292327, 19.744283], [-16.292329, 19.744554], [-16.291756, 19.744558], [-16.291754, 19.744287], [-16.291468, 19.744289], [-16.29147, 19.74456], [-16.291184, 19.744562], [-16.291186, 19.744833], [-16.291758, 19.744829], [-16.291761, 19.7451], [-16.292047, 19.745098], [-16.292049, 19.745369], [-16.292335, 19.745367], [-16.292338, 19.745638], [-16.29291, 19.745634], [-16.292912, 19.745905], [-16.293485, 19.745901], [-16.293496, 19.747256], [-16.293782, 19.747254], [-16.293784, 19.747525], [-16.294357, 19.747521], [-16.294359, 19.747792], [-16.294931, 19.747788], [-16.294934, 19.748059], [-16.295792, 19.748053]]]}, "properties": {"layer": "meadow", "year": 2021, "sat": "S2B", "date": "2021-07-01", "area_ha": 46.26}}, {"type": "Feature", "geometry": {"type": "Polygon", "coordinates": [[[-16.49351, 19.737568], [-16.493507, 19.737297], [-16.493794, 19.737295], [-16.493789, 19.736753], [-16.494075, 19.736751], [-16.494072, 19.73648], [-16.494359, 19.736477], [-16.494354, 19.735935], [-16.494067, 19.735938], [-16.49407, 19.736209], [-16.493784, 19.736211], [-16.493786, 19.736482], [-16.4935, 19.736484], [-16.493505, 19.737026], [-16.493219, 19.737029], [-16.493224, 19.737571], [-16.49351, 19.737568]]]}, "properties": {"layer": "meadow", "year": 2021, "sat": "S2B", "date": "2021-07-01", "area_ha": 0.81}}, {"type": "Feature", "geometry": {"type": "Polygon", "coordinates": [[[-16.332932, 19.738835], [-16.33293, 19.738564], [-16.333216, 19.738562], [-16.333214, 19.738291], [-16.332928, 19.738293], [-16.332923, 19.737751], [-16.33321, 19.737749], [-16.333207, 19.737478], [-16.332921, 19.73748], [-16.332919, 19.737209], [-16.332633, 19.737211], [-16.332646, 19.738837], [-16.332932, 19.738835]]]}, "properties": {"layer": "meadow", "year": 2021, "sat": "S2B", "date": "2021-07-01", "area_ha": 0.72}}, {"type": "Feature", "geometry": {"type": "Polygon", "coordinates": [[[-16.330642, 19.738852], [-16.33064, 19.738581], [-16.331213, 19.738577], [-16.33121, 19.738306], [-16.331497, 19.738304], [-16.33149, 19.737491], [-16.331776, 19.737489], [-16.331774, 19.737218], [-16.331488, 19.73722], [-16.331485, 19.736949], [-16.331199, 19.736951], [-16.33119, 19.735867], [-16.330618, 19.735871], [-16.33062, 19.736142], [-16.330334, 19.736144], [-16.33034, 19.736957], [-16.329768, 19.736961], [-16.329772, 19.737503], [-16.329486, 19.737506], [-16.329491, 19.738048], [-16.329204, 19.73805], [-16.329207, 19.738321], [-16.329779, 19.738317], [-16.329781, 19.738588], [-16.330354, 19.738583], [-16.330356, 19.738854], [-16.330642, 19.738852]]]}, "properties": {"layer": "meadow", "year": 2021, "sat": "S2B", "date": "2021-07-01", "area_ha": 4.68}}, {"type": "Feature", "geometry": {"type": "Polygon", "coordinates": [[[-16.334037, 19.733948], [-16.334035, 19.733677], [-16.334321, 19.733675], [-16.334319, 19.733404], [-16.334605, 19.733402], [-16.3346, 19.73286], [-16.334887, 19.732858], [-16.334882, 19.732315], [-16.335168, 19.732313], [-16.335164, 19.731771], [-16.334591, 19.731776], [-16.334589, 19.731504], [-16.334875, 19.731502], [-16.334871, 19.73096], [-16.335157, 19.730958], [-16.335153, 19.730416], [-16.33458, 19.73042], [-16.334585, 19.730962], [-16.334012, 19.730967], [-16.334019, 19.73178], [-16.333733, 19.731782], [-16.333735, 19.732053], [-16.333449, 19.732055], [-16.333453, 19.732597], [-16.333167, 19.732599], [-16.333176, 19.733683], [-16.33289, 19.733686], [-16.332892, 19.733957], [-16.334037, 19.733948]]]}, "properties": {"layer": "meadow", "year": 2021, "sat": "S2B", "date": "2021-07-01", "area_ha": 4.68}}, {"type": "Feature", "geometry": {"type": "Polygon", "coordinates": [[[-16.496608, 19.732122], [-16.496605, 19.731851], [-16.496892, 19.731848], [-16.496889, 19.731577], [-16.497175, 19.731575], [-16.49717, 19.731033], [-16.497456, 19.731031], [-16.497451, 19.730489], [-16.497738, 19.730486], [-16.497735, 19.730215], [-16.498021, 19.730213], [-16.498011, 19.729129], [-16.498297, 19.729126], [-16.49829, 19.728313], [-16.498004, 19.728316], [-16.498009, 19.728858], [-16.497722, 19.72886], [-16.497725, 19.729131], [-16.497439, 19.729133], [-16.497444, 19.729675], [-16.497158, 19.729678], [-16.497165, 19.730491], [-16.496879, 19.730493], [-16.496884, 19.731035], [-16.496598, 19.731038], [-16.4966, 19.731309], [-16.496314, 19.731311], [-16.496322, 19.732124], [-16.496608, 19.732122]]]}, "properties": {"layer": "meadow", "year": 2021, "sat": "S2B", "date": "2021-07-01", "area_ha": 2.52}}, {"type": "Feature", "geometry": {"type": "Polygon", "coordinates": [[[-16.27788, 19.727581], [-16.277878, 19.72731], [-16.278164, 19.727308], [-16.278162, 19.727037], [-16.277303, 19.727043], [-16.277305, 19.727314], [-16.277019, 19.727316], [-16.277021, 19.727587], [-16.27788, 19.727581]]]}, "properties": {"layer": "meadow", "year": 2021, "sat": "S2B", "date": "2021-07-01", "area_ha": 0.54}}, {"type": "Feature", "geometry": {"type": "Polygon", "coordinates": [[[-16.500557, 19.725855], [-16.500554, 19.725584], [-16.50084, 19.725582], [-16.500838, 19.725311], [-16.501124, 19.725308], [-16.501109, 19.723682], [-16.500823, 19.723684], [-16.500825, 19.723955], [-16.500539, 19.723958], [-16.500547, 19.724771], [-16.50026, 19.724773], [-16.500265, 19.725315], [-16.499979, 19.725318], [-16.499984, 19.72586], [-16.500557, 19.725855]]]}, "properties": {"layer": "meadow", "year": 2021, "sat": "S2B", "date": "2021-07-01", "area_ha": 1.62}}, {"type": "Feature", "geometry": {"type": "Polygon", "coordinates": [[[-16.290966, 19.717458], [-16.290962, 19.716916], [-16.291248, 19.716914], [-16.291246, 19.716643], [-16.291532, 19.716641], [-16.291528, 19.716099], [-16.291241, 19.716101], [-16.291243, 19.716372], [-16.290957, 19.716374], [-16.290959, 19.716645], [-16.290673, 19.716647], [-16.290675, 19.716918], [-16.290389, 19.71692], [-16.290391, 19.717191], [-16.290678, 19.717189], [-16.29068, 19.71746], [-16.290966, 19.717458]]]}, "properties": {"layer": "meadow", "year": 2021, "sat": "S2B", "date": "2021-07-01", "area_ha": 0.72}}, {"type": "Feature", "geometry": {"type": "Polygon", "coordinates": [[[-16.343603, 19.71409], [-16.343599, 19.713548], [-16.343885, 19.713546], [-16.343883, 19.713275], [-16.343597, 19.713277], [-16.343592, 19.712735], [-16.343306, 19.712737], [-16.343317, 19.714092], [-16.343603, 19.71409]]]}, "properties": {"layer": "meadow", "year": 2021, "sat": "S2B", "date": "2021-07-01", "area_ha": 0.54}}, {"type": "Feature", "geometry": {"type": "Polygon", "coordinates": [[[-16.509542, 19.707349], [-16.50954, 19.707078], [-16.509826, 19.707076], [-16.509818, 19.706263], [-16.51039, 19.706258], [-16.510388, 19.705987], [-16.510674, 19.705984], [-16.510677, 19.706255], [-16.510963, 19.706253], [-16.51096, 19.705982], [-16.511246, 19.705979], [-16.511244, 19.705708], [-16.510958, 19.705711], [-16.510955, 19.70544], [-16.511241, 19.705437], [-16.511239, 19.705166], [-16.510094, 19.705176], [-16.510099, 19.705718], [-16.509813, 19.705721], [-16.509816, 19.705992], [-16.509529, 19.705994], [-16.509532, 19.706265], [-16.50896, 19.70627], [-16.50897, 19.707354], [-16.509542, 19.707349]]]}, "properties": {"layer": "meadow", "year": 2021, "sat": "S2B", "date": "2021-07-01", "area_ha": 2.43}}, {"type": "Feature", "geometry": {"type": "Polygon", "coordinates": [[[-16.508106, 19.706819], [-16.508104, 19.706548], [-16.50839, 19.706546], [-16.508364, 19.703835], [-16.508078, 19.703838], [-16.508086, 19.704651], [-16.5078, 19.704653], [-16.507805, 19.705195], [-16.508091, 19.705193], [-16.508099, 19.706006], [-16.507812, 19.706008], [-16.50782, 19.706821], [-16.508106, 19.706819]]]}, "properties": {"layer": "meadow", "year": 2021, "sat": "S2B", "date": "2021-07-01", "area_ha": 1.35}}, {"type": "Feature", "geometry": {"type": "Polygon", "coordinates": [[[-16.511522, 19.704893], [-16.51152, 19.704622], [-16.511234, 19.704624], [-16.511229, 19.704082], [-16.510656, 19.704087], [-16.510654, 19.703816], [-16.510368, 19.703819], [-16.510373, 19.704361], [-16.510659, 19.704358], [-16.510664, 19.7049], [-16.511522, 19.704893]]]}, "properties": {"layer": "meadow", "year": 2021, "sat": "S2B", "date": "2021-07-01", "area_ha": 0.81}}, {"type": "Feature", "geometry": {"type": "Polygon", "coordinates": [[[-16.5098, 19.704365], [-16.509798, 19.704094], [-16.509512, 19.704097], [-16.509507, 19.703555], [-16.50922, 19.703557], [-16.509213, 19.702744], [-16.508927, 19.702747], [-16.508932, 19.703289], [-16.508645, 19.703291], [-16.508648, 19.703562], [-16.508934, 19.70356], [-16.508939, 19.704102], [-16.509225, 19.704099], [-16.509228, 19.70437], [-16.5098, 19.704365]]]}, "properties": {"layer": "meadow", "year": 2021, "sat": "S2B", "date": "2021-07-01", "area_ha": 0.9}}, {"type": "Feature", "geometry": {"type": "Polygon", "coordinates": [[[-16.505346, 19.717684], [-16.505338, 19.716871], [-16.505625, 19.716868], [-16.505622, 19.716597], [-16.505908, 19.716595], [-16.505906, 19.716324], [-16.506192, 19.716321], [-16.506187, 19.715779], [-16.506473, 19.715777], [-16.506468, 19.715235], [-16.506754, 19.715233], [-16.506746, 19.714419], [-16.507033, 19.714417], [-16.507025, 19.713604], [-16.507311, 19.713602], [-16.507298, 19.712247], [-16.507585, 19.712244], [-16.507582, 19.711973], [-16.507868, 19.711971], [-16.507866, 19.7117], [-16.508152, 19.711697], [-16.508147, 19.711155], [-16.508433, 19.711153], [-16.50843, 19.710882], [-16.508717, 19.710879], [-16.508714, 19.710608], [-16.507569, 19.710618], [-16.507577, 19.711431], [-16.506719, 19.711438], [-16.506716, 19.711167], [-16.50643, 19.71117], [-16.506427, 19.710899], [-16.506141, 19.710901], [-16.506139, 19.71063], [-16.505852, 19.710632], [-16.505855, 19.710903], [-16.505569, 19.710906], [-16.505571, 19.711177], [-16.504999, 19.711182], [-16.504996, 19.710911], [-16.504424, 19.710916], [-16.504422, 19.710644], [-16.504135, 19.710647], [-16.504133, 19.710376], [-16.505564, 19.710364], [-16.505561, 19.710093], [-16.505847, 19.71009], [-16.50585, 19.710361], [-16.506422, 19.710357], [-16.506417, 19.709815], [-16.506131, 19.709817], [-16.506128, 19.709546], [-16.505842, 19.709548], [-16.50584, 19.709277], [-16.506412, 19.709273], [-16.506409, 19.709002], [-16.506123, 19.709004], [-16.506118, 19.708462], [-16.506404, 19.70846], [-16.506402, 19.708189], [-16.506116, 19.708191], [-16.506108, 19.707378], [-16.506394, 19.707375], [-16.506387, 19.706562], [-16.506673, 19.70656], [-16.506665, 19.705747], [-16.506951, 19.705745], [-16.506949, 19.705474], [-16.506663, 19.705476], [-16.50666, 19.705205], [-16.506374, 19.705207], [-16.506371, 19.704936], [-16.506658, 19.704934], [-16.50665, 19.704121], [-16.506936, 19.704118], [-16.506934, 19.703847], [-16.506647, 19.70385], [-16.506645, 19.703579], [-16.506931, 19.703576], [-16.506923, 19.702763], [-16.50721, 19.702761], [-16.507207, 19.70249], [-16.506921, 19.702492], [-16.506916, 19.70195], [-16.507202, 19.701948], [-16.507199, 19.701677], [-16.506913, 19.701679], [-16.506908, 19.701137], [-16.506622, 19.70114], [-16.506627, 19.701682], [-16.506341, 19.701684], [-16.506333, 19.700871], [-16.50662, 19.700869], [-16.506617, 19.700598], [-16.506903, 19.700595], [-16.506906, 19.700866], [-16.507192, 19.700864], [-16.507189, 19.700593], [-16.507475, 19.70059], [-16.507473, 19.700319], [-16.507187, 19.700322], [-16.507184, 19.700051], [-16.506898, 19.700053], [-16.506896, 19.699782], [-16.507182, 19.69978], [-16.507172, 19.698696], [-16.507458, 19.698693], [-16.507453, 19.698151], [-16.507166, 19.698154], [-16.507164, 19.697883], [-16.506878, 19.697885], [-16.506865, 19.69653], [-16.506579, 19.696532], [-16.506564, 19.694906], [-16.505991, 19.694911], [-16.505989, 19.69464], [-16.505703, 19.694643], [-16.505695, 19.69383], [-16.505409, 19.693832], [-16.505401, 19.693019], [-16.505115, 19.693021], [-16.505113, 19.69275], [-16.504827, 19.692753], [-16.504822, 19.692211], [-16.504535, 19.692213], [-16.504538, 19.692484], [-16.503966, 19.692489], [-16.503968, 19.69276], [-16.504254, 19.692757], [-16.504257, 19.693028], [-16.504543, 19.693026], [-16.504551, 19.693839], [-16.504264, 19.693842], [-16.504262, 19.69357], [-16.503976, 19.693573], [-16.503983, 19.694386], [-16.504269, 19.694384], [-16.504275, 19.694926], [-16.503988, 19.694928], [-16.503991, 19.695199], [-16.504563, 19.695194], [-16.504573, 19.696278], [-16.50486, 19.696276], [-16.50487, 19.69736], [-16.505156, 19.697358], [-16.505168, 19.698713], [-16.505455, 19.69871], [-16.50547, 19.700336], [-16.505184, 19.700339], [-16.505191, 19.701152], [-16.504905, 19.701154], [-16.504913, 19.701967], [-16.504627, 19.70197], [-16.504629, 19.702241], [-16.505201, 19.702236], [-16.505204, 19.702507], [-16.50549, 19.702504], [-16.505498, 19.703317], [-16.505212, 19.70332], [-16.505214, 19.703591], [-16.504928, 19.703593], [-16.50493, 19.703864], [-16.505217, 19.703862], [-16.505219, 19.704133], [-16.504933, 19.704135], [-16.504943, 19.705219], [-16.504657, 19.705222], [-16.504662, 19.705764], [-16.504376, 19.705766], [-16.504373, 19.705495], [-16.503801, 19.7055], [-16.503804, 19.705771], [-16.50409, 19.705769], [-16.504092, 19.70604], [-16.504665, 19.706035], [-16.504667, 19.706306], [-16.504381, 19.706308], [-16.504383, 19.706579], [-16.50467, 19.706577], [-16.504672, 19.706848], [-16.5041, 19.706853], [-16.504097, 19.706582], [-16.503525, 19.706586], [-16.503538, 19.707942], [-16.503824, 19.707939], [-16.503826, 19.70821], [-16.50354, 19.708213], [-16.503543, 19.708484], [-16.503257, 19.708486], [-16.503264, 19.709299], [-16.502978, 19.709301], [-16.502983, 19.709843], [-16.503269, 19.709841], [-16.503267, 19.70957], [-16.503553, 19.709568], [-16.503558, 19.71011], [-16.503844, 19.710107], [-16.503847, 19.710378], [-16.50356, 19.710381], [-16.503563, 19.710652], [-16.503277, 19.710654], [-16.503279, 19.710925], [-16.503566, 19.710923], [-16.503578, 19.712278], [-16.503864, 19.712275], [-16.503867, 19.712546], [-16.503581, 19.712549], [-16.503588, 19.713362], [-16.504447, 19.713355], [-16.504449, 19.713626], [-16.504163, 19.713628], [-16.504166, 19.713899], [-16.50388, 19.713901], [-16.503887, 19.714715], [-16.503601, 19.714717], [-16.503609, 19.71553], [-16.503895, 19.715528], [-16.503907, 19.716883], [-16.504194, 19.71688], [-16.504191, 19.716609], [-16.504477, 19.716607], [-16.504487, 19.717691], [-16.505346, 19.717684]], [[-16.504763, 19.716604], [-16.504477, 19.716607], [-16.504475, 19.716336], [-16.504761, 19.716333], [-16.504763, 19.716604]], [[-16.505614, 19.715784], [-16.505042, 19.715789], [-16.505037, 19.715247], [-16.504751, 19.715249], [-16.504746, 19.714707], [-16.505032, 19.714705], [-16.505029, 19.714434], [-16.505316, 19.714431], [-16.505318, 19.714703], [-16.505604, 19.7147], [-16.505607, 19.714971], [-16.505893, 19.714969], [-16.505896, 19.71524], [-16.505609, 19.715242], [-16.505614, 19.715784]], [[-16.506458, 19.714151], [-16.506172, 19.714153], [-16.506169, 19.713882], [-16.506455, 19.71388], [-16.506458, 19.714151]], [[-16.506166, 19.713611], [-16.505594, 19.713616], [-16.505592, 19.713345], [-16.506164, 19.71334], [-16.506166, 19.713611]], [[-16.506734, 19.713064], [-16.505875, 19.713072], [-16.505873, 19.712801], [-16.506159, 19.712798], [-16.506156, 19.712527], [-16.506729, 19.712522], [-16.506734, 19.713064]], [[-16.507296, 19.711976], [-16.50701, 19.711978], [-16.507007, 19.711707], [-16.507293, 19.711705], [-16.507296, 19.711976]], [[-16.50584, 19.709277], [-16.505554, 19.70928], [-16.505551, 19.709009], [-16.505837, 19.709006], [-16.50584, 19.709277]], [[-16.505262, 19.70874], [-16.504976, 19.708743], [-16.504974, 19.708472], [-16.50526, 19.708469], [-16.505262, 19.70874]], [[-16.504107, 19.707666], [-16.503821, 19.707668], [-16.503816, 19.707126], [-16.504102, 19.707124], [-16.504107, 19.707666]], [[-16.506617, 19.700598], [-16.506331, 19.7006], [-16.506328, 19.700329], [-16.506614, 19.700327], [-16.506617, 19.700598]], [[-16.506045, 19.700603], [-16.505759, 19.700605], [-16.505756, 19.700334], [-16.506042, 19.700331], [-16.506045, 19.700603]], [[-16.506328, 19.700329], [-16.506042, 19.700331], [-16.50604, 19.70006], [-16.505753, 19.700063], [-16.505741, 19.698708], [-16.506027, 19.698705], [-16.506024, 19.698434], [-16.506311, 19.698432], [-16.506313, 19.698703], [-16.506599, 19.698701], [-16.506612, 19.700056], [-16.506326, 19.700058], [-16.506328, 19.700329]], [[-16.506014, 19.69735], [-16.505728, 19.697353], [-16.505726, 19.697082], [-16.506012, 19.697079], [-16.506014, 19.69735]], [[-16.505138, 19.69546], [-16.504852, 19.695463], [-16.504849, 19.695192], [-16.505136, 19.695189], [-16.505138, 19.69546]], [[-16.505414, 19.694374], [-16.505128, 19.694376], [-16.505125, 19.694105], [-16.505412, 19.694103], [-16.505414, 19.694374]]]}, "properties": {"layer": "meadow", "year": 2021, "sat": "S2B", "date": "2021-07-01", "area_ha": 60.3}}, {"type": "Feature", "geometry": {"type": "Polygon", "coordinates": [[[-16.501325, 19.685464], [-16.50132, 19.684922], [-16.501033, 19.684924], [-16.501031, 19.684653], [-16.500745, 19.684656], [-16.500742, 19.684385], [-16.500456, 19.684387], [-16.500466, 19.685471], [-16.501325, 19.685464]]]}, "properties": {"layer": "meadow", "year": 2021, "sat": "S2B", "date": "2021-07-01", "area_ha": 0.81}}, {"type": "Feature", "geometry": {"type": "Polygon", "coordinates": [[[-16.368845, 19.686794], [-16.368842, 19.686523], [-16.369128, 19.686521], [-16.369122, 19.685708], [-16.369408, 19.685705], [-16.369405, 19.685434], [-16.369692, 19.685432], [-16.369689, 19.685161], [-16.369975, 19.685159], [-16.369971, 19.684617], [-16.369685, 19.684619], [-16.369687, 19.68489], [-16.369115, 19.684895], [-16.369119, 19.685437], [-16.368833, 19.685439], [-16.36884, 19.686252], [-16.368554, 19.686254], [-16.368558, 19.686796], [-16.368845, 19.686794]]]}, "properties": {"layer": "meadow", "year": 2021, "sat": "S2B", "date": "2021-07-01", "area_ha": 1.17}}, {"type": "Feature", "geometry": {"type": "Polygon", "coordinates": [[[-16.484353, 19.675848], [-16.484351, 19.675577], [-16.484637, 19.675574], [-16.484634, 19.675303], [-16.48492, 19.675301], [-16.484915, 19.674759], [-16.484629, 19.674761], [-16.484627, 19.67449], [-16.484054, 19.674495], [-16.484052, 19.674224], [-16.483766, 19.674226], [-16.483763, 19.673955], [-16.483477, 19.673958], [-16.483485, 19.674771], [-16.483771, 19.674768], [-16.483773, 19.675039], [-16.484346, 19.675035], [-16.484348, 19.675306], [-16.483776, 19.67531], [-16.483781, 19.675852], [-16.484353, 19.675848]]]}, "properties": {"layer": "meadow", "year": 2021, "sat": "S2B", "date": "2021-07-01", "area_ha": 1.62}}, {"type": "Feature", "geometry": {"type": "Polygon", "coordinates": [[[-16.490886, 19.670644], [-16.490884, 19.670373], [-16.49117, 19.67037], [-16.491167, 19.670099], [-16.490595, 19.670104], [-16.490597, 19.670375], [-16.490311, 19.670378], [-16.490309, 19.670107], [-16.490023, 19.670109], [-16.490028, 19.670651], [-16.490886, 19.670644]]]}, "properties": {"layer": "meadow", "year": 2021, "sat": "S2B", "date": "2021-07-01", "area_ha": 0.54}}, {"type": "Feature", "geometry": {"type": "Polygon", "coordinates": [[[-16.496899, 19.671136], [-16.496894, 19.670594], [-16.496608, 19.670596], [-16.496606, 19.670325], [-16.49632, 19.670328], [-16.496314, 19.669786], [-16.495742, 19.66979], [-16.495745, 19.670061], [-16.496031, 19.670059], [-16.496033, 19.67033], [-16.495747, 19.670332], [-16.49575, 19.670603], [-16.495464, 19.670606], [-16.495461, 19.670335], [-16.494031, 19.670347], [-16.494028, 19.670076], [-16.491739, 19.670095], [-16.491744, 19.670637], [-16.49203, 19.670634], [-16.492028, 19.670363], [-16.492314, 19.670361], [-16.492317, 19.670632], [-16.492603, 19.67063], [-16.4926, 19.670359], [-16.492886, 19.670356], [-16.492889, 19.670627], [-16.494319, 19.670615], [-16.494322, 19.670886], [-16.495466, 19.670877], [-16.495469, 19.671148], [-16.496041, 19.671143], [-16.496038, 19.670872], [-16.496611, 19.670867], [-16.496613, 19.671138], [-16.496899, 19.671136]]]}, "properties": {"layer": "meadow", "year": 2021, "sat": "S2B", "date": "2021-07-01", "area_ha": 3.33}}, {"type": "Feature", "geometry": {"type": "Polygon", "coordinates": [[[-16.488027, 19.670939], [-16.488022, 19.670397], [-16.488595, 19.670392], [-16.488592, 19.670121], [-16.488878, 19.670118], [-16.488883, 19.67066], [-16.489169, 19.670658], [-16.489167, 19.670387], [-16.489453, 19.670385], [-16.489456, 19.670656], [-16.489742, 19.670653], [-16.489737, 19.670111], [-16.489451, 19.670114], [-16.489448, 19.669843], [-16.489734, 19.66984], [-16.489732, 19.669569], [-16.488873, 19.669576], [-16.488876, 19.669847], [-16.48859, 19.66985], [-16.488587, 19.669579], [-16.488301, 19.669581], [-16.488299, 19.66931], [-16.488012, 19.669312], [-16.48801, 19.669041], [-16.487724, 19.669044], [-16.487721, 19.668773], [-16.487435, 19.668775], [-16.487438, 19.669046], [-16.487152, 19.669049], [-16.487154, 19.66932], [-16.486868, 19.669322], [-16.486871, 19.669593], [-16.486584, 19.669595], [-16.486587, 19.669866], [-16.486873, 19.669864], [-16.486876, 19.670135], [-16.487448, 19.67013], [-16.487453, 19.670672], [-16.487739, 19.67067], [-16.487741, 19.670941], [-16.488027, 19.670939]]]}, "properties": {"layer": "meadow", "year": 2021, "sat": "S2B", "date": "2021-07-01", "area_ha": 3.6}}, {"type": "Feature", "geometry": {"type": "Polygon", "coordinates": [[[-16.489413, 19.666048], [-16.48941, 19.665777], [-16.489697, 19.665775], [-16.489694, 19.665504], [-16.489408, 19.665506], [-16.489405, 19.665235], [-16.489119, 19.665238], [-16.489117, 19.664967], [-16.488831, 19.664969], [-16.488838, 19.665782], [-16.489124, 19.66578], [-16.489127, 19.666051], [-16.489413, 19.666048]]]}, "properties": {"layer": "meadow", "year": 2021, "sat": "S2B", "date": "2021-07-01", "area_ha": 0.63}}, {"type": "Feature", "geometry": {"type": "Polygon", "coordinates": [[[-16.455802, 19.651145], [-16.45579, 19.64979], [-16.455504, 19.649793], [-16.455502, 19.649522], [-16.455216, 19.649524], [-16.455208, 19.648711], [-16.454922, 19.648713], [-16.454915, 19.6479], [-16.454629, 19.647902], [-16.454626, 19.647631], [-16.45434, 19.647634], [-16.454345, 19.648176], [-16.454631, 19.648173], [-16.454636, 19.648715], [-16.45435, 19.648718], [-16.454352, 19.648989], [-16.454639, 19.648986], [-16.454646, 19.6498], [-16.454932, 19.649797], [-16.454937, 19.650339], [-16.455509, 19.650335], [-16.455514, 19.650877], [-16.455228, 19.650879], [-16.45523, 19.65115], [-16.455802, 19.651145]]]}, "properties": {"layer": "meadow", "year": 2021, "sat": "S2B", "date": "2021-07-01", "area_ha": 2.25}}, {"type": "Feature", "geometry": {"type": "Polygon", "coordinates": [[[-16.452883, 19.644664], [-16.452876, 19.643851], [-16.453162, 19.643849], [-16.453159, 19.643578], [-16.452873, 19.64358], [-16.452859, 19.641954], [-16.452573, 19.641956], [-16.452563, 19.640872], [-16.452277, 19.640874], [-16.452272, 19.640332], [-16.451986, 19.640335], [-16.451983, 19.640064], [-16.451697, 19.640066], [-16.451693, 19.639524], [-16.451406, 19.639526], [-16.451399, 19.638713], [-16.451113, 19.638715], [-16.451111, 19.638444], [-16.450825, 19.638447], [-16.450832, 19.63926], [-16.451118, 19.639257], [-16.451125, 19.64007], [-16.451411, 19.640068], [-16.451414, 19.640339], [-16.4517, 19.640337], [-16.451702, 19.640608], [-16.451416, 19.64061], [-16.451419, 19.640881], [-16.451705, 19.640879], [-16.451707, 19.64115], [-16.451993, 19.641148], [-16.451998, 19.64169], [-16.452284, 19.641687], [-16.452289, 19.642229], [-16.452575, 19.642227], [-16.452578, 19.642498], [-16.452291, 19.6425], [-16.452294, 19.642771], [-16.45258, 19.642769], [-16.45259, 19.643853], [-16.452304, 19.643856], [-16.452306, 19.644127], [-16.452592, 19.644124], [-16.452597, 19.644666], [-16.452883, 19.644664]]]}, "properties": {"layer": "meadow", "year": 2021, "sat": "S2B", "date": "2021-07-01", "area_ha": 3.51}}, {"type": "Feature", "geometry": {"type": "Polygon", "coordinates": [[[-16.399733, 19.618794], [-16.399731, 19.618523], [-16.400589, 19.618516], [-16.400584, 19.617974], [-16.39944, 19.617983], [-16.399442, 19.618254], [-16.399156, 19.618256], [-16.399161, 19.618798], [-16.399733, 19.618794]]]}, "properties": {"layer": "meadow", "year": 2021, "sat": "S2B", "date": "2021-07-01", "area_ha": 0.99}}, {"type": "Feature", "geometry": {"type": "Polygon", "coordinates": [[[-16.403132, 19.614973], [-16.40313, 19.614702], [-16.403416, 19.614699], [-16.403414, 19.614428], [-16.4037, 19.614426], [-16.403697, 19.614155], [-16.403983, 19.614153], [-16.403981, 19.613882], [-16.404553, 19.613877], [-16.404551, 19.613606], [-16.404837, 19.613604], [-16.404834, 19.613333], [-16.40512, 19.613331], [-16.405118, 19.61306], [-16.40426, 19.613066], [-16.404262, 19.613338], [-16.40369, 19.613342], [-16.403692, 19.613613], [-16.40312, 19.613617], [-16.403123, 19.613889], [-16.402837, 19.613891], [-16.402846, 19.614975], [-16.403132, 19.614973]]]}, "properties": {"layer": "meadow", "year": 2021, "sat": "S2B", "date": "2021-07-01", "area_ha": 1.98}}, {"type": "Feature", "geometry": {"type": "Polygon", "coordinates": [[[-16.421985, 19.612114], [-16.421983, 19.611843], [-16.422269, 19.611841], [-16.422267, 19.61157], [-16.421981, 19.611572], [-16.421978, 19.611301], [-16.421406, 19.611306], [-16.421409, 19.611577], [-16.421695, 19.611574], [-16.421697, 19.611846], [-16.421411, 19.611848], [-16.421413, 19.612119], [-16.421985, 19.612114]]]}, "properties": {"layer": "meadow", "year": 2021, "sat": "S2B", "date": "2021-07-01", "area_ha": 0.54}}, {"type": "Feature", "geometry": {"type": "Polygon", "coordinates": [[[-16.423113, 19.610208], [-16.42311, 19.609937], [-16.423396, 19.609935], [-16.423392, 19.609393], [-16.423678, 19.60939], [-16.423675, 19.609119], [-16.423103, 19.609124], [-16.423106, 19.609395], [-16.42282, 19.609397], [-16.422822, 19.609668], [-16.421964, 19.609675], [-16.421966, 19.609946], [-16.422824, 19.609939], [-16.422827, 19.61021], [-16.423113, 19.610208]]]}, "properties": {"layer": "meadow", "year": 2021, "sat": "S2B", "date": "2021-07-01", "area_ha": 0.9}}, {"type": "Feature", "geometry": {"type": "Polygon", "coordinates": [[[-16.404454, 19.602494], [-16.404452, 19.602223], [-16.404738, 19.602221], [-16.404731, 19.601408], [-16.403873, 19.601414], [-16.403875, 19.601685], [-16.404161, 19.601683], [-16.404168, 19.602496], [-16.404454, 19.602494]]]}, "properties": {"layer": "meadow", "year": 2021, "sat": "S2B", "date": "2021-07-01", "area_ha": 0.72}}, {"type": "Feature", "geometry": {"type": "Polygon", "coordinates": [[[-16.439328, 19.600322], [-16.439323, 19.599779], [-16.439037, 19.599782], [-16.439035, 19.599511], [-16.438463, 19.599515], [-16.438468, 19.600057], [-16.438754, 19.600055], [-16.438756, 19.600326], [-16.439328, 19.600322]]]}, "properties": {"layer": "meadow", "year": 2021, "sat": "S2B", "date": "2021-07-01", "area_ha": 0.63}}, {"type": "Feature", "geometry": {"type": "Polygon", "coordinates": [[[-16.403029, 19.603047], [-16.403026, 19.602776], [-16.403312, 19.602774], [-16.40331, 19.602503], [-16.403596, 19.602501], [-16.403591, 19.601959], [-16.403877, 19.601956], [-16.403875, 19.601685], [-16.403589, 19.601688], [-16.403587, 19.601417], [-16.403873, 19.601414], [-16.403868, 19.600872], [-16.404154, 19.60087], [-16.404156, 19.601141], [-16.404442, 19.601139], [-16.40444, 19.600868], [-16.404726, 19.600866], [-16.404728, 19.601137], [-16.405014, 19.601134], [-16.405005, 19.60005], [-16.404719, 19.600053], [-16.404712, 19.599239], [-16.404426, 19.599242], [-16.404433, 19.600055], [-16.404147, 19.600057], [-16.404149, 19.600328], [-16.403863, 19.60033], [-16.403866, 19.600601], [-16.403294, 19.600606], [-16.403298, 19.601148], [-16.403012, 19.60115], [-16.403024, 19.602505], [-16.402738, 19.602507], [-16.40274, 19.602778], [-16.402454, 19.602781], [-16.402457, 19.603052], [-16.403029, 19.603047]]]}, "properties": {"layer": "meadow", "year": 2021, "sat": "S2B", "date": "2021-07-01", "area_ha": 3.24}}, {"type": "Feature", "geometry": {"type": "Polygon", "coordinates": [[[-16.427574, 19.597162], [-16.427569, 19.59662], [-16.427283, 19.596623], [-16.427281, 19.596352], [-16.426709, 19.596356], [-16.426711, 19.596627], [-16.426997, 19.596625], [-16.427002, 19.597167], [-16.427574, 19.597162]]]}, "properties": {"layer": "meadow", "year": 2021, "sat": "S2B", "date": "2021-07-01", "area_ha": 0.54}}, {"type": "Feature", "geometry": {"type": "Polygon", "coordinates": [[[-16.43612, 19.5933], [-16.436117, 19.593029], [-16.436403, 19.593027], [-16.436396, 19.592214], [-16.43611, 19.592216], [-16.436115, 19.592758], [-16.435829, 19.59276], [-16.435831, 19.593031], [-16.435546, 19.593033], [-16.435548, 19.593304], [-16.43612, 19.5933]]]}, "properties": {"layer": "meadow", "year": 2021, "sat": "S2B", "date": "2021-07-01", "area_ha": 0.54}}, {"type": "Feature", "geometry": {"type": "Polygon", "coordinates": [[[-16.406029, 19.586219], [-16.406026, 19.585948], [-16.406884, 19.585941], [-16.406882, 19.58567], [-16.406596, 19.585672], [-16.406594, 19.585401], [-16.405736, 19.585408], [-16.40574, 19.58595], [-16.405454, 19.585952], [-16.405457, 19.586223], [-16.406029, 19.586219]]]}, "properties": {"layer": "meadow", "year": 2021, "sat": "S2B", "date": "2021-07-01", "area_ha": 0.81}}, {"type": "Feature", "geometry": {"type": "Polygon", "coordinates": [[[-16.40774, 19.585663], [-16.407737, 19.585392], [-16.408023, 19.58539], [-16.408019, 19.584848], [-16.407733, 19.58485], [-16.407735, 19.585121], [-16.407449, 19.585124], [-16.407444, 19.584581], [-16.406301, 19.58459], [-16.406305, 19.585132], [-16.406591, 19.58513], [-16.406594, 19.585401], [-16.407166, 19.585397], [-16.407168, 19.585668], [-16.40774, 19.585663]]]}, "properties": {"layer": "meadow", "year": 2021, "sat": "S2B", "date": "2021-07-01", "area_ha": 1.44}}, {"type": "Feature", "geometry": {"type": "Polygon", "coordinates": [[[-16.412563, 19.581289], [-16.412554, 19.580205], [-16.412268, 19.580207], [-16.41227, 19.580478], [-16.411984, 19.58048], [-16.411982, 19.580209], [-16.411696, 19.580211], [-16.411698, 19.580483], [-16.411413, 19.580485], [-16.411415, 19.580756], [-16.411987, 19.580751], [-16.411989, 19.581022], [-16.412275, 19.58102], [-16.412277, 19.581291], [-16.412563, 19.581289]]]}, "properties": {"layer": "meadow", "year": 2021, "sat": "S2B", "date": "2021-07-01", "area_ha": 0.81}}, {"type": "Feature", "geometry": {"type": "Polygon", "coordinates": [[[-16.442291, 19.579698], [-16.442288, 19.579427], [-16.44286, 19.579423], [-16.442855, 19.578881], [-16.443141, 19.578878], [-16.443136, 19.578336], [-16.442565, 19.578341], [-16.442567, 19.578612], [-16.442281, 19.578614], [-16.442283, 19.578885], [-16.441711, 19.57889], [-16.441714, 19.579161], [-16.442, 19.579159], [-16.442005, 19.579701], [-16.442291, 19.579698]]]}, "properties": {"layer": "meadow", "year": 2021, "sat": "S2B", "date": "2021-07-01", "area_ha": 1.17}}, {"type": "Feature", "geometry": {"type": "Polygon", "coordinates": [[[-16.393397, 19.580625], [-16.393395, 19.580354], [-16.393681, 19.580352], [-16.393672, 19.579267], [-16.393958, 19.579265], [-16.393941, 19.577368], [-16.393655, 19.57737], [-16.393662, 19.578183], [-16.39309, 19.578188], [-16.393093, 19.578459], [-16.393379, 19.578457], [-16.393381, 19.578728], [-16.393095, 19.57873], [-16.393111, 19.580627], [-16.393397, 19.580625]]]}, "properties": {"layer": "meadow", "year": 2021, "sat": "S2B", "date": "2021-07-01", "area_ha": 2.07}}, {"type": "Feature", "geometry": {"type": "Polygon", "coordinates": [[[-16.395069, 19.575462], [-16.395066, 19.575191], [-16.395352, 19.575189], [-16.39535, 19.574918], [-16.395636, 19.574915], [-16.395631, 19.574373], [-16.395345, 19.574376], [-16.395343, 19.574105], [-16.395057, 19.574107], [-16.395064, 19.57492], [-16.394778, 19.574922], [-16.39478, 19.575193], [-16.394494, 19.575195], [-16.394497, 19.575466], [-16.395069, 19.575462]]]}, "properties": {"layer": "meadow", "year": 2021, "sat": "S2B", "date": "2021-07-01", "area_ha": 0.81}}, {"type": "Feature", "geometry": {"type": "Polygon", "coordinates": [[[-16.397049, 19.573007], [-16.397045, 19.572465], [-16.397331, 19.572463], [-16.397326, 19.571921], [-16.39704, 19.571923], [-16.397042, 19.572194], [-16.396184, 19.572201], [-16.396187, 19.572472], [-16.395901, 19.572474], [-16.395903, 19.572745], [-16.396189, 19.572743], [-16.396191, 19.573014], [-16.397049, 19.573007]], [[-16.396761, 19.572738], [-16.396475, 19.572741], [-16.396473, 19.57247], [-16.396759, 19.572467], [-16.396761, 19.572738]]]}, "properties": {"layer": "meadow", "year": 2021, "sat": "S2B", "date": "2021-07-01", "area_ha": 0.99}}, {"type": "Feature", "geometry": {"type": "Polygon", "coordinates": [[[-16.39877, 19.573536], [-16.398767, 19.573265], [-16.398481, 19.573267], [-16.398479, 19.572996], [-16.398193, 19.572998], [-16.398188, 19.572456], [-16.397902, 19.572458], [-16.397898, 19.571916], [-16.398184, 19.571914], [-16.398179, 19.571372], [-16.397607, 19.571377], [-16.397609, 19.571648], [-16.397324, 19.57165], [-16.397326, 19.571921], [-16.397612, 19.571919], [-16.397621, 19.573003], [-16.397907, 19.573001], [-16.397909, 19.573272], [-16.398195, 19.573269], [-16.398198, 19.57354], [-16.39877, 19.573536]]]}, "properties": {"layer": "meadow", "year": 2021, "sat": "S2B", "date": "2021-07-01", "area_ha": 1.35}}, {"type": "Feature", "geometry": {"type": "Polygon", "coordinates": [[[-16.427593, 19.566805], [-16.42759, 19.566534], [-16.427876, 19.566532], [-16.427874, 19.566261], [-16.42816, 19.566258], [-16.428157, 19.565987], [-16.428729, 19.565983], [-16.428727, 19.565712], [-16.429299, 19.565707], [-16.429291, 19.564894], [-16.429005, 19.564896], [-16.429003, 19.564625], [-16.428717, 19.564628], [-16.428715, 19.564357], [-16.427857, 19.564363], [-16.427859, 19.564634], [-16.427288, 19.564639], [-16.42729, 19.56491], [-16.426718, 19.564915], [-16.42672, 19.565186], [-16.426435, 19.565188], [-16.426437, 19.565459], [-16.426151, 19.565461], [-16.426153, 19.565732], [-16.426439, 19.56573], [-16.426442, 19.566001], [-16.426728, 19.565999], [-16.426725, 19.565728], [-16.427011, 19.565725], [-16.427014, 19.565996], [-16.427299, 19.565994], [-16.427302, 19.566265], [-16.42673, 19.56627], [-16.426732, 19.566541], [-16.427304, 19.566536], [-16.427307, 19.566807], [-16.427593, 19.566805]], [[-16.42901, 19.565439], [-16.428724, 19.565441], [-16.428722, 19.56517], [-16.429008, 19.565168], [-16.42901, 19.565439]]]}, "properties": {"layer": "meadow", "year": 2021, "sat": "S2B", "date": "2021-07-01", "area_ha": 4.77}}, {"type": "Feature", "geometry": {"type": "Polygon", "coordinates": [[[-16.425558, 19.530501], [-16.425553, 19.529958], [-16.426411, 19.529952], [-16.426406, 19.52941], [-16.426692, 19.529407], [-16.426687, 19.528865], [-16.426973, 19.528863], [-16.426968, 19.528321], [-16.42754, 19.528317], [-16.427538, 19.528045], [-16.427823, 19.528043], [-16.427821, 19.527772], [-16.428107, 19.52777], [-16.428104, 19.527499], [-16.428962, 19.527492], [-16.428957, 19.52695], [-16.429243, 19.526948], [-16.429229, 19.525322], [-16.428943, 19.525324], [-16.428941, 19.525053], [-16.429226, 19.525051], [-16.429224, 19.52478], [-16.428367, 19.524786], [-16.428359, 19.523973], [-16.428074, 19.523976], [-16.428071, 19.523704], [-16.427785, 19.523707], [-16.427783, 19.523436], [-16.428069, 19.523433], [-16.428064, 19.522891], [-16.427778, 19.522894], [-16.427776, 19.522623], [-16.42749, 19.522625], [-16.427492, 19.522896], [-16.427206, 19.522898], [-16.427204, 19.522627], [-16.426347, 19.522634], [-16.426344, 19.522363], [-16.42663, 19.522361], [-16.426628, 19.52209], [-16.426913, 19.522087], [-16.426911, 19.521816], [-16.426339, 19.521821], [-16.426337, 19.52155], [-16.426623, 19.521548], [-16.42662, 19.521276], [-16.426906, 19.521274], [-16.426904, 19.521003], [-16.426618, 19.521005], [-16.426609, 19.519921], [-16.426323, 19.519924], [-16.426318, 19.519382], [-16.426032, 19.519384], [-16.426042, 19.520468], [-16.425756, 19.52047], [-16.425758, 19.520741], [-16.425472, 19.520743], [-16.425465, 19.51993], [-16.425179, 19.519933], [-16.425184, 19.520475], [-16.424898, 19.520477], [-16.424912, 19.522103], [-16.425198, 19.522101], [-16.425201, 19.522372], [-16.424915, 19.522374], [-16.424917, 19.522645], [-16.425775, 19.522638], [-16.425782, 19.523451], [-16.425496, 19.523454], [-16.425494, 19.523183], [-16.425208, 19.523185], [-16.425227, 19.525353], [-16.424941, 19.525355], [-16.424955, 19.526982], [-16.424669, 19.526984], [-16.424674, 19.527526], [-16.42496, 19.527524], [-16.424958, 19.527253], [-16.425244, 19.52725], [-16.425248, 19.527792], [-16.424962, 19.527795], [-16.424977, 19.529421], [-16.425263, 19.529419], [-16.425272, 19.530503], [-16.425558, 19.530501]], [[-16.427252, 19.528048], [-16.426966, 19.52805], [-16.426963, 19.527779], [-16.427249, 19.527777], [-16.427252, 19.528048]], [[-16.425808, 19.526433], [-16.425522, 19.526435], [-16.425517, 19.525893], [-16.425232, 19.525895], [-16.425229, 19.525624], [-16.425801, 19.52562], [-16.425808, 19.526433]], [[-16.428945, 19.525595], [-16.42866, 19.525597], [-16.428657, 19.525326], [-16.428943, 19.525324], [-16.428945, 19.525595]], [[-16.426087, 19.525617], [-16.425801, 19.52562], [-16.425799, 19.525349], [-16.426084, 19.525346], [-16.426087, 19.525617]], [[-16.428081, 19.524789], [-16.427795, 19.524791], [-16.427792, 19.52452], [-16.428078, 19.524518], [-16.428081, 19.524789]], [[-16.425763, 19.521283], [-16.425477, 19.521286], [-16.425475, 19.521014], [-16.425761, 19.521012], [-16.425763, 19.521283]]]}, "properties": {"layer": "meadow", "year": 2021, "sat": "S2B", "date": "2021-07-01", "area_ha": 29.79}}, {"type": "Feature", "geometry": {"type": "Polygon", "coordinates": [[[-16.443428, 19.417873], [-16.443426, 19.417602], [-16.443712, 19.4176], [-16.443707, 19.417058], [-16.443421, 19.41706], [-16.443424, 19.417331], [-16.442567, 19.417338], [-16.442569, 19.417609], [-16.44314, 19.417605], [-16.443143, 19.417876], [-16.443428, 19.417873]]]}, "properties": {"layer": "meadow", "year": 2021, "sat": "S2B", "date": "2021-07-01", "area_ha": 0.54}}]}