{"type": "FeatureCollection", "features": [{"type": "Feature", "geometry": {"type": "Polygon", "coordinates": [[[-16.261235, 20.11964], [-16.261233, 20.119369], [-16.26152, 20.119367], [-16.261518, 20.119096], [-16.260083, 20.119106], [-16.260085, 20.119378], [-16.260946, 20.119371], [-16.260948, 20.119642], [-16.261235, 20.11964]]]}, "properties": {"layer": "meadow", "year": 2023, "sat": "S2B", "date": "2023-06-11", "area_ha": 0.54}}, {"type": "Feature", "geometry": {"type": "Polygon", "coordinates": [[[-16.259216, 20.1183], [-16.259213, 20.118029], [-16.260074, 20.118022], [-16.260072, 20.117751], [-16.259211, 20.117757], [-16.259207, 20.117215], [-16.25892, 20.117217], [-16.258918, 20.116946], [-16.258344, 20.116951], [-16.25835, 20.117764], [-16.258924, 20.11776], [-16.258929, 20.118302], [-16.259216, 20.1183]]]}, "properties": {"layer": "meadow", "year": 2023, "sat": "S2B", "date": "2023-06-11", "area_ha": 1.17}}, {"type": "Feature", "geometry": {"type": "Polygon", "coordinates": [[[-16.243152, 20.082635], [-16.243149, 20.082364], [-16.242576, 20.082368], [-16.242573, 20.082097], [-16.242287, 20.082099], [-16.242289, 20.08237], [-16.241715, 20.082374], [-16.241717, 20.082645], [-16.243152, 20.082635]]]}, "properties": {"layer": "meadow", "year": 2023, "sat": "S2B", "date": "2023-06-11", "area_ha": 0.54}}, {"type": "Feature", "geometry": {"type": "Polygon", "coordinates": [[[-16.243434, 20.082091], [-16.243423, 20.080736], [-16.244284, 20.08073], [-16.244282, 20.080459], [-16.244856, 20.080455], [-16.244847, 20.079371], [-16.245134, 20.079369], [-16.245132, 20.079098], [-16.245419, 20.079096], [-16.245414, 20.078553], [-16.245128, 20.078555], [-16.245125, 20.078284], [-16.244839, 20.078286], [-16.244841, 20.078558], [-16.244267, 20.078562], [-16.244261, 20.077748], [-16.244547, 20.077746], [-16.244545, 20.077475], [-16.244258, 20.077477], [-16.244256, 20.077206], [-16.243969, 20.077208], [-16.243967, 20.076937], [-16.243107, 20.076943], [-16.243115, 20.078028], [-16.243402, 20.078026], [-16.243404, 20.078297], [-16.243117, 20.078299], [-16.243119, 20.07857], [-16.242833, 20.078572], [-16.24283, 20.078301], [-16.242544, 20.078303], [-16.242539, 20.077761], [-16.242252, 20.077763], [-16.242255, 20.078034], [-16.241681, 20.078038], [-16.241683, 20.078309], [-16.241396, 20.078311], [-16.241394, 20.07804], [-16.241107, 20.078042], [-16.241103, 20.0775], [-16.24139, 20.077498], [-16.241385, 20.076956], [-16.240812, 20.07696], [-16.24081, 20.076689], [-16.240523, 20.076691], [-16.240527, 20.077233], [-16.24024, 20.077235], [-16.240244, 20.077777], [-16.239097, 20.077785], [-16.239101, 20.078327], [-16.239388, 20.078325], [-16.23939, 20.078596], [-16.239677, 20.078594], [-16.239683, 20.079407], [-16.23997, 20.079405], [-16.239966, 20.078863], [-16.240253, 20.078861], [-16.240255, 20.079132], [-16.240829, 20.079128], [-16.240831, 20.079399], [-16.241692, 20.079393], [-16.241689, 20.079122], [-16.242263, 20.079118], [-16.24227, 20.079931], [-16.242556, 20.079929], [-16.242559, 20.0802], [-16.241411, 20.080208], [-16.241413, 20.080479], [-16.241987, 20.080475], [-16.241989, 20.080746], [-16.242563, 20.080742], [-16.242561, 20.080471], [-16.242848, 20.080469], [-16.24285, 20.08074], [-16.243137, 20.080738], [-16.243139, 20.081009], [-16.242852, 20.081011], [-16.242856, 20.081553], [-16.242569, 20.081555], [-16.242573, 20.082097], [-16.243434, 20.082091]], [[-16.24313, 20.079925], [-16.242556, 20.079929], [-16.242554, 20.079658], [-16.243128, 20.079654], [-16.24313, 20.079925]]]}, "properties": {"layer": "meadow", "year": 2023, "sat": "S2B", "date": "2023-06-11", "area_ha": 15.57}}, {"type": "Feature", "geometry": {"type": "Polygon", "coordinates": [[[-16.24832, 20.083141], [-16.248317, 20.08287], [-16.248891, 20.082866], [-16.248889, 20.082595], [-16.249176, 20.082593], [-16.249172, 20.082051], [-16.248885, 20.082053], [-16.248887, 20.082324], [-16.2486, 20.082326], [-16.248598, 20.082055], [-16.248311, 20.082057], [-16.248309, 20.081786], [-16.248022, 20.081788], [-16.24802, 20.081517], [-16.248307, 20.081515], [-16.248305, 20.081244], [-16.248591, 20.081242], [-16.248594, 20.081513], [-16.24888, 20.081511], [-16.24887, 20.080155], [-16.249157, 20.080153], [-16.24915, 20.07934], [-16.248863, 20.079342], [-16.248846, 20.077174], [-16.249133, 20.077172], [-16.249131, 20.076901], [-16.248844, 20.076903], [-16.248837, 20.07609], [-16.248551, 20.076092], [-16.248546, 20.07555], [-16.248259, 20.075552], [-16.248255, 20.07501], [-16.247968, 20.075012], [-16.247966, 20.074741], [-16.247679, 20.074743], [-16.247684, 20.075285], [-16.247397, 20.075287], [-16.247392, 20.074745], [-16.247106, 20.074747], [-16.247103, 20.074476], [-16.246817, 20.074478], [-16.246819, 20.074749], [-16.246532, 20.074751], [-16.246536, 20.075293], [-16.246823, 20.075291], [-16.246832, 20.076375], [-16.247118, 20.076373], [-16.247121, 20.076644], [-16.246834, 20.076646], [-16.246838, 20.077188], [-16.247125, 20.077186], [-16.247129, 20.077728], [-16.24799, 20.077722], [-16.247992, 20.077993], [-16.247705, 20.077995], [-16.247707, 20.078266], [-16.24742, 20.078268], [-16.247427, 20.079081], [-16.247714, 20.079079], [-16.24772, 20.079892], [-16.248007, 20.07989], [-16.248009, 20.080161], [-16.247722, 20.080163], [-16.247724, 20.080435], [-16.247151, 20.080439], [-16.247153, 20.08071], [-16.246866, 20.080712], [-16.24687, 20.081254], [-16.247157, 20.081252], [-16.247159, 20.081523], [-16.246872, 20.081525], [-16.246877, 20.082067], [-16.246303, 20.082071], [-16.246305, 20.082342], [-16.246879, 20.082338], [-16.246883, 20.08288], [-16.247457, 20.082876], [-16.247459, 20.083147], [-16.24832, 20.083141]]]}, "properties": {"layer": "meadow", "year": 2023, "sat": "S2B", "date": "2023-06-11", "area_ha": 15.48}}, {"type": "Feature", "geometry": {"type": "Polygon", "coordinates": [[[-16.248232, 20.072028], [-16.248229, 20.071757], [-16.248516, 20.071755], [-16.248514, 20.071484], [-16.248227, 20.071486], [-16.248225, 20.071215], [-16.247938, 20.071217], [-16.247943, 20.071759], [-16.247369, 20.071763], [-16.247371, 20.072034], [-16.248232, 20.072028]]]}, "properties": {"layer": "meadow", "year": 2023, "sat": "S2B", "date": "2023-06-11", "area_ha": 0.54}}, {"type": "Feature", "geometry": {"type": "Polygon", "coordinates": [[[-16.24851, 20.070942], [-16.248508, 20.070671], [-16.249081, 20.070667], [-16.249075, 20.069854], [-16.248788, 20.069856], [-16.248786, 20.069585], [-16.247925, 20.069591], [-16.247932, 20.070404], [-16.248219, 20.070402], [-16.248221, 20.070673], [-16.247934, 20.070675], [-16.247936, 20.070946], [-16.24851, 20.070942]]]}, "properties": {"layer": "meadow", "year": 2023, "sat": "S2B", "date": "2023-06-11", "area_ha": 1.44}}, {"type": "Feature", "geometry": {"type": "Polygon", "coordinates": [[[-16.250464, 20.064152], [-16.25046, 20.06361], [-16.250747, 20.063608], [-16.250744, 20.063337], [-16.251031, 20.063335], [-16.251027, 20.062793], [-16.25074, 20.062795], [-16.250738, 20.062524], [-16.249878, 20.06253], [-16.24988, 20.062801], [-16.249593, 20.062803], [-16.249601, 20.063887], [-16.248741, 20.063893], [-16.248743, 20.064164], [-16.250464, 20.064152]]]}, "properties": {"layer": "meadow", "year": 2023, "sat": "S2B", "date": "2023-06-11", "area_ha": 2.34}}, {"type": "Feature", "geometry": {"type": "Polygon", "coordinates": [[[-16.244194, 20.069346], [-16.24419, 20.068804], [-16.243903, 20.068806], [-16.243901, 20.068535], [-16.244188, 20.068533], [-16.244186, 20.068262], [-16.245046, 20.068256], [-16.245048, 20.068527], [-16.245622, 20.068523], [-16.245624, 20.068794], [-16.246772, 20.068786], [-16.246769, 20.068515], [-16.247056, 20.068513], [-16.247054, 20.068242], [-16.246767, 20.068244], [-16.246761, 20.067431], [-16.247048, 20.067429], [-16.247046, 20.067158], [-16.246472, 20.067162], [-16.24647, 20.066891], [-16.246183, 20.066893], [-16.246181, 20.066622], [-16.245607, 20.066626], [-16.245605, 20.066355], [-16.245318, 20.066357], [-16.245314, 20.065815], [-16.245887, 20.065811], [-16.245885, 20.06554], [-16.246172, 20.065538], [-16.24617, 20.065267], [-16.247031, 20.065261], [-16.247018, 20.063634], [-16.246444, 20.063638], [-16.246442, 20.063367], [-16.246155, 20.063369], [-16.246153, 20.063098], [-16.24644, 20.063096], [-16.246438, 20.062825], [-16.247298, 20.062819], [-16.247292, 20.062006], [-16.246431, 20.062012], [-16.246429, 20.061741], [-16.246142, 20.061743], [-16.24614, 20.061472], [-16.24528, 20.061478], [-16.245277, 20.061207], [-16.244991, 20.061209], [-16.244993, 20.06148], [-16.244706, 20.061482], [-16.244704, 20.061211], [-16.244417, 20.061213], [-16.244419, 20.061484], [-16.244132, 20.061486], [-16.244134, 20.061757], [-16.244421, 20.061755], [-16.244423, 20.062026], [-16.24471, 20.062024], [-16.244712, 20.062295], [-16.244999, 20.062293], [-16.245001, 20.062564], [-16.245288, 20.062562], [-16.245292, 20.063105], [-16.244719, 20.063109], [-16.244721, 20.06338], [-16.244434, 20.063382], [-16.244436, 20.063653], [-16.244149, 20.063655], [-16.244151, 20.063926], [-16.243865, 20.063928], [-16.243867, 20.064199], [-16.24358, 20.064201], [-16.243582, 20.064472], [-16.243295, 20.064474], [-16.243304, 20.065558], [-16.243017, 20.06556], [-16.243021, 20.066102], [-16.241587, 20.066112], [-16.241591, 20.066654], [-16.241304, 20.066656], [-16.241307, 20.066927], [-16.241593, 20.066925], [-16.241595, 20.067196], [-16.241882, 20.067194], [-16.241887, 20.067736], [-16.24246, 20.067732], [-16.242465, 20.068274], [-16.242178, 20.068276], [-16.242182, 20.068818], [-16.242469, 20.068816], [-16.242471, 20.069087], [-16.242758, 20.069085], [-16.242756, 20.068814], [-16.243043, 20.068812], [-16.24304, 20.068541], [-16.243327, 20.068539], [-16.243334, 20.069352], [-16.244194, 20.069346]], [[-16.246476, 20.067704], [-16.246189, 20.067706], [-16.246187, 20.067435], [-16.246474, 20.067433], [-16.246476, 20.067704]]]}, "properties": {"layer": "meadow", "year": 2023, "sat": "S2B", "date": "2023-06-11", "area_ha": 27.99}}, {"type": "Feature", "geometry": {"type": "Polygon", "coordinates": [[[-16.245271, 20.060394], [-16.245267, 20.059852], [-16.24498, 20.059854], [-16.244978, 20.059583], [-16.244404, 20.059587], [-16.244408, 20.060129], [-16.244982, 20.060125], [-16.244984, 20.060396], [-16.245271, 20.060394]]]}, "properties": {"layer": "meadow", "year": 2023, "sat": "S2B", "date": "2023-06-11", "area_ha": 0.54}}, {"type": "Feature", "geometry": {"type": "Polygon", "coordinates": [[[-16.247266, 20.058754], [-16.247264, 20.058483], [-16.247551, 20.058481], [-16.247544, 20.057668], [-16.247257, 20.05767], [-16.247255, 20.057399], [-16.246968, 20.057401], [-16.246966, 20.05713], [-16.246679, 20.057132], [-16.246675, 20.05659], [-16.246388, 20.056592], [-16.246386, 20.056321], [-16.245239, 20.056329], [-16.24525, 20.057684], [-16.245536, 20.057682], [-16.245539, 20.057953], [-16.245825, 20.057951], [-16.245828, 20.058222], [-16.246114, 20.05822], [-16.246117, 20.058491], [-16.246977, 20.058485], [-16.246979, 20.058756], [-16.247266, 20.058754]]]}, "properties": {"layer": "meadow", "year": 2023, "sat": "S2B", "date": "2023-06-11", "area_ha": 4.14}}, {"type": "Feature", "geometry": {"type": "Polygon", "coordinates": [[[-16.247521, 20.054686], [-16.247516, 20.054144], [-16.24723, 20.054146], [-16.247225, 20.053604], [-16.247512, 20.053602], [-16.24751, 20.053331], [-16.248084, 20.053327], [-16.248079, 20.052785], [-16.247793, 20.052787], [-16.24779, 20.052516], [-16.247504, 20.052518], [-16.247501, 20.052247], [-16.247215, 20.052249], [-16.247212, 20.051978], [-16.246926, 20.05198], [-16.246919, 20.051167], [-16.247206, 20.051165], [-16.247202, 20.050623], [-16.247489, 20.050621], [-16.247486, 20.05035], [-16.246913, 20.050354], [-16.246915, 20.050625], [-16.246628, 20.050627], [-16.24663, 20.050898], [-16.246343, 20.0509], [-16.246346, 20.051171], [-16.246059, 20.051173], [-16.246067, 20.052257], [-16.245781, 20.052259], [-16.245789, 20.053343], [-16.245502, 20.053345], [-16.245504, 20.053616], [-16.245218, 20.053618], [-16.245226, 20.054702], [-16.245513, 20.0547], [-16.245511, 20.054429], [-16.245798, 20.054427], [-16.2458, 20.054698], [-16.247521, 20.054686]], [[-16.246945, 20.054419], [-16.246658, 20.054421], [-16.246656, 20.05415], [-16.246943, 20.054148], [-16.246945, 20.054419]]]}, "properties": {"layer": "meadow", "year": 2023, "sat": "S2B", "date": "2023-06-11", "area_ha": 7.56}}, {"type": "Feature", "geometry": {"type": "Polygon", "coordinates": [[[-16.255545, 20.053816], [-16.255543, 20.053545], [-16.25583, 20.053543], [-16.255828, 20.053272], [-16.256115, 20.05327], [-16.256112, 20.052999], [-16.256399, 20.052997], [-16.256397, 20.052726], [-16.256971, 20.052722], [-16.256969, 20.052451], [-16.257542, 20.052447], [-16.25754, 20.052176], [-16.257827, 20.052174], [-16.257825, 20.051903], [-16.258112, 20.051901], [-16.258109, 20.05163], [-16.258683, 20.051626], [-16.258681, 20.051355], [-16.259254, 20.051351], [-16.259252, 20.051079], [-16.259539, 20.051077], [-16.259537, 20.050806], [-16.25925, 20.050808], [-16.259237, 20.049182], [-16.25895, 20.049184], [-16.258944, 20.048371], [-16.259518, 20.048367], [-16.259515, 20.048096], [-16.259229, 20.048098], [-16.259226, 20.047827], [-16.25894, 20.047829], [-16.258937, 20.047558], [-16.258651, 20.04756], [-16.258648, 20.047289], [-16.258935, 20.047287], [-16.258933, 20.047016], [-16.257786, 20.047024], [-16.257788, 20.047295], [-16.257501, 20.047297], [-16.257503, 20.047568], [-16.258077, 20.047564], [-16.258092, 20.049461], [-16.257232, 20.049468], [-16.257234, 20.049739], [-16.256373, 20.049745], [-16.256376, 20.050016], [-16.256662, 20.050014], [-16.256667, 20.050556], [-16.25638, 20.050558], [-16.256382, 20.050829], [-16.256095, 20.050831], [-16.256097, 20.051102], [-16.255524, 20.051106], [-16.255528, 20.051648], [-16.255241, 20.05165], [-16.25525, 20.052734], [-16.254963, 20.052736], [-16.254967, 20.053278], [-16.254394, 20.053282], [-16.254396, 20.053553], [-16.255256, 20.053547], [-16.255258, 20.053818], [-16.255545, 20.053816]]]}, "properties": {"layer": "meadow", "year": 2023, "sat": "S2B", "date": "2023-06-11", "area_ha": 14.58}}, {"type": "Feature", "geometry": {"type": "Polygon", "coordinates": [[[-16.250883, 20.044634], [-16.250881, 20.044363], [-16.250594, 20.044365], [-16.250592, 20.044094], [-16.250305, 20.044096], [-16.250303, 20.043825], [-16.250016, 20.043827], [-16.250018, 20.044098], [-16.249732, 20.0441], [-16.249734, 20.044371], [-16.250307, 20.044367], [-16.25031, 20.044638], [-16.250883, 20.044634]]]}, "properties": {"layer": "meadow", "year": 2023, "sat": "S2B", "date": "2023-06-11", "area_ha": 0.54}}, {"type": "Feature", "geometry": {"type": "Polygon", "coordinates": [[[-16.243996, 20.04414], [-16.243993, 20.043869], [-16.243707, 20.043871], [-16.243704, 20.0436], [-16.242844, 20.043606], [-16.242848, 20.044148], [-16.243996, 20.04414]]]}, "properties": {"layer": "meadow", "year": 2023, "sat": "S2B", "date": "2023-06-11", "area_ha": 0.63}}, {"type": "Feature", "geometry": {"type": "Polygon", "coordinates": [[[-16.249447, 20.044373], [-16.249443, 20.043831], [-16.250016, 20.043827], [-16.250014, 20.043556], [-16.249727, 20.043558], [-16.249725, 20.043287], [-16.249152, 20.043291], [-16.249149, 20.04302], [-16.248863, 20.043022], [-16.248861, 20.042751], [-16.248, 20.042757], [-16.248004, 20.043299], [-16.247718, 20.043301], [-16.247722, 20.043843], [-16.248582, 20.043837], [-16.248584, 20.044108], [-16.248871, 20.044106], [-16.248873, 20.044377], [-16.249447, 20.044373]]]}, "properties": {"layer": "meadow", "year": 2023, "sat": "S2B", "date": "2023-06-11", "area_ha": 2.43}}, {"type": "Feature", "geometry": {"type": "Polygon", "coordinates": [[[-16.257195, 20.04486], [-16.257191, 20.044318], [-16.256904, 20.04432], [-16.256902, 20.044049], [-16.257189, 20.044047], [-16.257186, 20.043776], [-16.257473, 20.043774], [-16.257465, 20.04269], [-16.257178, 20.042692], [-16.257173, 20.04215], [-16.256887, 20.042152], [-16.256884, 20.041881], [-16.256598, 20.041883], [-16.256596, 20.041612], [-16.256882, 20.04161], [-16.25688, 20.041339], [-16.257167, 20.041337], [-16.257165, 20.041066], [-16.256878, 20.041068], [-16.256874, 20.040525], [-16.2563, 20.04053], [-16.256302, 20.040801], [-16.256589, 20.040799], [-16.256593, 20.041341], [-16.255733, 20.041347], [-16.255737, 20.041889], [-16.255164, 20.041893], [-16.255166, 20.042164], [-16.255453, 20.042162], [-16.255459, 20.042975], [-16.255746, 20.042973], [-16.25575, 20.043515], [-16.256611, 20.043509], [-16.256613, 20.04378], [-16.256326, 20.043782], [-16.25633, 20.044324], [-16.256617, 20.044322], [-16.256621, 20.044864], [-16.257195, 20.04486]]]}, "properties": {"layer": "meadow", "year": 2023, "sat": "S2B", "date": "2023-06-11", "area_ha": 5.49}}, {"type": "Feature", "geometry": {"type": "Polygon", "coordinates": [[[-16.249104, 20.037328], [-16.2491, 20.036786], [-16.248813, 20.036788], [-16.248809, 20.036246], [-16.248522, 20.036248], [-16.248524, 20.036519], [-16.248238, 20.036521], [-16.24824, 20.036792], [-16.248527, 20.03679], [-16.248529, 20.037061], [-16.248816, 20.037059], [-16.248818, 20.03733], [-16.249104, 20.037328]]]}, "properties": {"layer": "meadow", "year": 2023, "sat": "S2B", "date": "2023-06-11", "area_ha": 0.54}}, {"type": "Feature", "geometry": {"type": "Polygon", "coordinates": [[[-16.245948, 20.037079], [-16.245945, 20.036808], [-16.246519, 20.036804], [-16.246513, 20.035991], [-16.246799, 20.035989], [-16.246793, 20.035176], [-16.246506, 20.035178], [-16.246502, 20.034636], [-16.245928, 20.03464], [-16.245933, 20.035182], [-16.245646, 20.035184], [-16.245648, 20.035455], [-16.245361, 20.035457], [-16.245363, 20.035728], [-16.245077, 20.03573], [-16.245085, 20.036814], [-16.245659, 20.03681], [-16.245661, 20.037081], [-16.245948, 20.037079]]]}, "properties": {"layer": "meadow", "year": 2023, "sat": "S2B", "date": "2023-06-11", "area_ha": 3.15}}, {"type": "Feature", "geometry": {"type": "Polygon", "coordinates": [[[-16.254252, 20.035394], [-16.254249, 20.035123], [-16.254823, 20.035119], [-16.254819, 20.034577], [-16.254532, 20.034579], [-16.25453, 20.034308], [-16.254817, 20.034306], [-16.254806, 20.032951], [-16.254519, 20.032953], [-16.254521, 20.033224], [-16.254234, 20.033226], [-16.254245, 20.034581], [-16.253958, 20.034583], [-16.253965, 20.035396], [-16.254252, 20.035394]]]}, "properties": {"layer": "meadow", "year": 2023, "sat": "S2B", "date": "2023-06-11", "area_ha": 1.53}}, {"type": "Feature", "geometry": {"type": "Polygon", "coordinates": [[[-16.240511, 20.038744], [-16.240509, 20.038473], [-16.240796, 20.038471], [-16.24079, 20.037657], [-16.241363, 20.037653], [-16.241359, 20.037111], [-16.241646, 20.037109], [-16.241648, 20.03738], [-16.243082, 20.03737], [-16.243078, 20.036828], [-16.242791, 20.03683], [-16.242789, 20.036559], [-16.243075, 20.036557], [-16.243067, 20.035473], [-16.24278, 20.035475], [-16.242778, 20.035204], [-16.242491, 20.035206], [-16.242468, 20.032225], [-16.242181, 20.032227], [-16.242183, 20.032498], [-16.241896, 20.0325], [-16.241892, 20.031958], [-16.241605, 20.03196], [-16.241612, 20.032773], [-16.241325, 20.032775], [-16.241323, 20.032504], [-16.241036, 20.032506], [-16.241038, 20.032777], [-16.240751, 20.032779], [-16.240756, 20.033321], [-16.240469, 20.033323], [-16.240467, 20.033052], [-16.24018, 20.033054], [-16.240186, 20.033867], [-16.239899, 20.033869], [-16.239902, 20.03414], [-16.239328, 20.034144], [-16.23933, 20.034415], [-16.238757, 20.034419], [-16.238754, 20.034148], [-16.238468, 20.03415], [-16.238472, 20.034692], [-16.239619, 20.034684], [-16.239623, 20.035226], [-16.239337, 20.035228], [-16.239343, 20.036041], [-16.239056, 20.036043], [-16.239054, 20.035772], [-16.238767, 20.035774], [-16.238765, 20.035503], [-16.238191, 20.035507], [-16.238194, 20.035778], [-16.23848, 20.035776], [-16.238489, 20.03686], [-16.238202, 20.036862], [-16.238198, 20.03632], [-16.237911, 20.036322], [-16.237909, 20.036051], [-16.237622, 20.036053], [-16.237618, 20.035511], [-16.237044, 20.035515], [-16.237049, 20.036057], [-16.237335, 20.036055], [-16.23734, 20.036597], [-16.236766, 20.036601], [-16.236764, 20.03633], [-16.236477, 20.036332], [-16.236483, 20.037146], [-16.23677, 20.037144], [-16.236768, 20.036872], [-16.237629, 20.036866], [-16.237631, 20.037138], [-16.237917, 20.037135], [-16.23792, 20.037407], [-16.23964, 20.037394], [-16.239642, 20.037666], [-16.239929, 20.037664], [-16.239933, 20.038206], [-16.24022, 20.038204], [-16.240225, 20.038746], [-16.240511, 20.038744]], [[-16.238778, 20.037129], [-16.238491, 20.037131], [-16.238489, 20.03686], [-16.238776, 20.036858], [-16.238778, 20.037129]], [[-16.24135, 20.036027], [-16.24049, 20.036033], [-16.240488, 20.035762], [-16.240201, 20.035764], [-16.240199, 20.035493], [-16.239912, 20.035495], [-16.239906, 20.034682], [-16.240479, 20.034678], [-16.240482, 20.034949], [-16.240768, 20.034947], [-16.24077, 20.035218], [-16.241344, 20.035214], [-16.24135, 20.036027]], [[-16.241053, 20.034674], [-16.240766, 20.034676], [-16.240764, 20.034405], [-16.241051, 20.034403], [-16.241053, 20.034674]], [[-16.242192, 20.033582], [-16.241618, 20.033586], [-16.241614, 20.033044], [-16.241901, 20.033042], [-16.241903, 20.033313], [-16.242189, 20.033311], [-16.242192, 20.033582]]]}, "properties": {"layer": "meadow", "year": 2023, "sat": "S2B", "date": "2023-06-11", "area_ha": 20.34}}, {"type": "Feature", "geometry": {"type": "Polygon", "coordinates": [[[-16.241318, 20.031962], [-16.241316, 20.031691], [-16.241603, 20.031689], [-16.241599, 20.031147], [-16.241025, 20.031151], [-16.241027, 20.031422], [-16.240741, 20.031424], [-16.240743, 20.031695], [-16.24103, 20.031693], [-16.241032, 20.031964], [-16.241318, 20.031962]]]}, "properties": {"layer": "meadow", "year": 2023, "sat": "S2B", "date": "2023-06-11", "area_ha": 0.54}}, {"type": "Feature", "geometry": {"type": "Polygon", "coordinates": [[[-16.254797, 20.031867], [-16.254793, 20.031325], [-16.254506, 20.031327], [-16.254504, 20.031056], [-16.254217, 20.031058], [-16.254215, 20.030787], [-16.253928, 20.030789], [-16.253933, 20.031331], [-16.254219, 20.031329], [-16.254224, 20.031871], [-16.254797, 20.031867]]]}, "properties": {"layer": "meadow", "year": 2023, "sat": "S2B", "date": "2023-06-11", "area_ha": 0.63}}, {"type": "Feature", "geometry": {"type": "Polygon", "coordinates": [[[-16.24131, 20.030878], [-16.241308, 20.030607], [-16.242168, 20.0306], [-16.242164, 20.030058], [-16.242737, 20.030054], [-16.242735, 20.029783], [-16.243022, 20.029781], [-16.24302, 20.02951], [-16.241586, 20.02952], [-16.241582, 20.028978], [-16.241008, 20.028982], [-16.24101, 20.029253], [-16.240724, 20.029255], [-16.240736, 20.030882], [-16.24131, 20.030878]]]}, "properties": {"layer": "meadow", "year": 2023, "sat": "S2B", "date": "2023-06-11", "area_ha": 2.88}}, {"type": "Feature", "geometry": {"type": "Polygon", "coordinates": [[[-16.235834, 20.027392], [-16.235827, 20.026579], [-16.236114, 20.026577], [-16.236112, 20.026306], [-16.236399, 20.026304], [-16.236401, 20.026575], [-16.237261, 20.026569], [-16.237259, 20.026298], [-16.237546, 20.026296], [-16.23755, 20.026838], [-16.237837, 20.026836], [-16.237833, 20.026294], [-16.238693, 20.026288], [-16.238691, 20.026017], [-16.238404, 20.026019], [-16.238402, 20.025748], [-16.238689, 20.025746], [-16.238686, 20.025475], [-16.238973, 20.025473], [-16.23898, 20.026286], [-16.239266, 20.026284], [-16.239262, 20.025742], [-16.239836, 20.025738], [-16.239829, 20.024925], [-16.240403, 20.024921], [-16.240399, 20.024379], [-16.240112, 20.024381], [-16.240114, 20.024652], [-16.239827, 20.024654], [-16.239825, 20.024383], [-16.238965, 20.024389], [-16.238967, 20.02466], [-16.237533, 20.02467], [-16.237537, 20.025212], [-16.23725, 20.025214], [-16.237253, 20.025485], [-16.236392, 20.025491], [-16.236394, 20.025762], [-16.235821, 20.025766], [-16.235825, 20.026308], [-16.235538, 20.02631], [-16.23554, 20.026581], [-16.235254, 20.026583], [-16.23526, 20.027396], [-16.235834, 20.027392]]]}, "properties": {"layer": "meadow", "year": 2023, "sat": "S2B", "date": "2023-06-11", "area_ha": 6.84}}, {"type": "Feature", "geometry": {"type": "Polygon", "coordinates": [[[-16.239235, 20.022218], [-16.239232, 20.021947], [-16.239806, 20.021943], [-16.2398, 20.02113], [-16.239513, 20.021132], [-16.239511, 20.020861], [-16.239224, 20.020863], [-16.239226, 20.021134], [-16.238652, 20.021138], [-16.238655, 20.021409], [-16.238081, 20.021413], [-16.238083, 20.021684], [-16.237796, 20.021686], [-16.237801, 20.022229], [-16.239235, 20.022218]]]}, "properties": {"layer": "meadow", "year": 2023, "sat": "S2B", "date": "2023-06-11", "area_ha": 2.07}}, {"type": "Feature", "geometry": {"type": "Polygon", "coordinates": [[[-16.239502, 20.019777], [-16.2395, 20.019506], [-16.24036, 20.0195], [-16.240358, 20.019229], [-16.240645, 20.019227], [-16.240643, 20.018956], [-16.240356, 20.018958], [-16.240348, 20.017874], [-16.240061, 20.017876], [-16.240059, 20.017605], [-16.239772, 20.017607], [-16.23977, 20.017336], [-16.239196, 20.01734], [-16.239194, 20.017069], [-16.239481, 20.017067], [-16.239472, 20.015983], [-16.239186, 20.015985], [-16.239184, 20.015714], [-16.238897, 20.015716], [-16.238895, 20.015445], [-16.238321, 20.015449], [-16.23833, 20.016533], [-16.238043, 20.016535], [-16.238049, 20.017348], [-16.237763, 20.01735], [-16.23776, 20.017079], [-16.237474, 20.017081], [-16.237472, 20.01681], [-16.237185, 20.016812], [-16.237178, 20.015999], [-16.236892, 20.016001], [-16.23689, 20.01573], [-16.235743, 20.015738], [-16.235749, 20.016551], [-16.236036, 20.016549], [-16.236038, 20.01682], [-16.236324, 20.016818], [-16.236329, 20.01736], [-16.236615, 20.017358], [-16.23662, 20.0179], [-16.236333, 20.017902], [-16.236337, 20.018444], [-16.23605, 20.018446], [-16.236053, 20.018717], [-16.236339, 20.018715], [-16.236341, 20.018986], [-16.236628, 20.018984], [-16.23663, 20.019255], [-16.236344, 20.019257], [-16.236348, 20.019799], [-16.237208, 20.019793], [-16.237206, 20.019522], [-16.237779, 20.019518], [-16.237782, 20.019789], [-16.238355, 20.019785], [-16.238353, 20.019514], [-16.23864, 20.019512], [-16.238642, 20.019783], [-16.239502, 20.019777]], [[-16.239203, 20.018153], [-16.238916, 20.018155], [-16.23891, 20.017342], [-16.239196, 20.01734], [-16.239203, 20.018153]], [[-16.238342, 20.018159], [-16.238056, 20.018161], [-16.238054, 20.01789], [-16.23834, 20.017888], [-16.238342, 20.018159]]]}, "properties": {"layer": "meadow", "year": 2023, "sat": "S2B", "date": "2023-06-11", "area_ha": 14.94}}, {"type": "Feature", "geometry": {"type": "Polygon", "coordinates": [[[-16.234834, 20.00951], [-16.234829, 20.008968], [-16.235116, 20.008966], [-16.235106, 20.007611], [-16.235392, 20.007609], [-16.23539, 20.007338], [-16.234817, 20.007342], [-16.234819, 20.007613], [-16.234532, 20.007615], [-16.234536, 20.008157], [-16.23425, 20.008159], [-16.234252, 20.00843], [-16.234825, 20.008426], [-16.234827, 20.008697], [-16.234254, 20.008701], [-16.234258, 20.009243], [-16.234545, 20.009241], [-16.234547, 20.009512], [-16.234834, 20.00951]]]}, "properties": {"layer": "meadow", "year": 2023, "sat": "S2B", "date": "2023-06-11", "area_ha": 1.44}}, {"type": "Feature", "geometry": {"type": "Polygon", "coordinates": [[[-16.239746, 20.014354], [-16.239742, 20.013812], [-16.239455, 20.013814], [-16.239453, 20.013543], [-16.240027, 20.013539], [-16.240025, 20.013268], [-16.240311, 20.013266], [-16.240307, 20.012724], [-16.24002, 20.012726], [-16.240018, 20.012455], [-16.240305, 20.012453], [-16.240299, 20.01164], [-16.240012, 20.011642], [-16.240006, 20.010829], [-16.240292, 20.010827], [-16.24029, 20.010556], [-16.240003, 20.010558], [-16.240001, 20.010287], [-16.239428, 20.010291], [-16.239426, 20.01002], [-16.239999, 20.010016], [-16.239997, 20.009745], [-16.23971, 20.009747], [-16.239708, 20.009476], [-16.239421, 20.009478], [-16.239419, 20.009207], [-16.239706, 20.009205], [-16.239693, 20.007578], [-16.23912, 20.007583], [-16.239118, 20.007311], [-16.239404, 20.007309], [-16.2394, 20.006767], [-16.239114, 20.006769], [-16.239105, 20.005685], [-16.238532, 20.005689], [-16.238529, 20.005418], [-16.238243, 20.00542], [-16.238245, 20.005691], [-16.237958, 20.005693], [-16.237964, 20.006506], [-16.237391, 20.00651], [-16.237389, 20.006239], [-16.236529, 20.006245], [-16.236524, 20.005703], [-16.237671, 20.005695], [-16.237669, 20.005424], [-16.237956, 20.005422], [-16.237954, 20.005151], [-16.238527, 20.005147], [-16.238521, 20.004334], [-16.238808, 20.004332], [-16.238806, 20.004061], [-16.238519, 20.004063], [-16.238512, 20.00325], [-16.237939, 20.003254], [-16.237937, 20.002983], [-16.238224, 20.002981], [-16.238217, 20.002168], [-16.237931, 20.00217], [-16.237933, 20.002441], [-16.237072, 20.002447], [-16.237075, 20.002718], [-16.236788, 20.00272], [-16.236792, 20.003262], [-16.237079, 20.00326], [-16.237081, 20.003531], [-16.236794, 20.003533], [-16.236803, 20.004617], [-16.236516, 20.004619], [-16.236518, 20.00489], [-16.236231, 20.004892], [-16.236233, 20.005163], [-16.23566, 20.005167], [-16.235677, 20.007336], [-16.23625, 20.007332], [-16.236255, 20.007874], [-16.235968, 20.007876], [-16.23597, 20.008147], [-16.235396, 20.008151], [-16.235401, 20.008693], [-16.235687, 20.008691], [-16.235694, 20.009504], [-16.235981, 20.009502], [-16.235985, 20.010044], [-16.236272, 20.010042], [-16.236274, 20.010313], [-16.236847, 20.010309], [-16.236849, 20.01058], [-16.237423, 20.010576], [-16.237421, 20.010305], [-16.237994, 20.010301], [-16.237992, 20.01003], [-16.238279, 20.010028], [-16.238285, 20.010841], [-16.237425, 20.010847], [-16.237427, 20.011118], [-16.236567, 20.011124], [-16.236573, 20.011937], [-16.236286, 20.011939], [-16.236293, 20.012752], [-16.236866, 20.012748], [-16.236868, 20.013019], [-16.237442, 20.013015], [-16.23744, 20.012744], [-16.2383, 20.012738], [-16.238311, 20.014093], [-16.238597, 20.014091], [-16.238595, 20.01382], [-16.238882, 20.013818], [-16.238886, 20.01436], [-16.239173, 20.014358], [-16.239171, 20.014087], [-16.239458, 20.014085], [-16.23946, 20.014356], [-16.239746, 20.014354]], [[-16.238274, 20.009486], [-16.237414, 20.009492], [-16.237412, 20.009221], [-16.236265, 20.009229], [-16.236263, 20.008958], [-16.235976, 20.00896], [-16.235974, 20.008689], [-16.236261, 20.008687], [-16.236257, 20.008145], [-16.236543, 20.008143], [-16.236541, 20.007872], [-16.237115, 20.007868], [-16.237117, 20.008139], [-16.237404, 20.008137], [-16.237402, 20.007866], [-16.237688, 20.007864], [-16.237686, 20.007593], [-16.238833, 20.007585], [-16.238835, 20.007856], [-16.238262, 20.00786], [-16.238266, 20.008402], [-16.237693, 20.008406], [-16.237695, 20.008677], [-16.238555, 20.008671], [-16.238557, 20.008942], [-16.23827, 20.008944], [-16.238274, 20.009486]], [[-16.237113, 20.007597], [-16.236826, 20.007599], [-16.236824, 20.007328], [-16.237111, 20.007326], [-16.237113, 20.007597]], [[-16.237393, 20.006781], [-16.237106, 20.006783], [-16.237104, 20.006512], [-16.237391, 20.00651], [-16.237393, 20.006781]]]}, "properties": {"layer": "meadow", "year": 2023, "sat": "S2B", "date": "2023-06-11", "area_ha": 33.48}}, {"type": "Feature", "geometry": {"type": "Polygon", "coordinates": [[[-16.233925, 20.003282], [-16.233923, 20.003011], [-16.234209, 20.003009], [-16.234205, 20.002467], [-16.234492, 20.002465], [-16.23449, 20.002194], [-16.234776, 20.002192], [-16.234774, 20.001921], [-16.235061, 20.001919], [-16.235059, 20.001648], [-16.235346, 20.001646], [-16.235341, 20.001104], [-16.235628, 20.001102], [-16.235626, 20.000831], [-16.235053, 20.000835], [-16.235055, 20.001106], [-16.234768, 20.001108], [-16.23477, 20.001379], [-16.234483, 20.001381], [-16.234486, 20.001652], [-16.233912, 20.001656], [-16.233914, 20.001927], [-16.233341, 20.001931], [-16.233345, 20.002473], [-16.233058, 20.002475], [-16.233062, 20.003017], [-16.232776, 20.003019], [-16.232778, 20.00329], [-16.233925, 20.003282]]]}, "properties": {"layer": "meadow", "year": 2023, "sat": "S2B", "date": "2023-06-11", "area_ha": 2.88}}, {"type": "Feature", "geometry": {"type": "Polygon", "coordinates": [[[-16.232761, 20.001122], [-16.232759, 20.000851], [-16.233046, 20.000849], [-16.233043, 20.000578], [-16.233904, 20.000572], [-16.233902, 20.000301], [-16.233041, 20.000307], [-16.233039, 20.000035], [-16.232753, 20.000037], [-16.23275, 19.999766], [-16.233037, 19.999764], [-16.233033, 19.999222], [-16.23332, 19.99922], [-16.233318, 19.998949], [-16.233891, 19.998945], [-16.233889, 19.998674], [-16.233602, 19.998676], [-16.2336, 19.998405], [-16.233313, 19.998407], [-16.233315, 19.998678], [-16.232455, 19.998684], [-16.232457, 19.998955], [-16.232171, 19.998957], [-16.232173, 19.999228], [-16.231886, 19.99923], [-16.231888, 19.999501], [-16.232175, 19.999499], [-16.232183, 20.000584], [-16.23247, 20.000582], [-16.232474, 20.001124], [-16.232761, 20.001122]]]}, "properties": {"layer": "meadow", "year": 2023, "sat": "S2B", "date": "2023-06-11", "area_ha": 2.79}}, {"type": "Feature", "geometry": {"type": "Polygon", "coordinates": [[[-16.236758, 19.998925], [-16.236756, 19.998654], [-16.237043, 19.998652], [-16.237041, 19.998381], [-16.236467, 19.998385], [-16.236463, 19.997843], [-16.23675, 19.997841], [-16.236745, 19.997299], [-16.236459, 19.997301], [-16.236461, 19.997572], [-16.235887, 19.997576], [-16.23589, 19.997847], [-16.235603, 19.997849], [-16.235605, 19.99812], [-16.236178, 19.998116], [-16.236185, 19.998929], [-16.236758, 19.998925]]]}, "properties": {"layer": "meadow", "year": 2023, "sat": "S2B", "date": "2023-06-11", "area_ha": 1.17}}, {"type": "Feature", "geometry": {"type": "Polygon", "coordinates": [[[-16.231298, 19.997337], [-16.231291, 19.996524], [-16.231005, 19.996526], [-16.231003, 19.996255], [-16.230716, 19.996257], [-16.230718, 19.996528], [-16.230431, 19.99653], [-16.230433, 19.996801], [-16.231007, 19.996797], [-16.231011, 19.997339], [-16.231298, 19.997337]]]}, "properties": {"layer": "meadow", "year": 2023, "sat": "S2B", "date": "2023-06-11", "area_ha": 0.54}}, {"type": "Feature", "geometry": {"type": "Polygon", "coordinates": [[[-16.235027, 19.997582], [-16.235025, 19.997311], [-16.235312, 19.997309], [-16.235303, 19.996225], [-16.235017, 19.996227], [-16.235015, 19.995956], [-16.235301, 19.995954], [-16.235299, 19.995683], [-16.235012, 19.995685], [-16.23501, 19.995414], [-16.234724, 19.995416], [-16.234717, 19.994603], [-16.234431, 19.994605], [-16.234428, 19.994334], [-16.234142, 19.994336], [-16.23414, 19.994065], [-16.23328, 19.994071], [-16.233277, 19.9938], [-16.232991, 19.993802], [-16.232995, 19.994344], [-16.233282, 19.994342], [-16.23329, 19.995426], [-16.233577, 19.995424], [-16.233579, 19.995695], [-16.233292, 19.995697], [-16.233296, 19.996239], [-16.233583, 19.996237], [-16.233585, 19.996508], [-16.232438, 19.996516], [-16.232436, 19.996245], [-16.23215, 19.996247], [-16.232152, 19.996518], [-16.231578, 19.996522], [-16.231582, 19.997064], [-16.231869, 19.997062], [-16.231867, 19.996791], [-16.232154, 19.996789], [-16.232158, 19.997331], [-16.233592, 19.997321], [-16.233594, 19.997592], [-16.235027, 19.997582]]]}, "properties": {"layer": "meadow", "year": 2023, "sat": "S2B", "date": "2023-06-11", "area_ha": 8.1}}, {"type": "Feature", "geometry": {"type": "Polygon", "coordinates": [[[-16.230705, 19.994902], [-16.230699, 19.994089], [-16.230986, 19.994087], [-16.230979, 19.993273], [-16.230693, 19.993275], [-16.230695, 19.993547], [-16.230408, 19.993549], [-16.23041, 19.99382], [-16.229837, 19.993824], [-16.229843, 19.994637], [-16.230417, 19.994633], [-16.230419, 19.994904], [-16.230705, 19.994902]]]}, "properties": {"layer": "meadow", "year": 2023, "sat": "S2B", "date": "2023-06-11", "area_ha": 1.26}}, {"type": "Feature", "geometry": {"type": "Polygon", "coordinates": [[[-16.232116, 19.99191], [-16.232114, 19.991639], [-16.2324, 19.991637], [-16.232398, 19.991366], [-16.232972, 19.991362], [-16.232967, 19.99082], [-16.233254, 19.990818], [-16.233252, 19.990547], [-16.233826, 19.990543], [-16.233823, 19.990272], [-16.23411, 19.99027], [-16.234106, 19.989728], [-16.234679, 19.989724], [-16.234662, 19.987556], [-16.234376, 19.987558], [-16.234374, 19.987287], [-16.23466, 19.987285], [-16.234658, 19.987014], [-16.234371, 19.987016], [-16.234367, 19.986474], [-16.234081, 19.986476], [-16.234076, 19.985934], [-16.23379, 19.985936], [-16.233783, 19.985122], [-16.233497, 19.985124], [-16.233492, 19.984582], [-16.233206, 19.984584], [-16.233201, 19.984042], [-16.232915, 19.984044], [-16.232911, 19.983502], [-16.232624, 19.983504], [-16.23262, 19.982962], [-16.232333, 19.982964], [-16.232329, 19.982422], [-16.232042, 19.982424], [-16.23204, 19.982153], [-16.231753, 19.982155], [-16.231749, 19.981613], [-16.231462, 19.981615], [-16.23146, 19.981344], [-16.231174, 19.981346], [-16.231169, 19.980804], [-16.231456, 19.980802], [-16.23145, 19.979989], [-16.231163, 19.979991], [-16.231159, 19.979449], [-16.230585, 19.979453], [-16.230588, 19.979724], [-16.230301, 19.979726], [-16.230305, 19.980268], [-16.230018, 19.98027], [-16.230031, 19.981896], [-16.229744, 19.981898], [-16.229755, 19.983253], [-16.230041, 19.983251], [-16.230046, 19.983793], [-16.231192, 19.983785], [-16.231195, 19.984056], [-16.230908, 19.984058], [-16.23091, 19.984329], [-16.230337, 19.984333], [-16.230339, 19.984604], [-16.229765, 19.984608], [-16.22977, 19.98515], [-16.230056, 19.985148], [-16.230054, 19.984877], [-16.230341, 19.984875], [-16.230343, 19.985146], [-16.23063, 19.985144], [-16.230634, 19.985686], [-16.230921, 19.985684], [-16.230923, 19.985955], [-16.230349, 19.985959], [-16.230351, 19.98623], [-16.230065, 19.986232], [-16.230071, 19.987046], [-16.230644, 19.987042], [-16.23064, 19.9865], [-16.230927, 19.986498], [-16.230931, 19.98704], [-16.231504, 19.987036], [-16.231502, 19.986765], [-16.231789, 19.986763], [-16.231791, 19.987034], [-16.232078, 19.987032], [-16.232082, 19.987574], [-16.231509, 19.987578], [-16.231511, 19.987849], [-16.231224, 19.987851], [-16.231226, 19.988122], [-16.230939, 19.988124], [-16.230937, 19.987853], [-16.230364, 19.987857], [-16.230362, 19.987586], [-16.230075, 19.987588], [-16.230073, 19.987317], [-16.229786, 19.987319], [-16.229791, 19.987861], [-16.230077, 19.987859], [-16.230088, 19.989214], [-16.230374, 19.989212], [-16.230377, 19.989483], [-16.229803, 19.989487], [-16.229805, 19.989758], [-16.228658, 19.989766], [-16.228661, 19.990037], [-16.228947, 19.990035], [-16.228949, 19.990306], [-16.229236, 19.990304], [-16.229238, 19.990575], [-16.229525, 19.990573], [-16.229527, 19.990844], [-16.230387, 19.990838], [-16.230389, 19.991109], [-16.230676, 19.991107], [-16.230678, 19.991378], [-16.230965, 19.991376], [-16.230967, 19.991647], [-16.23154, 19.991643], [-16.231542, 19.991914], [-16.232116, 19.99191]], [[-16.232114, 19.991639], [-16.231827, 19.991641], [-16.231825, 19.99137], [-16.232112, 19.991368], [-16.232114, 19.991639]], [[-16.232101, 19.990013], [-16.231814, 19.990015], [-16.231812, 19.989744], [-16.232099, 19.989742], [-16.232101, 19.990013]], [[-16.233246, 19.989734], [-16.232959, 19.989736], [-16.232957, 19.989465], [-16.233244, 19.989463], [-16.233246, 19.989734]], [[-16.232672, 19.989738], [-16.232386, 19.98974], [-16.232384, 19.989469], [-16.23267, 19.989467], [-16.232672, 19.989738]], [[-16.234102, 19.989186], [-16.233815, 19.989188], [-16.233809, 19.988375], [-16.234095, 19.988373], [-16.234102, 19.989186]], [[-16.230659, 19.988939], [-16.230372, 19.988941], [-16.23037, 19.98867], [-16.230657, 19.988668], [-16.230659, 19.988939]], [[-16.232377, 19.988656], [-16.231804, 19.98866], [-16.2318, 19.988118], [-16.232086, 19.988116], [-16.232082, 19.987574], [-16.232369, 19.987572], [-16.232373, 19.988114], [-16.233233, 19.988108], [-16.233235, 19.988379], [-16.232375, 19.988385], [-16.232377, 19.988656]], [[-16.23352, 19.988106], [-16.233233, 19.988108], [-16.233231, 19.987837], [-16.233518, 19.987835], [-16.23352, 19.988106]], [[-16.234378, 19.987829], [-16.234091, 19.987831], [-16.234089, 19.98756], [-16.234376, 19.987558], [-16.234378, 19.987829]], [[-16.2338, 19.987291], [-16.233513, 19.987293], [-16.233511, 19.987022], [-16.233225, 19.987024], [-16.233223, 19.986753], [-16.232936, 19.986755], [-16.232932, 19.986213], [-16.233218, 19.986211], [-16.233216, 19.98594], [-16.23293, 19.985942], [-16.232923, 19.985128], [-16.23321, 19.985126], [-16.233212, 19.985397], [-16.233499, 19.985395], [-16.233503, 19.985938], [-16.23379, 19.985936], [-16.233792, 19.986207], [-16.233505, 19.986209], [-16.233507, 19.98648], [-16.233794, 19.986478], [-16.2338, 19.987291]], [[-16.231211, 19.986225], [-16.230925, 19.986226], [-16.230923, 19.985955], [-16.231209, 19.985953], [-16.231211, 19.986225]], [[-16.231188, 19.983243], [-16.230902, 19.983245], [-16.230897, 19.982703], [-16.231184, 19.982701], [-16.231188, 19.983243]], [[-16.230889, 19.981619], [-16.230316, 19.981623], [-16.230313, 19.981352], [-16.230887, 19.981348], [-16.230889, 19.981619]]]}, "properties": {"layer": "meadow", "year": 2023, "sat": "S2B", "date": "2023-06-11", "area_ha": 38.52}}, {"type": "Feature", "geometry": {"type": "Polygon", "coordinates": [[[-16.504787, 19.932076], [-16.504785, 19.931805], [-16.505071, 19.931802], [-16.505066, 19.93126], [-16.504779, 19.931263], [-16.504777, 19.930992], [-16.50449, 19.930994], [-16.504488, 19.930723], [-16.504774, 19.930721], [-16.504764, 19.929637], [-16.504477, 19.929639], [-16.504475, 19.929368], [-16.504188, 19.929371], [-16.504183, 19.928829], [-16.503897, 19.928831], [-16.503894, 19.92856], [-16.503608, 19.928562], [-16.503613, 19.929104], [-16.503326, 19.929107], [-16.503329, 19.929378], [-16.503615, 19.929375], [-16.503618, 19.929647], [-16.503331, 19.929649], [-16.503339, 19.930462], [-16.503625, 19.93046], [-16.503628, 19.930731], [-16.503915, 19.930728], [-16.50392, 19.93127], [-16.504206, 19.931268], [-16.504209, 19.931539], [-16.504495, 19.931536], [-16.504501, 19.932078], [-16.504787, 19.932076]]]}, "properties": {"layer": "meadow", "year": 2023, "sat": "S2B", "date": "2023-06-11", "area_ha": 3.51}}, {"type": "Feature", "geometry": {"type": "Polygon", "coordinates": [[[-16.500412, 19.923982], [-16.500407, 19.92344], [-16.500693, 19.923438], [-16.500686, 19.922624], [-16.500112, 19.922629], [-16.500115, 19.9229], [-16.499828, 19.922903], [-16.499839, 19.923987], [-16.500412, 19.923982]]]}, "properties": {"layer": "meadow", "year": 2023, "sat": "S2B", "date": "2023-06-11", "area_ha": 1.08}}, {"type": "Feature", "geometry": {"type": "Polygon", "coordinates": [[[-16.501829, 19.922344], [-16.501824, 19.921802], [-16.502111, 19.921799], [-16.502106, 19.921257], [-16.501532, 19.921262], [-16.501535, 19.921533], [-16.501248, 19.921536], [-16.501254, 19.922078], [-16.500967, 19.92208], [-16.50097, 19.922351], [-16.501829, 19.922344]]]}, "properties": {"layer": "meadow", "year": 2023, "sat": "S2B", "date": "2023-06-11", "area_ha": 0.9}}, {"type": "Feature", "geometry": {"type": "Polygon", "coordinates": [[[-16.504679, 19.920694], [-16.504664, 19.919067], [-16.504377, 19.91907], [-16.504393, 19.920696], [-16.504679, 19.920694]]]}, "properties": {"layer": "meadow", "year": 2023, "sat": "S2B", "date": "2023-06-11", "area_ha": 0.54}}, {"type": "Feature", "geometry": {"type": "Polygon", "coordinates": [[[-16.478269, 19.915765], [-16.478266, 19.915494], [-16.478553, 19.915492], [-16.478548, 19.91495], [-16.478834, 19.914948], [-16.478832, 19.914677], [-16.479118, 19.914674], [-16.479116, 19.914403], [-16.478256, 19.91441], [-16.478261, 19.914952], [-16.477975, 19.914955], [-16.477982, 19.915768], [-16.478269, 19.915765]]]}, "properties": {"layer": "meadow", "year": 2023, "sat": "S2B", "date": "2023-06-11", "area_ha": 0.9}}, {"type": "Feature", "geometry": {"type": "Polygon", "coordinates": [[[-16.487139, 19.914336], [-16.487136, 19.914065], [-16.48685, 19.914068], [-16.486847, 19.913797], [-16.486561, 19.913799], [-16.486558, 19.913528], [-16.486272, 19.91353], [-16.486274, 19.913801], [-16.485988, 19.913804], [-16.485993, 19.914346], [-16.486279, 19.914344], [-16.486277, 19.914073], [-16.486563, 19.91407], [-16.486566, 19.914341], [-16.487139, 19.914336]]]}, "properties": {"layer": "meadow", "year": 2023, "sat": "S2B", "date": "2023-06-11", "area_ha": 0.63}}, {"type": "Feature", "geometry": {"type": "Polygon", "coordinates": [[[-16.483409, 19.913825], [-16.483404, 19.913283], [-16.48369, 19.913281], [-16.483688, 19.91301], [-16.483401, 19.913012], [-16.483399, 19.912741], [-16.483112, 19.912744], [-16.483107, 19.912202], [-16.482821, 19.912204], [-16.482823, 19.912475], [-16.48225, 19.91248], [-16.482248, 19.912209], [-16.481961, 19.912211], [-16.481964, 19.912482], [-16.481677, 19.912485], [-16.48168, 19.912756], [-16.481966, 19.912753], [-16.481971, 19.913295], [-16.482258, 19.913293], [-16.48226, 19.913564], [-16.482547, 19.913562], [-16.482544, 19.913291], [-16.482831, 19.913288], [-16.482836, 19.91383], [-16.483409, 19.913825]]]}, "properties": {"layer": "meadow", "year": 2023, "sat": "S2B", "date": "2023-06-11", "area_ha": 2.07}}, {"type": "Feature", "geometry": {"type": "Polygon", "coordinates": [[[-16.489152, 19.915133], [-16.489147, 19.914591], [-16.488861, 19.914593], [-16.488848, 19.913238], [-16.489708, 19.913231], [-16.489705, 19.91296], [-16.489419, 19.912962], [-16.489416, 19.912691], [-16.489129, 19.912693], [-16.489127, 19.912422], [-16.489413, 19.91242], [-16.489411, 19.912149], [-16.489697, 19.912147], [-16.489695, 19.911876], [-16.488835, 19.911883], [-16.488838, 19.912154], [-16.487978, 19.912161], [-16.487981, 19.912432], [-16.487694, 19.912434], [-16.487697, 19.912705], [-16.48741, 19.912708], [-16.487413, 19.912979], [-16.487699, 19.912976], [-16.487707, 19.91379], [-16.487993, 19.913787], [-16.488004, 19.914871], [-16.488863, 19.914864], [-16.488866, 19.915135], [-16.489152, 19.915133]], [[-16.489132, 19.912964], [-16.488845, 19.912967], [-16.488843, 19.912696], [-16.489129, 19.912693], [-16.489132, 19.912964]]]}, "properties": {"layer": "meadow", "year": 2023, "sat": "S2B", "date": "2023-06-11", "area_ha": 4.32}}, {"type": "Feature", "geometry": {"type": "Polygon", "coordinates": [[[-16.479113, 19.914132], [-16.479111, 19.913861], [-16.47997, 19.913854], [-16.479963, 19.913041], [-16.479676, 19.913043], [-16.479679, 19.913314], [-16.479392, 19.913317], [-16.479382, 19.912233], [-16.479096, 19.912235], [-16.479093, 19.911964], [-16.478807, 19.911967], [-16.478802, 19.911424], [-16.480234, 19.911413], [-16.480227, 19.9106], [-16.47994, 19.910602], [-16.479943, 19.910873], [-16.479656, 19.910875], [-16.479659, 19.911146], [-16.478512, 19.911156], [-16.478518, 19.911698], [-16.478231, 19.9117], [-16.478233, 19.911971], [-16.47766, 19.911976], [-16.477663, 19.912247], [-16.477949, 19.912245], [-16.477952, 19.912516], [-16.477665, 19.912518], [-16.477673, 19.913331], [-16.478246, 19.913326], [-16.478249, 19.913597], [-16.477676, 19.913602], [-16.477678, 19.913873], [-16.478251, 19.913868], [-16.478254, 19.914139], [-16.479113, 19.914132]]]}, "properties": {"layer": "meadow", "year": 2023, "sat": "S2B", "date": "2023-06-11", "area_ha": 5.22}}, {"type": "Feature", "geometry": {"type": "Polygon", "coordinates": [[[-16.487976, 19.91189], [-16.487973, 19.911619], [-16.48826, 19.911617], [-16.488257, 19.911346], [-16.487971, 19.911348], [-16.487966, 19.910806], [-16.488252, 19.910804], [-16.48825, 19.910533], [-16.48739, 19.91054], [-16.487393, 19.910811], [-16.486533, 19.910818], [-16.48653, 19.910547], [-16.486817, 19.910545], [-16.486814, 19.910274], [-16.486528, 19.910276], [-16.486523, 19.909734], [-16.485663, 19.909741], [-16.485661, 19.90947], [-16.485374, 19.909472], [-16.485377, 19.909743], [-16.484804, 19.909748], [-16.484801, 19.909477], [-16.483082, 19.909492], [-16.483084, 19.909763], [-16.483371, 19.90976], [-16.483373, 19.910031], [-16.48452, 19.910022], [-16.484525, 19.910564], [-16.484238, 19.910566], [-16.484241, 19.910837], [-16.484527, 19.910835], [-16.48453, 19.911106], [-16.485103, 19.911101], [-16.485105, 19.911372], [-16.485392, 19.91137], [-16.485397, 19.911912], [-16.485683, 19.911909], [-16.485681, 19.911638], [-16.485967, 19.911636], [-16.48597, 19.911907], [-16.486543, 19.911902], [-16.486541, 19.911631], [-16.487114, 19.911626], [-16.487116, 19.911897], [-16.487976, 19.91189]], [[-16.487398, 19.911353], [-16.487111, 19.911355], [-16.487109, 19.911084], [-16.487395, 19.911082], [-16.487398, 19.911353]]]}, "properties": {"layer": "meadow", "year": 2023, "sat": "S2B", "date": "2023-06-11", "area_ha": 7.29}}, {"type": "Feature", "geometry": {"type": "Polygon", "coordinates": [[[-16.406034, 19.913641], [-16.406032, 19.91337], [-16.406892, 19.913363], [-16.406889, 19.913092], [-16.406603, 19.913094], [-16.4066, 19.912823], [-16.40746, 19.912817], [-16.407455, 19.912275], [-16.407168, 19.912277], [-16.407171, 19.912548], [-16.406884, 19.91255], [-16.40688, 19.912008], [-16.406593, 19.91201], [-16.406591, 19.911739], [-16.406304, 19.911742], [-16.406302, 19.911471], [-16.406015, 19.911473], [-16.406013, 19.911202], [-16.406299, 19.911199], [-16.406292, 19.910386], [-16.406006, 19.910389], [-16.406003, 19.910118], [-16.405717, 19.91012], [-16.405714, 19.909849], [-16.405428, 19.909851], [-16.405425, 19.90958], [-16.405139, 19.909582], [-16.405141, 19.909853], [-16.404568, 19.909858], [-16.404563, 19.909316], [-16.40485, 19.909314], [-16.404847, 19.909043], [-16.404274, 19.909047], [-16.404272, 19.908776], [-16.403985, 19.908778], [-16.403983, 19.908507], [-16.403696, 19.90851], [-16.403704, 19.909323], [-16.40399, 19.90932], [-16.403997, 19.910134], [-16.40457, 19.910129], [-16.404575, 19.910671], [-16.404862, 19.910669], [-16.404867, 19.911211], [-16.40458, 19.911213], [-16.404587, 19.912026], [-16.404301, 19.912028], [-16.404305, 19.91257], [-16.404592, 19.912568], [-16.404594, 19.912839], [-16.404881, 19.912837], [-16.404883, 19.913108], [-16.405456, 19.913103], [-16.405459, 19.913374], [-16.405745, 19.913372], [-16.405748, 19.913643], [-16.406034, 19.913641]], [[-16.405435, 19.910664], [-16.405148, 19.910667], [-16.405144, 19.910124], [-16.40543, 19.910122], [-16.405435, 19.910664]]]}, "properties": {"layer": "meadow", "year": 2023, "sat": "S2B", "date": "2023-06-11", "area_ha": 8.64}}, {"type": "Feature", "geometry": {"type": "Polygon", "coordinates": [[[-16.472742, 19.906867], [-16.472739, 19.906596], [-16.473312, 19.906591], [-16.47331, 19.90632], [-16.474169, 19.906313], [-16.474167, 19.906042], [-16.473021, 19.906052], [-16.473018, 19.905781], [-16.472445, 19.905786], [-16.472455, 19.90687], [-16.472742, 19.906867]]]}, "properties": {"layer": "meadow", "year": 2023, "sat": "S2B", "date": "2023-06-11", "area_ha": 1.08}}, {"type": "Feature", "geometry": {"type": "Polygon", "coordinates": [[[-16.416292, 19.907055], [-16.416287, 19.906513], [-16.416574, 19.90651], [-16.416569, 19.905968], [-16.416282, 19.905971], [-16.416285, 19.906242], [-16.415998, 19.906244], [-16.416001, 19.906515], [-16.415714, 19.906517], [-16.415717, 19.906788], [-16.416003, 19.906786], [-16.416006, 19.907057], [-16.416292, 19.907055]]]}, "properties": {"layer": "meadow", "year": 2023, "sat": "S2B", "date": "2023-06-11", "area_ha": 0.54}}, {"type": "Feature", "geometry": {"type": "Polygon", "coordinates": [[[-16.433785, 19.908541], [-16.433783, 19.90827], [-16.43407, 19.908267], [-16.434062, 19.907454], [-16.434349, 19.907452], [-16.434344, 19.90691], [-16.434057, 19.906912], [-16.434055, 19.906641], [-16.434341, 19.906639], [-16.434339, 19.906368], [-16.434626, 19.906366], [-16.434635, 19.90745], [-16.434922, 19.907447], [-16.434917, 19.906905], [-16.43549, 19.906901], [-16.435488, 19.90663], [-16.435774, 19.906627], [-16.435772, 19.906356], [-16.435485, 19.906359], [-16.435483, 19.906088], [-16.435196, 19.90609], [-16.435194, 19.905819], [-16.434907, 19.905821], [-16.434905, 19.90555], [-16.434618, 19.905553], [-16.434611, 19.904739], [-16.433465, 19.904749], [-16.433467, 19.90502], [-16.433181, 19.905022], [-16.433186, 19.905564], [-16.432899, 19.905566], [-16.432904, 19.906108], [-16.432617, 19.906111], [-16.432622, 19.906653], [-16.432049, 19.906657], [-16.432059, 19.907741], [-16.432632, 19.907737], [-16.432637, 19.908279], [-16.43321, 19.908274], [-16.433212, 19.908545], [-16.433785, 19.908541]], [[-16.433761, 19.905831], [-16.433475, 19.905833], [-16.433472, 19.905562], [-16.433759, 19.905559], [-16.433761, 19.905831]]]}, "properties": {"layer": "meadow", "year": 2023, "sat": "S2B", "date": "2023-06-11", "area_ha": 8.55}}, {"type": "Feature", "geometry": {"type": "Polygon", "coordinates": [[[-16.420304, 19.907023], [-16.420301, 19.906752], [-16.420588, 19.906749], [-16.420581, 19.905936], [-16.420867, 19.905934], [-16.420862, 19.905392], [-16.421149, 19.90539], [-16.421146, 19.905119], [-16.42086, 19.905121], [-16.420853, 19.904308], [-16.41942, 19.904319], [-16.419422, 19.90459], [-16.419136, 19.904593], [-16.419133, 19.904322], [-16.418847, 19.904324], [-16.418852, 19.904866], [-16.418279, 19.90487], [-16.418281, 19.905141], [-16.417421, 19.905148], [-16.417424, 19.905419], [-16.416851, 19.905424], [-16.416853, 19.905695], [-16.416567, 19.905697], [-16.416569, 19.905968], [-16.417142, 19.905964], [-16.41714, 19.905693], [-16.417426, 19.90569], [-16.417429, 19.905961], [-16.417715, 19.905959], [-16.417718, 19.90623], [-16.418004, 19.906228], [-16.418007, 19.906499], [-16.418866, 19.906492], [-16.418869, 19.906763], [-16.419442, 19.906758], [-16.419444, 19.907029], [-16.420304, 19.907023]]]}, "properties": {"layer": "meadow", "year": 2023, "sat": "S2B", "date": "2023-06-11", "area_ha": 8.19}}, {"type": "Feature", "geometry": {"type": "Polygon", "coordinates": [[[-16.472729, 19.905512], [-16.472722, 19.904699], [-16.472148, 19.904704], [-16.472141, 19.903891], [-16.471854, 19.903893], [-16.471849, 19.903351], [-16.471563, 19.903354], [-16.471565, 19.903625], [-16.471279, 19.903627], [-16.471284, 19.904169], [-16.47157, 19.904167], [-16.471573, 19.904438], [-16.471286, 19.90444], [-16.471291, 19.904982], [-16.471578, 19.90498], [-16.471575, 19.904709], [-16.471862, 19.904706], [-16.471869, 19.905519], [-16.472729, 19.905512]]]}, "properties": {"layer": "meadow", "year": 2023, "sat": "S2B", "date": "2023-06-11", "area_ha": 1.89}}, {"type": "Feature", "geometry": {"type": "Polygon", "coordinates": [[[-16.489921, 19.905369], [-16.489918, 19.905098], [-16.490778, 19.905091], [-16.490775, 19.90482], [-16.490489, 19.904822], [-16.490486, 19.904551], [-16.490773, 19.904549], [-16.490767, 19.904007], [-16.489908, 19.904014], [-16.489905, 19.903743], [-16.489332, 19.903748], [-16.48933, 19.903477], [-16.488757, 19.903481], [-16.488754, 19.90321], [-16.488468, 19.903213], [-16.48847, 19.903484], [-16.487611, 19.903491], [-16.487613, 19.903762], [-16.488473, 19.903755], [-16.488478, 19.904297], [-16.489051, 19.904292], [-16.489053, 19.904563], [-16.48934, 19.904561], [-16.489342, 19.904832], [-16.488769, 19.904837], [-16.488772, 19.905108], [-16.489345, 19.905103], [-16.489348, 19.905374], [-16.489921, 19.905369]]]}, "properties": {"layer": "meadow", "year": 2023, "sat": "S2B", "date": "2023-06-11", "area_ha": 3.51}}, {"type": "Feature", "geometry": {"type": "Polygon", "coordinates": [[[-16.495661, 19.906405], [-16.495656, 19.905863], [-16.495083, 19.905868], [-16.495081, 19.905597], [-16.494794, 19.905599], [-16.494791, 19.905328], [-16.495078, 19.905326], [-16.495073, 19.904784], [-16.495359, 19.904781], [-16.495365, 19.905323], [-16.495651, 19.905321], [-16.495654, 19.905592], [-16.496513, 19.905585], [-16.496511, 19.905314], [-16.496224, 19.905316], [-16.496222, 19.905045], [-16.495935, 19.905047], [-16.495927, 19.904234], [-16.495641, 19.904237], [-16.495633, 19.903424], [-16.495347, 19.903426], [-16.495349, 19.903697], [-16.494776, 19.903702], [-16.494781, 19.904244], [-16.494495, 19.904246], [-16.494477, 19.902349], [-16.493904, 19.902354], [-16.493909, 19.902896], [-16.493049, 19.902903], [-16.493047, 19.902632], [-16.49276, 19.902635], [-16.492763, 19.902906], [-16.492476, 19.902908], [-16.492479, 19.903179], [-16.492192, 19.903182], [-16.492195, 19.903453], [-16.491335, 19.90346], [-16.491338, 19.903731], [-16.492198, 19.903724], [-16.4922, 19.903995], [-16.49306, 19.903987], [-16.493062, 19.904258], [-16.493635, 19.904254], [-16.49364, 19.904796], [-16.493927, 19.904793], [-16.493929, 19.905064], [-16.493643, 19.905067], [-16.493645, 19.905338], [-16.493359, 19.90534], [-16.493354, 19.904798], [-16.492781, 19.904803], [-16.492783, 19.905074], [-16.492497, 19.905076], [-16.492494, 19.904805], [-16.492208, 19.904808], [-16.49221, 19.905079], [-16.491924, 19.905081], [-16.491926, 19.905352], [-16.493072, 19.905343], [-16.493077, 19.905885], [-16.493364, 19.905882], [-16.493367, 19.906153], [-16.493653, 19.906151], [-16.49365, 19.90588], [-16.493937, 19.905877], [-16.49394, 19.906148], [-16.494513, 19.906144], [-16.49451, 19.905873], [-16.494797, 19.90587], [-16.494802, 19.906412], [-16.495661, 19.906405]], [[-16.49451, 19.905873], [-16.494224, 19.905875], [-16.494221, 19.905604], [-16.494508, 19.905602], [-16.49451, 19.905873]], [[-16.494218, 19.905333], [-16.493932, 19.905335], [-16.493929, 19.905064], [-16.494216, 19.905062], [-16.494218, 19.905333]]]}, "properties": {"layer": "meadow", "year": 2023, "sat": "S2B", "date": "2023-06-11", "area_ha": 10.08}}, {"type": "Feature", "geometry": {"type": "Polygon", "coordinates": [[[-16.437785, 19.907153], [-16.437782, 19.906882], [-16.438069, 19.90688], [-16.438066, 19.906609], [-16.438353, 19.906607], [-16.43835, 19.906336], [-16.438637, 19.906333], [-16.438635, 19.906062], [-16.438921, 19.90606], [-16.438919, 19.905789], [-16.439205, 19.905787], [-16.4392, 19.905245], [-16.439487, 19.905242], [-16.439489, 19.905513], [-16.440062, 19.905509], [-16.440057, 19.904967], [-16.440344, 19.904964], [-16.440346, 19.905235], [-16.440633, 19.905233], [-16.440628, 19.904691], [-16.440915, 19.904689], [-16.440912, 19.904418], [-16.441199, 19.904415], [-16.441196, 19.904144], [-16.44091, 19.904147], [-16.440907, 19.903875], [-16.441767, 19.903869], [-16.441757, 19.902784], [-16.44147, 19.902787], [-16.441475, 19.903329], [-16.441189, 19.903331], [-16.441191, 19.903602], [-16.440618, 19.903607], [-16.440626, 19.90442], [-16.440339, 19.904422], [-16.440337, 19.904151], [-16.44005, 19.904153], [-16.440048, 19.903882], [-16.439761, 19.903885], [-16.439759, 19.903614], [-16.439472, 19.903616], [-16.439475, 19.903887], [-16.438615, 19.903894], [-16.438612, 19.903623], [-16.438899, 19.903621], [-16.438894, 19.903079], [-16.438321, 19.903083], [-16.438331, 19.904167], [-16.438044, 19.90417], [-16.438042, 19.903899], [-16.437755, 19.903901], [-16.43776, 19.904443], [-16.438047, 19.904441], [-16.438052, 19.904983], [-16.437765, 19.904985], [-16.43777, 19.905527], [-16.437484, 19.905529], [-16.437486, 19.9058], [-16.437199, 19.905803], [-16.437202, 19.906074], [-16.436915, 19.906076], [-16.43691, 19.905534], [-16.436624, 19.905536], [-16.436634, 19.90662], [-16.436061, 19.906625], [-16.436063, 19.906896], [-16.43635, 19.906894], [-16.436352, 19.907165], [-16.436925, 19.90716], [-16.436923, 19.906889], [-16.437209, 19.906887], [-16.437212, 19.907158], [-16.437785, 19.907153]], [[-16.437496, 19.906885], [-16.437209, 19.906887], [-16.437207, 19.906616], [-16.437493, 19.906613], [-16.437496, 19.906885]], [[-16.438064, 19.906338], [-16.437777, 19.90634], [-16.437775, 19.906069], [-16.438061, 19.906067], [-16.438064, 19.906338]], [[-16.438348, 19.906065], [-16.438061, 19.906067], [-16.438057, 19.905525], [-16.438343, 19.905522], [-16.438348, 19.906065]], [[-16.437775, 19.906069], [-16.437488, 19.906071], [-16.437486, 19.9058], [-16.437772, 19.905798], [-16.437775, 19.906069]], [[-16.43863, 19.90552], [-16.438343, 19.905522], [-16.438341, 19.905251], [-16.438627, 19.905249], [-16.43863, 19.90552]], [[-16.440052, 19.904424], [-16.439766, 19.904427], [-16.439763, 19.904156], [-16.44005, 19.904153], [-16.440052, 19.904424]], [[-16.43862, 19.904436], [-16.438333, 19.904438], [-16.438331, 19.904167], [-16.438617, 19.904165], [-16.43862, 19.904436]]]}, "properties": {"layer": "meadow", "year": 2023, "sat": "S2B", "date": "2023-06-11", "area_ha": 8.82}}, {"type": "Feature", "geometry": {"type": "Polygon", "coordinates": [[[-16.481639, 19.90842], [-16.481632, 19.907606], [-16.481345, 19.907609], [-16.481342, 19.907338], [-16.481629, 19.907335], [-16.481627, 19.907064], [-16.482486, 19.907057], [-16.482484, 19.906786], [-16.482197, 19.906789], [-16.482195, 19.906518], [-16.481908, 19.90652], [-16.481905, 19.906249], [-16.482765, 19.906242], [-16.482763, 19.905971], [-16.483336, 19.905966], [-16.483341, 19.906508], [-16.483627, 19.906506], [-16.48363, 19.906777], [-16.484203, 19.906772], [-16.484205, 19.907043], [-16.484492, 19.907041], [-16.484497, 19.907583], [-16.48507, 19.907578], [-16.485072, 19.907849], [-16.485645, 19.907844], [-16.485643, 19.907573], [-16.485356, 19.907575], [-16.485354, 19.907304], [-16.485067, 19.907307], [-16.485065, 19.907036], [-16.484778, 19.907038], [-16.484776, 19.906767], [-16.484489, 19.90677], [-16.484487, 19.906499], [-16.484773, 19.906496], [-16.484771, 19.906225], [-16.484484, 19.906228], [-16.484482, 19.905957], [-16.485055, 19.905952], [-16.48505, 19.90541], [-16.485336, 19.905407], [-16.485339, 19.905678], [-16.485912, 19.905674], [-16.485914, 19.905945], [-16.486774, 19.905937], [-16.486769, 19.905395], [-16.487055, 19.905393], [-16.487058, 19.905664], [-16.487631, 19.905659], [-16.487626, 19.905117], [-16.488199, 19.905112], [-16.488196, 19.904841], [-16.48791, 19.904844], [-16.487907, 19.904573], [-16.487048, 19.90458], [-16.487045, 19.904309], [-16.487618, 19.904304], [-16.487613, 19.903762], [-16.487327, 19.903764], [-16.487324, 19.903493], [-16.487611, 19.903491], [-16.487608, 19.90322], [-16.486462, 19.90323], [-16.48646, 19.902959], [-16.485886, 19.902963], [-16.485884, 19.902692], [-16.48617, 19.90269], [-16.486168, 19.902419], [-16.485595, 19.902424], [-16.485597, 19.902695], [-16.485024, 19.9027], [-16.485027, 19.902971], [-16.485313, 19.902968], [-16.485318, 19.90351], [-16.484745, 19.903515], [-16.48475, 19.904057], [-16.484464, 19.904059], [-16.484472, 19.904872], [-16.484185, 19.904875], [-16.484188, 19.905146], [-16.483615, 19.905151], [-16.483612, 19.90488], [-16.482466, 19.904889], [-16.482468, 19.90516], [-16.482755, 19.905158], [-16.48276, 19.9057], [-16.481614, 19.905709], [-16.481616, 19.90598], [-16.48047, 19.90599], [-16.480473, 19.906261], [-16.480186, 19.906263], [-16.480191, 19.906805], [-16.480764, 19.906801], [-16.480767, 19.907072], [-16.48048, 19.907074], [-16.480485, 19.907616], [-16.480772, 19.907614], [-16.48078, 19.908427], [-16.481639, 19.90842]], [[-16.486485, 19.905669], [-16.486198, 19.905671], [-16.486196, 19.9054], [-16.486482, 19.905398], [-16.486485, 19.905669]], [[-16.483617, 19.905422], [-16.483331, 19.905424], [-16.483328, 19.905153], [-16.483615, 19.905151], [-16.483617, 19.905422]], [[-16.487626, 19.905117], [-16.487339, 19.90512], [-16.487337, 19.904849], [-16.487623, 19.904846], [-16.487626, 19.905117]], [[-16.486766, 19.905124], [-16.48648, 19.905127], [-16.486477, 19.904856], [-16.486764, 19.904853], [-16.486766, 19.905124]]]}, "properties": {"layer": "meadow", "year": 2023, "sat": "S2B", "date": "2023-06-11", "area_ha": 17.37}}, {"type": "Feature", "geometry": {"type": "Polygon", "coordinates": [[[-16.413111, 19.903827], [-16.413107, 19.903285], [-16.41282, 19.903288], [-16.412815, 19.902746], [-16.412529, 19.902748], [-16.412526, 19.902477], [-16.411953, 19.902481], [-16.411956, 19.902752], [-16.411383, 19.902757], [-16.411385, 19.903028], [-16.411958, 19.903023], [-16.41196, 19.903294], [-16.412247, 19.903292], [-16.412249, 19.903563], [-16.412536, 19.903561], [-16.412538, 19.903832], [-16.413111, 19.903827]]]}, "properties": {"layer": "meadow", "year": 2023, "sat": "S2B", "date": "2023-06-11", "area_ha": 1.35}}, {"type": "Feature", "geometry": {"type": "Polygon", "coordinates": [[[-16.44147, 19.902787], [-16.441461, 19.901703], [-16.441174, 19.901705], [-16.441177, 19.901976], [-16.44089, 19.901978], [-16.440895, 19.90252], [-16.441181, 19.902518], [-16.441184, 19.902789], [-16.44147, 19.902787]]]}, "properties": {"layer": "meadow", "year": 2023, "sat": "S2B", "date": "2023-06-11", "area_ha": 0.54}}, {"type": "Feature", "geometry": {"type": "Polygon", "coordinates": [[[-16.501394, 19.906628], [-16.501392, 19.906357], [-16.501678, 19.906354], [-16.501676, 19.906083], [-16.502249, 19.906078], [-16.502246, 19.905807], [-16.502819, 19.905803], [-16.502817, 19.905532], [-16.50339, 19.905527], [-16.503387, 19.905256], [-16.503674, 19.905253], [-16.503671, 19.904982], [-16.503958, 19.90498], [-16.503953, 19.904438], [-16.503379, 19.904443], [-16.503374, 19.903901], [-16.503088, 19.903903], [-16.503083, 19.903361], [-16.502796, 19.903363], [-16.502794, 19.903092], [-16.502507, 19.903095], [-16.502505, 19.902824], [-16.502218, 19.902826], [-16.502216, 19.902555], [-16.501929, 19.902558], [-16.501926, 19.902287], [-16.50164, 19.902289], [-16.501635, 19.901747], [-16.501062, 19.901752], [-16.501057, 19.90121], [-16.500197, 19.901217], [-16.5002, 19.901488], [-16.499913, 19.901491], [-16.499916, 19.901762], [-16.499343, 19.901766], [-16.49934, 19.901495], [-16.499627, 19.901493], [-16.499614, 19.900138], [-16.499327, 19.90014], [-16.499325, 19.899869], [-16.498752, 19.899874], [-16.498754, 19.900145], [-16.497608, 19.900155], [-16.497611, 19.900426], [-16.497897, 19.900423], [-16.4979, 19.900694], [-16.497613, 19.900697], [-16.497616, 19.900968], [-16.497902, 19.900965], [-16.497905, 19.901236], [-16.498478, 19.901232], [-16.498483, 19.901774], [-16.498197, 19.901776], [-16.498199, 19.902047], [-16.497913, 19.902049], [-16.49791, 19.901778], [-16.497337, 19.901783], [-16.497345, 19.902596], [-16.497058, 19.902599], [-16.497063, 19.903141], [-16.49735, 19.903138], [-16.497347, 19.902867], [-16.498207, 19.90286], [-16.498209, 19.903131], [-16.498496, 19.903129], [-16.498498, 19.9034], [-16.498785, 19.903397], [-16.498788, 19.903668], [-16.499074, 19.903666], [-16.499077, 19.903937], [-16.499363, 19.903934], [-16.499373, 19.905019], [-16.49966, 19.905016], [-16.499662, 19.905287], [-16.499949, 19.905285], [-16.499951, 19.905556], [-16.500238, 19.905553], [-16.500243, 19.906095], [-16.500816, 19.90609], [-16.500821, 19.906632], [-16.501394, 19.906628]]]}, "properties": {"layer": "meadow", "year": 2023, "sat": "S2B", "date": "2023-06-11", "area_ha": 24.48}}, {"type": "Feature", "geometry": {"type": "Polygon", "coordinates": [[[-16.414821, 19.90273], [-16.414818, 19.902459], [-16.415678, 19.902452], [-16.415676, 19.902181], [-16.415962, 19.902179], [-16.415957, 19.901636], [-16.416244, 19.901634], [-16.416234, 19.90055], [-16.415948, 19.900552], [-16.415953, 19.901094], [-16.415666, 19.901097], [-16.415668, 19.901368], [-16.415095, 19.901372], [-16.415098, 19.901643], [-16.414811, 19.901646], [-16.414814, 19.901917], [-16.414527, 19.901919], [-16.414534, 19.902732], [-16.414821, 19.90273]]]}, "properties": {"layer": "meadow", "year": 2023, "sat": "S2B", "date": "2023-06-11", "area_ha": 1.98}}, {"type": "Feature", "geometry": {"type": "Polygon", "coordinates": [[[-16.399124, 19.909901], [-16.399121, 19.90963], [-16.399694, 19.909625], [-16.399687, 19.908812], [-16.399974, 19.90881], [-16.399971, 19.908539], [-16.400258, 19.908537], [-16.400251, 19.907724], [-16.399964, 19.907726], [-16.399955, 19.906642], [-16.399668, 19.906644], [-16.399663, 19.906102], [-16.39995, 19.9061], [-16.39994, 19.905016], [-16.399654, 19.905018], [-16.399651, 19.904747], [-16.399365, 19.904749], [-16.399367, 19.90502], [-16.398794, 19.905025], [-16.398797, 19.905296], [-16.39851, 19.905298], [-16.398508, 19.905027], [-16.398221, 19.905029], [-16.398216, 19.904487], [-16.39793, 19.904489], [-16.397928, 19.904218], [-16.398214, 19.904216], [-16.398209, 19.903674], [-16.397923, 19.903676], [-16.397918, 19.903134], [-16.397631, 19.903137], [-16.397629, 19.902866], [-16.397916, 19.902863], [-16.397911, 19.902321], [-16.397624, 19.902324], [-16.397622, 19.902053], [-16.397335, 19.902055], [-16.397324, 19.9007], [-16.397037, 19.900702], [-16.397035, 19.900431], [-16.396748, 19.900433], [-16.39675, 19.900704], [-16.396464, 19.900706], [-16.396462, 19.900435], [-16.395889, 19.90044], [-16.395891, 19.900711], [-16.395318, 19.900715], [-16.39532, 19.900986], [-16.395034, 19.900989], [-16.395036, 19.90126], [-16.39475, 19.901262], [-16.394754, 19.901804], [-16.393035, 19.901817], [-16.393033, 19.901546], [-16.392173, 19.901553], [-16.392187, 19.903179], [-16.392474, 19.903177], [-16.392476, 19.903448], [-16.393049, 19.903444], [-16.393052, 19.903715], [-16.392479, 19.903719], [-16.392481, 19.90399], [-16.392768, 19.903988], [-16.392772, 19.90453], [-16.393059, 19.904528], [-16.393061, 19.904799], [-16.393348, 19.904796], [-16.39335, 19.905067], [-16.393637, 19.905065], [-16.393639, 19.905336], [-16.393926, 19.905334], [-16.393928, 19.905605], [-16.394214, 19.905603], [-16.394222, 19.906416], [-16.395654, 19.906405], [-16.395652, 19.906134], [-16.396225, 19.906129], [-16.396232, 19.906942], [-16.395946, 19.906944], [-16.395948, 19.907215], [-16.396234, 19.907213], [-16.396237, 19.907484], [-16.396523, 19.907482], [-16.396526, 19.907753], [-16.397099, 19.907748], [-16.397096, 19.907477], [-16.397383, 19.907475], [-16.397385, 19.907746], [-16.397672, 19.907744], [-16.397674, 19.908015], [-16.397101, 19.90802], [-16.397104, 19.908291], [-16.397677, 19.908286], [-16.397679, 19.908557], [-16.397966, 19.908555], [-16.397963, 19.908284], [-16.39825, 19.908282], [-16.398255, 19.908824], [-16.398541, 19.908821], [-16.398543, 19.909092], [-16.39883, 19.90909], [-16.398837, 19.909903], [-16.399124, 19.909901]], [[-16.399405, 19.909357], [-16.399119, 19.909359], [-16.399117, 19.909088], [-16.399403, 19.909086], [-16.399405, 19.909357]], [[-16.398247, 19.90801], [-16.397961, 19.908013], [-16.397958, 19.907742], [-16.398245, 19.907739], [-16.398247, 19.90801]], [[-16.39767, 19.907473], [-16.397383, 19.907475], [-16.397381, 19.907204], [-16.397667, 19.907202], [-16.39767, 19.907473]], [[-16.393343, 19.904254], [-16.393056, 19.904257], [-16.393054, 19.903986], [-16.393341, 19.903983], [-16.393343, 19.904254]]]}, "properties": {"layer": "meadow", "year": 2023, "sat": "S2B", "date": "2023-06-11", "area_ha": 42.03}}, {"type": "Feature", "geometry": {"type": "Polygon", "coordinates": [[[-16.419962, 19.900791], [-16.419959, 19.90052], [-16.420246, 19.900518], [-16.420241, 19.899976], [-16.419668, 19.899981], [-16.419665, 19.89971], [-16.419379, 19.899712], [-16.419384, 19.900254], [-16.419097, 19.900256], [-16.419102, 19.900798], [-16.419962, 19.900791]]]}, "properties": {"layer": "meadow", "year": 2023, "sat": "S2B", "date": "2023-06-11", "area_ha": 0.99}}, {"type": "Feature", "geometry": {"type": "Polygon", "coordinates": [[[-16.469238, 19.899849], [-16.469233, 19.899307], [-16.469806, 19.899303], [-16.469801, 19.89876], [-16.470088, 19.898758], [-16.47008, 19.897945], [-16.469507, 19.89795], [-16.46951, 19.898221], [-16.469223, 19.898223], [-16.469226, 19.898494], [-16.468939, 19.898497], [-16.468944, 19.899039], [-16.468658, 19.899041], [-16.468663, 19.899583], [-16.468949, 19.899581], [-16.468952, 19.899852], [-16.469238, 19.899849]]]}, "properties": {"layer": "meadow", "year": 2023, "sat": "S2B", "date": "2023-06-11", "area_ha": 1.71}}, {"type": "Feature", "geometry": {"type": "Polygon", "coordinates": [[[-16.283265, 19.89939], [-16.283263, 19.899119], [-16.283549, 19.899117], [-16.283547, 19.898846], [-16.283834, 19.898844], [-16.283832, 19.898573], [-16.283259, 19.898577], [-16.283261, 19.898848], [-16.282974, 19.89885], [-16.282976, 19.899121], [-16.28183, 19.89913], [-16.281832, 19.899401], [-16.283265, 19.89939]]]}, "properties": {"layer": "meadow", "year": 2023, "sat": "S2B", "date": "2023-06-11", "area_ha": 0.81}}, {"type": "Feature", "geometry": {"type": "Polygon", "coordinates": [[[-16.469839, 19.902826], [-16.469836, 19.902555], [-16.470696, 19.902548], [-16.470683, 19.901193], [-16.47097, 19.90119], [-16.470967, 19.900919], [-16.472113, 19.90091], [-16.472118, 19.901452], [-16.471832, 19.901454], [-16.471837, 19.901996], [-16.472123, 19.901994], [-16.472126, 19.902265], [-16.472412, 19.902262], [-16.472415, 19.902533], [-16.472701, 19.902531], [-16.472699, 19.90226], [-16.472985, 19.902258], [-16.47298, 19.901716], [-16.472694, 19.901718], [-16.472691, 19.901447], [-16.472978, 19.901445], [-16.472973, 19.900903], [-16.472686, 19.900905], [-16.472684, 19.900634], [-16.47297, 19.900632], [-16.472953, 19.898734], [-16.472666, 19.898737], [-16.472656, 19.897653], [-16.472083, 19.897657], [-16.472091, 19.898471], [-16.471804, 19.898473], [-16.471802, 19.898202], [-16.471515, 19.898204], [-16.471503, 19.896849], [-16.471216, 19.896852], [-16.471219, 19.897123], [-16.470646, 19.897127], [-16.470648, 19.897398], [-16.470935, 19.897396], [-16.47094, 19.897938], [-16.470653, 19.89794], [-16.470663, 19.899024], [-16.470377, 19.899027], [-16.470379, 19.899298], [-16.469806, 19.899303], [-16.469809, 19.899574], [-16.469522, 19.899576], [-16.469525, 19.899847], [-16.469238, 19.899849], [-16.469241, 19.90012], [-16.468954, 19.900123], [-16.468952, 19.899852], [-16.468665, 19.899854], [-16.468663, 19.899583], [-16.468376, 19.899585], [-16.468379, 19.899856], [-16.468092, 19.899859], [-16.468095, 19.90013], [-16.468668, 19.900125], [-16.468673, 19.900667], [-16.468386, 19.900669], [-16.468399, 19.902024], [-16.468685, 19.902022], [-16.468688, 19.902293], [-16.468974, 19.902291], [-16.468972, 19.90202], [-16.469545, 19.902015], [-16.469552, 19.902828], [-16.469839, 19.902826]], [[-16.470407, 19.902279], [-16.47012, 19.902281], [-16.470118, 19.90201], [-16.470404, 19.902008], [-16.470407, 19.902279]], [[-16.469829, 19.901742], [-16.469542, 19.901744], [-16.46954, 19.901473], [-16.469826, 19.901471], [-16.469829, 19.901742]], [[-16.469256, 19.901746], [-16.468969, 19.901749], [-16.468967, 19.901478], [-16.469253, 19.901475], [-16.469256, 19.901746]], [[-16.472691, 19.901447], [-16.472405, 19.901449], [-16.472402, 19.901178], [-16.472689, 19.901176], [-16.472691, 19.901447]], [[-16.469824, 19.9012], [-16.469537, 19.901202], [-16.46953, 19.900389], [-16.469816, 19.900387], [-16.469809, 19.899574], [-16.470668, 19.899566], [-16.470671, 19.899837], [-16.470384, 19.89984], [-16.470389, 19.900382], [-16.470103, 19.900384], [-16.470108, 19.900926], [-16.469821, 19.900929], [-16.469824, 19.9012]], [[-16.468964, 19.901207], [-16.468678, 19.901209], [-16.468675, 19.900938], [-16.468962, 19.900936], [-16.468964, 19.901207]], [[-16.472385, 19.899281], [-16.472098, 19.899284], [-16.472091, 19.898471], [-16.472377, 19.898468], [-16.472385, 19.899281]]]}, "properties": {"layer": "meadow", "year": 2023, "sat": "S2B", "date": "2023-06-11", "area_ha": 15.3}}, {"type": "Feature", "geometry": {"type": "Polygon", "coordinates": [[[-16.279251, 19.899148], [-16.279249, 19.898877], [-16.279536, 19.898875], [-16.279525, 19.89752], [-16.279238, 19.897522], [-16.279236, 19.897251], [-16.278663, 19.897255], [-16.278665, 19.897526], [-16.278952, 19.897524], [-16.278954, 19.897795], [-16.278667, 19.897797], [-16.27867, 19.898068], [-16.278096, 19.898072], [-16.278099, 19.898343], [-16.278672, 19.898339], [-16.278674, 19.89861], [-16.27896, 19.898608], [-16.278965, 19.89915], [-16.279251, 19.899148]]]}, "properties": {"layer": "meadow", "year": 2023, "sat": "S2B", "date": "2023-06-11", "area_ha": 1.62}}, {"type": "Feature", "geometry": {"type": "Polygon", "coordinates": [[[-16.310761, 19.897835], [-16.310753, 19.896751], [-16.310466, 19.896753], [-16.310468, 19.897024], [-16.310182, 19.897026], [-16.310186, 19.897568], [-16.310473, 19.897566], [-16.310475, 19.897837], [-16.310761, 19.897835]]]}, "properties": {"layer": "meadow", "year": 2023, "sat": "S2B", "date": "2023-06-11", "area_ha": 0.54}}, {"type": "Feature", "geometry": {"type": "Polygon", "coordinates": [[[-16.44198, 19.895736], [-16.441977, 19.895465], [-16.442264, 19.895462], [-16.442249, 19.893836], [-16.441962, 19.893839], [-16.441965, 19.89411], [-16.441678, 19.894112], [-16.441693, 19.895738], [-16.44198, 19.895736]]]}, "properties": {"layer": "meadow", "year": 2023, "sat": "S2B", "date": "2023-06-11", "area_ha": 1.08}}, {"type": "Feature", "geometry": {"type": "Polygon", "coordinates": [[[-16.505101, 19.904699], [-16.505099, 19.904428], [-16.505958, 19.904421], [-16.505956, 19.90415], [-16.506815, 19.904143], [-16.506813, 19.903872], [-16.507386, 19.903867], [-16.507383, 19.903596], [-16.507956, 19.903591], [-16.507954, 19.90332], [-16.508527, 19.903315], [-16.508524, 19.903044], [-16.508811, 19.903041], [-16.508808, 19.90277], [-16.509094, 19.902768], [-16.509092, 19.902497], [-16.509665, 19.902492], [-16.509668, 19.902763], [-16.511387, 19.902749], [-16.511384, 19.902478], [-16.511671, 19.902475], [-16.511668, 19.902204], [-16.511955, 19.902202], [-16.511952, 19.901931], [-16.512811, 19.901923], [-16.512809, 19.901652], [-16.513095, 19.90165], [-16.513088, 19.900837], [-16.512801, 19.900839], [-16.512799, 19.900568], [-16.513085, 19.900566], [-16.513083, 19.900295], [-16.513369, 19.900292], [-16.513372, 19.900563], [-16.513658, 19.900561], [-16.513648, 19.899477], [-16.513361, 19.899479], [-16.513359, 19.899208], [-16.513645, 19.899206], [-16.513643, 19.898935], [-16.513929, 19.898933], [-16.513927, 19.898662], [-16.514213, 19.898659], [-16.514218, 19.899201], [-16.513932, 19.899204], [-16.513934, 19.899475], [-16.514794, 19.899467], [-16.514791, 19.899196], [-16.514505, 19.899199], [-16.514494, 19.898115], [-16.514781, 19.898112], [-16.514778, 19.897841], [-16.515065, 19.897839], [-16.515067, 19.89811], [-16.515354, 19.898107], [-16.515351, 19.897836], [-16.515638, 19.897834], [-16.515635, 19.897563], [-16.515922, 19.89756], [-16.515924, 19.897831], [-16.516211, 19.897829], [-16.516208, 19.897558], [-16.516495, 19.897556], [-16.516497, 19.897827], [-16.516784, 19.897824], [-16.516787, 19.898095], [-16.516214, 19.8981], [-16.516216, 19.898371], [-16.516789, 19.898366], [-16.516792, 19.898637], [-16.517078, 19.898635], [-16.517068, 19.897551], [-16.517354, 19.897548], [-16.517357, 19.897819], [-16.51793, 19.897814], [-16.517917, 19.896459], [-16.517631, 19.896462], [-16.517633, 19.896733], [-16.517347, 19.896735], [-16.517341, 19.896193], [-16.517055, 19.896196], [-16.517052, 19.895925], [-16.516479, 19.895929], [-16.516482, 19.896201], [-16.515909, 19.896205], [-16.515906, 19.895934], [-16.515333, 19.895939], [-16.515336, 19.89621], [-16.515049, 19.896213], [-16.515047, 19.895942], [-16.51476, 19.895944], [-16.514763, 19.896215], [-16.51419, 19.89622], [-16.514185, 19.895678], [-16.514471, 19.895676], [-16.514458, 19.894321], [-16.513885, 19.894325], [-16.513878, 19.893512], [-16.513591, 19.893515], [-16.513583, 19.892702], [-16.513297, 19.892704], [-16.513294, 19.892433], [-16.512435, 19.892441], [-16.512437, 19.892712], [-16.512151, 19.892714], [-16.512148, 19.892443], [-16.511862, 19.892445], [-16.51187, 19.893258], [-16.511583, 19.893261], [-16.511586, 19.893532], [-16.511299, 19.893534], [-16.511302, 19.893805], [-16.511015, 19.893808], [-16.511013, 19.893537], [-16.510726, 19.893539], [-16.510724, 19.893268], [-16.510437, 19.893271], [-16.510435, 19.893], [-16.510148, 19.893002], [-16.510151, 19.893273], [-16.509864, 19.893275], [-16.509867, 19.893546], [-16.50958, 19.893549], [-16.509578, 19.893278], [-16.509291, 19.89328], [-16.509289, 19.893009], [-16.509002, 19.893012], [-16.509005, 19.893283], [-16.508718, 19.893285], [-16.508721, 19.893556], [-16.508434, 19.893559], [-16.508439, 19.894101], [-16.508153, 19.894103], [-16.508158, 19.894645], [-16.507871, 19.894647], [-16.507874, 19.894919], [-16.507587, 19.894921], [-16.50759, 19.895192], [-16.507304, 19.895194], [-16.507306, 19.895465], [-16.50702, 19.895468], [-16.507022, 19.895739], [-16.506163, 19.895746], [-16.506165, 19.896017], [-16.505879, 19.89602], [-16.505881, 19.896291], [-16.505595, 19.896293], [-16.505615, 19.898461], [-16.505902, 19.898459], [-16.505904, 19.89873], [-16.505618, 19.898732], [-16.505623, 19.899274], [-16.505336, 19.899276], [-16.505342, 19.899819], [-16.505628, 19.899816], [-16.505641, 19.901171], [-16.505927, 19.901169], [-16.505933, 19.901711], [-16.506792, 19.901703], [-16.50679, 19.901432], [-16.507076, 19.90143], [-16.507081, 19.901972], [-16.506795, 19.901974], [-16.5068, 19.902516], [-16.506227, 19.902521], [-16.506229, 19.902792], [-16.50537, 19.9028], [-16.505367, 19.902529], [-16.505654, 19.902526], [-16.505646, 19.901713], [-16.50536, 19.901716], [-16.505362, 19.901987], [-16.504789, 19.901991], [-16.504794, 19.902533], [-16.504221, 19.902538], [-16.504219, 19.902267], [-16.503932, 19.90227], [-16.503935, 19.902541], [-16.503648, 19.902543], [-16.503651, 19.902814], [-16.503937, 19.902812], [-16.50394, 19.903083], [-16.504226, 19.90308], [-16.504231, 19.903622], [-16.504518, 19.90362], [-16.504526, 19.904433], [-16.504812, 19.904431], [-16.504815, 19.904702], [-16.505101, 19.904699]], [[-16.504804, 19.903617], [-16.504518, 19.90362], [-16.504515, 19.903349], [-16.504802, 19.903346], [-16.504804, 19.903617]], [[-16.505088, 19.903344], [-16.504802, 19.903346], [-16.504797, 19.902804], [-16.505083, 19.902802], [-16.505088, 19.903344]], [[-16.510803, 19.901669], [-16.510517, 19.901672], [-16.510514, 19.901401], [-16.510801, 19.901398], [-16.510803, 19.901669]], [[-16.511082, 19.900854], [-16.510223, 19.900861], [-16.51022, 19.90059], [-16.510506, 19.900588], [-16.510504, 19.900317], [-16.51079, 19.900314], [-16.510788, 19.900043], [-16.511361, 19.900039], [-16.511358, 19.899767], [-16.511645, 19.899765], [-16.51165, 19.900307], [-16.511363, 19.90031], [-16.511366, 19.900581], [-16.51108, 19.900583], [-16.511082, 19.900854]], [[-16.513083, 19.900295], [-16.512796, 19.900297], [-16.512793, 19.900026], [-16.51308, 19.900024], [-16.513083, 19.900295]], [[-16.507639, 19.900341], [-16.507352, 19.900344], [-16.50735, 19.900073], [-16.507636, 19.90007], [-16.507639, 19.900341]], [[-16.507066, 19.900346], [-16.506493, 19.900351], [-16.50649, 19.90008], [-16.506204, 19.900082], [-16.506199, 19.89954], [-16.507058, 19.899533], [-16.507053, 19.898991], [-16.507626, 19.898986], [-16.507623, 19.898715], [-16.50791, 19.898713], [-16.507907, 19.898442], [-16.508194, 19.898439], [-16.508191, 19.898168], [-16.508478, 19.898166], [-16.508475, 19.897895], [-16.508762, 19.897892], [-16.508759, 19.897621], [-16.509046, 19.897619], [-16.509041, 19.897077], [-16.509327, 19.897074], [-16.509324, 19.896803], [-16.509611, 19.896801], [-16.509608, 19.89653], [-16.509895, 19.896528], [-16.5099, 19.89707], [-16.509614, 19.897072], [-16.509621, 19.897885], [-16.509335, 19.897887], [-16.509337, 19.898158], [-16.509624, 19.898156], [-16.509626, 19.898427], [-16.511345, 19.898412], [-16.511348, 19.898683], [-16.511062, 19.898686], [-16.511064, 19.898957], [-16.509632, 19.898969], [-16.509634, 19.89924], [-16.509348, 19.899243], [-16.50935, 19.899514], [-16.509064, 19.899516], [-16.509061, 19.899245], [-16.508488, 19.89925], [-16.508491, 19.899521], [-16.507918, 19.899526], [-16.507915, 19.899255], [-16.507629, 19.899257], [-16.507631, 19.899528], [-16.507345, 19.899531], [-16.507347, 19.899802], [-16.507061, 19.899804], [-16.507066, 19.900346]], [[-16.51222, 19.900031], [-16.511934, 19.900034], [-16.511931, 19.899763], [-16.512218, 19.89976], [-16.51222, 19.900031]], [[-16.508782, 19.90006], [-16.508496, 19.900063], [-16.508493, 19.899792], [-16.50878, 19.899789], [-16.508782, 19.90006]], [[-16.507923, 19.900068], [-16.507636, 19.90007], [-16.507634, 19.899799], [-16.50792, 19.899797], [-16.507923, 19.900068]], [[-16.509066, 19.899787], [-16.50878, 19.899789], [-16.508777, 19.899518], [-16.509064, 19.899516], [-16.509066, 19.899787]], [[-16.513359, 19.899208], [-16.513072, 19.899211], [-16.513067, 19.898669], [-16.513354, 19.898666], [-16.513359, 19.899208]], [[-16.512497, 19.898945], [-16.511924, 19.89895], [-16.511921, 19.898679], [-16.512494, 19.898674], [-16.512497, 19.898945]], [[-16.512481, 19.897319], [-16.512195, 19.897321], [-16.512192, 19.89705], [-16.512479, 19.897048], [-16.512481, 19.897319]], [[-16.510181, 19.896525], [-16.509895, 19.896528], [-16.50989, 19.895986], [-16.510176, 19.895983], [-16.510174, 19.895712], [-16.51046, 19.89571], [-16.510465, 19.896252], [-16.510179, 19.896254], [-16.510181, 19.896525]], [[-16.512752, 19.89569], [-16.512466, 19.895693], [-16.512461, 19.895151], [-16.512747, 19.895148], [-16.512745, 19.894877], [-16.513031, 19.894875], [-16.513036, 19.895417], [-16.51275, 19.895419], [-16.512752, 19.89569]], [[-16.512458, 19.89488], [-16.512172, 19.894882], [-16.512169, 19.894611], [-16.512455, 19.894609], [-16.512458, 19.89488]], [[-16.511599, 19.894887], [-16.511312, 19.894889], [-16.511307, 19.894347], [-16.511593, 19.894345], [-16.511599, 19.894887]]]}, "properties": {"layer": "meadow", "year": 2023, "sat": "S2B", "date": "2023-06-11", "area_ha": 87.84}}, {"type": "Feature", "geometry": {"type": "Polygon", "coordinates": [[[-16.491812, 19.893157], [-16.491809, 19.892886], [-16.491523, 19.892888], [-16.491518, 19.892346], [-16.491231, 19.892348], [-16.491234, 19.892619], [-16.490661, 19.892624], [-16.490666, 19.893166], [-16.491812, 19.893157]]]}, "properties": {"layer": "meadow", "year": 2023, "sat": "S2B", "date": "2023-06-11", "area_ha": 0.72}}, {"type": "Feature", "geometry": {"type": "Polygon", "coordinates": [[[-16.279803, 19.896434], [-16.2798, 19.896163], [-16.280087, 19.896161], [-16.280085, 19.89589], [-16.280371, 19.895888], [-16.280367, 19.895346], [-16.28008, 19.895348], [-16.280074, 19.894535], [-16.279501, 19.894539], [-16.279496, 19.893997], [-16.27921, 19.893999], [-16.279208, 19.893728], [-16.278635, 19.893732], [-16.278641, 19.894545], [-16.279214, 19.894541], [-16.279219, 19.895083], [-16.278073, 19.895091], [-16.278075, 19.895362], [-16.277788, 19.895364], [-16.277793, 19.895906], [-16.277506, 19.895908], [-16.277502, 19.895366], [-16.276929, 19.89537], [-16.276931, 19.895641], [-16.276644, 19.895643], [-16.276646, 19.895914], [-16.276073, 19.895919], [-16.276076, 19.89619], [-16.276362, 19.896187], [-16.276364, 19.896459], [-16.277224, 19.896452], [-16.277222, 19.896181], [-16.278081, 19.896175], [-16.278079, 19.895904], [-16.278366, 19.895902], [-16.278368, 19.896173], [-16.279227, 19.896167], [-16.27923, 19.896438], [-16.279803, 19.896434]], [[-16.278939, 19.895898], [-16.278652, 19.8959], [-16.278648, 19.895358], [-16.278934, 19.895356], [-16.278939, 19.895898]]]}, "properties": {"layer": "meadow", "year": 2023, "sat": "S2B", "date": "2023-06-11", "area_ha": 5.4}}, {"type": "Feature", "geometry": {"type": "Polygon", "coordinates": [[[-16.492961, 19.893418], [-16.492955, 19.892876], [-16.492382, 19.892881], [-16.492372, 19.891797], [-16.491799, 19.891802], [-16.491802, 19.892073], [-16.491515, 19.892075], [-16.491518, 19.892346], [-16.492091, 19.892341], [-16.492093, 19.892612], [-16.491807, 19.892615], [-16.491809, 19.892886], [-16.492096, 19.892883], [-16.492101, 19.893425], [-16.492961, 19.893418]]]}, "properties": {"layer": "meadow", "year": 2023, "sat": "S2B", "date": "2023-06-11", "area_ha": 1.26}}, {"type": "Feature", "geometry": {"type": "Polygon", "coordinates": [[[-16.485217, 19.89267], [-16.485215, 19.892399], [-16.486934, 19.892384], [-16.486929, 19.891842], [-16.486642, 19.891845], [-16.486645, 19.892116], [-16.486358, 19.892118], [-16.486356, 19.891847], [-16.48521, 19.891857], [-16.485212, 19.892128], [-16.484926, 19.89213], [-16.484923, 19.891859], [-16.48435, 19.891864], [-16.484353, 19.892135], [-16.484639, 19.892132], [-16.484642, 19.892404], [-16.484928, 19.892401], [-16.484931, 19.892672], [-16.485217, 19.89267]]]}, "properties": {"layer": "meadow", "year": 2023, "sat": "S2B", "date": "2023-06-11", "area_ha": 1.44}}, {"type": "Feature", "geometry": {"type": "Polygon", "coordinates": [[[-16.484071, 19.892679], [-16.484069, 19.892408], [-16.484355, 19.892406], [-16.484353, 19.892135], [-16.484066, 19.892137], [-16.484064, 19.891866], [-16.48435, 19.891864], [-16.484348, 19.891593], [-16.483488, 19.8916], [-16.483491, 19.891871], [-16.483777, 19.891869], [-16.483785, 19.892682], [-16.484071, 19.892679]]]}, "properties": {"layer": "meadow", "year": 2023, "sat": "S2B", "date": "2023-06-11", "area_ha": 0.63}}, {"type": "Feature", "geometry": {"type": "Polygon", "coordinates": [[[-16.494956, 19.892317], [-16.494953, 19.892046], [-16.49524, 19.892044], [-16.495235, 19.891502], [-16.494948, 19.891504], [-16.494946, 19.891233], [-16.49294, 19.89125], [-16.492948, 19.892063], [-16.493521, 19.892058], [-16.493523, 19.892329], [-16.494956, 19.892317]], [[-16.494953, 19.892046], [-16.494667, 19.892049], [-16.494664, 19.891778], [-16.494951, 19.891775], [-16.494953, 19.892046]]]}, "properties": {"layer": "meadow", "year": 2023, "sat": "S2B", "date": "2023-06-11", "area_ha": 2.43}}, {"type": "Feature", "geometry": {"type": "Polygon", "coordinates": [[[-16.313629, 19.898085], [-16.313625, 19.897543], [-16.313338, 19.897545], [-16.313334, 19.897003], [-16.31362, 19.897001], [-16.313618, 19.89673], [-16.313904, 19.896727], [-16.313898, 19.895914], [-16.313611, 19.895916], [-16.313604, 19.895103], [-16.313891, 19.895101], [-16.313893, 19.895372], [-16.31418, 19.89537], [-16.314182, 19.895641], [-16.314468, 19.895639], [-16.314473, 19.896181], [-16.314759, 19.896179], [-16.314753, 19.895366], [-16.315039, 19.895364], [-16.31503, 19.89428], [-16.315317, 19.894278], [-16.31531, 19.893464], [-16.315024, 19.893467], [-16.315017, 19.892653], [-16.314444, 19.892658], [-16.314442, 19.892387], [-16.313582, 19.892393], [-16.31358, 19.892122], [-16.313293, 19.892124], [-16.313296, 19.892395], [-16.313009, 19.892397], [-16.313011, 19.892668], [-16.312725, 19.89267], [-16.312727, 19.892941], [-16.31244, 19.892944], [-16.312443, 19.893215], [-16.31187, 19.893219], [-16.311872, 19.89349], [-16.311585, 19.893492], [-16.31159, 19.894034], [-16.311303, 19.894036], [-16.311308, 19.894578], [-16.311594, 19.894576], [-16.311592, 19.894305], [-16.311879, 19.894303], [-16.311883, 19.894845], [-16.31131, 19.894849], [-16.311312, 19.89512], [-16.311026, 19.895122], [-16.311028, 19.895393], [-16.311314, 19.895391], [-16.311319, 19.895933], [-16.311032, 19.895935], [-16.311035, 19.896206], [-16.311608, 19.896202], [-16.311605, 19.895931], [-16.312465, 19.895925], [-16.312467, 19.896196], [-16.312754, 19.896194], [-16.312756, 19.896465], [-16.312469, 19.896467], [-16.312481, 19.897822], [-16.31334, 19.897816], [-16.313342, 19.898087], [-16.313629, 19.898085]], [[-16.312738, 19.894297], [-16.312452, 19.894299], [-16.312449, 19.894028], [-16.312163, 19.89403], [-16.312161, 19.893759], [-16.312734, 19.893755], [-16.312738, 19.894297]], [[-16.31302, 19.893752], [-16.312734, 19.893755], [-16.312729, 19.893212], [-16.313016, 19.89321], [-16.313011, 19.892668], [-16.314157, 19.89266], [-16.31416, 19.892931], [-16.3133, 19.892937], [-16.313304, 19.893479], [-16.313018, 19.893481], [-16.31302, 19.893752]]]}, "properties": {"layer": "meadow", "year": 2023, "sat": "S2B", "date": "2023-06-11", "area_ha": 14.67}}, {"type": "Feature", "geometry": {"type": "Polygon", "coordinates": [[[-16.490088, 19.892629], [-16.490085, 19.892358], [-16.490372, 19.892356], [-16.490369, 19.892085], [-16.490083, 19.892087], [-16.49008, 19.891816], [-16.490367, 19.891814], [-16.490364, 19.891543], [-16.490651, 19.89154], [-16.490648, 19.891269], [-16.491221, 19.891264], [-16.491219, 19.890993], [-16.490932, 19.890996], [-16.49093, 19.890725], [-16.49007, 19.890732], [-16.490073, 19.891003], [-16.489786, 19.891005], [-16.489796, 19.892089], [-16.48951, 19.892092], [-16.489505, 19.89155], [-16.489218, 19.891552], [-16.489221, 19.891823], [-16.488934, 19.891826], [-16.488939, 19.892368], [-16.489799, 19.89236], [-16.489801, 19.892631], [-16.490088, 19.892629]]]}, "properties": {"layer": "meadow", "year": 2023, "sat": "S2B", "date": "2023-06-11", "area_ha": 2.07}}, {"type": "Feature", "geometry": {"type": "Polygon", "coordinates": [[[-16.487497, 19.891296], [-16.487489, 19.890482], [-16.486916, 19.890487], [-16.486919, 19.890758], [-16.486632, 19.890761], [-16.48663, 19.89049], [-16.486343, 19.890492], [-16.486348, 19.891034], [-16.487208, 19.891027], [-16.48721, 19.891298], [-16.487497, 19.891296]]]}, "properties": {"layer": "meadow", "year": 2023, "sat": "S2B", "date": "2023-06-11", "area_ha": 0.72}}, {"type": "Feature", "geometry": {"type": "Polygon", "coordinates": [[[-16.51013, 19.891105], [-16.510127, 19.890834], [-16.510414, 19.890831], [-16.510406, 19.890018], [-16.51012, 19.890021], [-16.510122, 19.890292], [-16.509836, 19.890294], [-16.509844, 19.891107], [-16.51013, 19.891105]]]}, "properties": {"layer": "meadow", "year": 2023, "sat": "S2B", "date": "2023-06-11", "area_ha": 0.54}}, {"type": "Feature", "geometry": {"type": "Polygon", "coordinates": [[[-16.380632, 19.892428], [-16.38063, 19.892157], [-16.380916, 19.892154], [-16.380914, 19.891883], [-16.3812, 19.891881], [-16.381196, 19.891339], [-16.380909, 19.891341], [-16.380907, 19.89107], [-16.380334, 19.891075], [-16.380331, 19.890804], [-16.380045, 19.890806], [-16.380047, 19.891077], [-16.379761, 19.891079], [-16.379758, 19.890808], [-16.379472, 19.89081], [-16.379479, 19.891623], [-16.379765, 19.891621], [-16.379768, 19.891892], [-16.380054, 19.89189], [-16.380057, 19.892161], [-16.380343, 19.892159], [-16.380345, 19.89243], [-16.380632, 19.892428]]]}, "properties": {"layer": "meadow", "year": 2023, "sat": "S2B", "date": "2023-06-11", "area_ha": 1.98}}, {"type": "Feature", "geometry": {"type": "Polygon", "coordinates": [[[-16.277769, 19.892925], [-16.277766, 19.892654], [-16.278053, 19.892652], [-16.278046, 19.891839], [-16.27776, 19.891841], [-16.277758, 19.89157], [-16.277185, 19.891574], [-16.27718, 19.891032], [-16.276607, 19.891036], [-16.276609, 19.891307], [-16.276323, 19.891309], [-16.276327, 19.891851], [-16.2769, 19.891847], [-16.276903, 19.892118], [-16.276616, 19.89212], [-16.276623, 19.892933], [-16.277769, 19.892925]]]}, "properties": {"layer": "meadow", "year": 2023, "sat": "S2B", "date": "2023-06-11", "area_ha": 2.52}}, {"type": "Feature", "geometry": {"type": "Polygon", "coordinates": [[[-16.444309, 19.899782], [-16.444306, 19.899511], [-16.444593, 19.899509], [-16.44459, 19.899238], [-16.444877, 19.899236], [-16.444872, 19.898694], [-16.445158, 19.898691], [-16.445156, 19.89842], [-16.445442, 19.898418], [-16.44544, 19.898147], [-16.445726, 19.898145], [-16.445724, 19.897874], [-16.44601, 19.897871], [-16.446006, 19.897329], [-16.446579, 19.897325], [-16.446576, 19.897054], [-16.446863, 19.897051], [-16.446858, 19.896509], [-16.446571, 19.896512], [-16.446564, 19.895698], [-16.44685, 19.895696], [-16.446848, 19.895425], [-16.446561, 19.895427], [-16.446559, 19.895156], [-16.446845, 19.895154], [-16.446843, 19.894883], [-16.447129, 19.894881], [-16.447125, 19.894339], [-16.447411, 19.894336], [-16.447406, 19.893794], [-16.44712, 19.893797], [-16.447117, 19.893526], [-16.44769, 19.893521], [-16.447693, 19.893792], [-16.447979, 19.89379], [-16.447977, 19.893519], [-16.448263, 19.893516], [-16.448261, 19.893245], [-16.447974, 19.893248], [-16.447972, 19.892977], [-16.448258, 19.892974], [-16.448256, 19.892703], [-16.448542, 19.892701], [-16.44855, 19.893514], [-16.448836, 19.893512], [-16.448829, 19.892699], [-16.449115, 19.892696], [-16.449113, 19.892425], [-16.448826, 19.892428], [-16.448824, 19.892157], [-16.44911, 19.892154], [-16.449108, 19.891883], [-16.449394, 19.891881], [-16.449392, 19.89161], [-16.449105, 19.891612], [-16.449103, 19.891341], [-16.449389, 19.891339], [-16.449385, 19.890797], [-16.449671, 19.890795], [-16.449681, 19.891879], [-16.449967, 19.891876], [-16.44997, 19.892147], [-16.450543, 19.892143], [-16.45054, 19.891872], [-16.450254, 19.891874], [-16.450249, 19.891332], [-16.450535, 19.89133], [-16.450533, 19.891059], [-16.450247, 19.891061], [-16.450244, 19.89079], [-16.449958, 19.890792], [-16.449955, 19.890521], [-16.449669, 19.890524], [-16.449661, 19.88971], [-16.449948, 19.889708], [-16.44995, 19.889979], [-16.450237, 19.889977], [-16.450234, 19.889706], [-16.450521, 19.889703], [-16.450518, 19.889432], [-16.450805, 19.88943], [-16.450802, 19.889159], [-16.451089, 19.889157], [-16.451086, 19.888886], [-16.4508, 19.888888], [-16.450795, 19.888346], [-16.450222, 19.888351], [-16.450219, 19.88808], [-16.449933, 19.888082], [-16.449935, 19.888353], [-16.449362, 19.888358], [-16.449365, 19.888629], [-16.449651, 19.888626], [-16.449654, 19.888897], [-16.448794, 19.888904], [-16.448804, 19.889988], [-16.448518, 19.889991], [-16.44852, 19.890262], [-16.447947, 19.890266], [-16.44795, 19.890538], [-16.447663, 19.89054], [-16.447661, 19.890269], [-16.447374, 19.890271], [-16.447377, 19.890542], [-16.446517, 19.890549], [-16.44652, 19.89082], [-16.446233, 19.890823], [-16.446231, 19.890551], [-16.445944, 19.890554], [-16.445946, 19.890825], [-16.44566, 19.890827], [-16.445672, 19.892182], [-16.445386, 19.892185], [-16.445383, 19.891914], [-16.445097, 19.891916], [-16.445085, 19.890561], [-16.444512, 19.890565], [-16.444509, 19.890294], [-16.444796, 19.890292], [-16.444793, 19.890021], [-16.444507, 19.890023], [-16.444504, 19.889752], [-16.444218, 19.889755], [-16.444215, 19.889484], [-16.443929, 19.889486], [-16.443926, 19.889215], [-16.44364, 19.889217], [-16.44363, 19.888133], [-16.443343, 19.888136], [-16.443346, 19.888407], [-16.442486, 19.888414], [-16.442484, 19.888143], [-16.442197, 19.888145], [-16.442195, 19.887874], [-16.441335, 19.887881], [-16.441338, 19.888152], [-16.441051, 19.888154], [-16.441049, 19.887883], [-16.440762, 19.887885], [-16.440765, 19.888156], [-16.440478, 19.888159], [-16.440481, 19.88843], [-16.440194, 19.888432], [-16.440207, 19.889787], [-16.44078, 19.889783], [-16.440777, 19.889512], [-16.441064, 19.889509], [-16.441066, 19.88978], [-16.441353, 19.889778], [-16.441355, 19.890049], [-16.441069, 19.890051], [-16.441071, 19.890322], [-16.440785, 19.890325], [-16.440789, 19.890867], [-16.441076, 19.890864], [-16.441086, 19.891948], [-16.441372, 19.891946], [-16.44138, 19.892759], [-16.441666, 19.892757], [-16.441676, 19.893841], [-16.441962, 19.893839], [-16.44196, 19.893568], [-16.442246, 19.893565], [-16.442249, 19.893836], [-16.442535, 19.893834], [-16.442538, 19.894105], [-16.442824, 19.894103], [-16.442837, 19.895458], [-16.443123, 19.895455], [-16.443126, 19.895726], [-16.443412, 19.895724], [-16.443417, 19.896266], [-16.442844, 19.896271], [-16.442842, 19.896], [-16.442555, 19.896002], [-16.442553, 19.895731], [-16.44198, 19.895736], [-16.441982, 19.896007], [-16.442269, 19.896004], [-16.442271, 19.896275], [-16.441985, 19.896278], [-16.441987, 19.896549], [-16.442273, 19.896546], [-16.442278, 19.897088], [-16.442851, 19.897084], [-16.442854, 19.897355], [-16.44314, 19.897353], [-16.443143, 19.897624], [-16.443429, 19.897621], [-16.443432, 19.897892], [-16.444005, 19.897888], [-16.444012, 19.898701], [-16.444299, 19.898698], [-16.444304, 19.89924], [-16.443731, 19.899245], [-16.443736, 19.899787], [-16.444309, 19.899782]], [[-16.442523, 19.892479], [-16.44195, 19.892483], [-16.441928, 19.890044], [-16.442215, 19.890042], [-16.442217, 19.890313], [-16.442504, 19.890311], [-16.442506, 19.890582], [-16.442219, 19.890584], [-16.442227, 19.891397], [-16.442513, 19.891395], [-16.442516, 19.891666], [-16.442802, 19.891663], [-16.442807, 19.892205], [-16.442521, 19.892208], [-16.442523, 19.892479]], [[-16.444237, 19.891923], [-16.443664, 19.891928], [-16.443662, 19.891656], [-16.444235, 19.891652], [-16.444237, 19.891923]], [[-16.444519, 19.891378], [-16.444232, 19.891381], [-16.44423, 19.89111], [-16.444516, 19.891107], [-16.444519, 19.891378]], [[-16.44221, 19.8895], [-16.441923, 19.889502], [-16.441921, 19.889231], [-16.442207, 19.889229], [-16.44221, 19.8895]], [[-16.442494, 19.889227], [-16.442207, 19.889229], [-16.442202, 19.888687], [-16.442489, 19.888685], [-16.442494, 19.889227]]]}, "properties": {"layer": "meadow", "year": 2023, "sat": "S2B", "date": "2023-06-11", "area_ha": 61.47}}, {"type": "Feature", "geometry": {"type": "Polygon", "coordinates": [[[-16.381179, 19.889442], [-16.381174, 19.8889], [-16.380888, 19.888902], [-16.380883, 19.88836], [-16.380597, 19.888362], [-16.380601, 19.888904], [-16.380315, 19.888907], [-16.380317, 19.889178], [-16.380604, 19.889175], [-16.380606, 19.889446], [-16.381179, 19.889442]]]}, "properties": {"layer": "meadow", "year": 2023, "sat": "S2B", "date": "2023-06-11", "area_ha": 0.63}}, {"type": "Feature", "geometry": {"type": "Polygon", "coordinates": [[[-16.386358, 19.891841], [-16.386353, 19.891299], [-16.386639, 19.891297], [-16.386637, 19.891026], [-16.38635, 19.891028], [-16.386348, 19.890757], [-16.386635, 19.890755], [-16.386632, 19.890484], [-16.386919, 19.890481], [-16.386914, 19.889939], [-16.387201, 19.889937], [-16.387194, 19.889124], [-16.386907, 19.889126], [-16.386905, 19.888855], [-16.386618, 19.888858], [-16.386613, 19.888315], [-16.385181, 19.888327], [-16.385183, 19.888598], [-16.384897, 19.8886], [-16.384901, 19.889142], [-16.384615, 19.889144], [-16.38462, 19.889686], [-16.384906, 19.889684], [-16.384909, 19.889955], [-16.385195, 19.889953], [-16.385197, 19.890224], [-16.385484, 19.890222], [-16.385493, 19.891306], [-16.38578, 19.891303], [-16.385785, 19.891845], [-16.386358, 19.891841]], [[-16.385482, 19.889951], [-16.385195, 19.889953], [-16.385193, 19.889682], [-16.385479, 19.88968], [-16.385482, 19.889951]], [[-16.38662, 19.889129], [-16.385761, 19.889135], [-16.385756, 19.888593], [-16.386043, 19.888591], [-16.386045, 19.888862], [-16.386618, 19.888858], [-16.38662, 19.889129]]]}, "properties": {"layer": "meadow", "year": 2023, "sat": "S2B", "date": "2023-06-11", "area_ha": 5.85}}, {"type": "Feature", "geometry": {"type": "Polygon", "coordinates": [[[-16.379756, 19.890537], [-16.379749, 19.889724], [-16.379462, 19.889726], [-16.379455, 19.888913], [-16.379169, 19.888915], [-16.379167, 19.888644], [-16.378594, 19.888649], [-16.378591, 19.888378], [-16.378305, 19.88838], [-16.378302, 19.888109], [-16.377443, 19.888116], [-16.377445, 19.888387], [-16.377732, 19.888384], [-16.377734, 19.888655], [-16.378021, 19.888653], [-16.378023, 19.888924], [-16.378309, 19.888922], [-16.378314, 19.889464], [-16.378601, 19.889462], [-16.378603, 19.889733], [-16.378889, 19.889731], [-16.378892, 19.890002], [-16.379465, 19.889997], [-16.37947, 19.890539], [-16.379756, 19.890537]], [[-16.379174, 19.889457], [-16.378887, 19.88946], [-16.378885, 19.889189], [-16.379171, 19.889186], [-16.379174, 19.889457]]]}, "properties": {"layer": "meadow", "year": 2023, "sat": "S2B", "date": "2023-06-11", "area_ha": 2.25}}, {"type": "Feature", "geometry": {"type": "Polygon", "coordinates": [[[-16.315015, 19.892382], [-16.315012, 19.892111], [-16.315299, 19.892109], [-16.315292, 19.891296], [-16.315579, 19.891294], [-16.315577, 19.891023], [-16.31529, 19.891025], [-16.315283, 19.890212], [-16.31557, 19.89021], [-16.315568, 19.889939], [-16.315281, 19.889941], [-16.315272, 19.888857], [-16.314986, 19.888859], [-16.314983, 19.888588], [-16.314697, 19.88859], [-16.314701, 19.889132], [-16.314415, 19.889134], [-16.314419, 19.889676], [-16.314133, 19.889678], [-16.314135, 19.889949], [-16.313848, 19.889952], [-16.313851, 19.890223], [-16.313564, 19.890225], [-16.313566, 19.890496], [-16.31328, 19.890498], [-16.313284, 19.89104], [-16.312998, 19.891042], [-16.313, 19.891313], [-16.312427, 19.891317], [-16.312425, 19.891046], [-16.312138, 19.891048], [-16.312143, 19.89159], [-16.313575, 19.89158], [-16.313578, 19.891851], [-16.314151, 19.891847], [-16.314148, 19.891576], [-16.314721, 19.891571], [-16.314726, 19.892114], [-16.314439, 19.892116], [-16.314442, 19.892387], [-16.315015, 19.892382]], [[-16.314712, 19.890487], [-16.314426, 19.890489], [-16.314424, 19.890218], [-16.31471, 19.890216], [-16.314712, 19.890487]]]}, "properties": {"layer": "meadow", "year": 2023, "sat": "S2B", "date": "2023-06-11", "area_ha": 6.03}}, {"type": "Feature", "geometry": {"type": "Polygon", "coordinates": [[[-16.452237, 19.889418], [-16.452235, 19.889147], [-16.452521, 19.889145], [-16.452519, 19.888874], [-16.452805, 19.888872], [-16.452803, 19.888601], [-16.453089, 19.888598], [-16.453087, 19.888327], [-16.453373, 19.888325], [-16.453371, 19.888054], [-16.453657, 19.888052], [-16.453652, 19.88751], [-16.453366, 19.887512], [-16.453363, 19.887241], [-16.45279, 19.887246], [-16.452788, 19.886975], [-16.452501, 19.886977], [-16.452504, 19.887248], [-16.452217, 19.88725], [-16.452222, 19.887792], [-16.452509, 19.88779], [-16.452511, 19.888061], [-16.452225, 19.888063], [-16.452227, 19.888334], [-16.452514, 19.888332], [-16.452516, 19.888603], [-16.45223, 19.888605], [-16.452232, 19.888876], [-16.451659, 19.888881], [-16.451662, 19.889152], [-16.451948, 19.88915], [-16.451951, 19.889421], [-16.452237, 19.889418]]]}, "properties": {"layer": "meadow", "year": 2023, "sat": "S2B", "date": "2023-06-11", "area_ha": 2.34}}, {"type": "Feature", "geometry": {"type": "Polygon", "coordinates": [[[-16.274291, 19.888071], [-16.274289, 19.8878], [-16.274576, 19.887798], [-16.274573, 19.887527], [-16.275146, 19.887523], [-16.275144, 19.887252], [-16.272566, 19.88727], [-16.272568, 19.887541], [-16.272854, 19.887539], [-16.272856, 19.88781], [-16.273716, 19.887804], [-16.273718, 19.888075], [-16.274291, 19.888071]]]}, "properties": {"layer": "meadow", "year": 2023, "sat": "S2B", "date": "2023-06-11", "area_ha": 1.53}}, {"type": "Feature", "geometry": {"type": "Polygon", "coordinates": [[[-16.400695, 19.893084], [-16.400683, 19.891729], [-16.401256, 19.891724], [-16.401254, 19.891453], [-16.401827, 19.891449], [-16.401824, 19.891178], [-16.402111, 19.891176], [-16.402109, 19.890905], [-16.401822, 19.890907], [-16.40182, 19.890636], [-16.402106, 19.890633], [-16.402104, 19.890362], [-16.40239, 19.89036], [-16.402386, 19.889818], [-16.402672, 19.889816], [-16.40267, 19.889545], [-16.402956, 19.889543], [-16.402954, 19.889272], [-16.40324, 19.889269], [-16.403236, 19.888727], [-16.403522, 19.888725], [-16.40352, 19.888454], [-16.403806, 19.888452], [-16.403801, 19.88791], [-16.403515, 19.887912], [-16.403512, 19.887641], [-16.403799, 19.887639], [-16.403792, 19.886826], [-16.403219, 19.88683], [-16.403214, 19.886288], [-16.403501, 19.886286], [-16.403498, 19.886015], [-16.402925, 19.886019], [-16.402928, 19.88629], [-16.402641, 19.886293], [-16.402639, 19.886022], [-16.402352, 19.886024], [-16.402355, 19.886295], [-16.402068, 19.886297], [-16.402066, 19.886026], [-16.401779, 19.886028], [-16.401782, 19.886299], [-16.401209, 19.886304], [-16.401206, 19.886033], [-16.400347, 19.88604], [-16.400349, 19.886311], [-16.399203, 19.88632], [-16.39921, 19.887133], [-16.398637, 19.887137], [-16.398649, 19.888492], [-16.398363, 19.888495], [-16.398365, 19.888766], [-16.398651, 19.888763], [-16.398654, 19.889034], [-16.399227, 19.88903], [-16.399234, 19.889843], [-16.39952, 19.889841], [-16.399523, 19.890112], [-16.399809, 19.890109], [-16.399812, 19.890381], [-16.400098, 19.890378], [-16.400108, 19.891462], [-16.399821, 19.891465], [-16.399824, 19.891736], [-16.40011, 19.891733], [-16.400113, 19.892004], [-16.399253, 19.892011], [-16.399258, 19.892553], [-16.398971, 19.892555], [-16.398974, 19.892826], [-16.399547, 19.892822], [-16.399549, 19.893093], [-16.399836, 19.893091], [-16.399833, 19.89282], [-16.40012, 19.892817], [-16.400122, 19.893088], [-16.400695, 19.893084]]]}, "properties": {"layer": "meadow", "year": 2023, "sat": "S2B", "date": "2023-06-11", "area_ha": 25.56}}, {"type": "Feature", "geometry": {"type": "Polygon", "coordinates": [[[-16.439036, 19.887086], [-16.439031, 19.886544], [-16.438745, 19.886547], [-16.43874, 19.886005], [-16.438453, 19.886007], [-16.438451, 19.885736], [-16.438737, 19.885734], [-16.438735, 19.885463], [-16.438162, 19.885467], [-16.438167, 19.886009], [-16.43788, 19.886011], [-16.437883, 19.886283], [-16.438169, 19.88628], [-16.438174, 19.886822], [-16.438747, 19.886818], [-16.43875, 19.887089], [-16.439036, 19.887086]]]}, "properties": {"layer": "meadow", "year": 2023, "sat": "S2B", "date": "2023-06-11", "area_ha": 1.08}}, {"type": "Feature", "geometry": {"type": "Polygon", "coordinates": [[[-16.437878, 19.88574], [-16.437875, 19.885469], [-16.438162, 19.885467], [-16.438157, 19.884925], [-16.437298, 19.884932], [-16.4373, 19.885203], [-16.437587, 19.885201], [-16.437589, 19.885472], [-16.437302, 19.885474], [-16.437305, 19.885745], [-16.437878, 19.88574]]]}, "properties": {"layer": "meadow", "year": 2023, "sat": "S2B", "date": "2023-06-11", "area_ha": 0.63}}, {"type": "Feature", "geometry": {"type": "Polygon", "coordinates": [[[-16.283792, 19.893695], [-16.28379, 19.893424], [-16.284363, 19.893419], [-16.284361, 19.893148], [-16.284647, 19.893146], [-16.284643, 19.892604], [-16.285216, 19.8926], [-16.285212, 19.892058], [-16.284925, 19.89206], [-16.284927, 19.892331], [-16.284354, 19.892335], [-16.284352, 19.892064], [-16.284639, 19.892062], [-16.284637, 19.891791], [-16.28521, 19.891787], [-16.285207, 19.891516], [-16.285494, 19.891514], [-16.285496, 19.891785], [-16.285783, 19.891783], [-16.285778, 19.891241], [-16.285492, 19.891243], [-16.28549, 19.890972], [-16.284916, 19.890976], [-16.284914, 19.890705], [-16.285487, 19.890701], [-16.285481, 19.889888], [-16.285767, 19.889886], [-16.285763, 19.889344], [-16.286049, 19.889341], [-16.286047, 19.88907], [-16.28662, 19.889066], [-16.286622, 19.889337], [-16.286909, 19.889335], [-16.286907, 19.889064], [-16.287193, 19.889062], [-16.287189, 19.88852], [-16.287475, 19.888518], [-16.287467, 19.887434], [-16.28718, 19.887436], [-16.287182, 19.887707], [-16.286896, 19.887709], [-16.286891, 19.887167], [-16.287178, 19.887165], [-16.287176, 19.886894], [-16.287749, 19.88689], [-16.287744, 19.886348], [-16.288317, 19.886344], [-16.288313, 19.885801], [-16.288027, 19.885804], [-16.288024, 19.885532], [-16.287738, 19.885535], [-16.28774, 19.885806], [-16.287454, 19.885808], [-16.287456, 19.886079], [-16.286883, 19.886083], [-16.286885, 19.886354], [-16.286312, 19.886358], [-16.286314, 19.886629], [-16.285455, 19.886635], [-16.285457, 19.886906], [-16.28517, 19.886908], [-16.285172, 19.887179], [-16.284886, 19.887181], [-16.284888, 19.887453], [-16.284602, 19.887455], [-16.284599, 19.887184], [-16.284313, 19.887186], [-16.284315, 19.887457], [-16.284029, 19.887459], [-16.284037, 19.888543], [-16.284324, 19.888541], [-16.284326, 19.888812], [-16.284039, 19.888814], [-16.284044, 19.889356], [-16.283757, 19.889358], [-16.283762, 19.8899], [-16.284048, 19.889898], [-16.28405, 19.890169], [-16.283477, 19.890173], [-16.28348, 19.890444], [-16.283193, 19.890446], [-16.283195, 19.890717], [-16.282909, 19.890719], [-16.282906, 19.890448], [-16.28176, 19.890457], [-16.281758, 19.890186], [-16.280612, 19.890194], [-16.280619, 19.891007], [-16.280905, 19.891005], [-16.28091, 19.891547], [-16.282056, 19.891539], [-16.28206, 19.892081], [-16.282347, 19.892079], [-16.282349, 19.89235], [-16.282635, 19.892348], [-16.28264, 19.89289], [-16.282067, 19.892894], [-16.282069, 19.893165], [-16.282355, 19.893163], [-16.282357, 19.893434], [-16.282644, 19.893432], [-16.282646, 19.893703], [-16.283792, 19.893695]]]}, "properties": {"layer": "meadow", "year": 2023, "sat": "S2B", "date": "2023-06-11", "area_ha": 24.48}}, {"type": "Feature", "geometry": {"type": "Polygon", "coordinates": [[[-16.275991, 19.885619], [-16.275982, 19.884535], [-16.275696, 19.884537], [-16.275685, 19.883182], [-16.275398, 19.883184], [-16.2754, 19.883455], [-16.274254, 19.883463], [-16.274252, 19.883192], [-16.273679, 19.883196], [-16.27369, 19.884551], [-16.273977, 19.884549], [-16.273979, 19.88482], [-16.274552, 19.884816], [-16.274554, 19.885087], [-16.275127, 19.885083], [-16.275129, 19.885354], [-16.275416, 19.885352], [-16.275418, 19.885623], [-16.275991, 19.885619]], [[-16.275411, 19.88481], [-16.275125, 19.884812], [-16.275123, 19.884541], [-16.275409, 19.884539], [-16.275411, 19.88481]], [[-16.274836, 19.884543], [-16.274263, 19.884547], [-16.274261, 19.884276], [-16.274547, 19.884274], [-16.274545, 19.884003], [-16.274832, 19.884001], [-16.274836, 19.884543]], [[-16.275405, 19.883997], [-16.274832, 19.884001], [-16.27483, 19.88373], [-16.275403, 19.883726], [-16.275405, 19.883997]]]}, "properties": {"layer": "meadow", "year": 2023, "sat": "S2B", "date": "2023-06-11", "area_ha": 3.78}}, {"type": "Feature", "geometry": {"type": "Polygon", "coordinates": [[[-16.263087, 19.884356], [-16.263083, 19.883814], [-16.263369, 19.883812], [-16.263367, 19.883541], [-16.26308, 19.883543], [-16.263074, 19.88273], [-16.262501, 19.882734], [-16.262505, 19.883276], [-16.262792, 19.883274], [-16.262798, 19.884087], [-16.262512, 19.884089], [-16.262514, 19.88436], [-16.263087, 19.884356]]]}, "properties": {"layer": "meadow", "year": 2023, "sat": "S2B", "date": "2023-06-11", "area_ha": 0.9}}, {"type": "Feature", "geometry": {"type": "Polygon", "coordinates": [[[-16.311783, 19.882649], [-16.311778, 19.882106], [-16.311492, 19.882109], [-16.311489, 19.881838], [-16.311203, 19.88184], [-16.311201, 19.881569], [-16.310628, 19.881573], [-16.31063, 19.881844], [-16.310916, 19.881842], [-16.310919, 19.882113], [-16.311205, 19.882111], [-16.311207, 19.882382], [-16.311494, 19.88238], [-16.311496, 19.882651], [-16.311783, 19.882649]]]}, "properties": {"layer": "meadow", "year": 2023, "sat": "S2B", "date": "2023-06-11", "area_ha": 0.63}}, {"type": "Feature", "geometry": {"type": "Polygon", "coordinates": [[[-16.283733, 19.886377], [-16.283729, 19.885835], [-16.284015, 19.885832], [-16.284013, 19.885561], [-16.284873, 19.885555], [-16.284871, 19.885284], [-16.28573, 19.885278], [-16.285726, 19.884736], [-16.286299, 19.884732], [-16.286301, 19.885003], [-16.28716, 19.884997], [-16.287156, 19.884455], [-16.288589, 19.884444], [-16.288586, 19.884173], [-16.289446, 19.884167], [-16.289444, 19.883896], [-16.289157, 19.883898], [-16.289151, 19.883085], [-16.289437, 19.883083], [-16.289442, 19.883625], [-16.289728, 19.883623], [-16.289724, 19.883081], [-16.29001, 19.883079], [-16.290006, 19.882537], [-16.290292, 19.882534], [-16.29029, 19.882263], [-16.290004, 19.882266], [-16.290001, 19.881995], [-16.289715, 19.881997], [-16.289713, 19.881726], [-16.28914, 19.88173], [-16.289142, 19.882001], [-16.288855, 19.882003], [-16.28886, 19.882545], [-16.288573, 19.882547], [-16.288576, 19.882818], [-16.288289, 19.88282], [-16.288291, 19.883091], [-16.287718, 19.883095], [-16.28772, 19.883366], [-16.286861, 19.883372], [-16.286854, 19.882559], [-16.286281, 19.882564], [-16.286283, 19.882835], [-16.28571, 19.882839], [-16.285717, 19.883652], [-16.285144, 19.883656], [-16.285146, 19.883927], [-16.284573, 19.883931], [-16.284571, 19.88366], [-16.281992, 19.883679], [-16.281997, 19.884221], [-16.282283, 19.884219], [-16.282288, 19.884761], [-16.282001, 19.884763], [-16.281999, 19.884492], [-16.281712, 19.884494], [-16.281715, 19.884765], [-16.281142, 19.884769], [-16.281144, 19.88504], [-16.280857, 19.885042], [-16.280855, 19.884771], [-16.279422, 19.884781], [-16.279425, 19.885052], [-16.279138, 19.885054], [-16.279136, 19.884783], [-16.278849, 19.884785], [-16.278854, 19.885328], [-16.27914, 19.885325], [-16.279142, 19.885597], [-16.279716, 19.885592], [-16.279713, 19.885321], [-16.28, 19.885319], [-16.280002, 19.88559], [-16.280289, 19.885588], [-16.280286, 19.885317], [-16.280573, 19.885315], [-16.280575, 19.885586], [-16.281148, 19.885582], [-16.281152, 19.886124], [-16.281439, 19.886122], [-16.281437, 19.885851], [-16.282296, 19.885845], [-16.282299, 19.886116], [-16.282872, 19.886112], [-16.282869, 19.885841], [-16.283442, 19.885837], [-16.283447, 19.886379], [-16.283733, 19.886377]], [[-16.283725, 19.885292], [-16.283151, 19.885297], [-16.283149, 19.885026], [-16.283722, 19.885021], [-16.283725, 19.885292]]]}, "properties": {"layer": "meadow", "year": 2023, "sat": "S2B", "date": "2023-06-11", "area_ha": 19.8}}, {"type": "Feature", "geometry": {"type": "Polygon", "coordinates": [[[-16.26911, 19.885126], [-16.269106, 19.884584], [-16.269392, 19.884582], [-16.269388, 19.88404], [-16.269675, 19.884038], [-16.26967, 19.883496], [-16.269957, 19.883494], [-16.269952, 19.882952], [-16.270239, 19.88295], [-16.270237, 19.882679], [-16.270523, 19.882677], [-16.270521, 19.882406], [-16.270235, 19.882408], [-16.27023, 19.881866], [-16.269944, 19.881868], [-16.269948, 19.88241], [-16.269375, 19.882414], [-16.269386, 19.883769], [-16.269099, 19.883771], [-16.269102, 19.884042], [-16.268242, 19.884048], [-16.268244, 19.884319], [-16.267958, 19.884321], [-16.26796, 19.884592], [-16.268819, 19.884586], [-16.268824, 19.885128], [-16.26911, 19.885126]]]}, "properties": {"layer": "meadow", "year": 2023, "sat": "S2B", "date": "2023-06-11", "area_ha": 2.43}}, {"type": "Feature", "geometry": {"type": "Polygon", "coordinates": [[[-16.497752, 19.884976], [-16.497747, 19.884434], [-16.49832, 19.884429], [-16.498317, 19.884158], [-16.49889, 19.884153], [-16.498893, 19.884424], [-16.499179, 19.884422], [-16.499177, 19.884151], [-16.499463, 19.884148], [-16.499466, 19.884419], [-16.499752, 19.884417], [-16.49975, 19.884146], [-16.500036, 19.884143], [-16.500039, 19.884414], [-16.500612, 19.88441], [-16.500604, 19.883597], [-16.501464, 19.883589], [-16.501461, 19.883318], [-16.501748, 19.883316], [-16.501745, 19.883045], [-16.502604, 19.883038], [-16.502602, 19.882767], [-16.502315, 19.882769], [-16.502313, 19.882498], [-16.50174, 19.882503], [-16.501732, 19.88169], [-16.502592, 19.881683], [-16.502594, 19.881954], [-16.502881, 19.881951], [-16.502886, 19.882493], [-16.503172, 19.882491], [-16.503175, 19.882762], [-16.503461, 19.882759], [-16.503454, 19.881946], [-16.50374, 19.881944], [-16.503738, 19.881673], [-16.503165, 19.881678], [-16.503162, 19.881407], [-16.502876, 19.881409], [-16.502868, 19.880596], [-16.502295, 19.880601], [-16.50229, 19.880059], [-16.502003, 19.880061], [-16.501996, 19.879248], [-16.502282, 19.879246], [-16.502277, 19.878704], [-16.502564, 19.878702], [-16.502561, 19.87843], [-16.501988, 19.878435], [-16.501985, 19.878164], [-16.501413, 19.878169], [-16.50141, 19.877898], [-16.501123, 19.877901], [-16.501129, 19.878443], [-16.500269, 19.87845], [-16.500267, 19.878179], [-16.500553, 19.878176], [-16.500551, 19.877905], [-16.499978, 19.87791], [-16.499975, 19.877639], [-16.499116, 19.877646], [-16.499118, 19.877917], [-16.497972, 19.877927], [-16.49797, 19.877656], [-16.497683, 19.877658], [-16.497693, 19.878743], [-16.49798, 19.87874], [-16.497982, 19.879011], [-16.497696, 19.879014], [-16.497701, 19.879556], [-16.497988, 19.879553], [-16.497993, 19.880095], [-16.498279, 19.880093], [-16.498284, 19.880635], [-16.498857, 19.88063], [-16.49886, 19.880901], [-16.498287, 19.880906], [-16.498289, 19.881177], [-16.498003, 19.881179], [-16.497998, 19.880637], [-16.497711, 19.88064], [-16.497709, 19.880369], [-16.497422, 19.880371], [-16.497425, 19.880642], [-16.497138, 19.880644], [-16.497141, 19.880915], [-16.497427, 19.880913], [-16.49743, 19.881184], [-16.497143, 19.881186], [-16.497146, 19.881457], [-16.496859, 19.88146], [-16.496872, 19.882815], [-16.497159, 19.882813], [-16.497161, 19.883084], [-16.497448, 19.883081], [-16.49745, 19.883352], [-16.497737, 19.88335], [-16.497739, 19.883621], [-16.497453, 19.883623], [-16.497455, 19.883894], [-16.497169, 19.883897], [-16.497171, 19.884168], [-16.496885, 19.88417], [-16.496887, 19.884441], [-16.496315, 19.884446], [-16.49632, 19.884988], [-16.496606, 19.884985], [-16.496604, 19.884714], [-16.497177, 19.88471], [-16.497179, 19.884981], [-16.497752, 19.884976]], [[-16.498599, 19.883613], [-16.498312, 19.883616], [-16.49831, 19.883345], [-16.498596, 19.883342], [-16.498599, 19.883613]], [[-16.500602, 19.883326], [-16.500029, 19.88333], [-16.500026, 19.883059], [-16.500599, 19.883055], [-16.500602, 19.883326]], [[-16.501172, 19.88305], [-16.500886, 19.883052], [-16.500883, 19.882781], [-16.501169, 19.882779], [-16.501172, 19.88305]], [[-16.500596, 19.882784], [-16.50031, 19.882786], [-16.500307, 19.882515], [-16.500594, 19.882513], [-16.500596, 19.882784]], [[-16.500852, 19.879529], [-16.500566, 19.879531], [-16.500563, 19.87926], [-16.50085, 19.879258], [-16.500852, 19.879529]], [[-16.498561, 19.879548], [-16.498274, 19.879551], [-16.498269, 19.879009], [-16.498555, 19.879006], [-16.498561, 19.879548]], [[-16.501993, 19.878977], [-16.501707, 19.87898], [-16.501704, 19.878709], [-16.501991, 19.878706], [-16.501993, 19.878977]], [[-16.500847, 19.878987], [-16.500561, 19.878989], [-16.500558, 19.878718], [-16.500845, 19.878716], [-16.500847, 19.878987]], [[-16.501704, 19.878709], [-16.501418, 19.878711], [-16.501415, 19.87844], [-16.501702, 19.878438], [-16.501704, 19.878709]], [[-16.499983, 19.878452], [-16.499696, 19.878455], [-16.499694, 19.878184], [-16.49998, 19.878181], [-16.499983, 19.878452]]]}, "properties": {"layer": "meadow", "year": 2023, "sat": "S2B", "date": "2023-06-11", "area_ha": 34.02}}, {"type": "Feature", "geometry": {"type": "Polygon", "coordinates": [[[-16.490565, 19.882326], [-16.490562, 19.882055], [-16.490848, 19.882052], [-16.490843, 19.88151], [-16.490557, 19.881513], [-16.490559, 19.881784], [-16.489986, 19.881789], [-16.489981, 19.881247], [-16.490268, 19.881244], [-16.490265, 19.880973], [-16.489979, 19.880976], [-16.489969, 19.879891], [-16.489682, 19.879894], [-16.489677, 19.879352], [-16.489964, 19.879349], [-16.489959, 19.878807], [-16.490245, 19.878805], [-16.490237, 19.877992], [-16.490524, 19.87799], [-16.490521, 19.877719], [-16.490808, 19.877716], [-16.4908, 19.876903], [-16.490514, 19.876906], [-16.490511, 19.876635], [-16.489938, 19.876639], [-16.489941, 19.87691], [-16.489654, 19.876913], [-16.489659, 19.877455], [-16.489373, 19.877457], [-16.489378, 19.877999], [-16.489092, 19.878002], [-16.489099, 19.878815], [-16.489386, 19.878812], [-16.489388, 19.879083], [-16.489102, 19.879086], [-16.489114, 19.880441], [-16.488828, 19.880443], [-16.48883, 19.880714], [-16.488544, 19.880716], [-16.488549, 19.881259], [-16.488263, 19.881261], [-16.488268, 19.881803], [-16.488841, 19.881798], [-16.488843, 19.882069], [-16.48913, 19.882067], [-16.489124, 19.881525], [-16.489411, 19.881522], [-16.489408, 19.881251], [-16.489695, 19.881249], [-16.489703, 19.882062], [-16.490275, 19.882057], [-16.490278, 19.882328], [-16.490565, 19.882326]]]}, "properties": {"layer": "meadow", "year": 2023, "sat": "S2B", "date": "2023-06-11", "area_ha": 6.93}}, {"type": "Feature", "geometry": {"type": "Polygon", "coordinates": [[[-16.261327, 19.879218], [-16.261321, 19.878405], [-16.260748, 19.878409], [-16.260754, 19.879222], [-16.261327, 19.879218]]]}, "properties": {"layer": "meadow", "year": 2023, "sat": "S2B", "date": "2023-06-11", "area_ha": 0.54}}, {"type": "Feature", "geometry": {"type": "Polygon", "coordinates": [[[-16.371619, 19.877319], [-16.371615, 19.876777], [-16.372188, 19.876772], [-16.372185, 19.876501], [-16.371326, 19.876508], [-16.371331, 19.87705], [-16.371044, 19.877052], [-16.371046, 19.877323], [-16.371619, 19.877319]]]}, "properties": {"layer": "meadow", "year": 2023, "sat": "S2B", "date": "2023-06-11", "area_ha": 0.54}}, {"type": "Feature", "geometry": {"type": "Polygon", "coordinates": [[[-16.393101, 19.87661], [-16.393099, 19.876339], [-16.393385, 19.876337], [-16.393383, 19.876066], [-16.393096, 19.876068], [-16.393092, 19.875526], [-16.393378, 19.875524], [-16.393376, 19.875253], [-16.392803, 19.875257], [-16.392805, 19.875528], [-16.392519, 19.87553], [-16.392526, 19.876343], [-16.392812, 19.876341], [-16.392815, 19.876612], [-16.393101, 19.87661]]]}, "properties": {"layer": "meadow", "year": 2023, "sat": "S2B", "date": "2023-06-11", "area_ha": 0.9}}, {"type": "Feature", "geometry": {"type": "Polygon", "coordinates": [[[-16.27679, 19.878024], [-16.276787, 19.877753], [-16.27736, 19.877749], [-16.277358, 19.877478], [-16.277072, 19.87748], [-16.27707, 19.877209], [-16.276497, 19.877213], [-16.276492, 19.876671], [-16.277352, 19.876665], [-16.277343, 19.875581], [-16.277057, 19.875583], [-16.277059, 19.875854], [-16.276772, 19.875856], [-16.276774, 19.876127], [-16.275915, 19.876133], [-16.275917, 19.876404], [-16.275058, 19.87641], [-16.27506, 19.876681], [-16.2742, 19.876687], [-16.274198, 19.876416], [-16.273625, 19.87642], [-16.273621, 19.875878], [-16.273334, 19.87588], [-16.273332, 19.875609], [-16.272759, 19.875613], [-16.272757, 19.875342], [-16.27247, 19.875344], [-16.272475, 19.875886], [-16.272761, 19.875884], [-16.272763, 19.876155], [-16.272477, 19.876157], [-16.272479, 19.876428], [-16.271906, 19.876433], [-16.271904, 19.876162], [-16.271617, 19.876164], [-16.271624, 19.876977], [-16.27191, 19.876975], [-16.271915, 19.877517], [-16.272201, 19.877515], [-16.272206, 19.878057], [-16.272779, 19.878053], [-16.272776, 19.877782], [-16.273349, 19.877778], [-16.273347, 19.877506], [-16.274207, 19.8775], [-16.274205, 19.877229], [-16.274778, 19.877225], [-16.274775, 19.876954], [-16.275062, 19.876952], [-16.275066, 19.877494], [-16.275926, 19.877488], [-16.275928, 19.877759], [-16.276501, 19.877755], [-16.276503, 19.878026], [-16.27679, 19.878024]], [[-16.272488, 19.877513], [-16.272201, 19.877515], [-16.272199, 19.877244], [-16.272486, 19.877242], [-16.272488, 19.877513]]]}, "properties": {"layer": "meadow", "year": 2023, "sat": "S2B", "date": "2023-06-11", "area_ha": 8.55}}, {"type": "Feature", "geometry": {"type": "Polygon", "coordinates": [[[-16.286517, 19.876328], [-16.286515, 19.876057], [-16.287088, 19.876052], [-16.287086, 19.875781], [-16.287373, 19.875779], [-16.287368, 19.875237], [-16.286795, 19.875241], [-16.286797, 19.875512], [-16.286511, 19.875515], [-16.286513, 19.875786], [-16.286227, 19.875788], [-16.286231, 19.87633], [-16.286517, 19.876328]]]}, "properties": {"layer": "meadow", "year": 2023, "sat": "S2B", "date": "2023-06-11", "area_ha": 0.81}}, {"type": "Feature", "geometry": {"type": "Polygon", "coordinates": [[[-16.280505, 19.876913], [-16.280503, 19.876642], [-16.28079, 19.87664], [-16.280788, 19.876369], [-16.281074, 19.876367], [-16.28107, 19.875825], [-16.280783, 19.875827], [-16.280774, 19.874743], [-16.280201, 19.874747], [-16.280204, 19.875018], [-16.279917, 19.87502], [-16.279919, 19.875291], [-16.279346, 19.875295], [-16.279348, 19.875566], [-16.279062, 19.875568], [-16.27906, 19.875297], [-16.278773, 19.875299], [-16.278771, 19.875028], [-16.278485, 19.87503], [-16.278498, 19.876656], [-16.277925, 19.876661], [-16.277927, 19.876932], [-16.279932, 19.876917], [-16.27993, 19.876646], [-16.280217, 19.876644], [-16.280219, 19.876915], [-16.280505, 19.876913]]]}, "properties": {"layer": "meadow", "year": 2023, "sat": "S2B", "date": "2023-06-11", "area_ha": 4.95}}, {"type": "Feature", "geometry": {"type": "Polygon", "coordinates": [[[-16.49622, 19.874418], [-16.496215, 19.873876], [-16.495929, 19.873879], [-16.495926, 19.873608], [-16.49564, 19.87361], [-16.495637, 19.873339], [-16.495924, 19.873337], [-16.495921, 19.873066], [-16.495348, 19.873071], [-16.495346, 19.8728], [-16.495059, 19.872802], [-16.495069, 19.873886], [-16.495356, 19.873884], [-16.495358, 19.874155], [-16.495931, 19.87415], [-16.495934, 19.874421], [-16.49622, 19.874418]]]}, "properties": {"layer": "meadow", "year": 2023, "sat": "S2B", "date": "2023-06-11", "area_ha": 1.17}}, {"type": "Feature", "geometry": {"type": "Polygon", "coordinates": [[[-16.369593, 19.874895], [-16.369588, 19.874353], [-16.369875, 19.874351], [-16.36987, 19.873809], [-16.369011, 19.873815], [-16.369015, 19.874357], [-16.369302, 19.874355], [-16.369304, 19.874626], [-16.369018, 19.874628], [-16.36902, 19.874899], [-16.369593, 19.874895]]]}, "properties": {"layer": "meadow", "year": 2023, "sat": "S2B", "date": "2023-06-11", "area_ha": 0.81}}, {"type": "Feature", "geometry": {"type": "Polygon", "coordinates": [[[-16.373886, 19.87432], [-16.373883, 19.874049], [-16.37417, 19.874047], [-16.374165, 19.873505], [-16.373879, 19.873507], [-16.373874, 19.872965], [-16.373301, 19.872969], [-16.373303, 19.87324], [-16.37359, 19.873238], [-16.373592, 19.873509], [-16.373306, 19.873511], [-16.373308, 19.873782], [-16.373594, 19.87378], [-16.373599, 19.874322], [-16.373886, 19.87432]]]}, "properties": {"layer": "meadow", "year": 2023, "sat": "S2B", "date": "2023-06-11", "area_ha": 0.81}}, {"type": "Feature", "geometry": {"type": "Polygon", "coordinates": [[[-16.300258, 19.874873], [-16.300254, 19.874331], [-16.30054, 19.874328], [-16.300536, 19.873786], [-16.300249, 19.873788], [-16.300252, 19.874059], [-16.299965, 19.874062], [-16.299963, 19.873791], [-16.299103, 19.873797], [-16.299101, 19.873526], [-16.298815, 19.873528], [-16.29881, 19.872986], [-16.298237, 19.87299], [-16.298242, 19.873532], [-16.298528, 19.87353], [-16.29853, 19.873801], [-16.298817, 19.873799], [-16.298819, 19.87407], [-16.299106, 19.874068], [-16.299108, 19.874339], [-16.299681, 19.874335], [-16.299683, 19.874606], [-16.299969, 19.874604], [-16.299972, 19.874875], [-16.300258, 19.874873]]]}, "properties": {"layer": "meadow", "year": 2023, "sat": "S2B", "date": "2023-06-11", "area_ha": 1.71}}, {"type": "Feature", "geometry": {"type": "Polygon", "coordinates": [[[-16.362706, 19.873593], [-16.362701, 19.873051], [-16.362415, 19.873053], [-16.362412, 19.872782], [-16.362126, 19.872784], [-16.362124, 19.872513], [-16.361551, 19.872517], [-16.361553, 19.872788], [-16.361839, 19.872786], [-16.361842, 19.873057], [-16.361555, 19.873059], [-16.361558, 19.87333], [-16.36213, 19.873326], [-16.362133, 19.873597], [-16.362706, 19.873593]]]}, "properties": {"layer": "meadow", "year": 2023, "sat": "S2B", "date": "2023-06-11", "area_ha": 0.9}}, {"type": "Feature", "geometry": {"type": "Polygon", "coordinates": [[[-16.410257, 19.87268], [-16.410254, 19.872409], [-16.411114, 19.872403], [-16.411111, 19.872132], [-16.409679, 19.872143], [-16.409684, 19.872685], [-16.410257, 19.87268]]]}, "properties": {"layer": "meadow", "year": 2023, "sat": "S2B", "date": "2023-06-11", "area_ha": 0.63}}, {"type": "Feature", "geometry": {"type": "Polygon", "coordinates": [[[-16.371589, 19.873795], [-16.371582, 19.872982], [-16.371869, 19.87298], [-16.371866, 19.872709], [-16.372153, 19.872707], [-16.37215, 19.872436], [-16.371577, 19.87244], [-16.37158, 19.872711], [-16.370147, 19.872722], [-16.37015, 19.872993], [-16.369863, 19.872996], [-16.36987, 19.873809], [-16.370157, 19.873807], [-16.370154, 19.873535], [-16.3713, 19.873527], [-16.371303, 19.873798], [-16.371589, 19.873795]]]}, "properties": {"layer": "meadow", "year": 2023, "sat": "S2B", "date": "2023-06-11", "area_ha": 1.98}}, {"type": "Feature", "geometry": {"type": "Polygon", "coordinates": [[[-16.395954, 19.875232], [-16.395947, 19.874419], [-16.39652, 19.874415], [-16.396518, 19.874144], [-16.396804, 19.874142], [-16.396802, 19.873871], [-16.397375, 19.873866], [-16.397372, 19.873595], [-16.397659, 19.873593], [-16.397656, 19.873322], [-16.397943, 19.87332], [-16.397941, 19.873049], [-16.397368, 19.873053], [-16.397363, 19.872511], [-16.397076, 19.872513], [-16.397072, 19.871971], [-16.396212, 19.871978], [-16.396215, 19.872249], [-16.395928, 19.872251], [-16.39593, 19.872522], [-16.395644, 19.872524], [-16.395658, 19.874151], [-16.395372, 19.874153], [-16.395374, 19.874424], [-16.395661, 19.874422], [-16.395668, 19.875235], [-16.395954, 19.875232]]]}, "properties": {"layer": "meadow", "year": 2023, "sat": "S2B", "date": "2023-06-11", "area_ha": 4.59}}, {"type": "Feature", "geometry": {"type": "Polygon", "coordinates": [[[-16.497369, 19.87468], [-16.497366, 19.874409], [-16.49708, 19.874411], [-16.497077, 19.87414], [-16.498223, 19.874131], [-16.498221, 19.87386], [-16.498507, 19.873857], [-16.498504, 19.873586], [-16.498791, 19.873584], [-16.498788, 19.873313], [-16.499361, 19.873308], [-16.499346, 19.871682], [-16.49906, 19.871684], [-16.499057, 19.871413], [-16.49963, 19.871408], [-16.499627, 19.871137], [-16.499054, 19.871142], [-16.499049, 19.8706], [-16.498476, 19.870605], [-16.498479, 19.870876], [-16.497906, 19.870881], [-16.497909, 19.871152], [-16.497622, 19.871154], [-16.497627, 19.871696], [-16.497914, 19.871694], [-16.497916, 19.871965], [-16.49763, 19.871967], [-16.497632, 19.872238], [-16.497346, 19.872241], [-16.497348, 19.872512], [-16.497062, 19.872514], [-16.497059, 19.872243], [-16.496773, 19.872245], [-16.496786, 19.873601], [-16.496499, 19.873603], [-16.496502, 19.873874], [-16.496788, 19.873872], [-16.496791, 19.874143], [-16.496504, 19.874145], [-16.496509, 19.874687], [-16.497369, 19.87468]], [[-16.498783, 19.872771], [-16.49821, 19.872775], [-16.498208, 19.872504], [-16.498781, 19.8725], [-16.498783, 19.872771]], [[-16.499062, 19.871955], [-16.498776, 19.871958], [-16.498773, 19.871687], [-16.49906, 19.871684], [-16.499062, 19.871955]]]}, "properties": {"layer": "meadow", "year": 2023, "sat": "S2B", "date": "2023-06-11", "area_ha": 7.65}}, {"type": "Feature", "geometry": {"type": "Polygon", "coordinates": [[[-16.275047, 19.875055], [-16.275045, 19.874784], [-16.275331, 19.874782], [-16.275329, 19.874511], [-16.275615, 19.874509], [-16.275613, 19.874238], [-16.275327, 19.87424], [-16.275322, 19.873698], [-16.276182, 19.873691], [-16.27618, 19.87342], [-16.275893, 19.873422], [-16.275891, 19.873151], [-16.275605, 19.873153], [-16.2756, 19.872611], [-16.275027, 19.872616], [-16.275032, 19.873158], [-16.274745, 19.87316], [-16.274743, 19.872889], [-16.274456, 19.872891], [-16.274454, 19.87262], [-16.274741, 19.872618], [-16.274739, 19.872347], [-16.274166, 19.872351], [-16.274176, 19.873706], [-16.274463, 19.873704], [-16.274467, 19.874246], [-16.273894, 19.87425], [-16.273896, 19.874521], [-16.274183, 19.874519], [-16.274187, 19.875061], [-16.275047, 19.875055]]]}, "properties": {"layer": "meadow", "year": 2023, "sat": "S2B", "date": "2023-06-11", "area_ha": 3.69}}, {"type": "Feature", "geometry": {"type": "Polygon", "coordinates": [[[-16.292794, 19.87303], [-16.292792, 19.872759], [-16.293651, 19.872752], [-16.293649, 19.872481], [-16.292503, 19.87249], [-16.292501, 19.872219], [-16.292787, 19.872216], [-16.292785, 19.871945], [-16.291926, 19.871952], [-16.291928, 19.872223], [-16.291068, 19.872229], [-16.291073, 19.872771], [-16.291359, 19.872769], [-16.291357, 19.872498], [-16.29193, 19.872494], [-16.291935, 19.873036], [-16.292794, 19.87303]]]}, "properties": {"layer": "meadow", "year": 2023, "sat": "S2B", "date": "2023-06-11", "area_ha": 1.62}}, {"type": "Feature", "geometry": {"type": "Polygon", "coordinates": [[[-16.299954, 19.872706], [-16.299952, 19.872435], [-16.300525, 19.872431], [-16.300516, 19.871347], [-16.29937, 19.871355], [-16.299366, 19.870813], [-16.299079, 19.870815], [-16.299081, 19.871086], [-16.298795, 19.871089], [-16.298797, 19.87136], [-16.298511, 19.871362], [-16.298513, 19.871633], [-16.29794, 19.871637], [-16.297944, 19.872179], [-16.298517, 19.872175], [-16.298522, 19.872717], [-16.298808, 19.872715], [-16.298806, 19.872444], [-16.299092, 19.872442], [-16.299095, 19.872713], [-16.299954, 19.872706]], [[-16.29995, 19.872164], [-16.299663, 19.872166], [-16.299659, 19.871624], [-16.299945, 19.871622], [-16.29995, 19.872164]]]}, "properties": {"layer": "meadow", "year": 2023, "sat": "S2B", "date": "2023-06-11", "area_ha": 3.33}}, {"type": "Feature", "geometry": {"type": "Polygon", "coordinates": [[[-16.29134, 19.87033], [-16.291337, 19.870059], [-16.29191, 19.870054], [-16.291908, 19.869783], [-16.290189, 19.869796], [-16.290191, 19.870067], [-16.291051, 19.870061], [-16.291053, 19.870332], [-16.29134, 19.87033]]]}, "properties": {"layer": "meadow", "year": 2023, "sat": "S2B", "date": "2023-06-11", "area_ha": 0.63}}, {"type": "Feature", "geometry": {"type": "Polygon", "coordinates": [[[-16.27272, 19.870735], [-16.272714, 19.869922], [-16.272427, 19.869924], [-16.272425, 19.869653], [-16.272138, 19.869655], [-16.272141, 19.869926], [-16.271854, 19.869928], [-16.271858, 19.87047], [-16.271286, 19.870474], [-16.271288, 19.870745], [-16.27272, 19.870735]]]}, "properties": {"layer": "meadow", "year": 2023, "sat": "S2B", "date": "2023-06-11", "area_ha": 1.08}}, {"type": "Feature", "geometry": {"type": "Polygon", "coordinates": [[[-16.292184, 19.868426], [-16.292181, 19.868155], [-16.292468, 19.868153], [-16.292464, 19.867611], [-16.291891, 19.867615], [-16.291888, 19.867344], [-16.292175, 19.867342], [-16.292173, 19.867071], [-16.291886, 19.867073], [-16.291884, 19.866802], [-16.290738, 19.86681], [-16.290742, 19.867352], [-16.291029, 19.86735], [-16.291033, 19.867892], [-16.291606, 19.867888], [-16.291609, 19.868159], [-16.291895, 19.868157], [-16.291897, 19.868428], [-16.292184, 19.868426]], [[-16.291602, 19.867346], [-16.291315, 19.867348], [-16.291313, 19.867077], [-16.2916, 19.867075], [-16.291602, 19.867346]]]}, "properties": {"layer": "meadow", "year": 2023, "sat": "S2B", "date": "2023-06-11", "area_ha": 1.8}}, {"type": "Feature", "geometry": {"type": "Polygon", "coordinates": [[[-16.351466, 19.865818], [-16.351464, 19.865547], [-16.35175, 19.865545], [-16.351748, 19.865274], [-16.351175, 19.865278], [-16.351173, 19.865007], [-16.3506, 19.865011], [-16.350602, 19.865282], [-16.350889, 19.86528], [-16.350893, 19.865822], [-16.351466, 19.865818]]]}, "properties": {"layer": "meadow", "year": 2023, "sat": "S2B", "date": "2023-06-11", "area_ha": 0.63}}, {"type": "Feature", "geometry": {"type": "Polygon", "coordinates": [[[-16.274964, 19.864755], [-16.274962, 19.864484], [-16.274676, 19.864486], [-16.274674, 19.864215], [-16.274387, 19.864217], [-16.274385, 19.863946], [-16.273812, 19.863951], [-16.273814, 19.864222], [-16.274101, 19.86422], [-16.274103, 19.864491], [-16.273816, 19.864493], [-16.273818, 19.864764], [-16.274964, 19.864755]]]}, "properties": {"layer": "meadow", "year": 2023, "sat": "S2B", "date": "2023-06-11", "area_ha": 0.72}}, {"type": "Feature", "geometry": {"type": "Polygon", "coordinates": [[[-16.289572, 19.864379], [-16.289564, 19.863295], [-16.289277, 19.863297], [-16.289282, 19.863839], [-16.288995, 19.863841], [-16.289, 19.864383], [-16.289572, 19.864379]]]}, "properties": {"layer": "meadow", "year": 2023, "sat": "S2B", "date": "2023-06-11", "area_ha": 0.54}}, {"type": "Feature", "geometry": {"type": "Polygon", "coordinates": [[[-16.345714, 19.863151], [-16.345712, 19.86288], [-16.345998, 19.862878], [-16.345996, 19.862607], [-16.345709, 19.862609], [-16.345707, 19.862338], [-16.345134, 19.862342], [-16.345132, 19.862071], [-16.344845, 19.862073], [-16.344848, 19.862344], [-16.344561, 19.862347], [-16.344566, 19.862889], [-16.344852, 19.862886], [-16.344855, 19.863157], [-16.345714, 19.863151]]]}, "properties": {"layer": "meadow", "year": 2023, "sat": "S2B", "date": "2023-06-11", "area_ha": 1.17}}, {"type": "Feature", "geometry": {"type": "Polygon", "coordinates": [[[-16.289275, 19.863026], [-16.289273, 19.862755], [-16.288986, 19.862757], [-16.288984, 19.862486], [-16.289271, 19.862484], [-16.289268, 19.862213], [-16.287836, 19.862223], [-16.287838, 19.862494], [-16.288125, 19.862492], [-16.288127, 19.862763], [-16.288413, 19.862761], [-16.288416, 19.863032], [-16.289275, 19.863026]]]}, "properties": {"layer": "meadow", "year": 2023, "sat": "S2B", "date": "2023-06-11", "area_ha": 0.99}}, {"type": "Feature", "geometry": {"type": "Polygon", "coordinates": [[[-16.286135, 19.864404], [-16.286133, 19.864133], [-16.286706, 19.864129], [-16.286703, 19.863858], [-16.28699, 19.863856], [-16.286988, 19.863585], [-16.28842, 19.863574], [-16.288422, 19.863845], [-16.288995, 19.863841], [-16.288993, 19.86357], [-16.288706, 19.863572], [-16.288704, 19.863301], [-16.288418, 19.863303], [-16.288416, 19.863032], [-16.288129, 19.863034], [-16.288127, 19.862763], [-16.287554, 19.862768], [-16.287552, 19.862497], [-16.286979, 19.862501], [-16.286977, 19.86223], [-16.287836, 19.862223], [-16.287834, 19.861952], [-16.287547, 19.861954], [-16.287539, 19.86087], [-16.286679, 19.860877], [-16.286681, 19.861148], [-16.286968, 19.861145], [-16.28697, 19.861417], [-16.286684, 19.861419], [-16.286688, 19.861961], [-16.286402, 19.861963], [-16.286406, 19.862505], [-16.285833, 19.862509], [-16.285835, 19.86278], [-16.285549, 19.862782], [-16.285551, 19.863053], [-16.284978, 19.863057], [-16.284976, 19.862786], [-16.284403, 19.86279], [-16.284405, 19.863061], [-16.284119, 19.863063], [-16.284116, 19.862792], [-16.28383, 19.862794], [-16.283828, 19.862523], [-16.283541, 19.862525], [-16.283543, 19.862796], [-16.282397, 19.862805], [-16.282402, 19.863347], [-16.282975, 19.863343], [-16.282977, 19.863614], [-16.28355, 19.86361], [-16.283554, 19.864152], [-16.284127, 19.864148], [-16.284129, 19.864419], [-16.286135, 19.864404]], [[-16.287845, 19.863308], [-16.287558, 19.86331], [-16.287556, 19.863039], [-16.287843, 19.863037], [-16.287845, 19.863308]]]}, "properties": {"layer": "meadow", "year": 2023, "sat": "S2B", "date": "2023-06-11", "area_ha": 10.26}}, {"type": "Feature", "geometry": {"type": "Polygon", "coordinates": [[[-16.506676, 19.859152], [-16.506666, 19.858068], [-16.50638, 19.858071], [-16.506382, 19.858342], [-16.506096, 19.858344], [-16.506101, 19.858886], [-16.506387, 19.858884], [-16.50639, 19.859155], [-16.506676, 19.859152]]]}, "properties": {"layer": "meadow", "year": 2023, "sat": "S2B", "date": "2023-06-11", "area_ha": 0.54}}, {"type": "Feature", "geometry": {"type": "Polygon", "coordinates": [[[-16.447965, 19.860723], [-16.447963, 19.860452], [-16.448249, 19.86045], [-16.448247, 19.860179], [-16.448533, 19.860177], [-16.448531, 19.859906], [-16.449104, 19.859901], [-16.449101, 19.85963], [-16.449388, 19.859628], [-16.44938, 19.858814], [-16.449094, 19.858817], [-16.449091, 19.858546], [-16.448518, 19.85855], [-16.448516, 19.858279], [-16.448802, 19.858277], [-16.4488, 19.858006], [-16.448227, 19.858011], [-16.448225, 19.85774], [-16.44536, 19.857763], [-16.445358, 19.857492], [-16.444498, 19.857499], [-16.444501, 19.85777], [-16.443642, 19.857777], [-16.443646, 19.858319], [-16.443074, 19.858324], [-16.443076, 19.858595], [-16.442503, 19.858599], [-16.442506, 19.85887], [-16.442792, 19.858868], [-16.442794, 19.859139], [-16.442508, 19.859141], [-16.442513, 19.859683], [-16.442799, 19.859681], [-16.442802, 19.859952], [-16.443375, 19.859947], [-16.443377, 19.860218], [-16.444236, 19.860211], [-16.444239, 19.860482], [-16.445671, 19.860471], [-16.445674, 19.860742], [-16.447965, 19.860723]], [[-16.447671, 19.859913], [-16.447385, 19.859915], [-16.447382, 19.859644], [-16.447669, 19.859642], [-16.447671, 19.859913]], [[-16.445953, 19.859926], [-16.445666, 19.859929], [-16.445661, 19.859387], [-16.445948, 19.859384], [-16.445953, 19.859926]], [[-16.447666, 19.859371], [-16.447094, 19.859375], [-16.447089, 19.858833], [-16.447375, 19.858831], [-16.447378, 19.859102], [-16.447664, 19.859099], [-16.447666, 19.859371]], [[-16.445661, 19.859387], [-16.445375, 19.859389], [-16.44537, 19.858847], [-16.445656, 19.858845], [-16.445661, 19.859387]], [[-16.444516, 19.859396], [-16.443656, 19.859403], [-16.443654, 19.859132], [-16.444513, 19.859125], [-16.444516, 19.859396]], [[-16.4448, 19.859123], [-16.444513, 19.859125], [-16.444511, 19.858854], [-16.444797, 19.858852], [-16.4448, 19.859123]]]}, "properties": {"layer": "meadow", "year": 2023, "sat": "S2B", "date": "2023-06-11", "area_ha": 18.0}}, {"type": "Feature", "geometry": {"type": "Polygon", "coordinates": [[[-16.269523, 19.865065], [-16.269521, 19.864794], [-16.269808, 19.864792], [-16.269803, 19.86425], [-16.27009, 19.864248], [-16.270088, 19.863977], [-16.269228, 19.863983], [-16.269226, 19.863712], [-16.270372, 19.863704], [-16.270374, 19.863975], [-16.270661, 19.863973], [-16.270654, 19.86316], [-16.271227, 19.863156], [-16.271229, 19.863427], [-16.271516, 19.863425], [-16.271514, 19.863154], [-16.272087, 19.86315], [-16.272082, 19.862608], [-16.272369, 19.862606], [-16.272367, 19.862335], [-16.272653, 19.862332], [-16.272651, 19.862061], [-16.272937, 19.862059], [-16.272933, 19.861517], [-16.27236, 19.861521], [-16.272362, 19.861792], [-16.271789, 19.861797], [-16.271791, 19.862068], [-16.271219, 19.862072], [-16.271216, 19.861801], [-16.27093, 19.861803], [-16.270928, 19.861532], [-16.270068, 19.861538], [-16.27007, 19.861809], [-16.270357, 19.861807], [-16.270359, 19.862078], [-16.269786, 19.862082], [-16.269784, 19.861811], [-16.269498, 19.861813], [-16.269491, 19.861], [-16.269778, 19.860998], [-16.269775, 19.860727], [-16.270062, 19.860725], [-16.27006, 19.860454], [-16.272065, 19.860439], [-16.272063, 19.860168], [-16.272349, 19.860166], [-16.272343, 19.859353], [-16.272056, 19.859355], [-16.272043, 19.857729], [-16.271757, 19.857731], [-16.271755, 19.85746], [-16.271468, 19.857462], [-16.27147, 19.857733], [-16.271184, 19.857735], [-16.271195, 19.85909], [-16.271481, 19.859088], [-16.271483, 19.859359], [-16.271197, 19.859361], [-16.271201, 19.859903], [-16.270915, 19.859905], [-16.270917, 19.860176], [-16.27063, 19.860178], [-16.270628, 19.859907], [-16.270055, 19.859912], [-16.270053, 19.859641], [-16.269767, 19.859643], [-16.269771, 19.860185], [-16.269485, 19.860187], [-16.269487, 19.860458], [-16.2692, 19.86046], [-16.269205, 19.861002], [-16.268918, 19.861004], [-16.26892, 19.861275], [-16.269207, 19.861273], [-16.269211, 19.861815], [-16.268925, 19.861817], [-16.268929, 19.862359], [-16.269788, 19.862353], [-16.26979, 19.862624], [-16.270077, 19.862622], [-16.270079, 19.862893], [-16.269506, 19.862897], [-16.269508, 19.863168], [-16.269222, 19.86317], [-16.269224, 19.863441], [-16.268651, 19.863445], [-16.268653, 19.863716], [-16.26808, 19.86372], [-16.268085, 19.864262], [-16.267512, 19.864267], [-16.267514, 19.864538], [-16.268373, 19.864531], [-16.268371, 19.86426], [-16.268658, 19.864258], [-16.26866, 19.864529], [-16.268946, 19.864527], [-16.268948, 19.864798], [-16.269235, 19.864796], [-16.269237, 19.865067], [-16.269523, 19.865065]]]}, "properties": {"layer": "meadow", "year": 2023, "sat": "S2B", "date": "2023-06-11", "area_ha": 12.78}}, {"type": "Feature", "geometry": {"type": "Polygon", "coordinates": [[[-16.281501, 19.858203], [-16.281497, 19.857661], [-16.28121, 19.857663], [-16.281208, 19.857392], [-16.280922, 19.857394], [-16.280919, 19.857123], [-16.280347, 19.857127], [-16.280351, 19.857669], [-16.280637, 19.857667], [-16.280639, 19.857938], [-16.281212, 19.857934], [-16.281215, 19.858205], [-16.281501, 19.858203]]]}, "properties": {"layer": "meadow", "year": 2023, "sat": "S2B", "date": "2023-06-11", "area_ha": 0.81}}, {"type": "Feature", "geometry": {"type": "Polygon", "coordinates": [[[-16.473703, 19.855905], [-16.4737, 19.855634], [-16.473987, 19.855631], [-16.473982, 19.855089], [-16.473695, 19.855092], [-16.473693, 19.854821], [-16.47312, 19.854825], [-16.473115, 19.854283], [-16.471969, 19.854293], [-16.471972, 19.854564], [-16.472545, 19.854559], [-16.47255, 19.855101], [-16.472836, 19.855099], [-16.472839, 19.85537], [-16.473125, 19.855367], [-16.473123, 19.855096], [-16.473409, 19.855094], [-16.473417, 19.855907], [-16.473703, 19.855905]]]}, "properties": {"layer": "meadow", "year": 2023, "sat": "S2B", "date": "2023-06-11", "area_ha": 1.44}}, {"type": "Feature", "geometry": {"type": "Polygon", "coordinates": [[[-16.463678, 19.855987], [-16.46367, 19.855174], [-16.463957, 19.855172], [-16.463954, 19.854901], [-16.463668, 19.854903], [-16.463665, 19.854632], [-16.463379, 19.854635], [-16.463376, 19.854364], [-16.462803, 19.854368], [-16.462811, 19.855181], [-16.463097, 19.855179], [-16.4631, 19.85545], [-16.463386, 19.855448], [-16.463391, 19.85599], [-16.463678, 19.855987]]]}, "properties": {"layer": "meadow", "year": 2023, "sat": "S2B", "date": "2023-06-11", "area_ha": 1.17}}, {"type": "Feature", "geometry": {"type": "Polygon", "coordinates": [[[-16.495201, 19.857352], [-16.495193, 19.856539], [-16.495766, 19.856534], [-16.495764, 19.856263], [-16.496336, 19.856258], [-16.496326, 19.855174], [-16.49604, 19.855177], [-16.496037, 19.854906], [-16.495751, 19.854908], [-16.495748, 19.854637], [-16.496035, 19.854635], [-16.49603, 19.854092], [-16.496316, 19.85409], [-16.496314, 19.853819], [-16.495454, 19.853826], [-16.495457, 19.854097], [-16.494884, 19.854102], [-16.494887, 19.854373], [-16.4946, 19.854376], [-16.49461, 19.85546], [-16.494324, 19.855462], [-16.494329, 19.856004], [-16.494042, 19.856006], [-16.494048, 19.856548], [-16.493761, 19.856551], [-16.493759, 19.85628], [-16.493186, 19.856285], [-16.493188, 19.856556], [-16.492902, 19.856558], [-16.492907, 19.8571], [-16.493766, 19.857093], [-16.493764, 19.856822], [-16.49405, 19.856819], [-16.494053, 19.85709], [-16.494912, 19.857083], [-16.494914, 19.857354], [-16.495201, 19.857352]], [[-16.495191, 19.856268], [-16.494904, 19.85627], [-16.494899, 19.855728], [-16.495186, 19.855726], [-16.495191, 19.856268]], [[-16.496042, 19.855448], [-16.495756, 19.85545], [-16.495753, 19.855179], [-16.49604, 19.855177], [-16.496042, 19.855448]]]}, "properties": {"layer": "meadow", "year": 2023, "sat": "S2B", "date": "2023-06-11", "area_ha": 6.3}}, {"type": "Feature", "geometry": {"type": "Polygon", "coordinates": [[[-16.46567, 19.854616], [-16.465663, 19.853803], [-16.465949, 19.8538], [-16.465947, 19.853529], [-16.46566, 19.853532], [-16.465658, 19.853261], [-16.465371, 19.853263], [-16.465374, 19.853534], [-16.465087, 19.853536], [-16.465092, 19.854078], [-16.465379, 19.854076], [-16.465384, 19.854618], [-16.46567, 19.854616]]]}, "properties": {"layer": "meadow", "year": 2023, "sat": "S2B", "date": "2023-06-11", "area_ha": 0.72}}, {"type": "Feature", "geometry": {"type": "Polygon", "coordinates": [[[-16.270027, 19.856388], [-16.270025, 19.856117], [-16.271171, 19.856109], [-16.271169, 19.855838], [-16.272028, 19.855832], [-16.272024, 19.85529], [-16.271737, 19.855292], [-16.271725, 19.853665], [-16.271438, 19.853667], [-16.271436, 19.853396], [-16.271149, 19.853398], [-16.271152, 19.85367], [-16.270865, 19.853672], [-16.270878, 19.855298], [-16.270305, 19.855302], [-16.270303, 19.855031], [-16.26973, 19.855035], [-16.269741, 19.85639], [-16.270027, 19.856388]]]}, "properties": {"layer": "meadow", "year": 2023, "sat": "S2B", "date": "2023-06-11", "area_ha": 3.87}}, {"type": "Feature", "geometry": {"type": "Polygon", "coordinates": [[[-16.464604, 19.863298], [-16.464599, 19.862756], [-16.46374, 19.862763], [-16.463735, 19.862221], [-16.463162, 19.862225], [-16.463152, 19.861141], [-16.462866, 19.861144], [-16.462856, 19.86006], [-16.462569, 19.860062], [-16.462567, 19.859791], [-16.46228, 19.859793], [-16.462273, 19.85898], [-16.461986, 19.858983], [-16.461984, 19.858712], [-16.461697, 19.858714], [-16.461695, 19.858443], [-16.461981, 19.858441], [-16.461979, 19.85817], [-16.461406, 19.858174], [-16.461403, 19.857903], [-16.460258, 19.857913], [-16.46026, 19.858184], [-16.459974, 19.858186], [-16.459969, 19.857644], [-16.459682, 19.857646], [-16.459687, 19.858188], [-16.458542, 19.858198], [-16.458539, 19.857927], [-16.458253, 19.857929], [-16.458248, 19.857387], [-16.457961, 19.857389], [-16.457959, 19.857118], [-16.458245, 19.857116], [-16.45824, 19.856574], [-16.457954, 19.856576], [-16.457949, 19.856034], [-16.458235, 19.856032], [-16.458233, 19.855761], [-16.459092, 19.855754], [-16.45909, 19.855483], [-16.459376, 19.85548], [-16.459374, 19.855209], [-16.45966, 19.855207], [-16.459658, 19.854936], [-16.459944, 19.854934], [-16.459939, 19.854392], [-16.460225, 19.854389], [-16.460223, 19.854118], [-16.460509, 19.854116], [-16.460507, 19.853845], [-16.460793, 19.853843], [-16.460788, 19.853301], [-16.461075, 19.853298], [-16.461072, 19.853027], [-16.461359, 19.853025], [-16.461356, 19.852754], [-16.461643, 19.852752], [-16.461638, 19.85221], [-16.462211, 19.852205], [-16.462208, 19.851934], [-16.461635, 19.851938], [-16.461628, 19.851125], [-16.461341, 19.851128], [-16.461344, 19.851399], [-16.461057, 19.851401], [-16.46106, 19.851672], [-16.460774, 19.851675], [-16.460776, 19.851946], [-16.46049, 19.851948], [-16.460492, 19.852219], [-16.460206, 19.852221], [-16.460213, 19.853034], [-16.45964, 19.853039], [-16.459645, 19.853581], [-16.459359, 19.853583], [-16.459361, 19.853854], [-16.458788, 19.853859], [-16.458791, 19.85413], [-16.458218, 19.854135], [-16.458223, 19.854677], [-16.458509, 19.854674], [-16.458507, 19.854403], [-16.458793, 19.854401], [-16.458796, 19.854672], [-16.459082, 19.85467], [-16.459085, 19.854941], [-16.458512, 19.854945], [-16.458514, 19.855217], [-16.457655, 19.855224], [-16.45766, 19.855766], [-16.457373, 19.855768], [-16.457378, 19.85631], [-16.457092, 19.856312], [-16.457104, 19.857667], [-16.457391, 19.857665], [-16.457393, 19.857936], [-16.45682, 19.857941], [-16.456818, 19.85767], [-16.456531, 19.857672], [-16.456536, 19.858214], [-16.457396, 19.858207], [-16.457401, 19.858749], [-16.457687, 19.858747], [-16.45769, 19.859018], [-16.457403, 19.85902], [-16.457406, 19.859291], [-16.457692, 19.859289], [-16.457695, 19.85956], [-16.457981, 19.859557], [-16.457986, 19.860099], [-16.458272, 19.860097], [-16.458275, 19.860368], [-16.457988, 19.860371], [-16.457991, 19.860642], [-16.457704, 19.860644], [-16.457707, 19.860915], [-16.457993, 19.860913], [-16.458003, 19.861997], [-16.45829, 19.861994], [-16.458292, 19.862265], [-16.458865, 19.862261], [-16.45887, 19.862803], [-16.459157, 19.8628], [-16.459154, 19.862529], [-16.459441, 19.862527], [-16.459443, 19.862798], [-16.459729, 19.862796], [-16.459734, 19.863338], [-16.460021, 19.863335], [-16.460016, 19.862793], [-16.460302, 19.862791], [-16.4603, 19.86252], [-16.460586, 19.862518], [-16.460589, 19.862789], [-16.461162, 19.862784], [-16.461154, 19.861971], [-16.460868, 19.861973], [-16.460858, 19.860889], [-16.461144, 19.860887], [-16.461149, 19.861429], [-16.461436, 19.861426], [-16.461433, 19.861155], [-16.462006, 19.861151], [-16.462009, 19.861422], [-16.462295, 19.861419], [-16.462298, 19.86169], [-16.46287, 19.861686], [-16.462878, 19.862499], [-16.462305, 19.862503], [-16.462308, 19.862774], [-16.463167, 19.862767], [-16.463172, 19.863309], [-16.463745, 19.863305], [-16.463742, 19.863034], [-16.464315, 19.863029], [-16.464318, 19.8633], [-16.464604, 19.863298]], [[-16.460873, 19.862515], [-16.460586, 19.862518], [-16.460584, 19.862247], [-16.46087, 19.862244], [-16.460873, 19.862515]], [[-16.458267, 19.859555], [-16.457981, 19.859557], [-16.457979, 19.859286], [-16.458265, 19.859284], [-16.458267, 19.859555]]]}, "properties": {"layer": "meadow", "year": 2023, "sat": "S2B", "date": "2023-06-11", "area_ha": 33.57}}, {"type": "Feature", "geometry": {"type": "Polygon", "coordinates": [[[-16.464208, 19.851375], [-16.464201, 19.850562], [-16.463914, 19.850565], [-16.463912, 19.850294], [-16.463339, 19.850298], [-16.463337, 19.850027], [-16.462764, 19.850032], [-16.462769, 19.850574], [-16.461909, 19.850581], [-16.461917, 19.851394], [-16.462203, 19.851392], [-16.462201, 19.851121], [-16.462774, 19.851116], [-16.462771, 19.850845], [-16.463344, 19.85084], [-16.463341, 19.850569], [-16.463628, 19.850567], [-16.463635, 19.85138], [-16.464208, 19.851375]]]}, "properties": {"layer": "meadow", "year": 2023, "sat": "S2B", "date": "2023-06-11", "area_ha": 1.89}}, {"type": "Feature", "geometry": {"type": "Polygon", "coordinates": [[[-16.423857, 19.855768], [-16.423855, 19.855497], [-16.42586, 19.855481], [-16.425858, 19.85521], [-16.426144, 19.855207], [-16.426139, 19.854665], [-16.426426, 19.854663], [-16.426421, 19.854121], [-16.426134, 19.854123], [-16.42613, 19.853581], [-16.425557, 19.853586], [-16.425552, 19.853044], [-16.424979, 19.853048], [-16.424974, 19.852506], [-16.424401, 19.852511], [-16.424394, 19.851698], [-16.42468, 19.851696], [-16.424673, 19.850883], [-16.424387, 19.850885], [-16.424382, 19.850343], [-16.424095, 19.850345], [-16.424093, 19.850074], [-16.422661, 19.850085], [-16.422663, 19.850356], [-16.422377, 19.850359], [-16.422379, 19.85063], [-16.422093, 19.850632], [-16.422102, 19.851716], [-16.422389, 19.851714], [-16.422394, 19.852256], [-16.421821, 19.85226], [-16.421823, 19.852531], [-16.421537, 19.852534], [-16.421539, 19.852805], [-16.421253, 19.852807], [-16.421255, 19.853078], [-16.420969, 19.85308], [-16.420971, 19.853351], [-16.420685, 19.853354], [-16.420697, 19.854709], [-16.420983, 19.854707], [-16.420988, 19.855249], [-16.421275, 19.855246], [-16.421277, 19.855517], [-16.42185, 19.855513], [-16.421852, 19.855784], [-16.422139, 19.855781], [-16.422136, 19.85551], [-16.422996, 19.855504], [-16.422998, 19.855775], [-16.423857, 19.855768]], [[-16.423828, 19.852515], [-16.423542, 19.852518], [-16.42354, 19.852247], [-16.423826, 19.852244], [-16.423828, 19.852515]]]}, "properties": {"layer": "meadow", "year": 2023, "sat": "S2B", "date": "2023-06-11", "area_ha": 23.49}}, {"type": "Feature", "geometry": {"type": "Polygon", "coordinates": [[[-16.376274, 19.852347], [-16.376272, 19.852076], [-16.376559, 19.852074], [-16.376556, 19.851803], [-16.377129, 19.851798], [-16.377127, 19.851527], [-16.377413, 19.851525], [-16.377411, 19.851254], [-16.377697, 19.851252], [-16.377695, 19.850981], [-16.377981, 19.850978], [-16.377977, 19.850436], [-16.377404, 19.850441], [-16.377406, 19.850712], [-16.376833, 19.850716], [-16.376838, 19.851258], [-16.376552, 19.851261], [-16.376554, 19.851532], [-16.376267, 19.851534], [-16.37627, 19.851805], [-16.375983, 19.851807], [-16.375986, 19.852078], [-16.375699, 19.85208], [-16.375702, 19.852351], [-16.376274, 19.852347]]]}, "properties": {"layer": "meadow", "year": 2023, "sat": "S2B", "date": "2023-06-11", "area_ha": 1.71}}, {"type": "Feature", "geometry": {"type": "Polygon", "coordinates": [[[-16.373128, 19.852913], [-16.373126, 19.852642], [-16.373412, 19.85264], [-16.37341, 19.852369], [-16.373696, 19.852367], [-16.373694, 19.852096], [-16.373981, 19.852094], [-16.373978, 19.851822], [-16.374265, 19.85182], [-16.37426, 19.851278], [-16.374546, 19.851276], [-16.374544, 19.851005], [-16.374831, 19.851003], [-16.374826, 19.850461], [-16.374253, 19.850465], [-16.374255, 19.850736], [-16.373969, 19.850738], [-16.373974, 19.85128], [-16.373687, 19.851283], [-16.37369, 19.851554], [-16.373403, 19.851556], [-16.373408, 19.852098], [-16.373121, 19.8521], [-16.373124, 19.852371], [-16.372837, 19.852373], [-16.372839, 19.852644], [-16.372553, 19.852647], [-16.372555, 19.852918], [-16.373128, 19.852913]]]}, "properties": {"layer": "meadow", "year": 2023, "sat": "S2B", "date": "2023-06-11", "area_ha": 1.8}}, {"type": "Feature", "geometry": {"type": "Polygon", "coordinates": [[[-16.465058, 19.850284], [-16.46505, 19.849471], [-16.465337, 19.849469], [-16.465334, 19.849198], [-16.465048, 19.8492], [-16.465045, 19.848929], [-16.464759, 19.848931], [-16.464761, 19.849202], [-16.464475, 19.849205], [-16.464485, 19.850289], [-16.465058, 19.850284]]]}, "properties": {"layer": "meadow", "year": 2023, "sat": "S2B", "date": "2023-06-11", "area_ha": 0.9}}, {"type": "Feature", "geometry": {"type": "Polygon", "coordinates": [[[-16.375112, 19.850459], [-16.37511, 19.850187], [-16.375396, 19.850185], [-16.375394, 19.849914], [-16.375681, 19.849912], [-16.375678, 19.849641], [-16.374819, 19.849648], [-16.374826, 19.850461], [-16.375112, 19.850459]]]}, "properties": {"layer": "meadow", "year": 2023, "sat": "S2B", "date": "2023-06-11", "area_ha": 0.54}}, {"type": "Feature", "geometry": {"type": "Polygon", "coordinates": [[[-16.47364, 19.849129], [-16.473635, 19.848587], [-16.474208, 19.848583], [-16.474206, 19.848312], [-16.473919, 19.848314], [-16.473917, 19.848043], [-16.47363, 19.848045], [-16.473633, 19.848316], [-16.47306, 19.848321], [-16.473063, 19.848592], [-16.473349, 19.84859], [-16.473354, 19.849132], [-16.47364, 19.849129]]]}, "properties": {"layer": "meadow", "year": 2023, "sat": "S2B", "date": "2023-06-11", "area_ha": 0.63}}, {"type": "Feature", "geometry": {"type": "Polygon", "coordinates": [[[-16.269133, 19.852058], [-16.269131, 19.851787], [-16.269418, 19.851784], [-16.269416, 19.851513], [-16.270561, 19.851505], [-16.270559, 19.851234], [-16.270273, 19.851236], [-16.270269, 19.850694], [-16.269982, 19.850696], [-16.269976, 19.849883], [-16.269689, 19.849885], [-16.269687, 19.849614], [-16.269401, 19.849616], [-16.269398, 19.849345], [-16.268825, 19.849349], [-16.268828, 19.84962], [-16.268541, 19.849622], [-16.268545, 19.850164], [-16.268832, 19.850162], [-16.268836, 19.850704], [-16.26855, 19.850706], [-16.268552, 19.850977], [-16.268838, 19.850975], [-16.268841, 19.851246], [-16.268554, 19.851249], [-16.268558, 19.851791], [-16.268845, 19.851789], [-16.268847, 19.85206], [-16.269133, 19.852058]]]}, "properties": {"layer": "meadow", "year": 2023, "sat": "S2B", "date": "2023-06-11", "area_ha": 3.69}}, {"type": "Feature", "geometry": {"type": "Polygon", "coordinates": [[[-16.268528, 19.847996], [-16.268526, 19.847725], [-16.268813, 19.847723], [-16.268804, 19.846639], [-16.268517, 19.846641], [-16.268515, 19.84637], [-16.267083, 19.84638], [-16.267085, 19.846651], [-16.267372, 19.846649], [-16.267378, 19.847462], [-16.267665, 19.84746], [-16.267662, 19.847189], [-16.267949, 19.847187], [-16.267951, 19.847458], [-16.268237, 19.847456], [-16.268242, 19.847998], [-16.268528, 19.847996]]]}, "properties": {"layer": "meadow", "year": 2023, "sat": "S2B", "date": "2023-06-11", "area_ha": 1.98}}, {"type": "Feature", "geometry": {"type": "Polygon", "coordinates": [[[-16.510824, 19.843397], [-16.510821, 19.843126], [-16.511108, 19.843124], [-16.511105, 19.842853], [-16.510246, 19.84286], [-16.510249, 19.843131], [-16.509389, 19.843139], [-16.509392, 19.84341], [-16.510824, 19.843397]]]}, "properties": {"layer": "meadow", "year": 2023, "sat": "S2B", "date": "2023-06-11", "area_ha": 0.72}}, {"type": "Feature", "geometry": {"type": "Polygon", "coordinates": [[[-16.509093, 19.842057], [-16.50909, 19.841786], [-16.509377, 19.841784], [-16.509374, 19.841513], [-16.509088, 19.841515], [-16.509085, 19.841244], [-16.508226, 19.841251], [-16.508228, 19.841522], [-16.508515, 19.84152], [-16.508517, 19.841791], [-16.508804, 19.841788], [-16.508806, 19.842059], [-16.509093, 19.842057]]]}, "properties": {"layer": "meadow", "year": 2023, "sat": "S2B", "date": "2023-06-11", "area_ha": 0.63}}, {"type": "Feature", "geometry": {"type": "Polygon", "coordinates": [[[-16.510804, 19.841229], [-16.510798, 19.840687], [-16.511085, 19.840685], [-16.511077, 19.839872], [-16.510218, 19.839879], [-16.510223, 19.840421], [-16.510509, 19.840419], [-16.510512, 19.84069], [-16.510226, 19.840692], [-16.510231, 19.841234], [-16.510804, 19.841229]]]}, "properties": {"layer": "meadow", "year": 2023, "sat": "S2B", "date": "2023-06-11", "area_ha": 1.08}}, {"type": "Feature", "geometry": {"type": "Polygon", "coordinates": [[[-16.506817, 19.843702], [-16.506814, 19.843431], [-16.508246, 19.843419], [-16.508241, 19.842877], [-16.508814, 19.842872], [-16.508809, 19.84233], [-16.508236, 19.842335], [-16.508234, 19.842064], [-16.507947, 19.842067], [-16.507939, 19.841254], [-16.507653, 19.841256], [-16.507656, 19.841527], [-16.507083, 19.841532], [-16.507078, 19.84099], [-16.506505, 19.840995], [-16.5065, 19.840453], [-16.507073, 19.840448], [-16.50707, 19.840177], [-16.507356, 19.840174], [-16.507349, 19.839361], [-16.507062, 19.839364], [-16.507065, 19.839635], [-16.505919, 19.839644], [-16.505927, 19.840458], [-16.505354, 19.840462], [-16.505357, 19.840733], [-16.504784, 19.840738], [-16.504786, 19.841009], [-16.504214, 19.841014], [-16.504216, 19.841285], [-16.503357, 19.841292], [-16.503354, 19.841021], [-16.502782, 19.841026], [-16.502787, 19.841568], [-16.503359, 19.841563], [-16.503362, 19.841834], [-16.503648, 19.841832], [-16.503651, 19.842103], [-16.503937, 19.842101], [-16.50394, 19.842372], [-16.505372, 19.842359], [-16.505375, 19.84263], [-16.505661, 19.842628], [-16.505666, 19.84317], [-16.506525, 19.843163], [-16.50653, 19.843705], [-16.506817, 19.843702]]]}, "properties": {"layer": "meadow", "year": 2023, "sat": "S2B", "date": "2023-06-11", "area_ha": 12.42}}, {"type": "Feature", "geometry": {"type": "Polygon", "coordinates": [[[-16.325199, 19.842163], [-16.325195, 19.841621], [-16.324908, 19.841623], [-16.324906, 19.841352], [-16.32462, 19.841354], [-16.324615, 19.840812], [-16.324329, 19.840814], [-16.324324, 19.840272], [-16.323751, 19.840276], [-16.323758, 19.841089], [-16.324045, 19.841087], [-16.324054, 19.842171], [-16.32434, 19.842169], [-16.324338, 19.841898], [-16.324624, 19.841896], [-16.324626, 19.842167], [-16.325199, 19.842163]]]}, "properties": {"layer": "meadow", "year": 2023, "sat": "S2B", "date": "2023-06-11", "area_ha": 1.71}}, {"type": "Feature", "geometry": {"type": "Polygon", "coordinates": [[[-16.266472, 19.841505], [-16.266469, 19.841234], [-16.266183, 19.841236], [-16.266181, 19.840965], [-16.265894, 19.840967], [-16.265892, 19.840696], [-16.265319, 19.8407], [-16.265321, 19.840971], [-16.265608, 19.840969], [-16.26561, 19.84124], [-16.265896, 19.841238], [-16.265899, 19.841509], [-16.266472, 19.841505]]]}, "properties": {"layer": "meadow", "year": 2023, "sat": "S2B", "date": "2023-06-11", "area_ha": 0.54}}, {"type": "Feature", "geometry": {"type": "Polygon", "coordinates": [[[-16.456652, 19.839512], [-16.45665, 19.839241], [-16.456936, 19.839238], [-16.456934, 19.838967], [-16.456361, 19.838972], [-16.456358, 19.838701], [-16.456072, 19.838703], [-16.456079, 19.839516], [-16.456652, 19.839512]]]}, "properties": {"layer": "meadow", "year": 2023, "sat": "S2B", "date": "2023-06-11", "area_ha": 0.54}}, {"type": "Feature", "geometry": {"type": "Polygon", "coordinates": [[[-16.506203, 19.839371], [-16.506201, 19.8391], [-16.50706, 19.839093], [-16.507057, 19.838822], [-16.506484, 19.838827], [-16.506482, 19.838556], [-16.506195, 19.838558], [-16.50619, 19.838016], [-16.505904, 19.838018], [-16.505909, 19.83856], [-16.505623, 19.838563], [-16.505625, 19.838834], [-16.505339, 19.838836], [-16.505341, 19.839107], [-16.505055, 19.83911], [-16.505058, 19.839381], [-16.506203, 19.839371]]]}, "properties": {"layer": "meadow", "year": 2023, "sat": "S2B", "date": "2023-06-11", "area_ha": 1.35}}, {"type": "Feature", "geometry": {"type": "Polygon", "coordinates": [[[-16.265319, 19.8407], [-16.265317, 19.840429], [-16.265604, 19.840427], [-16.265601, 19.840156], [-16.265315, 19.840158], [-16.265313, 19.839887], [-16.265026, 19.839889], [-16.265024, 19.839618], [-16.264738, 19.83962], [-16.264736, 19.839349], [-16.264163, 19.839353], [-16.264165, 19.839624], [-16.264451, 19.839622], [-16.264454, 19.839893], [-16.26474, 19.839891], [-16.264744, 19.840433], [-16.265031, 19.840431], [-16.265033, 19.840702], [-16.265319, 19.8407]]]}, "properties": {"layer": "meadow", "year": 2023, "sat": "S2B", "date": "2023-06-11", "area_ha": 0.9}}, {"type": "Feature", "geometry": {"type": "Polygon", "coordinates": [[[-16.327761, 19.840247], [-16.32775, 19.838891], [-16.327464, 19.838893], [-16.327459, 19.838351], [-16.327173, 19.838354], [-16.327179, 19.839167], [-16.326893, 19.839169], [-16.326895, 19.83944], [-16.327182, 19.839438], [-16.327186, 19.83998], [-16.327473, 19.839978], [-16.327475, 19.840249], [-16.327761, 19.840247]]]}, "properties": {"layer": "meadow", "year": 2023, "sat": "S2B", "date": "2023-06-11", "area_ha": 1.08}}, {"type": "Feature", "geometry": {"type": "Polygon", "coordinates": [[[-16.455208, 19.838168], [-16.455205, 19.837897], [-16.455778, 19.837892], [-16.455776, 19.837621], [-16.455489, 19.837624], [-16.455484, 19.837082], [-16.454912, 19.837086], [-16.454914, 19.837357], [-16.4552, 19.837355], [-16.455203, 19.837626], [-16.454916, 19.837628], [-16.454921, 19.83817], [-16.455208, 19.838168]]]}, "properties": {"layer": "meadow", "year": 2023, "sat": "S2B", "date": "2023-06-11", "area_ha": 0.63}}, {"type": "Feature", "geometry": {"type": "Polygon", "coordinates": [[[-16.511364, 19.839869], [-16.511361, 19.839598], [-16.511647, 19.839596], [-16.511645, 19.839325], [-16.511931, 19.839323], [-16.511929, 19.839052], [-16.512215, 19.839049], [-16.512212, 19.838778], [-16.513072, 19.838771], [-16.513069, 19.8385], [-16.513355, 19.838497], [-16.513353, 19.838226], [-16.513639, 19.838224], [-16.513644, 19.838766], [-16.513931, 19.838764], [-16.513923, 19.837951], [-16.51421, 19.837948], [-16.514207, 19.837677], [-16.514493, 19.837675], [-16.514488, 19.837133], [-16.513915, 19.837138], [-16.513918, 19.837409], [-16.513345, 19.837413], [-16.51334, 19.836871], [-16.513054, 19.836874], [-16.513049, 19.836332], [-16.51133, 19.836346], [-16.511333, 19.836617], [-16.511046, 19.83662], [-16.511049, 19.836891], [-16.511335, 19.836888], [-16.511338, 19.837159], [-16.511051, 19.837162], [-16.511054, 19.837433], [-16.509908, 19.837442], [-16.509914, 19.837985], [-16.509627, 19.837987], [-16.50963, 19.838258], [-16.509343, 19.83826], [-16.509346, 19.838531], [-16.509632, 19.838529], [-16.50964, 19.839342], [-16.510213, 19.839337], [-16.51021, 19.839066], [-16.510497, 19.839064], [-16.510494, 19.838793], [-16.51078, 19.83879], [-16.510788, 19.839603], [-16.511075, 19.839601], [-16.511077, 19.839872], [-16.511364, 19.839869]], [[-16.511067, 19.838788], [-16.51078, 19.83879], [-16.510775, 19.838248], [-16.511062, 19.838246], [-16.511067, 19.838788]], [[-16.510203, 19.838253], [-16.509916, 19.838256], [-16.509914, 19.837985], [-16.5102, 19.837982], [-16.510203, 19.838253]]]}, "properties": {"layer": "meadow", "year": 2023, "sat": "S2B", "date": "2023-06-11", "area_ha": 10.71}}, {"type": "Feature", "geometry": {"type": "Polygon", "coordinates": [[[-16.457218, 19.838694], [-16.457215, 19.838423], [-16.457502, 19.83842], [-16.457494, 19.837607], [-16.458067, 19.837603], [-16.458064, 19.837332], [-16.458637, 19.837327], [-16.458635, 19.837056], [-16.458348, 19.837058], [-16.458346, 19.836787], [-16.458919, 19.836783], [-16.458914, 19.836241], [-16.4592, 19.836238], [-16.459195, 19.835696], [-16.458909, 19.835699], [-16.458911, 19.83597], [-16.458625, 19.835972], [-16.458627, 19.836243], [-16.458341, 19.836245], [-16.458343, 19.836516], [-16.457771, 19.836521], [-16.457766, 19.835979], [-16.457479, 19.835981], [-16.457474, 19.835439], [-16.457188, 19.835442], [-16.457185, 19.835171], [-16.456899, 19.835173], [-16.456904, 19.835715], [-16.456331, 19.83572], [-16.456334, 19.835991], [-16.45662, 19.835988], [-16.456623, 19.836259], [-16.456336, 19.836262], [-16.456339, 19.836533], [-16.456052, 19.836535], [-16.456057, 19.837077], [-16.456916, 19.83707], [-16.456914, 19.836799], [-16.4572, 19.836797], [-16.457198, 19.836526], [-16.456911, 19.836528], [-16.456906, 19.835986], [-16.457193, 19.835984], [-16.457195, 19.836255], [-16.457482, 19.836252], [-16.457487, 19.836794], [-16.457773, 19.836792], [-16.457778, 19.837334], [-16.456919, 19.837341], [-16.456924, 19.837883], [-16.456637, 19.837885], [-16.45664, 19.838156], [-16.456353, 19.838159], [-16.456358, 19.838701], [-16.456645, 19.838699], [-16.456642, 19.838427], [-16.456929, 19.838425], [-16.456931, 19.838696], [-16.457218, 19.838694]]]}, "properties": {"layer": "meadow", "year": 2023, "sat": "S2B", "date": "2023-06-11", "area_ha": 4.5}}, {"type": "Feature", "geometry": {"type": "Polygon", "coordinates": [[[-16.254736, 19.842673], [-16.254734, 19.842402], [-16.25502, 19.842399], [-16.255018, 19.842128], [-16.255305, 19.842126], [-16.2553, 19.841584], [-16.255587, 19.841582], [-16.255585, 19.841311], [-16.255871, 19.841309], [-16.255867, 19.840767], [-16.256153, 19.840765], [-16.256151, 19.840494], [-16.256438, 19.840492], [-16.256433, 19.83995], [-16.25672, 19.839948], [-16.256716, 19.839406], [-16.256429, 19.839408], [-16.256427, 19.839137], [-16.256141, 19.839139], [-16.256136, 19.838597], [-16.256423, 19.838595], [-16.256421, 19.838324], [-16.256707, 19.838322], [-16.256711, 19.838864], [-16.257284, 19.83886], [-16.25728, 19.838318], [-16.257566, 19.838316], [-16.257562, 19.837774], [-16.257276, 19.837776], [-16.257274, 19.837505], [-16.256987, 19.837507], [-16.256985, 19.837236], [-16.256699, 19.837238], [-16.256696, 19.836967], [-16.256983, 19.836965], [-16.256979, 19.836422], [-16.256119, 19.836429], [-16.256117, 19.836157], [-16.256404, 19.836155], [-16.256399, 19.835613], [-16.256113, 19.835615], [-16.256111, 19.835344], [-16.255824, 19.835346], [-16.255826, 19.835617], [-16.25554, 19.835619], [-16.255544, 19.836162], [-16.255831, 19.83616], [-16.255833, 19.836431], [-16.255546, 19.836433], [-16.255549, 19.836704], [-16.255262, 19.836706], [-16.255269, 19.837519], [-16.254696, 19.837523], [-16.254694, 19.837252], [-16.254407, 19.837254], [-16.254413, 19.838067], [-16.254127, 19.838069], [-16.254131, 19.838611], [-16.254418, 19.838609], [-16.254416, 19.838338], [-16.254988, 19.838334], [-16.254999, 19.839689], [-16.255572, 19.839685], [-16.255574, 19.839956], [-16.255861, 19.839954], [-16.255863, 19.840225], [-16.254717, 19.840233], [-16.254719, 19.840504], [-16.254433, 19.840506], [-16.254435, 19.840777], [-16.254148, 19.840779], [-16.25415, 19.84105], [-16.254437, 19.841048], [-16.254439, 19.841319], [-16.254153, 19.841321], [-16.254163, 19.842677], [-16.254736, 19.842673]], [[-16.255559, 19.838059], [-16.255273, 19.838061], [-16.255271, 19.83779], [-16.255557, 19.837788], [-16.255559, 19.838059]], [[-16.255844, 19.837786], [-16.255557, 19.837788], [-16.255555, 19.837517], [-16.255841, 19.837515], [-16.255844, 19.837786]]]}, "properties": {"layer": "meadow", "year": 2023, "sat": "S2B", "date": "2023-06-11", "area_ha": 12.42}}, {"type": "Feature", "geometry": {"type": "Polygon", "coordinates": [[[-16.259828, 19.834505], [-16.259824, 19.833963], [-16.259251, 19.833967], [-16.259249, 19.833696], [-16.258962, 19.833698], [-16.258966, 19.83424], [-16.259253, 19.834238], [-16.259255, 19.834509], [-16.259828, 19.834505]]]}, "properties": {"layer": "meadow", "year": 2023, "sat": "S2B", "date": "2023-06-11", "area_ha": 0.54}}, {"type": "Feature", "geometry": {"type": "Polygon", "coordinates": [[[-16.25784, 19.836687], [-16.257834, 19.835874], [-16.25812, 19.835872], [-16.258118, 19.835601], [-16.257831, 19.835603], [-16.257821, 19.834248], [-16.257534, 19.83425], [-16.257532, 19.833979], [-16.257246, 19.833981], [-16.257248, 19.834252], [-16.256675, 19.834256], [-16.256669, 19.833443], [-16.256382, 19.833445], [-16.256387, 19.833987], [-16.2561, 19.833989], [-16.256102, 19.83426], [-16.255816, 19.834262], [-16.255818, 19.834533], [-16.256104, 19.834531], [-16.256106, 19.834802], [-16.256393, 19.8348], [-16.256397, 19.835342], [-16.256684, 19.83534], [-16.256686, 19.835611], [-16.256972, 19.835609], [-16.256974, 19.83588], [-16.257261, 19.835878], [-16.257265, 19.83642], [-16.257551, 19.836418], [-16.257554, 19.836689], [-16.25784, 19.836687]]]}, "properties": {"layer": "meadow", "year": 2023, "sat": "S2B", "date": "2023-06-11", "area_ha": 3.69}}, {"type": "Feature", "geometry": {"type": "Polygon", "coordinates": [[[-16.288973, 19.825623], [-16.288971, 19.825352], [-16.289257, 19.82535], [-16.289255, 19.825079], [-16.289542, 19.825077], [-16.289539, 19.824806], [-16.290112, 19.824802], [-16.290106, 19.823989], [-16.289819, 19.823991], [-16.289817, 19.82372], [-16.289531, 19.823722], [-16.289526, 19.82318], [-16.28924, 19.823182], [-16.289246, 19.823995], [-16.28896, 19.823997], [-16.288967, 19.82481], [-16.28868, 19.824812], [-16.288678, 19.824541], [-16.288392, 19.824543], [-16.288389, 19.824272], [-16.288103, 19.824274], [-16.288101, 19.824003], [-16.287814, 19.824005], [-16.287817, 19.824276], [-16.28753, 19.824278], [-16.287532, 19.824549], [-16.287819, 19.824547], [-16.287821, 19.824818], [-16.288107, 19.824816], [-16.288112, 19.825358], [-16.288398, 19.825356], [-16.2884, 19.825627], [-16.288973, 19.825623]]]}, "properties": {"layer": "meadow", "year": 2023, "sat": "S2B", "date": "2023-06-11", "area_ha": 3.06}}, {"type": "Feature", "geometry": {"type": "Polygon", "coordinates": [[[-16.479397, 19.821165], [-16.479392, 19.820623], [-16.479965, 19.820618], [-16.479959, 19.820076], [-16.479673, 19.820079], [-16.479676, 19.82035], [-16.479103, 19.820354], [-16.47911, 19.821167], [-16.479397, 19.821165]]]}, "properties": {"layer": "meadow", "year": 2023, "sat": "S2B", "date": "2023-06-11", "area_ha": 0.54}}, {"type": "Feature", "geometry": {"type": "Polygon", "coordinates": [[[-16.255463, 19.825862], [-16.255461, 19.825591], [-16.255748, 19.825589], [-16.255746, 19.825318], [-16.256032, 19.825316], [-16.256028, 19.824774], [-16.256314, 19.824772], [-16.25631, 19.82423], [-16.256596, 19.824228], [-16.256594, 19.823957], [-16.256881, 19.823955], [-16.256878, 19.823684], [-16.257165, 19.823682], [-16.257161, 19.823139], [-16.257447, 19.823137], [-16.257445, 19.822866], [-16.257731, 19.822864], [-16.257727, 19.822322], [-16.258013, 19.82232], [-16.258011, 19.822049], [-16.258298, 19.822047], [-16.258293, 19.821505], [-16.25858, 19.821503], [-16.258573, 19.82069], [-16.25886, 19.820688], [-16.258858, 19.820417], [-16.25943, 19.820413], [-16.259433, 19.820684], [-16.259719, 19.820682], [-16.259721, 19.820953], [-16.260007, 19.820951], [-16.26002, 19.822577], [-16.259447, 19.822581], [-16.259454, 19.823394], [-16.25974, 19.823392], [-16.259742, 19.823663], [-16.260029, 19.823661], [-16.260025, 19.823119], [-16.260311, 19.823117], [-16.260307, 19.822575], [-16.260593, 19.822573], [-16.260589, 19.822031], [-16.260875, 19.822029], [-16.260858, 19.819861], [-16.260572, 19.819863], [-16.26057, 19.819592], [-16.260283, 19.819594], [-16.260279, 19.819052], [-16.259706, 19.819056], [-16.259704, 19.818785], [-16.259418, 19.818787], [-16.259415, 19.818516], [-16.259129, 19.818518], [-16.259127, 19.818247], [-16.258841, 19.818249], [-16.258847, 19.819062], [-16.258561, 19.819064], [-16.258565, 19.819606], [-16.258278, 19.819608], [-16.258281, 19.819879], [-16.257994, 19.819881], [-16.257996, 19.820152], [-16.25771, 19.820154], [-16.257718, 19.821238], [-16.257432, 19.82124], [-16.257436, 19.821782], [-16.25715, 19.821784], [-16.257154, 19.822326], [-16.256868, 19.822328], [-16.25687, 19.822599], [-16.256583, 19.822601], [-16.256588, 19.823144], [-16.256015, 19.823148], [-16.256019, 19.82369], [-16.255733, 19.823692], [-16.255735, 19.823963], [-16.255448, 19.823965], [-16.255451, 19.824236], [-16.254878, 19.82424], [-16.25488, 19.824511], [-16.254594, 19.824513], [-16.254598, 19.825055], [-16.255171, 19.825051], [-16.255177, 19.825864], [-16.255463, 19.825862]], [[-16.258573, 19.82069], [-16.258001, 19.820694], [-16.257998, 19.820423], [-16.258571, 19.820419], [-16.258573, 19.82069]]]}, "properties": {"layer": "meadow", "year": 2023, "sat": "S2B", "date": "2023-06-11", "area_ha": 13.59}}, {"type": "Feature", "geometry": {"type": "Polygon", "coordinates": [[[-16.437845, 19.818523], [-16.437843, 19.818252], [-16.438129, 19.81825], [-16.438124, 19.817708], [-16.437552, 19.817712], [-16.437549, 19.817441], [-16.437836, 19.817439], [-16.437833, 19.817168], [-16.437547, 19.81717], [-16.437544, 19.816899], [-16.437258, 19.816902], [-16.437263, 19.817444], [-16.436404, 19.81745], [-16.436401, 19.817179], [-16.436115, 19.817182], [-16.436112, 19.816911], [-16.435826, 19.816913], [-16.435833, 19.817726], [-16.436979, 19.817717], [-16.436984, 19.818259], [-16.43727, 19.818257], [-16.437273, 19.818528], [-16.437845, 19.818523]], [[-16.437843, 19.818252], [-16.437556, 19.818254], [-16.437554, 19.817983], [-16.43784, 19.817981], [-16.437843, 19.818252]]]}, "properties": {"layer": "meadow", "year": 2023, "sat": "S2B", "date": "2023-06-11", "area_ha": 1.89}}, {"type": "Feature", "geometry": {"type": "Polygon", "coordinates": [[[-16.441845, 19.817407], [-16.441842, 19.817136], [-16.442129, 19.817133], [-16.442126, 19.816862], [-16.442413, 19.81686], [-16.44241, 19.816589], [-16.442124, 19.816591], [-16.442121, 19.81632], [-16.441549, 19.816325], [-16.441551, 19.816596], [-16.441837, 19.816594], [-16.44184, 19.816865], [-16.441267, 19.816869], [-16.44127, 19.81714], [-16.441556, 19.817138], [-16.441558, 19.817409], [-16.441845, 19.817407]]]}, "properties": {"layer": "meadow", "year": 2023, "sat": "S2B", "date": "2023-06-11", "area_ha": 0.72}}, {"type": "Feature", "geometry": {"type": "Polygon", "coordinates": [[[-16.439277, 19.818512], [-16.439275, 19.81824], [-16.439561, 19.818238], [-16.439559, 19.817967], [-16.439845, 19.817965], [-16.439843, 19.817694], [-16.440129, 19.817692], [-16.440126, 19.817421], [-16.440413, 19.817418], [-16.44042, 19.818231], [-16.440707, 19.818229], [-16.440704, 19.817958], [-16.44099, 19.817956], [-16.440988, 19.817685], [-16.441561, 19.81768], [-16.441558, 19.817409], [-16.440986, 19.817414], [-16.440981, 19.816872], [-16.440408, 19.816876], [-16.440406, 19.816605], [-16.440692, 19.816603], [-16.440687, 19.816061], [-16.439828, 19.816068], [-16.439825, 19.815797], [-16.439253, 19.815801], [-16.439255, 19.816072], [-16.439542, 19.81607], [-16.439544, 19.816341], [-16.438971, 19.816346], [-16.438974, 19.816617], [-16.43926, 19.816614], [-16.439262, 19.816885], [-16.43869, 19.81689], [-16.438692, 19.817161], [-16.438979, 19.817159], [-16.438983, 19.817701], [-16.43927, 19.817698], [-16.439272, 19.817969], [-16.438986, 19.817972], [-16.438988, 19.818243], [-16.438702, 19.818245], [-16.438695, 19.817432], [-16.438408, 19.817434], [-16.438403, 19.816892], [-16.438117, 19.816895], [-16.438124, 19.817708], [-16.438411, 19.817705], [-16.438418, 19.818518], [-16.439277, 19.818512]], [[-16.439556, 19.817696], [-16.43927, 19.817698], [-16.439267, 19.817427], [-16.439554, 19.817425], [-16.439556, 19.817696]], [[-16.43984, 19.817423], [-16.439554, 19.817425], [-16.439551, 19.817154], [-16.439838, 19.817152], [-16.43984, 19.817423]], [[-16.440122, 19.816878], [-16.439835, 19.816881], [-16.439833, 19.81661], [-16.440119, 19.816607], [-16.440122, 19.816878]], [[-16.439833, 19.81661], [-16.439546, 19.816612], [-16.439544, 19.816341], [-16.43983, 19.816339], [-16.439833, 19.81661]]]}, "properties": {"layer": "meadow", "year": 2023, "sat": "S2B", "date": "2023-06-11", "area_ha": 4.59}}, {"type": "Feature", "geometry": {"type": "Polygon", "coordinates": [[[-16.319276, 19.818625], [-16.319271, 19.818083], [-16.319558, 19.818081], [-16.319553, 19.817539], [-16.31984, 19.817537], [-16.319838, 19.817266], [-16.319551, 19.817268], [-16.319549, 19.816997], [-16.318976, 19.817001], [-16.318974, 19.81673], [-16.318401, 19.816735], [-16.318403, 19.817006], [-16.318117, 19.817008], [-16.318119, 19.817279], [-16.317833, 19.817281], [-16.31784, 19.818094], [-16.318412, 19.81809], [-16.318415, 19.818361], [-16.318987, 19.818357], [-16.31899, 19.818628], [-16.319276, 19.818625]], [[-16.318408, 19.817548], [-16.318121, 19.81755], [-16.318119, 19.817279], [-16.318406, 19.817277], [-16.318408, 19.817548]]]}, "properties": {"layer": "meadow", "year": 2023, "sat": "S2B", "date": "2023-06-11", "area_ha": 2.61}}, {"type": "Feature", "geometry": {"type": "Polygon", "coordinates": [[[-16.444128, 19.816575], [-16.444121, 19.815762], [-16.443548, 19.815767], [-16.443546, 19.815496], [-16.442973, 19.8155], [-16.442976, 19.815771], [-16.443262, 19.815769], [-16.443264, 19.81604], [-16.443837, 19.816035], [-16.443842, 19.816577], [-16.444128, 19.816575]]]}, "properties": {"layer": "meadow", "year": 2023, "sat": "S2B", "date": "2023-06-11", "area_ha": 0.63}}, {"type": "Feature", "geometry": {"type": "Polygon", "coordinates": [[[-16.473622, 19.816063], [-16.473619, 19.815792], [-16.473906, 19.81579], [-16.473903, 19.815519], [-16.47419, 19.815516], [-16.474187, 19.815245], [-16.473328, 19.815252], [-16.473335, 19.816065], [-16.473622, 19.816063]]]}, "properties": {"layer": "meadow", "year": 2023, "sat": "S2B", "date": "2023-06-11", "area_ha": 0.54}}, {"type": "Feature", "geometry": {"type": "Polygon", "coordinates": [[[-16.315251, 19.816758], [-16.315246, 19.816216], [-16.314674, 19.81622], [-16.314676, 19.816491], [-16.314103, 19.816495], [-16.314105, 19.816766], [-16.315251, 19.816758]]]}, "properties": {"layer": "meadow", "year": 2023, "sat": "S2B", "date": "2023-06-11", "area_ha": 0.54}}, {"type": "Feature", "geometry": {"type": "Polygon", "coordinates": [[[-16.435826, 19.816913], [-16.435816, 19.815829], [-16.43553, 19.815831], [-16.435527, 19.81556], [-16.435241, 19.815563], [-16.435236, 19.815021], [-16.435523, 19.815018], [-16.43552, 19.814747], [-16.435807, 19.814745], [-16.435804, 19.814474], [-16.436377, 19.814469], [-16.436374, 19.814198], [-16.436088, 19.814201], [-16.436081, 19.813387], [-16.435794, 19.81339], [-16.43579, 19.812848], [-16.435503, 19.81285], [-16.435506, 19.813121], [-16.435219, 19.813123], [-16.435222, 19.813394], [-16.434935, 19.813397], [-16.43494, 19.813939], [-16.434654, 19.813941], [-16.434656, 19.814212], [-16.43437, 19.814214], [-16.434375, 19.814756], [-16.434661, 19.814754], [-16.434666, 19.815296], [-16.434952, 19.815294], [-16.43496, 19.816107], [-16.435246, 19.816105], [-16.435248, 19.816376], [-16.435535, 19.816373], [-16.43554, 19.816915], [-16.435826, 19.816913]], [[-16.43552, 19.814747], [-16.435234, 19.81475], [-16.435231, 19.814478], [-16.435518, 19.814476], [-16.43552, 19.814747]]]}, "properties": {"layer": "meadow", "year": 2023, "sat": "S2B", "date": "2023-06-11", "area_ha": 3.78}}, {"type": "Feature", "geometry": {"type": "Polygon", "coordinates": [[[-16.441534, 19.814699], [-16.441527, 19.813886], [-16.442386, 19.813879], [-16.442383, 19.813608], [-16.442097, 19.81361], [-16.44209, 19.812797], [-16.441803, 19.812799], [-16.441801, 19.812528], [-16.441228, 19.812533], [-16.441238, 19.813617], [-16.440951, 19.813619], [-16.440949, 19.813348], [-16.440663, 19.813351], [-16.440653, 19.812267], [-16.440939, 19.812264], [-16.440934, 19.811722], [-16.441221, 19.81172], [-16.441216, 19.811178], [-16.440929, 19.81118], [-16.440927, 19.810909], [-16.440641, 19.810911], [-16.44065, 19.811995], [-16.440364, 19.811998], [-16.440366, 19.812269], [-16.44008, 19.812271], [-16.440083, 19.812542], [-16.439796, 19.812544], [-16.439791, 19.812002], [-16.440078, 19.812], [-16.440075, 19.811729], [-16.440362, 19.811727], [-16.440357, 19.811185], [-16.44007, 19.811187], [-16.440073, 19.811458], [-16.439786, 19.81146], [-16.439789, 19.811731], [-16.439503, 19.811734], [-16.439512, 19.812818], [-16.439799, 19.812815], [-16.439806, 19.813629], [-16.440665, 19.813622], [-16.440667, 19.813893], [-16.440954, 19.81389], [-16.440956, 19.814161], [-16.441243, 19.814159], [-16.441248, 19.814701], [-16.441534, 19.814699]]]}, "properties": {"layer": "meadow", "year": 2023, "sat": "S2B", "date": "2023-06-11", "area_ha": 4.68}}, {"type": "Feature", "geometry": {"type": "Polygon", "coordinates": [[[-16.3321, 19.810941], [-16.332098, 19.81067], [-16.332384, 19.810668], [-16.332382, 19.810397], [-16.331809, 19.810401], [-16.331807, 19.81013], [-16.331234, 19.810134], [-16.331237, 19.810405], [-16.330664, 19.810409], [-16.330666, 19.810681], [-16.331239, 19.810676], [-16.331241, 19.810947], [-16.3321, 19.810941]]]}, "properties": {"layer": "meadow", "year": 2023, "sat": "S2B", "date": "2023-06-11", "area_ha": 0.99}}, {"type": "Feature", "geometry": {"type": "Polygon", "coordinates": [[[-16.259986, 19.818241], [-16.259982, 19.817698], [-16.260841, 19.817692], [-16.260835, 19.816879], [-16.261121, 19.816877], [-16.261119, 19.816606], [-16.260832, 19.816608], [-16.260826, 19.815795], [-16.261112, 19.815793], [-16.26111, 19.815522], [-16.261397, 19.81552], [-16.261395, 19.815249], [-16.261681, 19.815247], [-16.261679, 19.814976], [-16.261965, 19.814974], [-16.261963, 19.814703], [-16.262536, 19.814699], [-16.262527, 19.813615], [-16.262241, 19.813617], [-16.262237, 19.813075], [-16.262809, 19.813071], [-16.262805, 19.812529], [-16.262519, 19.812531], [-16.262517, 19.812259], [-16.261657, 19.812266], [-16.261655, 19.811995], [-16.261369, 19.811997], [-16.261365, 19.811454], [-16.261078, 19.811456], [-16.261076, 19.811185], [-16.26079, 19.811187], [-16.260788, 19.810916], [-16.260501, 19.810918], [-16.260499, 19.810647], [-16.260213, 19.810649], [-16.260211, 19.810378], [-16.259638, 19.810382], [-16.25964, 19.810653], [-16.259926, 19.810651], [-16.259933, 19.811465], [-16.259646, 19.811467], [-16.259648, 19.811738], [-16.259935, 19.811736], [-16.259948, 19.813362], [-16.260234, 19.81336], [-16.260236, 19.813631], [-16.25995, 19.813633], [-16.259952, 19.813904], [-16.259666, 19.813906], [-16.25967, 19.814448], [-16.260529, 19.814442], [-16.26052, 19.813358], [-16.261093, 19.813354], [-16.261091, 19.813083], [-16.261377, 19.813081], [-16.261375, 19.81281], [-16.261948, 19.812806], [-16.26195, 19.813077], [-16.261664, 19.813079], [-16.261675, 19.814434], [-16.261388, 19.814436], [-16.26139, 19.814707], [-16.261104, 19.814709], [-16.261106, 19.81498], [-16.26082, 19.814982], [-16.260822, 19.815253], [-16.260535, 19.815255], [-16.260531, 19.814713], [-16.259958, 19.814717], [-16.25996, 19.814988], [-16.259674, 19.81499], [-16.259678, 19.815532], [-16.259392, 19.815534], [-16.259401, 19.816618], [-16.259114, 19.81662], [-16.259125, 19.817976], [-16.259411, 19.817974], [-16.259413, 19.818245], [-16.259986, 19.818241]]]}, "properties": {"layer": "meadow", "year": 2023, "sat": "S2B", "date": "2023-06-11", "area_ha": 13.77}}, {"type": "Feature", "geometry": {"type": "Polygon", "coordinates": [[[-16.436353, 19.811759], [-16.436343, 19.810675], [-16.436056, 19.810677], [-16.436054, 19.810406], [-16.43634, 19.810404], [-16.436338, 19.810133], [-16.436624, 19.810131], [-16.436617, 19.809318], [-16.436331, 19.80932], [-16.436328, 19.809049], [-16.436042, 19.809051], [-16.436044, 19.809322], [-16.435472, 19.809327], [-16.435462, 19.808243], [-16.435175, 19.808245], [-16.435173, 19.807974], [-16.436032, 19.807967], [-16.436035, 19.808238], [-16.436321, 19.808236], [-16.436314, 19.807423], [-16.435741, 19.807427], [-16.435743, 19.807698], [-16.434598, 19.807708], [-16.4346, 19.807979], [-16.434314, 19.807981], [-16.434316, 19.808252], [-16.434603, 19.80825], [-16.434612, 19.809334], [-16.434899, 19.809331], [-16.434901, 19.809602], [-16.434615, 19.809605], [-16.434617, 19.809876], [-16.434904, 19.809873], [-16.434906, 19.810144], [-16.43462, 19.810147], [-16.434622, 19.810418], [-16.434336, 19.81042], [-16.434338, 19.810691], [-16.434911, 19.810686], [-16.434913, 19.810958], [-16.435486, 19.810953], [-16.435489, 19.811224], [-16.436061, 19.811219], [-16.436066, 19.811761], [-16.436353, 19.811759]], [[-16.436059, 19.810948], [-16.435772, 19.810951], [-16.43577, 19.81068], [-16.436056, 19.810677], [-16.436059, 19.810948]], [[-16.435768, 19.810409], [-16.434909, 19.810415], [-16.434906, 19.810144], [-16.435765, 19.810138], [-16.435768, 19.810409]], [[-16.436338, 19.810133], [-16.436052, 19.810135], [-16.436049, 19.809864], [-16.436335, 19.809862], [-16.436338, 19.810133]]]}, "properties": {"layer": "meadow", "year": 2023, "sat": "S2B", "date": "2023-06-11", "area_ha": 5.49}}, {"type": "Feature", "geometry": {"type": "Polygon", "coordinates": [[[-16.444985, 19.816297], [-16.444983, 19.816026], [-16.445269, 19.816024], [-16.445257, 19.814669], [-16.44497, 19.814671], [-16.444965, 19.814129], [-16.445252, 19.814127], [-16.445249, 19.813856], [-16.445536, 19.813853], [-16.445528, 19.81304], [-16.446101, 19.813036], [-16.446104, 19.813307], [-16.44639, 19.813304], [-16.446385, 19.812762], [-16.446671, 19.81276], [-16.446676, 19.813302], [-16.446963, 19.8133], [-16.446965, 19.813571], [-16.447251, 19.813568], [-16.447249, 19.813297], [-16.447535, 19.813295], [-16.447533, 19.813024], [-16.447247, 19.813026], [-16.447239, 19.812213], [-16.446953, 19.812216], [-16.446945, 19.811403], [-16.446659, 19.811405], [-16.446662, 19.811676], [-16.446089, 19.81168], [-16.446091, 19.811952], [-16.445805, 19.811954], [-16.4458, 19.811412], [-16.446086, 19.811409], [-16.446084, 19.811138], [-16.44637, 19.811136], [-16.446368, 19.810865], [-16.446081, 19.810867], [-16.446079, 19.810596], [-16.445793, 19.810599], [-16.44579, 19.810328], [-16.445504, 19.81033], [-16.445499, 19.809788], [-16.445213, 19.80979], [-16.445208, 19.809248], [-16.444921, 19.809251], [-16.444916, 19.808709], [-16.44463, 19.808711], [-16.444623, 19.807898], [-16.444336, 19.8079], [-16.444329, 19.807087], [-16.444043, 19.807089], [-16.444038, 19.806547], [-16.443465, 19.806552], [-16.443468, 19.806823], [-16.443181, 19.806825], [-16.443186, 19.807367], [-16.4429, 19.80737], [-16.442902, 19.807641], [-16.443189, 19.807638], [-16.443193, 19.80818], [-16.442907, 19.808183], [-16.442914, 19.808996], [-16.442628, 19.808998], [-16.442631, 19.809269], [-16.442917, 19.809267], [-16.442919, 19.809538], [-16.443206, 19.809535], [-16.443208, 19.809807], [-16.442922, 19.809809], [-16.442924, 19.81008], [-16.442638, 19.810082], [-16.44264, 19.810353], [-16.442354, 19.810355], [-16.442359, 19.810898], [-16.442645, 19.810895], [-16.44265, 19.811437], [-16.442077, 19.811442], [-16.44208, 19.811713], [-16.441793, 19.811715], [-16.441796, 19.811986], [-16.442082, 19.811984], [-16.442085, 19.812255], [-16.442657, 19.81225], [-16.44266, 19.812521], [-16.442946, 19.812519], [-16.442944, 19.812248], [-16.44323, 19.812246], [-16.443223, 19.811433], [-16.442936, 19.811435], [-16.442934, 19.811164], [-16.444652, 19.81115], [-16.444655, 19.811421], [-16.444368, 19.811423], [-16.444371, 19.811694], [-16.443798, 19.811699], [-16.443803, 19.812241], [-16.443516, 19.812243], [-16.443521, 19.812785], [-16.443235, 19.812788], [-16.443245, 19.813872], [-16.442386, 19.813879], [-16.442391, 19.814421], [-16.442104, 19.814423], [-16.442107, 19.814694], [-16.442393, 19.814692], [-16.442395, 19.814963], [-16.442682, 19.814961], [-16.442687, 19.815503], [-16.442973, 19.8155], [-16.442971, 19.815229], [-16.443257, 19.815227], [-16.443255, 19.814956], [-16.443541, 19.814954], [-16.443546, 19.815496], [-16.443832, 19.815493], [-16.443827, 19.814951], [-16.444114, 19.814949], [-16.444121, 19.815762], [-16.444407, 19.81576], [-16.444402, 19.815218], [-16.444689, 19.815215], [-16.444699, 19.816299], [-16.444985, 19.816297]], [[-16.442968, 19.814958], [-16.442682, 19.814961], [-16.442679, 19.81469], [-16.442966, 19.814687], [-16.442968, 19.814958]], [[-16.445242, 19.813043], [-16.444956, 19.813045], [-16.444953, 19.812774], [-16.44524, 19.812772], [-16.445242, 19.813043]]]}, "properties": {"layer": "meadow", "year": 2023, "sat": "S2B", "date": "2023-06-11", "area_ha": 26.28}}, {"type": "Feature", "geometry": {"type": "Polygon", "coordinates": [[[-16.451216, 19.808657], [-16.451214, 19.808386], [-16.4515, 19.808384], [-16.451495, 19.807842], [-16.451209, 19.807844], [-16.451206, 19.807573], [-16.45092, 19.807576], [-16.450915, 19.807034], [-16.450342, 19.807038], [-16.45034, 19.806767], [-16.450054, 19.80677], [-16.450049, 19.806228], [-16.449476, 19.806232], [-16.449474, 19.805961], [-16.449187, 19.805964], [-16.449185, 19.805693], [-16.448612, 19.805697], [-16.448615, 19.805968], [-16.448901, 19.805966], [-16.448903, 19.806237], [-16.44919, 19.806235], [-16.449195, 19.806777], [-16.448908, 19.806779], [-16.448918, 19.807863], [-16.449204, 19.807861], [-16.449209, 19.808403], [-16.449782, 19.808398], [-16.449785, 19.808669], [-16.451216, 19.808657]]]}, "properties": {"layer": "meadow", "year": 2023, "sat": "S2B", "date": "2023-06-11", "area_ha": 5.22}}, {"type": "Feature", "geometry": {"type": "Polygon", "coordinates": [[[-16.444317, 19.805732], [-16.444312, 19.80519], [-16.443453, 19.805197], [-16.443458, 19.805739], [-16.444317, 19.805732]]]}, "properties": {"layer": "meadow", "year": 2023, "sat": "S2B", "date": "2023-06-11", "area_ha": 0.54}}, {"type": "Feature", "geometry": {"type": "Polygon", "coordinates": [[[-16.435736, 19.806885], [-16.435729, 19.806072], [-16.435442, 19.806075], [-16.43544, 19.805804], [-16.434867, 19.805808], [-16.434858, 19.804724], [-16.434285, 19.804729], [-16.43429, 19.805271], [-16.434003, 19.805273], [-16.434006, 19.805544], [-16.433719, 19.805546], [-16.433722, 19.805817], [-16.434295, 19.805813], [-16.434299, 19.806355], [-16.433727, 19.806359], [-16.433724, 19.806088], [-16.433438, 19.806091], [-16.43344, 19.806362], [-16.433154, 19.806364], [-16.433149, 19.805822], [-16.432863, 19.805824], [-16.432865, 19.806095], [-16.432579, 19.806098], [-16.432584, 19.80664], [-16.435161, 19.806619], [-16.435163, 19.80689], [-16.435736, 19.806885]]]}, "properties": {"layer": "meadow", "year": 2023, "sat": "S2B", "date": "2023-06-11", "area_ha": 3.33}}, {"type": "Feature", "geometry": {"type": "Polygon", "coordinates": [[[-16.345526, 19.806774], [-16.345523, 19.806503], [-16.34581, 19.806501], [-16.345803, 19.805688], [-16.345516, 19.80569], [-16.345514, 19.805419], [-16.344941, 19.805424], [-16.344944, 19.805695], [-16.344371, 19.805699], [-16.344378, 19.806512], [-16.344664, 19.80651], [-16.344666, 19.806781], [-16.345526, 19.806774]]]}, "properties": {"layer": "meadow", "year": 2023, "sat": "S2B", "date": "2023-06-11", "area_ha": 1.8}}, {"type": "Feature", "geometry": {"type": "Polygon", "coordinates": [[[-16.260187, 19.807397], [-16.260181, 19.806584], [-16.260467, 19.806582], [-16.260461, 19.805769], [-16.260747, 19.805767], [-16.260745, 19.805496], [-16.259886, 19.805502], [-16.259884, 19.805231], [-16.259597, 19.805233], [-16.259604, 19.806046], [-16.25989, 19.806044], [-16.259892, 19.806315], [-16.259606, 19.806317], [-16.25961, 19.806859], [-16.259896, 19.806857], [-16.259901, 19.807399], [-16.260187, 19.807397]]]}, "properties": {"layer": "meadow", "year": 2023, "sat": "S2B", "date": "2023-06-11", "area_ha": 1.53}}, {"type": "Feature", "geometry": {"type": "Polygon", "coordinates": [[[-16.435704, 19.803362], [-16.4357, 19.80282], [-16.435413, 19.802822], [-16.435408, 19.80228], [-16.434549, 19.802287], [-16.434552, 19.802558], [-16.434265, 19.80256], [-16.434268, 19.802831], [-16.434554, 19.802829], [-16.434557, 19.8031], [-16.435129, 19.803096], [-16.435132, 19.803367], [-16.435704, 19.803362]]]}, "properties": {"layer": "meadow", "year": 2023, "sat": "S2B", "date": "2023-06-11", "area_ha": 1.17}}, {"type": "Feature", "geometry": {"type": "Polygon", "coordinates": [[[-16.433702, 19.803649], [-16.433698, 19.803107], [-16.433411, 19.803109], [-16.433409, 19.802838], [-16.433695, 19.802836], [-16.433693, 19.802565], [-16.433406, 19.802567], [-16.433404, 19.802296], [-16.433118, 19.802299], [-16.43313, 19.803654], [-16.433702, 19.803649]]]}, "properties": {"layer": "meadow", "year": 2023, "sat": "S2B", "date": "2023-06-11", "area_ha": 0.72}}, {"type": "Feature", "geometry": {"type": "Polygon", "coordinates": [[[-16.310293, 19.805952], [-16.310291, 19.805681], [-16.310864, 19.805677], [-16.31086, 19.805135], [-16.310573, 19.805137], [-16.31056, 19.803511], [-16.310274, 19.803513], [-16.310267, 19.8027], [-16.30998, 19.802702], [-16.309978, 19.802431], [-16.309119, 19.802437], [-16.309121, 19.802708], [-16.309408, 19.802706], [-16.30941, 19.802977], [-16.309696, 19.802975], [-16.309705, 19.804059], [-16.309419, 19.804061], [-16.309421, 19.804332], [-16.309994, 19.804328], [-16.309996, 19.804599], [-16.30971, 19.804601], [-16.309712, 19.804872], [-16.309998, 19.80487], [-16.31, 19.805141], [-16.310287, 19.805139], [-16.310289, 19.80541], [-16.310003, 19.805412], [-16.310007, 19.805954], [-16.310293, 19.805952]]]}, "properties": {"layer": "meadow", "year": 2023, "sat": "S2B", "date": "2023-06-11", "area_ha": 2.97}}, {"type": "Feature", "geometry": {"type": "Polygon", "coordinates": [[[-16.264226, 19.811163], [-16.26422, 19.81035], [-16.264506, 19.810348], [-16.264498, 19.809264], [-16.264784, 19.809262], [-16.264776, 19.808178], [-16.265062, 19.808176], [-16.265058, 19.807634], [-16.265917, 19.807627], [-16.26591, 19.806814], [-16.266197, 19.806812], [-16.266192, 19.80627], [-16.266479, 19.806268], [-16.266468, 19.804913], [-16.266182, 19.804915], [-16.26618, 19.804644], [-16.265893, 19.804646], [-16.265895, 19.804917], [-16.265609, 19.804919], [-16.265607, 19.804648], [-16.265034, 19.804652], [-16.265032, 19.804381], [-16.264746, 19.804383], [-16.264741, 19.803841], [-16.265028, 19.803839], [-16.265025, 19.803568], [-16.265312, 19.803566], [-16.265305, 19.802753], [-16.265019, 19.802755], [-16.265017, 19.802484], [-16.264731, 19.802486], [-16.264733, 19.802757], [-16.263874, 19.802763], [-16.26388, 19.803576], [-16.263594, 19.803578], [-16.2636, 19.804391], [-16.263314, 19.804393], [-16.263318, 19.804935], [-16.263032, 19.804937], [-16.263038, 19.80575], [-16.263324, 19.805748], [-16.263327, 19.806019], [-16.263613, 19.806017], [-16.263619, 19.806831], [-16.263047, 19.806835], [-16.263051, 19.807377], [-16.263337, 19.807375], [-16.263339, 19.807646], [-16.26248, 19.807652], [-16.262478, 19.807381], [-16.262764, 19.807379], [-16.262762, 19.807108], [-16.262476, 19.80711], [-16.26247, 19.806297], [-16.262183, 19.806299], [-16.262194, 19.807654], [-16.261907, 19.807656], [-16.26191, 19.807927], [-16.261623, 19.807929], [-16.261625, 19.8082], [-16.261339, 19.808202], [-16.261333, 19.807389], [-16.261046, 19.807391], [-16.261048, 19.807662], [-16.260762, 19.807664], [-16.260764, 19.807935], [-16.260191, 19.807939], [-16.260198, 19.808752], [-16.260484, 19.80875], [-16.260497, 19.810376], [-16.260783, 19.810374], [-16.260785, 19.810645], [-16.261072, 19.810643], [-16.261074, 19.810914], [-16.261647, 19.81091], [-16.261642, 19.810368], [-16.261929, 19.810366], [-16.261935, 19.811179], [-16.264226, 19.811163]], [[-16.261352, 19.809828], [-16.261065, 19.80983], [-16.261057, 19.808746], [-16.26163, 19.808742], [-16.261634, 19.809284], [-16.261348, 19.809286], [-16.261352, 19.809828]], [[-16.265908, 19.806543], [-16.265622, 19.806545], [-16.26562, 19.806274], [-16.265906, 19.806272], [-16.265908, 19.806543]], [[-16.265613, 19.805461], [-16.265327, 19.805463], [-16.265323, 19.804921], [-16.265609, 19.804919], [-16.265613, 19.805461]]]}, "properties": {"layer": "meadow", "year": 2023, "sat": "S2B", "date": "2023-06-11", "area_ha": 28.98}}, {"type": "Feature", "geometry": {"type": "Polygon", "coordinates": [[[-16.444581, 19.80329], [-16.444579, 19.803019], [-16.444865, 19.803017], [-16.44486, 19.802475], [-16.445147, 19.802473], [-16.445142, 19.801931], [-16.445428, 19.801928], [-16.445426, 19.801657], [-16.445139, 19.80166], [-16.445134, 19.801118], [-16.444848, 19.80112], [-16.444853, 19.801662], [-16.443994, 19.801669], [-16.443999, 19.802211], [-16.44314, 19.802218], [-16.443147, 19.803031], [-16.444006, 19.803024], [-16.444004, 19.802753], [-16.443431, 19.802758], [-16.443428, 19.802487], [-16.444287, 19.80248], [-16.444295, 19.803293], [-16.444581, 19.80329]]]}, "properties": {"layer": "meadow", "year": 2023, "sat": "S2B", "date": "2023-06-11", "area_ha": 2.43}}, {"type": "Feature", "geometry": {"type": "Polygon", "coordinates": [[[-16.439694, 19.801162], [-16.439684, 19.800078], [-16.439111, 19.800082], [-16.439116, 19.800624], [-16.439403, 19.800622], [-16.439407, 19.801164], [-16.439694, 19.801162]]]}, "properties": {"layer": "meadow", "year": 2023, "sat": "S2B", "date": "2023-06-11", "area_ha": 0.54}}, {"type": "Feature", "geometry": {"type": "Polygon", "coordinates": [[[-16.443989, 19.801127], [-16.443986, 19.800856], [-16.444559, 19.800851], [-16.444557, 19.80058], [-16.44427, 19.800583], [-16.444268, 19.800312], [-16.444554, 19.800309], [-16.444552, 19.800038], [-16.443693, 19.800045], [-16.44369, 19.799774], [-16.443404, 19.799776], [-16.443411, 19.80059], [-16.443698, 19.800587], [-16.443703, 19.801129], [-16.443989, 19.801127]]]}, "properties": {"layer": "meadow", "year": 2023, "sat": "S2B", "date": "2023-06-11", "area_ha": 1.08}}, {"type": "Feature", "geometry": {"type": "Polygon", "coordinates": [[[-16.437396, 19.800367], [-16.437391, 19.799825], [-16.437105, 19.799827], [-16.437102, 19.799556], [-16.436243, 19.799563], [-16.436248, 19.800105], [-16.437107, 19.800098], [-16.437109, 19.800369], [-16.437396, 19.800367]]]}, "properties": {"layer": "meadow", "year": 2023, "sat": "S2B", "date": "2023-06-11", "area_ha": 0.72}}, {"type": "Feature", "geometry": {"type": "Polygon", "coordinates": [[[-16.443404, 19.799776], [-16.443402, 19.799505], [-16.443115, 19.799508], [-16.443108, 19.798695], [-16.442535, 19.798699], [-16.442538, 19.79897], [-16.442824, 19.798968], [-16.442826, 19.799239], [-16.442254, 19.799244], [-16.442259, 19.799786], [-16.442545, 19.799783], [-16.442543, 19.799512], [-16.442829, 19.79951], [-16.442831, 19.799781], [-16.443404, 19.799776]]]}, "properties": {"layer": "meadow", "year": 2023, "sat": "S2B", "date": "2023-06-11", "area_ha": 0.81}}, {"type": "Feature", "geometry": {"type": "Polygon", "coordinates": [[[-16.467454, 19.79931], [-16.467452, 19.799038], [-16.467165, 19.799041], [-16.467158, 19.798228], [-16.46773, 19.798223], [-16.467728, 19.797952], [-16.467442, 19.797954], [-16.467439, 19.797683], [-16.467153, 19.797686], [-16.467155, 19.797957], [-16.466869, 19.797959], [-16.466874, 19.798501], [-16.466588, 19.798504], [-16.466585, 19.798232], [-16.466299, 19.798235], [-16.466304, 19.798777], [-16.466017, 19.798779], [-16.46602, 19.79905], [-16.466306, 19.799048], [-16.466309, 19.799319], [-16.467454, 19.79931]], [[-16.466879, 19.799043], [-16.466593, 19.799046], [-16.46659, 19.798775], [-16.466876, 19.798772], [-16.466879, 19.799043]]]}, "properties": {"layer": "meadow", "year": 2023, "sat": "S2B", "date": "2023-06-11", "area_ha": 1.44}}, {"type": "Feature", "geometry": {"type": "Polygon", "coordinates": [[[-16.315111, 19.799683], [-16.315106, 19.799141], [-16.315679, 19.799136], [-16.315674, 19.798594], [-16.315388, 19.798596], [-16.31539, 19.798867], [-16.314817, 19.798872], [-16.314822, 19.799414], [-16.314536, 19.799416], [-16.314538, 19.799687], [-16.315111, 19.799683]]]}, "properties": {"layer": "meadow", "year": 2023, "sat": "S2B", "date": "2023-06-11", "area_ha": 0.63}}, {"type": "Feature", "geometry": {"type": "Polygon", "coordinates": [[[-16.4409, 19.807928], [-16.440898, 19.807657], [-16.440611, 19.807659], [-16.440604, 19.806846], [-16.44089, 19.806844], [-16.440888, 19.806573], [-16.441174, 19.80657], [-16.441172, 19.806299], [-16.442031, 19.806293], [-16.442014, 19.804395], [-16.441441, 19.8044], [-16.441439, 19.804129], [-16.441152, 19.804131], [-16.44115, 19.80386], [-16.441723, 19.803856], [-16.44172, 19.803585], [-16.442006, 19.803582], [-16.442002, 19.80304], [-16.442288, 19.803038], [-16.442286, 19.802767], [-16.441999, 19.802769], [-16.441992, 19.801956], [-16.441133, 19.801963], [-16.441125, 19.80115], [-16.441412, 19.801148], [-16.441417, 19.80169], [-16.441703, 19.801687], [-16.441701, 19.801416], [-16.441987, 19.801414], [-16.441985, 19.801143], [-16.441698, 19.801145], [-16.441696, 19.800874], [-16.441409, 19.800877], [-16.441407, 19.800606], [-16.442266, 19.800599], [-16.442264, 19.800328], [-16.441405, 19.800335], [-16.441402, 19.800064], [-16.441116, 19.800066], [-16.441113, 19.799795], [-16.441972, 19.799788], [-16.44197, 19.799517], [-16.441684, 19.799519], [-16.441681, 19.799248], [-16.441967, 19.799246], [-16.441965, 19.798975], [-16.441679, 19.798977], [-16.441676, 19.798706], [-16.44139, 19.798709], [-16.441387, 19.798438], [-16.441101, 19.79844], [-16.441099, 19.798169], [-16.441385, 19.798167], [-16.441383, 19.797895], [-16.441669, 19.797893], [-16.441674, 19.798435], [-16.44196, 19.798433], [-16.441955, 19.797891], [-16.442242, 19.797889], [-16.442239, 19.797618], [-16.441953, 19.79762], [-16.44195, 19.797349], [-16.441091, 19.797356], [-16.441094, 19.797627], [-16.440521, 19.797631], [-16.440526, 19.798173], [-16.440812, 19.798171], [-16.440817, 19.798713], [-16.439958, 19.79872], [-16.439961, 19.798991], [-16.439674, 19.798993], [-16.439677, 19.799264], [-16.439963, 19.799262], [-16.43997, 19.800075], [-16.440257, 19.800073], [-16.440266, 19.801157], [-16.440553, 19.801155], [-16.440555, 19.801426], [-16.440842, 19.801423], [-16.440844, 19.801694], [-16.440271, 19.801699], [-16.440274, 19.80197], [-16.439987, 19.801972], [-16.439983, 19.80143], [-16.43941, 19.801435], [-16.439412, 19.801706], [-16.439126, 19.801708], [-16.439128, 19.801979], [-16.438842, 19.801982], [-16.438844, 19.802253], [-16.438558, 19.802255], [-16.438561, 19.802526], [-16.438274, 19.802528], [-16.438277, 19.802799], [-16.438849, 19.802795], [-16.438847, 19.802524], [-16.43942, 19.802519], [-16.439415, 19.801977], [-16.439701, 19.801975], [-16.439711, 19.803059], [-16.439424, 19.803061], [-16.439427, 19.803332], [-16.44, 19.803327], [-16.440002, 19.803598], [-16.439716, 19.803601], [-16.439721, 19.804143], [-16.439434, 19.804145], [-16.439446, 19.8055], [-16.43916, 19.805503], [-16.439165, 19.806045], [-16.439451, 19.806042], [-16.439449, 19.805771], [-16.440022, 19.805767], [-16.440026, 19.806309], [-16.440313, 19.806306], [-16.440325, 19.807661], [-16.440039, 19.807664], [-16.440041, 19.807935], [-16.4409, 19.807928]], [[-16.44172, 19.803585], [-16.441434, 19.803587], [-16.441431, 19.803316], [-16.441145, 19.803318], [-16.441143, 19.803047], [-16.441715, 19.803043], [-16.44172, 19.803585]], [[-16.440565, 19.80251], [-16.440279, 19.802512], [-16.440276, 19.802241], [-16.440563, 19.802239], [-16.440565, 19.80251]]]}, "properties": {"layer": "meadow", "year": 2023, "sat": "S2B", "date": "2023-06-11", "area_ha": 20.25}}, {"type": "Feature", "geometry": {"type": "Polygon", "coordinates": [[[-16.262405, 19.798165], [-16.262403, 19.797894], [-16.262976, 19.79789], [-16.262972, 19.797348], [-16.262113, 19.797354], [-16.262119, 19.798167], [-16.262405, 19.798165]]]}, "properties": {"layer": "meadow", "year": 2023, "sat": "S2B", "date": "2023-06-11", "area_ha": 0.63}}, {"type": "Feature", "geometry": {"type": "Polygon", "coordinates": [[[-16.272424, 19.797552], [-16.272421, 19.797281], [-16.272135, 19.797283], [-16.272131, 19.796741], [-16.271844, 19.796743], [-16.271842, 19.796472], [-16.271556, 19.796474], [-16.27156, 19.797016], [-16.271274, 19.797018], [-16.271276, 19.797289], [-16.271562, 19.797287], [-16.271565, 19.797558], [-16.272424, 19.797552]]]}, "properties": {"layer": "meadow", "year": 2023, "sat": "S2B", "date": "2023-06-11", "area_ha": 0.81}}, {"type": "Feature", "geometry": {"type": "Polygon", "coordinates": [[[-16.266688, 19.796509], [-16.266686, 19.796238], [-16.266972, 19.796236], [-16.26697, 19.795965], [-16.267256, 19.795963], [-16.267254, 19.795692], [-16.266681, 19.795696], [-16.266684, 19.795967], [-16.266111, 19.795971], [-16.266113, 19.796242], [-16.266399, 19.79624], [-16.266402, 19.796511], [-16.266688, 19.796509]]]}, "properties": {"layer": "meadow", "year": 2023, "sat": "S2B", "date": "2023-06-11", "area_ha": 0.54}}, {"type": "Feature", "geometry": {"type": "Polygon", "coordinates": [[[-16.263547, 19.797615], [-16.263544, 19.797344], [-16.263831, 19.797342], [-16.263827, 19.7968], [-16.264399, 19.796796], [-16.264397, 19.796525], [-16.26497, 19.796521], [-16.264968, 19.79625], [-16.265254, 19.796248], [-16.26525, 19.795706], [-16.264963, 19.795708], [-16.264966, 19.795979], [-16.264393, 19.795983], [-16.264389, 19.795441], [-16.263529, 19.795447], [-16.263536, 19.79626], [-16.26325, 19.796262], [-16.263256, 19.797075], [-16.26297, 19.797077], [-16.262972, 19.797348], [-16.263258, 19.797346], [-16.26326, 19.797617], [-16.263547, 19.797615]], [[-16.263824, 19.796529], [-16.263538, 19.796531], [-16.263536, 19.79626], [-16.263822, 19.796258], [-16.263824, 19.796529]]]}, "properties": {"layer": "meadow", "year": 2023, "sat": "S2B", "date": "2023-06-11", "area_ha": 2.52}}, {"type": "Feature", "geometry": {"type": "Polygon", "coordinates": [[[-16.312833, 19.801326], [-16.312831, 19.801055], [-16.313403, 19.80105], [-16.313392, 19.799695], [-16.313106, 19.799697], [-16.313104, 19.799426], [-16.31339, 19.799424], [-16.313383, 19.798611], [-16.313097, 19.798613], [-16.313088, 19.797529], [-16.313375, 19.797527], [-16.313372, 19.797256], [-16.3128, 19.79726], [-16.312802, 19.797531], [-16.312516, 19.797533], [-16.312513, 19.797262], [-16.312227, 19.797264], [-16.31222, 19.796451], [-16.311934, 19.796453], [-16.311932, 19.796182], [-16.311645, 19.796184], [-16.311643, 19.795913], [-16.311357, 19.795915], [-16.311352, 19.795373], [-16.311066, 19.795376], [-16.311064, 19.795104], [-16.310491, 19.795109], [-16.310489, 19.794838], [-16.309916, 19.794842], [-16.309914, 19.794571], [-16.309628, 19.794573], [-16.30963, 19.794844], [-16.309343, 19.794846], [-16.309341, 19.794575], [-16.309055, 19.794577], [-16.309053, 19.794306], [-16.308766, 19.794308], [-16.308775, 19.795392], [-16.309062, 19.79539], [-16.309068, 19.796203], [-16.309355, 19.796201], [-16.309366, 19.797556], [-16.309652, 19.797554], [-16.309654, 19.797825], [-16.310227, 19.797821], [-16.310234, 19.798634], [-16.31052, 19.798632], [-16.310522, 19.798903], [-16.310809, 19.798901], [-16.310813, 19.799443], [-16.311099, 19.799441], [-16.311102, 19.799712], [-16.311961, 19.799706], [-16.311956, 19.799164], [-16.312529, 19.79916], [-16.312527, 19.798888], [-16.312813, 19.798886], [-16.31282, 19.799699], [-16.312247, 19.799704], [-16.312249, 19.799975], [-16.312536, 19.799973], [-16.312538, 19.800244], [-16.312251, 19.800246], [-16.312256, 19.800788], [-16.312542, 19.800786], [-16.312547, 19.801328], [-16.312833, 19.801326]]]}, "properties": {"layer": "meadow", "year": 2023, "sat": "S2B", "date": "2023-06-11", "area_ha": 16.56}}, {"type": "Feature", "geometry": {"type": "Polygon", "coordinates": [[[-16.26812, 19.796499], [-16.268115, 19.795957], [-16.268402, 19.795954], [-16.2684, 19.795683], [-16.268113, 19.795685], [-16.268111, 19.795414], [-16.268397, 19.795412], [-16.268387, 19.794057], [-16.2681, 19.794059], [-16.268109, 19.795143], [-16.267823, 19.795145], [-16.267825, 19.795416], [-16.267538, 19.795418], [-16.267543, 19.795961], [-16.267256, 19.795963], [-16.267261, 19.796505], [-16.26812, 19.796499]]]}, "properties": {"layer": "meadow", "year": 2023, "sat": "S2B", "date": "2023-06-11", "area_ha": 1.53}}, {"type": "Feature", "geometry": {"type": "Polygon", "coordinates": [[[-16.442202, 19.793552], [-16.442195, 19.792739], [-16.441623, 19.792744], [-16.441625, 19.793015], [-16.441339, 19.793017], [-16.441341, 19.793288], [-16.441627, 19.793286], [-16.44163, 19.793557], [-16.442202, 19.793552]]]}, "properties": {"layer": "meadow", "year": 2023, "sat": "S2B", "date": "2023-06-11", "area_ha": 0.63}}, {"type": "Feature", "geometry": {"type": "Polygon", "coordinates": [[[-16.420728, 19.793724], [-16.42072, 19.792911], [-16.421007, 19.792909], [-16.421004, 19.792638], [-16.420718, 19.79264], [-16.420704, 19.791014], [-16.420417, 19.791016], [-16.420422, 19.791558], [-16.420136, 19.791561], [-16.420143, 19.792374], [-16.419857, 19.792376], [-16.419861, 19.792918], [-16.420148, 19.792916], [-16.420153, 19.793458], [-16.420439, 19.793455], [-16.420441, 19.793727], [-16.420728, 19.793724]]]}, "properties": {"layer": "meadow", "year": 2023, "sat": "S2B", "date": "2023-06-11", "area_ha": 1.8}}, {"type": "Feature", "geometry": {"type": "Polygon", "coordinates": [[[-16.444219, 19.794891], [-16.444217, 19.79462], [-16.444789, 19.794616], [-16.444787, 19.794344], [-16.445073, 19.794342], [-16.445071, 19.794071], [-16.445643, 19.794067], [-16.445638, 19.793524], [-16.445352, 19.793527], [-16.445347, 19.792985], [-16.445634, 19.792982], [-16.445636, 19.793253], [-16.445922, 19.793251], [-16.44592, 19.79298], [-16.446206, 19.792978], [-16.446209, 19.793249], [-16.446495, 19.793247], [-16.446497, 19.793518], [-16.446784, 19.793515], [-16.446789, 19.794057], [-16.447075, 19.794055], [-16.447073, 19.793784], [-16.447359, 19.793782], [-16.447354, 19.79324], [-16.447068, 19.793242], [-16.447065, 19.792971], [-16.447352, 19.792969], [-16.447349, 19.792698], [-16.446776, 19.792702], [-16.446774, 19.792431], [-16.44706, 19.792429], [-16.447055, 19.791887], [-16.446769, 19.791889], [-16.446762, 19.791076], [-16.446475, 19.791078], [-16.44648, 19.79162], [-16.446194, 19.791623], [-16.446196, 19.791894], [-16.44591, 19.791896], [-16.445908, 19.791625], [-16.445621, 19.791627], [-16.445619, 19.791356], [-16.445905, 19.791354], [-16.4459, 19.790812], [-16.445328, 19.790817], [-16.445323, 19.790275], [-16.445036, 19.790277], [-16.445044, 19.79109], [-16.444471, 19.791095], [-16.444474, 19.791366], [-16.444187, 19.791368], [-16.44418, 19.790555], [-16.443894, 19.790557], [-16.443889, 19.790015], [-16.443602, 19.790017], [-16.443605, 19.790288], [-16.443318, 19.790291], [-16.443321, 19.790562], [-16.443607, 19.790559], [-16.443612, 19.791101], [-16.443898, 19.791099], [-16.443901, 19.79137], [-16.443328, 19.791375], [-16.443336, 19.792188], [-16.443908, 19.792183], [-16.443911, 19.792454], [-16.443338, 19.792459], [-16.44334, 19.79273], [-16.443627, 19.792728], [-16.443629, 19.792999], [-16.443916, 19.792996], [-16.443923, 19.793809], [-16.443637, 19.793812], [-16.443639, 19.794083], [-16.443353, 19.794085], [-16.443355, 19.794356], [-16.443641, 19.794354], [-16.443646, 19.794896], [-16.444219, 19.794891]], [[-16.444787, 19.794344], [-16.4445, 19.794347], [-16.444498, 19.794076], [-16.444784, 19.794073], [-16.444787, 19.794344]], [[-16.445347, 19.792985], [-16.445061, 19.792987], [-16.445058, 19.792716], [-16.444772, 19.792718], [-16.44477, 19.792447], [-16.445342, 19.792443], [-16.445347, 19.792985]]]}, "properties": {"layer": "meadow", "year": 2023, "sat": "S2B", "date": "2023-06-11", "area_ha": 11.61}}, {"type": "Feature", "geometry": {"type": "Polygon", "coordinates": [[[-16.443884, 19.789473], [-16.443881, 19.789202], [-16.444168, 19.7892], [-16.444163, 19.788658], [-16.443876, 19.78866], [-16.443879, 19.788931], [-16.443593, 19.788933], [-16.44359, 19.788662], [-16.443304, 19.788665], [-16.443311, 19.789478], [-16.443884, 19.789473]]]}, "properties": {"layer": "meadow", "year": 2023, "sat": "S2B", "date": "2023-06-11", "area_ha": 0.63}}, {"type": "Feature", "geometry": {"type": "Polygon", "coordinates": [[[-16.311632, 19.794558], [-16.311625, 19.793745], [-16.311339, 19.793747], [-16.311335, 19.793205], [-16.311048, 19.793207], [-16.311044, 19.792665], [-16.311903, 19.792659], [-16.311901, 19.792388], [-16.312187, 19.792386], [-16.312178, 19.791302], [-16.313037, 19.791295], [-16.313035, 19.791024], [-16.312749, 19.791026], [-16.312746, 19.790755], [-16.313033, 19.790753], [-16.31303, 19.790482], [-16.312171, 19.790488], [-16.312174, 19.79076], [-16.311887, 19.790762], [-16.31189, 19.791033], [-16.311603, 19.791035], [-16.311605, 19.791306], [-16.311319, 19.791308], [-16.311321, 19.791579], [-16.311035, 19.791581], [-16.311037, 19.791852], [-16.310178, 19.791858], [-16.310174, 19.791316], [-16.31046, 19.791314], [-16.310453, 19.790501], [-16.310167, 19.790503], [-16.310165, 19.790232], [-16.310451, 19.79023], [-16.310449, 19.789959], [-16.310163, 19.789961], [-16.31016, 19.78969], [-16.309874, 19.789692], [-16.309881, 19.790505], [-16.309594, 19.790507], [-16.309599, 19.791049], [-16.309312, 19.791052], [-16.309315, 19.791323], [-16.309028, 19.791325], [-16.309031, 19.791596], [-16.308744, 19.791598], [-16.308742, 19.791327], [-16.308169, 19.791331], [-16.308172, 19.791602], [-16.308458, 19.7916], [-16.30846, 19.791871], [-16.308174, 19.791873], [-16.308176, 19.792144], [-16.308462, 19.792142], [-16.308467, 19.792684], [-16.308753, 19.792682], [-16.30876, 19.793495], [-16.310478, 19.793482], [-16.31048, 19.793754], [-16.310766, 19.793751], [-16.310769, 19.794022], [-16.311055, 19.79402], [-16.311059, 19.794562], [-16.311632, 19.794558]]]}, "properties": {"layer": "meadow", "year": 2023, "sat": "S2B", "date": "2023-06-11", "area_ha": 10.62}}, {"type": "Feature", "geometry": {"type": "Polygon", "coordinates": [[[-16.443588, 19.788391], [-16.443583, 19.787849], [-16.443297, 19.787852], [-16.443294, 19.787581], [-16.443008, 19.787583], [-16.44301, 19.787854], [-16.442724, 19.787856], [-16.442729, 19.788398], [-16.443588, 19.788391]]]}, "properties": {"layer": "meadow", "year": 2023, "sat": "S2B", "date": "2023-06-11", "area_ha": 0.63}}, {"type": "Feature", "geometry": {"type": "Polygon", "coordinates": [[[-16.442721, 19.787585], [-16.442717, 19.787043], [-16.443003, 19.787041], [-16.443, 19.78677], [-16.442714, 19.786772], [-16.442712, 19.786501], [-16.442425, 19.786503], [-16.44242, 19.785961], [-16.442134, 19.785964], [-16.442137, 19.786235], [-16.44185, 19.786237], [-16.441853, 19.786508], [-16.442139, 19.786506], [-16.442141, 19.786777], [-16.442428, 19.786774], [-16.442433, 19.787316], [-16.442146, 19.787319], [-16.442149, 19.78759], [-16.442721, 19.787585]]]}, "properties": {"layer": "meadow", "year": 2023, "sat": "S2B", "date": "2023-06-11", "area_ha": 0.9}}, {"type": "Feature", "geometry": {"type": "Polygon", "coordinates": [[[-16.421873, 19.793715], [-16.421871, 19.793444], [-16.422157, 19.793442], [-16.422154, 19.793171], [-16.422441, 19.793169], [-16.422438, 19.792898], [-16.423011, 19.792893], [-16.423006, 19.792351], [-16.423293, 19.792349], [-16.42329, 19.792078], [-16.423577, 19.792075], [-16.423574, 19.791804], [-16.42386, 19.791802], [-16.423858, 19.791531], [-16.424144, 19.791529], [-16.424142, 19.791258], [-16.424428, 19.791255], [-16.424421, 19.790442], [-16.424707, 19.79044], [-16.424695, 19.789085], [-16.424409, 19.789087], [-16.424402, 19.788274], [-16.424115, 19.788276], [-16.424111, 19.787734], [-16.424397, 19.787732], [-16.424387, 19.786648], [-16.423528, 19.786655], [-16.423538, 19.787739], [-16.423252, 19.787741], [-16.423247, 19.787199], [-16.422961, 19.787201], [-16.422956, 19.786659], [-16.423242, 19.786657], [-16.423235, 19.785844], [-16.422948, 19.785846], [-16.422953, 19.786388], [-16.422667, 19.786391], [-16.422672, 19.786933], [-16.422385, 19.786935], [-16.422393, 19.787748], [-16.422106, 19.78775], [-16.422109, 19.788021], [-16.421822, 19.788024], [-16.421827, 19.788566], [-16.421541, 19.788568], [-16.421548, 19.789381], [-16.422121, 19.789376], [-16.422126, 19.789919], [-16.421839, 19.789921], [-16.421844, 19.790463], [-16.421558, 19.790465], [-16.42156, 19.790736], [-16.421274, 19.790738], [-16.421286, 19.792094], [-16.421, 19.792096], [-16.421004, 19.792638], [-16.421291, 19.792636], [-16.4213, 19.79372], [-16.421873, 19.793715]], [[-16.422152, 19.7929], [-16.421866, 19.792902], [-16.421859, 19.792089], [-16.422145, 19.792087], [-16.422142, 19.791816], [-16.422429, 19.791813], [-16.422434, 19.792355], [-16.422147, 19.792358], [-16.422152, 19.7929]], [[-16.42412, 19.788818], [-16.423834, 19.788821], [-16.423829, 19.788279], [-16.424115, 19.788276], [-16.42412, 19.788818]]]}, "properties": {"layer": "meadow", "year": 2023, "sat": "S2B", "date": "2023-06-11", "area_ha": 18.0}}, {"type": "Feature", "geometry": {"type": "Polygon", "coordinates": [[[-16.444143, 19.78649], [-16.444138, 19.785947], [-16.443852, 19.78595], [-16.44385, 19.785679], [-16.442704, 19.785688], [-16.442699, 19.785146], [-16.442413, 19.785148], [-16.44242, 19.785961], [-16.442707, 19.785959], [-16.442709, 19.78623], [-16.443568, 19.786223], [-16.443571, 19.786494], [-16.444143, 19.78649]]]}, "properties": {"layer": "meadow", "year": 2023, "sat": "S2B", "date": "2023-06-11", "area_ha": 1.26}}, {"type": "Feature", "geometry": {"type": "Polygon", "coordinates": [[[-16.44013, 19.78598], [-16.440125, 19.785438], [-16.440698, 19.785433], [-16.440695, 19.785162], [-16.440409, 19.785164], [-16.440407, 19.784893], [-16.440693, 19.784891], [-16.44069, 19.78462], [-16.440118, 19.784625], [-16.440123, 19.785167], [-16.439836, 19.785169], [-16.439844, 19.785982], [-16.44013, 19.78598]]]}, "properties": {"layer": "meadow", "year": 2023, "sat": "S2B", "date": "2023-06-11", "area_ha": 0.72}}, {"type": "Feature", "geometry": {"type": "Polygon", "coordinates": [[[-16.439555, 19.785713], [-16.43954, 19.784087], [-16.439254, 19.78409], [-16.439259, 19.784632], [-16.438973, 19.784634], [-16.438975, 19.784905], [-16.439261, 19.784903], [-16.439264, 19.785174], [-16.438977, 19.785176], [-16.43898, 19.785447], [-16.439266, 19.785445], [-16.439269, 19.785716], [-16.439555, 19.785713]]]}, "properties": {"layer": "meadow", "year": 2023, "sat": "S2B", "date": "2023-06-11", "area_ha": 0.72}}, {"type": "Feature", "geometry": {"type": "Polygon", "coordinates": [[[-16.350786, 19.785322], [-16.350784, 19.785051], [-16.35107, 19.785049], [-16.351065, 19.784507], [-16.350493, 19.784511], [-16.350495, 19.784782], [-16.349922, 19.784786], [-16.349927, 19.785328], [-16.350786, 19.785322]]]}, "properties": {"layer": "meadow", "year": 2023, "sat": "S2B", "date": "2023-06-11", "area_ha": 0.81}}, {"type": "Feature", "geometry": {"type": "Polygon", "coordinates": [[[-16.314429, 19.786406], [-16.314427, 19.786135], [-16.315286, 19.786129], [-16.315283, 19.785858], [-16.31557, 19.785856], [-16.315567, 19.785585], [-16.315854, 19.785582], [-16.315849, 19.78504], [-16.316136, 19.785038], [-16.316129, 19.784225], [-16.314984, 19.784234], [-16.314988, 19.784776], [-16.314415, 19.78478], [-16.314413, 19.784509], [-16.313841, 19.784513], [-16.313838, 19.784242], [-16.313552, 19.784244], [-16.31355, 19.783973], [-16.312977, 19.783977], [-16.312975, 19.783706], [-16.312689, 19.783708], [-16.312682, 19.782895], [-16.312396, 19.782897], [-16.312398, 19.783168], [-16.312111, 19.783171], [-16.312109, 19.782899], [-16.311823, 19.782902], [-16.311825, 19.783173], [-16.311539, 19.783175], [-16.311541, 19.783446], [-16.311255, 19.783448], [-16.311252, 19.783177], [-16.31068, 19.783181], [-16.310678, 19.78291], [-16.310105, 19.782914], [-16.310096, 19.78183], [-16.30981, 19.781832], [-16.309812, 19.782103], [-16.309526, 19.782105], [-16.309532, 19.782918], [-16.309246, 19.78292], [-16.309259, 19.784547], [-16.308973, 19.784549], [-16.308975, 19.78482], [-16.309261, 19.784818], [-16.309268, 19.785631], [-16.309554, 19.785629], [-16.309559, 19.786171], [-16.309845, 19.786169], [-16.309847, 19.78644], [-16.310706, 19.786433], [-16.310704, 19.786162], [-16.310991, 19.78616], [-16.310988, 19.785889], [-16.311847, 19.785883], [-16.311852, 19.786425], [-16.312711, 19.786419], [-16.312709, 19.786148], [-16.313854, 19.786139], [-16.313856, 19.78641], [-16.314429, 19.786406]], [[-16.310132, 19.786167], [-16.309845, 19.786169], [-16.309841, 19.785627], [-16.310127, 19.785625], [-16.310132, 19.786167]], [[-16.312134, 19.785881], [-16.311847, 19.785883], [-16.311845, 19.785612], [-16.312131, 19.78561], [-16.312134, 19.785881]]]}, "properties": {"layer": "meadow", "year": 2023, "sat": "S2B", "date": "2023-06-11", "area_ha": 19.89}}, {"type": "Feature", "geometry": {"type": "Polygon", "coordinates": [[[-16.312396, 19.782897], [-16.312393, 19.782626], [-16.312966, 19.782622], [-16.312962, 19.78208], [-16.31468, 19.782067], [-16.314675, 19.781525], [-16.314961, 19.781523], [-16.314955, 19.78071], [-16.313523, 19.780721], [-16.313525, 19.780992], [-16.312953, 19.780996], [-16.312957, 19.781538], [-16.312384, 19.781542], [-16.312387, 19.781813], [-16.3121, 19.781815], [-16.312109, 19.782899], [-16.312396, 19.782897]]]}, "properties": {"layer": "meadow", "year": 2023, "sat": "S2B", "date": "2023-06-11", "area_ha": 3.87}}, {"type": "Feature", "geometry": {"type": "Polygon", "coordinates": [[[-16.42605, 19.780401], [-16.426047, 19.78013], [-16.425475, 19.780134], [-16.42547, 19.779592], [-16.425184, 19.779595], [-16.425186, 19.779866], [-16.4249, 19.779868], [-16.424904, 19.78041], [-16.42605, 19.780401]]]}, "properties": {"layer": "meadow", "year": 2023, "sat": "S2B", "date": "2023-06-11", "area_ha": 0.63}}, {"type": "Feature", "geometry": {"type": "Polygon", "coordinates": [[[-16.42375, 19.779335], [-16.423747, 19.779064], [-16.424034, 19.779062], [-16.424019, 19.777436], [-16.423733, 19.777438], [-16.423735, 19.777709], [-16.423449, 19.777711], [-16.423463, 19.779337], [-16.42375, 19.779335]]]}, "properties": {"layer": "meadow", "year": 2023, "sat": "S2B", "date": "2023-06-11", "area_ha": 1.08}}, {"type": "Feature", "geometry": {"type": "Polygon", "coordinates": [[[-16.314655, 19.779086], [-16.314639, 19.777189], [-16.314353, 19.777191], [-16.314355, 19.777462], [-16.314069, 19.777464], [-16.314071, 19.777735], [-16.313785, 19.777737], [-16.313787, 19.778008], [-16.31436, 19.778004], [-16.314364, 19.778546], [-16.313792, 19.77855], [-16.313794, 19.778821], [-16.314367, 19.778817], [-16.314369, 19.779088], [-16.314655, 19.779086]]]}, "properties": {"layer": "meadow", "year": 2023, "sat": "S2B", "date": "2023-06-11", "area_ha": 1.08}}, {"type": "Feature", "geometry": {"type": "Polygon", "coordinates": [[[-16.310078, 19.779662], [-16.310076, 19.779391], [-16.310362, 19.779389], [-16.31036, 19.779118], [-16.310933, 19.779113], [-16.310931, 19.778842], [-16.311503, 19.778838], [-16.311506, 19.779109], [-16.311792, 19.779107], [-16.31179, 19.778836], [-16.312362, 19.778832], [-16.31236, 19.778561], [-16.313505, 19.778552], [-16.313496, 19.777468], [-16.313783, 19.777466], [-16.313781, 19.777195], [-16.312922, 19.777201], [-16.312924, 19.777472], [-16.312638, 19.777475], [-16.312635, 19.777204], [-16.312349, 19.777206], [-16.312351, 19.777477], [-16.312065, 19.777479], [-16.312063, 19.777208], [-16.31149, 19.777212], [-16.311492, 19.777483], [-16.31092, 19.777487], [-16.310917, 19.777216], [-16.310058, 19.777222], [-16.310061, 19.777493], [-16.309774, 19.777496], [-16.309779, 19.778038], [-16.309492, 19.77804], [-16.309497, 19.778582], [-16.309211, 19.778584], [-16.309215, 19.779126], [-16.309501, 19.779124], [-16.309506, 19.779666], [-16.310078, 19.779662]]]}, "properties": {"layer": "meadow", "year": 2023, "sat": "S2B", "date": "2023-06-11", "area_ha": 7.74}}, {"type": "Feature", "geometry": {"type": "Polygon", "coordinates": [[[-16.426042, 19.779588], [-16.426038, 19.779046], [-16.426324, 19.779043], [-16.426326, 19.779314], [-16.426613, 19.779312], [-16.42661, 19.779041], [-16.426897, 19.779039], [-16.426892, 19.778497], [-16.426605, 19.778499], [-16.426596, 19.777415], [-16.426882, 19.777413], [-16.42688, 19.777142], [-16.427166, 19.777139], [-16.427159, 19.776326], [-16.427445, 19.776324], [-16.427438, 19.775511], [-16.427152, 19.775513], [-16.427149, 19.775242], [-16.427435, 19.77524], [-16.427433, 19.774969], [-16.42686, 19.774973], [-16.426868, 19.775787], [-16.426581, 19.775789], [-16.426572, 19.774705], [-16.426285, 19.774707], [-16.426293, 19.77552], [-16.42572, 19.775525], [-16.425722, 19.775796], [-16.425436, 19.775798], [-16.425441, 19.77634], [-16.425155, 19.776342], [-16.425157, 19.776613], [-16.424871, 19.776616], [-16.424873, 19.776887], [-16.424587, 19.776889], [-16.424592, 19.777431], [-16.424878, 19.777429], [-16.424885, 19.778242], [-16.425172, 19.778239], [-16.425179, 19.779053], [-16.425465, 19.77905], [-16.425467, 19.779321], [-16.425754, 19.779319], [-16.425756, 19.77959], [-16.426042, 19.779588]], [[-16.425451, 19.777424], [-16.425164, 19.777426], [-16.425159, 19.776884], [-16.425446, 19.776882], [-16.425451, 19.777424]]]}, "properties": {"layer": "meadow", "year": 2023, "sat": "S2B", "date": "2023-06-11", "area_ha": 8.46}}, {"type": "Feature", "geometry": {"type": "Polygon", "coordinates": [[[-16.26623, 19.774828], [-16.266228, 19.774556], [-16.266514, 19.774554], [-16.266512, 19.774283], [-16.267371, 19.774277], [-16.267367, 19.773735], [-16.267081, 19.773737], [-16.267076, 19.773195], [-16.26679, 19.773197], [-16.266792, 19.773468], [-16.266506, 19.77347], [-16.266508, 19.773741], [-16.266222, 19.773743], [-16.266226, 19.774285], [-16.265653, 19.774289], [-16.265655, 19.774561], [-16.265083, 19.774565], [-16.265085, 19.774836], [-16.26623, 19.774828]]]}, "properties": {"layer": "meadow", "year": 2023, "sat": "S2B", "date": "2023-06-11", "area_ha": 1.62}}, {"type": "Feature", "geometry": {"type": "Polygon", "coordinates": [[[-16.312618, 19.775035], [-16.312615, 19.774764], [-16.312902, 19.774762], [-16.312899, 19.774491], [-16.313186, 19.774489], [-16.313181, 19.773947], [-16.313468, 19.773945], [-16.313459, 19.772861], [-16.312886, 19.772865], [-16.312884, 19.772594], [-16.312598, 19.772596], [-16.312602, 19.773138], [-16.312316, 19.77314], [-16.312318, 19.773411], [-16.311745, 19.773415], [-16.311747, 19.773686], [-16.311461, 19.773688], [-16.311466, 19.774231], [-16.311179, 19.774233], [-16.311182, 19.774504], [-16.311754, 19.774499], [-16.311756, 19.77477], [-16.312043, 19.774768], [-16.312045, 19.775039], [-16.312618, 19.775035]]]}, "properties": {"layer": "meadow", "year": 2023, "sat": "S2B", "date": "2023-06-11", "area_ha": 3.6}}, {"type": "Feature", "geometry": {"type": "Polygon", "coordinates": [[[-16.276527, 19.773399], [-16.276525, 19.773128], [-16.277097, 19.773124], [-16.277093, 19.772582], [-16.277666, 19.772578], [-16.277663, 19.772307], [-16.27795, 19.772305], [-16.277948, 19.772034], [-16.277661, 19.772036], [-16.277657, 19.771494], [-16.277084, 19.771498], [-16.277082, 19.771227], [-16.277368, 19.771225], [-16.277366, 19.770954], [-16.276794, 19.770958], [-16.276802, 19.772042], [-16.276516, 19.772044], [-16.276518, 19.772315], [-16.275946, 19.772319], [-16.275948, 19.77259], [-16.275661, 19.772592], [-16.275666, 19.773134], [-16.275952, 19.773132], [-16.275954, 19.773403], [-16.276527, 19.773399]]]}, "properties": {"layer": "meadow", "year": 2023, "sat": "S2B", "date": "2023-06-11", "area_ha": 2.88}}, {"type": "Feature", "geometry": {"type": "Polygon", "coordinates": [[[-16.335225, 19.773513], [-16.33522, 19.772971], [-16.334934, 19.772973], [-16.334925, 19.771889], [-16.335211, 19.771886], [-16.335218, 19.7727], [-16.335504, 19.772697], [-16.335507, 19.772968], [-16.335793, 19.772966], [-16.335791, 19.772695], [-16.337222, 19.772685], [-16.33722, 19.772414], [-16.337506, 19.772411], [-16.337504, 19.77214], [-16.33779, 19.772138], [-16.337786, 19.771596], [-16.338072, 19.771594], [-16.33807, 19.771323], [-16.337497, 19.771327], [-16.33749, 19.770514], [-16.337204, 19.770516], [-16.3372, 19.769974], [-16.336913, 19.769976], [-16.336916, 19.770247], [-16.336629, 19.77025], [-16.336631, 19.770521], [-16.336345, 19.770523], [-16.336347, 19.770794], [-16.335489, 19.7708], [-16.335491, 19.771071], [-16.335204, 19.771073], [-16.335207, 19.771344], [-16.33492, 19.771347], [-16.334923, 19.771618], [-16.334636, 19.77162], [-16.334639, 19.771891], [-16.334352, 19.771893], [-16.334355, 19.772164], [-16.334068, 19.772166], [-16.334071, 19.772437], [-16.333784, 19.772439], [-16.333786, 19.77271], [-16.3335, 19.772712], [-16.333502, 19.772983], [-16.333216, 19.772986], [-16.333214, 19.772714], [-16.332928, 19.772717], [-16.332925, 19.772446], [-16.332353, 19.77245], [-16.33235, 19.772179], [-16.332064, 19.772181], [-16.332062, 19.77191], [-16.331776, 19.771912], [-16.331773, 19.771641], [-16.331487, 19.771643], [-16.331485, 19.771372], [-16.331198, 19.771374], [-16.331196, 19.771103], [-16.33091, 19.771105], [-16.330917, 19.771918], [-16.331203, 19.771916], [-16.331207, 19.772458], [-16.331494, 19.772456], [-16.331496, 19.772727], [-16.332069, 19.772723], [-16.332071, 19.772994], [-16.33293, 19.772988], [-16.332932, 19.773259], [-16.334364, 19.773248], [-16.334366, 19.773519], [-16.335225, 19.773513]], [[-16.335784, 19.771882], [-16.335211, 19.771886], [-16.335209, 19.771615], [-16.335495, 19.771613], [-16.335493, 19.771342], [-16.335779, 19.77134], [-16.335784, 19.771882]]]}, "properties": {"layer": "meadow", "year": 2023, "sat": "S2B", "date": "2023-06-11", "area_ha": 10.17}}, {"type": "Feature", "geometry": {"type": "Polygon", "coordinates": [[[-16.330331, 19.770297], [-16.330326, 19.769754], [-16.33004, 19.769757], [-16.330038, 19.769486], [-16.329179, 19.769492], [-16.329176, 19.769221], [-16.32889, 19.769223], [-16.328892, 19.769494], [-16.328606, 19.769496], [-16.328608, 19.769767], [-16.329181, 19.769763], [-16.329183, 19.770034], [-16.329756, 19.77003], [-16.329758, 19.770301], [-16.330331, 19.770297]]]}, "properties": {"layer": "meadow", "year": 2023, "sat": "S2B", "date": "2023-06-11", "area_ha": 1.08}}, {"type": "Feature", "geometry": {"type": "Polygon", "coordinates": [[[-16.428523, 19.768726], [-16.428496, 19.765745], [-16.42821, 19.765747], [-16.428212, 19.766018], [-16.427926, 19.766021], [-16.42795, 19.768731], [-16.428523, 19.768726]]]}, "properties": {"layer": "meadow", "year": 2023, "sat": "S2B", "date": "2023-06-11", "area_ha": 1.89}}, {"type": "Feature", "geometry": {"type": "Polygon", "coordinates": [[[-16.309404, 19.767198], [-16.309399, 19.766656], [-16.308827, 19.76666], [-16.308825, 19.766389], [-16.308252, 19.766394], [-16.308259, 19.767207], [-16.309404, 19.767198]]]}, "properties": {"layer": "meadow", "year": 2023, "sat": "S2B", "date": "2023-06-11", "area_ha": 0.9}}, {"type": "Feature", "geometry": {"type": "Polygon", "coordinates": [[[-16.27562, 19.767442], [-16.275616, 19.7669], [-16.275902, 19.766898], [-16.275896, 19.766085], [-16.275323, 19.766089], [-16.27533, 19.766902], [-16.275043, 19.766904], [-16.275048, 19.767446], [-16.27562, 19.767442]]]}, "properties": {"layer": "meadow", "year": 2023, "sat": "S2B", "date": "2023-06-11", "area_ha": 0.9}}, {"type": "Feature", "geometry": {"type": "Polygon", "coordinates": [[[-16.430211, 19.76546], [-16.430207, 19.764918], [-16.430493, 19.764916], [-16.430486, 19.764103], [-16.430199, 19.764105], [-16.430202, 19.764376], [-16.429915, 19.764378], [-16.42992, 19.76492], [-16.429634, 19.764923], [-16.429639, 19.765465], [-16.430211, 19.76546]]]}, "properties": {"layer": "meadow", "year": 2023, "sat": "S2B", "date": "2023-06-11", "area_ha": 0.81}}, {"type": "Feature", "geometry": {"type": "Polygon", "coordinates": [[[-16.334298, 19.765388], [-16.334296, 19.765117], [-16.334869, 19.765113], [-16.334862, 19.7643], [-16.334575, 19.764302], [-16.334578, 19.764573], [-16.334291, 19.764575], [-16.334294, 19.764846], [-16.334007, 19.764848], [-16.334005, 19.764577], [-16.333433, 19.764581], [-16.333435, 19.764852], [-16.333149, 19.764855], [-16.333153, 19.765397], [-16.333726, 19.765392], [-16.333723, 19.765121], [-16.33401, 19.765119], [-16.334012, 19.76539], [-16.334298, 19.765388]]]}, "properties": {"layer": "meadow", "year": 2023, "sat": "S2B", "date": "2023-06-11", "area_ha": 1.26}}, {"type": "Feature", "geometry": {"type": "Polygon", "coordinates": [[[-16.344332, 19.766939], [-16.34433, 19.766668], [-16.344616, 19.766666], [-16.344614, 19.766395], [-16.3449, 19.766393], [-16.344896, 19.765851], [-16.344609, 19.765853], [-16.344598, 19.764498], [-16.344312, 19.7645], [-16.344309, 19.764229], [-16.342878, 19.76424], [-16.342876, 19.763969], [-16.342017, 19.763975], [-16.342014, 19.763704], [-16.341442, 19.763708], [-16.341449, 19.764521], [-16.341735, 19.764519], [-16.34174, 19.765061], [-16.342026, 19.765059], [-16.342028, 19.76533], [-16.342314, 19.765328], [-16.342317, 19.765599], [-16.343176, 19.765593], [-16.343185, 19.766677], [-16.343471, 19.766675], [-16.343473, 19.766946], [-16.344332, 19.766939]], [[-16.344614, 19.766395], [-16.344328, 19.766397], [-16.344325, 19.766126], [-16.344612, 19.766124], [-16.344614, 19.766395]], [[-16.344041, 19.766399], [-16.343755, 19.766401], [-16.343753, 19.76613], [-16.344039, 19.766128], [-16.344041, 19.766399]]]}, "properties": {"layer": "meadow", "year": 2023, "sat": "S2B", "date": "2023-06-11", "area_ha": 6.93}}, {"type": "Feature", "geometry": {"type": "Polygon", "coordinates": [[[-16.276757, 19.76635], [-16.276746, 19.764995], [-16.277319, 19.764991], [-16.277317, 19.76472], [-16.27703, 19.764722], [-16.277028, 19.764451], [-16.276456, 19.764455], [-16.276453, 19.764184], [-16.27674, 19.764182], [-16.276738, 19.763911], [-16.277024, 19.763909], [-16.277026, 19.76418], [-16.277312, 19.764178], [-16.277306, 19.763364], [-16.276733, 19.763369], [-16.276731, 19.763097], [-16.276445, 19.7631], [-16.276447, 19.763371], [-16.276161, 19.763373], [-16.276158, 19.763102], [-16.275586, 19.763106], [-16.275588, 19.763377], [-16.275015, 19.763381], [-16.275024, 19.764465], [-16.274738, 19.764467], [-16.274746, 19.765551], [-16.275033, 19.765549], [-16.275035, 19.76582], [-16.275321, 19.765818], [-16.275319, 19.765547], [-16.275892, 19.765543], [-16.275896, 19.766085], [-16.276182, 19.766083], [-16.276184, 19.766354], [-16.276757, 19.76635]]]}, "properties": {"layer": "meadow", "year": 2023, "sat": "S2B", "date": "2023-06-11", "area_ha": 6.39}}, {"type": "Feature", "geometry": {"type": "Polygon", "coordinates": [[[-16.328315, 19.768956], [-16.328313, 19.768685], [-16.328886, 19.768681], [-16.328883, 19.76841], [-16.32917, 19.768408], [-16.329167, 19.768137], [-16.329454, 19.768135], [-16.329456, 19.768406], [-16.330315, 19.768399], [-16.330317, 19.76867], [-16.330603, 19.768668], [-16.330601, 19.768397], [-16.33146, 19.768391], [-16.331458, 19.76812], [-16.331744, 19.768118], [-16.33174, 19.767576], [-16.332026, 19.767573], [-16.332024, 19.767302], [-16.33231, 19.7673], [-16.332308, 19.767029], [-16.33288, 19.767025], [-16.332885, 19.767567], [-16.333171, 19.767565], [-16.333169, 19.767294], [-16.333455, 19.767292], [-16.333453, 19.767021], [-16.333739, 19.767019], [-16.333735, 19.766476], [-16.334021, 19.766474], [-16.334019, 19.766203], [-16.333732, 19.766205], [-16.333728, 19.765663], [-16.333155, 19.765668], [-16.333153, 19.765397], [-16.332294, 19.765403], [-16.332296, 19.765674], [-16.33201, 19.765676], [-16.332006, 19.765134], [-16.331719, 19.765136], [-16.331717, 19.764865], [-16.33229, 19.764861], [-16.332283, 19.764048], [-16.331997, 19.76405], [-16.331994, 19.763779], [-16.331708, 19.763781], [-16.331706, 19.76351], [-16.331133, 19.763514], [-16.331135, 19.763785], [-16.330849, 19.763787], [-16.330851, 19.764058], [-16.330279, 19.764063], [-16.330277, 19.763792], [-16.32999, 19.763794], [-16.329988, 19.763523], [-16.329702, 19.763525], [-16.329704, 19.763796], [-16.328559, 19.763804], [-16.328557, 19.763533], [-16.327984, 19.763538], [-16.327982, 19.763267], [-16.327696, 19.763269], [-16.327693, 19.762998], [-16.328266, 19.762993], [-16.328261, 19.762451], [-16.327689, 19.762456], [-16.327687, 19.762185], [-16.326828, 19.762191], [-16.32683, 19.762462], [-16.327402, 19.762458], [-16.327407, 19.763], [-16.326548, 19.763006], [-16.32655, 19.763277], [-16.326264, 19.763279], [-16.326266, 19.76355], [-16.325407, 19.763557], [-16.325405, 19.763286], [-16.325119, 19.763288], [-16.325117, 19.763017], [-16.32483, 19.763019], [-16.324828, 19.762748], [-16.323969, 19.762754], [-16.323967, 19.762483], [-16.323681, 19.762485], [-16.323683, 19.762756], [-16.323397, 19.762758], [-16.323399, 19.76303], [-16.323113, 19.763032], [-16.323119, 19.763845], [-16.323406, 19.763843], [-16.32341, 19.764385], [-16.323696, 19.764383], [-16.323699, 19.764654], [-16.323985, 19.764651], [-16.323989, 19.765194], [-16.325135, 19.765185], [-16.325137, 19.765456], [-16.325423, 19.765454], [-16.325421, 19.765183], [-16.325707, 19.765181], [-16.325705, 19.76491], [-16.325991, 19.764908], [-16.325993, 19.765179], [-16.32628, 19.765177], [-16.326282, 19.765448], [-16.327427, 19.765439], [-16.327425, 19.765168], [-16.327711, 19.765166], [-16.327709, 19.764895], [-16.328282, 19.764891], [-16.328284, 19.765162], [-16.327998, 19.765164], [-16.328002, 19.765706], [-16.327716, 19.765708], [-16.327722, 19.766521], [-16.327436, 19.766523], [-16.327438, 19.766794], [-16.326866, 19.766799], [-16.32687, 19.767341], [-16.326584, 19.767343], [-16.326588, 19.767885], [-16.326875, 19.767883], [-16.326879, 19.768425], [-16.327166, 19.768423], [-16.32717, 19.768965], [-16.328315, 19.768956]], [[-16.329147, 19.765697], [-16.328575, 19.765702], [-16.328572, 19.765431], [-16.328286, 19.765433], [-16.328284, 19.765162], [-16.329143, 19.765155], [-16.329147, 19.765697]], [[-16.327986, 19.763809], [-16.3277, 19.763811], [-16.327698, 19.76354], [-16.327984, 19.763538], [-16.327986, 19.763809]]]}, "properties": {"layer": "meadow", "year": 2023, "sat": "S2B", "date": "2023-06-11", "area_ha": 40.14}}, {"type": "Feature", "geometry": {"type": "Polygon", "coordinates": [[[-16.335139, 19.763213], [-16.335137, 19.762942], [-16.335423, 19.76294], [-16.335419, 19.762398], [-16.335705, 19.762396], [-16.335703, 19.762125], [-16.335989, 19.762123], [-16.335987, 19.761852], [-16.336273, 19.76185], [-16.336268, 19.761308], [-16.335696, 19.761312], [-16.335698, 19.761583], [-16.335125, 19.761587], [-16.335128, 19.761858], [-16.334841, 19.76186], [-16.334844, 19.762131], [-16.334557, 19.762133], [-16.334564, 19.762947], [-16.33485, 19.762944], [-16.334853, 19.763216], [-16.335139, 19.763213]]]}, "properties": {"layer": "meadow", "year": 2023, "sat": "S2B", "date": "2023-06-11", "area_ha": 1.89}}, {"type": "Feature", "geometry": {"type": "Polygon", "coordinates": [[[-16.336848, 19.762116], [-16.336845, 19.761845], [-16.337132, 19.761843], [-16.337123, 19.760759], [-16.337409, 19.760757], [-16.337407, 19.760486], [-16.336834, 19.76049], [-16.336836, 19.760761], [-16.33655, 19.760763], [-16.336552, 19.761034], [-16.336266, 19.761037], [-16.336268, 19.761308], [-16.336841, 19.761303], [-16.336843, 19.761574], [-16.336557, 19.761576], [-16.336561, 19.762119], [-16.336848, 19.762116]]]}, "properties": {"layer": "meadow", "year": 2023, "sat": "S2B", "date": "2023-06-11", "area_ha": 0.99}}, {"type": "Feature", "geometry": {"type": "Polygon", "coordinates": [[[-16.340872, 19.763984], [-16.340865, 19.763171], [-16.341151, 19.763168], [-16.341149, 19.762897], [-16.341721, 19.762893], [-16.341719, 19.762622], [-16.342005, 19.76262], [-16.342001, 19.762078], [-16.340569, 19.762089], [-16.340567, 19.761818], [-16.340281, 19.76182], [-16.340272, 19.760736], [-16.339986, 19.760738], [-16.339979, 19.759925], [-16.339406, 19.759929], [-16.339408, 19.7602], [-16.339695, 19.760198], [-16.339697, 19.760469], [-16.339124, 19.760473], [-16.339127, 19.760744], [-16.339413, 19.760742], [-16.339418, 19.761284], [-16.339131, 19.761286], [-16.339136, 19.761828], [-16.339422, 19.761826], [-16.339431, 19.76291], [-16.339717, 19.762908], [-16.33972, 19.763179], [-16.340006, 19.763177], [-16.34001, 19.763719], [-16.340297, 19.763717], [-16.340299, 19.763988], [-16.340872, 19.763984]]]}, "properties": {"layer": "meadow", "year": 2023, "sat": "S2B", "date": "2023-06-11", "area_ha": 5.67}}, {"type": "Feature", "geometry": {"type": "Polygon", "coordinates": [[[-16.27759, 19.763091], [-16.277583, 19.762278], [-16.27787, 19.762276], [-16.277865, 19.761734], [-16.278438, 19.76173], [-16.27844, 19.762001], [-16.278726, 19.761999], [-16.278722, 19.761457], [-16.279008, 19.761455], [-16.278998, 19.7601], [-16.279284, 19.760098], [-16.279286, 19.760369], [-16.279572, 19.760367], [-16.279562, 19.759011], [-16.280134, 19.759007], [-16.280132, 19.758736], [-16.279846, 19.758738], [-16.279841, 19.758196], [-16.279269, 19.7582], [-16.279271, 19.758471], [-16.278985, 19.758473], [-16.278976, 19.757389], [-16.279262, 19.757387], [-16.279258, 19.756845], [-16.278972, 19.756847], [-16.278974, 19.757118], [-16.278688, 19.75712], [-16.278692, 19.757662], [-16.278406, 19.757664], [-16.278408, 19.757935], [-16.278122, 19.757938], [-16.278124, 19.758209], [-16.277837, 19.758211], [-16.27784, 19.758482], [-16.278698, 19.758476], [-16.278701, 19.758747], [-16.278414, 19.758749], [-16.278421, 19.759562], [-16.278134, 19.759564], [-16.278141, 19.760377], [-16.278427, 19.760375], [-16.278429, 19.760646], [-16.278143, 19.760648], [-16.278145, 19.760919], [-16.277859, 19.760921], [-16.277863, 19.761463], [-16.277577, 19.761465], [-16.277581, 19.762007], [-16.277295, 19.762009], [-16.277304, 19.763093], [-16.27759, 19.763091]]]}, "properties": {"layer": "meadow", "year": 2023, "sat": "S2B", "date": "2023-06-11", "area_ha": 6.39}}, {"type": "Feature", "geometry": {"type": "Polygon", "coordinates": [[[-16.340813, 19.756937], [-16.34081, 19.756666], [-16.341097, 19.756664], [-16.341088, 19.755579], [-16.341374, 19.755577], [-16.341369, 19.755035], [-16.341656, 19.755033], [-16.341649, 19.75422], [-16.341363, 19.754222], [-16.341367, 19.754764], [-16.341081, 19.754766], [-16.341076, 19.754224], [-16.340218, 19.754231], [-16.34022, 19.754502], [-16.339647, 19.754506], [-16.339649, 19.754777], [-16.340795, 19.754769], [-16.340797, 19.75504], [-16.339079, 19.755052], [-16.339081, 19.755323], [-16.338795, 19.755326], [-16.338793, 19.755055], [-16.33822, 19.755059], [-16.338218, 19.754788], [-16.337932, 19.75479], [-16.33793, 19.754519], [-16.337643, 19.754521], [-16.337646, 19.754792], [-16.337359, 19.754794], [-16.337364, 19.755336], [-16.33765, 19.755334], [-16.337652, 19.755605], [-16.33708, 19.755609], [-16.337082, 19.75588], [-16.337368, 19.755878], [-16.337371, 19.756149], [-16.338229, 19.756143], [-16.338227, 19.755872], [-16.3388, 19.755868], [-16.338797, 19.755597], [-16.339084, 19.755594], [-16.339086, 19.755866], [-16.339372, 19.755863], [-16.339375, 19.756134], [-16.339661, 19.756132], [-16.339663, 19.756403], [-16.339949, 19.756401], [-16.339952, 19.756672], [-16.340524, 19.756668], [-16.340526, 19.756939], [-16.340813, 19.756937]], [[-16.337941, 19.755874], [-16.337655, 19.755876], [-16.337652, 19.755605], [-16.337939, 19.755603], [-16.337941, 19.755874]]]}, "properties": {"layer": "meadow", "year": 2023, "sat": "S2B", "date": "2023-06-11", "area_ha": 6.66}}, {"type": "Feature", "geometry": {"type": "Polygon", "coordinates": [[[-16.464187, 19.755157], [-16.464184, 19.754886], [-16.464471, 19.754884], [-16.464468, 19.754613], [-16.464755, 19.75461], [-16.464752, 19.754339], [-16.465325, 19.754335], [-16.46532, 19.753793], [-16.465033, 19.753795], [-16.465031, 19.753524], [-16.464745, 19.753526], [-16.464735, 19.752442], [-16.464162, 19.752447], [-16.464165, 19.752718], [-16.463878, 19.75272], [-16.463881, 19.752991], [-16.463595, 19.752994], [-16.463592, 19.752723], [-16.463306, 19.752725], [-16.463311, 19.753267], [-16.463025, 19.753269], [-16.46303, 19.753811], [-16.463316, 19.753809], [-16.463318, 19.75408], [-16.463032, 19.754082], [-16.463035, 19.754353], [-16.462748, 19.754356], [-16.462751, 19.754627], [-16.463037, 19.754624], [-16.463039, 19.754895], [-16.463326, 19.754893], [-16.463328, 19.755164], [-16.463614, 19.755162], [-16.463612, 19.754891], [-16.463898, 19.754888], [-16.463901, 19.755159], [-16.464187, 19.755157]]]}, "properties": {"layer": "meadow", "year": 2023, "sat": "S2B", "date": "2023-06-11", "area_ha": 4.77}}, {"type": "Feature", "geometry": {"type": "Polygon", "coordinates": [[[-16.294127, 19.75457], [-16.294121, 19.753757], [-16.294407, 19.753755], [-16.294405, 19.753484], [-16.293832, 19.753488], [-16.293834, 19.753759], [-16.293548, 19.753761], [-16.29355, 19.754032], [-16.293264, 19.754034], [-16.293266, 19.754305], [-16.293552, 19.754303], [-16.293555, 19.754574], [-16.294127, 19.75457]]]}, "properties": {"layer": "meadow", "year": 2023, "sat": "S2B", "date": "2023-06-11", "area_ha": 0.81}}, {"type": "Feature", "geometry": {"type": "Polygon", "coordinates": [[[-16.336512, 19.756156], [-16.336507, 19.755614], [-16.336221, 19.755616], [-16.336214, 19.754803], [-16.335642, 19.754807], [-16.335639, 19.754536], [-16.335353, 19.754538], [-16.335351, 19.754267], [-16.335065, 19.754269], [-16.335062, 19.753998], [-16.334204, 19.754005], [-16.334199, 19.753463], [-16.33334, 19.753469], [-16.333338, 19.753198], [-16.332765, 19.753202], [-16.332763, 19.752931], [-16.331904, 19.752938], [-16.331907, 19.753209], [-16.332193, 19.753206], [-16.332195, 19.753477], [-16.332481, 19.753475], [-16.332484, 19.753746], [-16.33277, 19.753744], [-16.332777, 19.754557], [-16.333063, 19.754555], [-16.333065, 19.754826], [-16.332779, 19.754828], [-16.332781, 19.755099], [-16.332209, 19.755104], [-16.332206, 19.754833], [-16.33192, 19.754835], [-16.331925, 19.755377], [-16.331638, 19.755379], [-16.331641, 19.75565], [-16.331354, 19.755652], [-16.331357, 19.755923], [-16.331643, 19.755921], [-16.331645, 19.756192], [-16.333363, 19.756179], [-16.33336, 19.755908], [-16.335078, 19.755895], [-16.335076, 19.755624], [-16.335362, 19.755622], [-16.335367, 19.756164], [-16.336512, 19.756156]]]}, "properties": {"layer": "meadow", "year": 2023, "sat": "S2B", "date": "2023-06-11", "area_ha": 10.35}}, {"type": "Feature", "geometry": {"type": "Polygon", "coordinates": [[[-16.477335, 19.752881], [-16.477332, 19.75261], [-16.477619, 19.752607], [-16.477616, 19.752336], [-16.477044, 19.752341], [-16.477041, 19.75207], [-16.476755, 19.752072], [-16.476757, 19.752343], [-16.475899, 19.75235], [-16.475896, 19.752079], [-16.475324, 19.752084], [-16.475321, 19.751813], [-16.474462, 19.75182], [-16.474467, 19.752362], [-16.475612, 19.752353], [-16.475615, 19.752624], [-16.476474, 19.752617], [-16.476476, 19.752888], [-16.477335, 19.752881]]]}, "properties": {"layer": "meadow", "year": 2023, "sat": "S2B", "date": "2023-06-11", "area_ha": 1.71}}, {"type": "Feature", "geometry": {"type": "Polygon", "coordinates": [[[-16.333908, 19.752923], [-16.333906, 19.752652], [-16.33362, 19.752654], [-16.333617, 19.752383], [-16.333331, 19.752385], [-16.333329, 19.752114], [-16.333043, 19.752116], [-16.333038, 19.751574], [-16.332752, 19.751576], [-16.332754, 19.751847], [-16.332468, 19.751849], [-16.33247, 19.75212], [-16.332756, 19.752118], [-16.332759, 19.752389], [-16.333045, 19.752387], [-16.333047, 19.752658], [-16.333333, 19.752656], [-16.333336, 19.752927], [-16.333908, 19.752923]]]}, "properties": {"layer": "meadow", "year": 2023, "sat": "S2B", "date": "2023-06-11", "area_ha": 0.81}}, {"type": "Feature", "geometry": {"type": "Polygon", "coordinates": [[[-16.44181, 19.749918], [-16.441808, 19.749647], [-16.441521, 19.749649], [-16.441519, 19.749378], [-16.441233, 19.74938], [-16.441235, 19.749651], [-16.440376, 19.749658], [-16.440379, 19.749929], [-16.44181, 19.749918]]]}, "properties": {"layer": "meadow", "year": 2023, "sat": "S2B", "date": "2023-06-11", "area_ha": 0.54}}, {"type": "Feature", "geometry": {"type": "Polygon", "coordinates": [[[-16.442094, 19.749644], [-16.442091, 19.749373], [-16.442378, 19.749371], [-16.442375, 19.7491], [-16.442661, 19.749098], [-16.442659, 19.748827], [-16.442945, 19.748824], [-16.442943, 19.748553], [-16.442084, 19.74856], [-16.442089, 19.749102], [-16.441803, 19.749105], [-16.441808, 19.749647], [-16.442094, 19.749644]]]}, "properties": {"layer": "meadow", "year": 2023, "sat": "S2B", "date": "2023-06-11", "area_ha": 0.72}}, {"type": "Feature", "geometry": {"type": "Polygon", "coordinates": [[[-16.48127, 19.744988], [-16.481267, 19.744717], [-16.480981, 19.744719], [-16.480976, 19.744177], [-16.481262, 19.744175], [-16.48126, 19.743904], [-16.480687, 19.743909], [-16.480697, 19.744993], [-16.48127, 19.744988]]]}, "properties": {"layer": "meadow", "year": 2023, "sat": "S2B", "date": "2023-06-11", "area_ha": 0.54}}, {"type": "Feature", "geometry": {"type": "Polygon", "coordinates": [[[-16.482412, 19.744708], [-16.48241, 19.744437], [-16.482696, 19.744434], [-16.482694, 19.744163], [-16.48298, 19.744161], [-16.482977, 19.74389], [-16.483264, 19.743887], [-16.483261, 19.743616], [-16.482402, 19.743623], [-16.482405, 19.743895], [-16.482119, 19.743897], [-16.482121, 19.744168], [-16.481835, 19.74417], [-16.481832, 19.743899], [-16.481546, 19.743902], [-16.481549, 19.744173], [-16.481262, 19.744175], [-16.481267, 19.744717], [-16.482412, 19.744708]]]}, "properties": {"layer": "meadow", "year": 2023, "sat": "S2B", "date": "2023-06-11", "area_ha": 1.44}}, {"type": "Feature", "geometry": {"type": "Polygon", "coordinates": [[[-16.484983, 19.744144], [-16.484981, 19.743873], [-16.485267, 19.743871], [-16.485265, 19.7436], [-16.484978, 19.743602], [-16.484976, 19.743331], [-16.48469, 19.743334], [-16.484687, 19.743062], [-16.485546, 19.743055], [-16.485543, 19.742784], [-16.486402, 19.742777], [-16.4864, 19.742506], [-16.484968, 19.742518], [-16.484971, 19.742789], [-16.484112, 19.742796], [-16.484115, 19.743067], [-16.483828, 19.74307], [-16.483833, 19.743612], [-16.483547, 19.743614], [-16.48355, 19.743885], [-16.483836, 19.743883], [-16.483838, 19.744154], [-16.484983, 19.744144]], [[-16.484692, 19.743605], [-16.48412, 19.743609], [-16.484117, 19.743338], [-16.48469, 19.743334], [-16.484692, 19.743605]]]}, "properties": {"layer": "meadow", "year": 2023, "sat": "S2B", "date": "2023-06-11", "area_ha": 2.25}}, {"type": "Feature", "geometry": {"type": "Polygon", "coordinates": [[[-16.288599, 19.743496], [-16.288597, 19.743225], [-16.288883, 19.743223], [-16.288878, 19.742681], [-16.288306, 19.742685], [-16.28831, 19.743228], [-16.287738, 19.743232], [-16.28774, 19.743503], [-16.288599, 19.743496]]]}, "properties": {"layer": "meadow", "year": 2023, "sat": "S2B", "date": "2023-06-11", "area_ha": 0.63}}, {"type": "Feature", "geometry": {"type": "Polygon", "coordinates": [[[-16.286075, 19.75002], [-16.28607, 19.749478], [-16.286356, 19.749476], [-16.286359, 19.749747], [-16.286645, 19.749745], [-16.286643, 19.749474], [-16.287215, 19.74947], [-16.287217, 19.749741], [-16.287504, 19.749739], [-16.287499, 19.749197], [-16.287786, 19.749194], [-16.287781, 19.748652], [-16.288068, 19.74865], [-16.288065, 19.748379], [-16.288638, 19.748375], [-16.288636, 19.748104], [-16.288922, 19.748102], [-16.288918, 19.74756], [-16.289776, 19.747554], [-16.289779, 19.747825], [-16.290065, 19.747823], [-16.290061, 19.747281], [-16.289488, 19.747285], [-16.289484, 19.746743], [-16.290056, 19.746739], [-16.290054, 19.746468], [-16.288336, 19.74648], [-16.288334, 19.746209], [-16.288048, 19.746211], [-16.288046, 19.74594], [-16.289191, 19.745932], [-16.289186, 19.74539], [-16.2889, 19.745392], [-16.288898, 19.745121], [-16.289184, 19.745119], [-16.289178, 19.744305], [-16.289464, 19.744303], [-16.289462, 19.744032], [-16.289748, 19.74403], [-16.289742, 19.743217], [-16.290028, 19.743215], [-16.290023, 19.742673], [-16.289451, 19.742677], [-16.289453, 19.742948], [-16.289167, 19.74295], [-16.289171, 19.743492], [-16.288885, 19.743494], [-16.288887, 19.743765], [-16.288315, 19.74377], [-16.288319, 19.744312], [-16.288033, 19.744314], [-16.288035, 19.744585], [-16.287176, 19.744591], [-16.287174, 19.74432], [-16.28746, 19.744318], [-16.287458, 19.744047], [-16.287172, 19.744049], [-16.28717, 19.743778], [-16.286883, 19.74378], [-16.286881, 19.743509], [-16.286595, 19.743511], [-16.286593, 19.74324], [-16.286306, 19.743242], [-16.286304, 19.742971], [-16.286018, 19.742973], [-16.286014, 19.742431], [-16.285727, 19.742433], [-16.28573, 19.742704], [-16.285443, 19.742706], [-16.285439, 19.742164], [-16.284867, 19.742168], [-16.284871, 19.74271], [-16.284298, 19.742714], [-16.284296, 19.742443], [-16.28401, 19.742445], [-16.284008, 19.742174], [-16.283149, 19.74218], [-16.283153, 19.742722], [-16.28344, 19.74272], [-16.283444, 19.743262], [-16.28373, 19.74326], [-16.283739, 19.744345], [-16.284025, 19.744342], [-16.284029, 19.744885], [-16.284316, 19.744883], [-16.28432, 19.745425], [-16.284606, 19.745423], [-16.284613, 19.746236], [-16.284899, 19.746234], [-16.284901, 19.746505], [-16.28576, 19.746498], [-16.285764, 19.747041], [-16.285192, 19.747045], [-16.285201, 19.748129], [-16.285487, 19.748127], [-16.285495, 19.749211], [-16.285782, 19.749209], [-16.285788, 19.750022], [-16.286075, 19.75002]], [[-16.288636, 19.748104], [-16.288349, 19.748106], [-16.288347, 19.747835], [-16.288634, 19.747833], [-16.288636, 19.748104]], [[-16.288913, 19.747018], [-16.288627, 19.74702], [-16.288625, 19.746749], [-16.288911, 19.746747], [-16.288913, 19.747018]], [[-16.288039, 19.745127], [-16.287753, 19.745129], [-16.287751, 19.744858], [-16.288037, 19.744856], [-16.288039, 19.745127]], [[-16.286599, 19.744053], [-16.286313, 19.744055], [-16.286311, 19.743784], [-16.286597, 19.743782], [-16.286599, 19.744053]]]}, "properties": {"layer": "meadow", "year": 2023, "sat": "S2B", "date": "2023-06-11", "area_ha": 31.23}}, {"type": "Feature", "geometry": {"type": "Polygon", "coordinates": [[[-16.329878, 19.750242], [-16.329876, 19.749971], [-16.330162, 19.749969], [-16.33016, 19.749698], [-16.330446, 19.749696], [-16.330444, 19.749425], [-16.33073, 19.749423], [-16.330728, 19.749152], [-16.331014, 19.749149], [-16.33101, 19.748607], [-16.330437, 19.748612], [-16.330442, 19.749154], [-16.329296, 19.749162], [-16.329292, 19.74862], [-16.329006, 19.748622], [-16.329001, 19.74808], [-16.329288, 19.748078], [-16.329285, 19.747807], [-16.328999, 19.747809], [-16.328995, 19.747267], [-16.329567, 19.747263], [-16.329565, 19.746992], [-16.330996, 19.746981], [-16.330992, 19.746439], [-16.330419, 19.746443], [-16.330417, 19.746172], [-16.330703, 19.74617], [-16.330701, 19.745899], [-16.330415, 19.745901], [-16.330412, 19.74563], [-16.330126, 19.745632], [-16.330117, 19.744548], [-16.330403, 19.744546], [-16.330399, 19.744004], [-16.330113, 19.744006], [-16.33011, 19.743735], [-16.330397, 19.743733], [-16.330394, 19.743462], [-16.330967, 19.743458], [-16.33096, 19.742645], [-16.331246, 19.742642], [-16.331244, 19.742371], [-16.331817, 19.742367], [-16.331814, 19.742096], [-16.332101, 19.742094], [-16.332096, 19.741552], [-16.332382, 19.74155], [-16.332376, 19.740737], [-16.330944, 19.740747], [-16.330949, 19.741289], [-16.331235, 19.741287], [-16.331237, 19.741558], [-16.330951, 19.74156], [-16.330953, 19.741831], [-16.330667, 19.741834], [-16.330669, 19.742105], [-16.330097, 19.742109], [-16.330095, 19.741838], [-16.329522, 19.741842], [-16.329518, 19.7413], [-16.329231, 19.741302], [-16.329229, 19.741031], [-16.328943, 19.741033], [-16.328945, 19.741304], [-16.328373, 19.741309], [-16.328375, 19.74158], [-16.328089, 19.741582], [-16.328093, 19.742124], [-16.327807, 19.742126], [-16.327802, 19.741584], [-16.327516, 19.741586], [-16.327514, 19.741315], [-16.327228, 19.741317], [-16.327225, 19.741046], [-16.326653, 19.74105], [-16.326655, 19.741321], [-16.326369, 19.741323], [-16.326373, 19.741865], [-16.326087, 19.741868], [-16.326089, 19.742139], [-16.325803, 19.742141], [-16.325805, 19.742412], [-16.325519, 19.742414], [-16.325524, 19.742956], [-16.325237, 19.742958], [-16.32524, 19.743229], [-16.325526, 19.743227], [-16.325528, 19.743498], [-16.326673, 19.74349], [-16.326675, 19.743761], [-16.326389, 19.743763], [-16.326398, 19.744847], [-16.326971, 19.744843], [-16.326973, 19.745114], [-16.327545, 19.745109], [-16.327548, 19.74538], [-16.328693, 19.745372], [-16.328704, 19.746727], [-16.327559, 19.746736], [-16.327556, 19.746465], [-16.326411, 19.746473], [-16.326409, 19.746202], [-16.325837, 19.746206], [-16.325832, 19.745664], [-16.325546, 19.745666], [-16.325544, 19.745395], [-16.325257, 19.745397], [-16.325255, 19.745126], [-16.324969, 19.745128], [-16.324978, 19.746213], [-16.325264, 19.746211], [-16.325266, 19.746482], [-16.32498, 19.746484], [-16.324987, 19.747297], [-16.324701, 19.747299], [-16.324705, 19.747841], [-16.324419, 19.747843], [-16.324421, 19.748114], [-16.324707, 19.748112], [-16.324712, 19.748654], [-16.325571, 19.748648], [-16.325568, 19.748377], [-16.325855, 19.748375], [-16.325852, 19.748104], [-16.326139, 19.748101], [-16.326141, 19.748372], [-16.326427, 19.74837], [-16.326429, 19.748641], [-16.328433, 19.748626], [-16.328435, 19.748898], [-16.328722, 19.748895], [-16.328724, 19.749166], [-16.328438, 19.749169], [-16.328444, 19.749982], [-16.328731, 19.74998], [-16.328733, 19.750251], [-16.329878, 19.750242]], [[-16.329545, 19.744552], [-16.329258, 19.744555], [-16.329256, 19.744284], [-16.32897, 19.744286], [-16.328968, 19.744015], [-16.32954, 19.74401], [-16.329545, 19.744552]]]}, "properties": {"layer": "meadow", "year": 2023, "sat": "S2B", "date": "2023-06-11", "area_ha": 39.42}}, {"type": "Feature", "geometry": {"type": "Polygon", "coordinates": [[[-16.295792, 19.748053], [-16.29579, 19.747781], [-16.296076, 19.747779], [-16.296074, 19.747508], [-16.297219, 19.7475], [-16.297217, 19.747229], [-16.297503, 19.747227], [-16.297495, 19.746143], [-16.297208, 19.746145], [-16.297202, 19.745332], [-16.296916, 19.745334], [-16.296911, 19.744792], [-16.297484, 19.744788], [-16.297481, 19.744517], [-16.297768, 19.744514], [-16.29777, 19.744786], [-16.298056, 19.744783], [-16.298058, 19.745055], [-16.298345, 19.745052], [-16.29834, 19.74451], [-16.298627, 19.744508], [-16.298622, 19.743966], [-16.298336, 19.743968], [-16.298334, 19.743697], [-16.29862, 19.743695], [-16.298618, 19.743424], [-16.29919, 19.74342], [-16.299192, 19.743691], [-16.299479, 19.743689], [-16.299477, 19.743418], [-16.299763, 19.743416], [-16.299758, 19.742874], [-16.300045, 19.742872], [-16.300042, 19.742601], [-16.300329, 19.742599], [-16.300322, 19.741785], [-16.300036, 19.741788], [-16.300038, 19.742059], [-16.299752, 19.742061], [-16.299747, 19.741519], [-16.30032, 19.741514], [-16.300316, 19.740972], [-16.300888, 19.740968], [-16.300886, 19.740697], [-16.301458, 19.740693], [-16.301454, 19.740151], [-16.300023, 19.740161], [-16.300025, 19.740432], [-16.299452, 19.740436], [-16.299455, 19.740708], [-16.298596, 19.740714], [-16.2986, 19.741256], [-16.298028, 19.74126], [-16.29803, 19.741531], [-16.297744, 19.741533], [-16.297746, 19.741804], [-16.297173, 19.741808], [-16.297176, 19.742079], [-16.296603, 19.742083], [-16.296601, 19.741812], [-16.296315, 19.741814], [-16.296317, 19.742086], [-16.295744, 19.74209], [-16.295746, 19.742361], [-16.29546, 19.742363], [-16.295462, 19.742634], [-16.295749, 19.742632], [-16.295753, 19.743174], [-16.295467, 19.743176], [-16.295471, 19.743718], [-16.294899, 19.743722], [-16.294905, 19.744535], [-16.294619, 19.744537], [-16.294621, 19.744808], [-16.293762, 19.744815], [-16.29376, 19.744543], [-16.293474, 19.744546], [-16.293469, 19.744003], [-16.293183, 19.744006], [-16.293179, 19.743463], [-16.292606, 19.743468], [-16.292609, 19.743739], [-16.292895, 19.743737], [-16.292897, 19.744008], [-16.292611, 19.74401], [-16.292613, 19.744281], [-16.291468, 19.744289], [-16.29147, 19.74456], [-16.291184, 19.744562], [-16.291186, 19.744833], [-16.291758, 19.744829], [-16.291761, 19.7451], [-16.292047, 19.745098], [-16.292049, 19.745369], [-16.292335, 19.745367], [-16.292338, 19.745638], [-16.29291, 19.745634], [-16.292912, 19.745905], [-16.293485, 19.745901], [-16.293498, 19.747527], [-16.29407, 19.747523], [-16.294073, 19.747794], [-16.294931, 19.747788], [-16.294934, 19.748059], [-16.295792, 19.748053]], [[-16.296636, 19.746149], [-16.29635, 19.746151], [-16.296347, 19.74588], [-16.295775, 19.745884], [-16.29577, 19.745342], [-16.295484, 19.745344], [-16.295478, 19.744531], [-16.295764, 19.744529], [-16.295766, 19.7448], [-16.296339, 19.744796], [-16.296343, 19.745338], [-16.296629, 19.745336], [-16.296636, 19.746149]], [[-16.298902, 19.743151], [-16.298329, 19.743155], [-16.298325, 19.742613], [-16.298897, 19.742609], [-16.298902, 19.743151]], [[-16.29947, 19.742605], [-16.299184, 19.742607], [-16.299182, 19.742336], [-16.298323, 19.742342], [-16.298321, 19.742071], [-16.298893, 19.742067], [-16.298891, 19.741796], [-16.299463, 19.741792], [-16.299466, 19.742063], [-16.299752, 19.742061], [-16.299754, 19.742332], [-16.299468, 19.742334], [-16.29947, 19.742605]]]}, "properties": {"layer": "meadow", "year": 2023, "sat": "S2B", "date": "2023-06-11", "area_ha": 31.23}}, {"type": "Feature", "geometry": {"type": "Polygon", "coordinates": [[[-16.302887, 19.740412], [-16.302885, 19.74014], [-16.303171, 19.740138], [-16.303169, 19.739867], [-16.302024, 19.739876], [-16.302026, 19.740147], [-16.30174, 19.740149], [-16.301742, 19.74042], [-16.302315, 19.740416], [-16.302313, 19.740145], [-16.302599, 19.740143], [-16.302601, 19.740414], [-16.302887, 19.740412]]]}, "properties": {"layer": "meadow", "year": 2023, "sat": "S2B", "date": "2023-06-11", "area_ha": 0.63}}, {"type": "Feature", "geometry": {"type": "Polygon", "coordinates": [[[-16.307472, 19.74092], [-16.30747, 19.740649], [-16.307756, 19.740647], [-16.307754, 19.740376], [-16.30804, 19.740374], [-16.308038, 19.740103], [-16.308324, 19.740101], [-16.308322, 19.73983], [-16.308608, 19.739828], [-16.308606, 19.739557], [-16.308892, 19.739555], [-16.30889, 19.739284], [-16.308604, 19.739286], [-16.308595, 19.738201], [-16.308022, 19.738206], [-16.308025, 19.738477], [-16.307452, 19.738481], [-16.307454, 19.738752], [-16.306595, 19.738758], [-16.306598, 19.739029], [-16.306311, 19.739031], [-16.306316, 19.739573], [-16.30603, 19.739575], [-16.306032, 19.739847], [-16.305746, 19.739849], [-16.305748, 19.74012], [-16.306034, 19.740118], [-16.306036, 19.740389], [-16.306322, 19.740386], [-16.306325, 19.740658], [-16.306611, 19.740655], [-16.306613, 19.740926], [-16.307472, 19.74092]]]}, "properties": {"layer": "meadow", "year": 2023, "sat": "S2B", "date": "2023-06-11", "area_ha": 5.67}}, {"type": "Feature", "geometry": {"type": "Polygon", "coordinates": [[[-16.492661, 19.73866], [-16.492659, 19.738389], [-16.492945, 19.738386], [-16.492943, 19.738115], [-16.493229, 19.738113], [-16.493224, 19.737571], [-16.49351, 19.737568], [-16.493507, 19.737297], [-16.493794, 19.737295], [-16.493789, 19.736753], [-16.494075, 19.736751], [-16.494072, 19.73648], [-16.494359, 19.736477], [-16.494354, 19.735935], [-16.493781, 19.73594], [-16.493784, 19.736211], [-16.493497, 19.736213], [-16.493502, 19.736755], [-16.493216, 19.736758], [-16.493219, 19.737029], [-16.492933, 19.737031], [-16.492938, 19.737573], [-16.492651, 19.737576], [-16.492656, 19.738118], [-16.49237, 19.73812], [-16.492375, 19.738662], [-16.492661, 19.73866]]]}, "properties": {"layer": "meadow", "year": 2023, "sat": "S2B", "date": "2023-06-11", "area_ha": 1.89}}, {"type": "Feature", "geometry": {"type": "Polygon", "coordinates": [[[-16.309454, 19.738195], [-16.309451, 19.737924], [-16.310024, 19.73792], [-16.310017, 19.737107], [-16.309731, 19.737109], [-16.309733, 19.73738], [-16.309447, 19.737382], [-16.309449, 19.737653], [-16.309163, 19.737655], [-16.309167, 19.738197], [-16.309454, 19.738195]]]}, "properties": {"layer": "meadow", "year": 2023, "sat": "S2B", "date": "2023-06-11", "area_ha": 0.63}}, {"type": "Feature", "geometry": {"type": "Polygon", "coordinates": [[[-16.334089, 19.740182], [-16.334082, 19.739369], [-16.334941, 19.739362], [-16.334938, 19.739091], [-16.335225, 19.739089], [-16.335216, 19.738005], [-16.334929, 19.738007], [-16.334932, 19.738278], [-16.334073, 19.738285], [-16.334071, 19.738014], [-16.333784, 19.738016], [-16.333787, 19.738287], [-16.3335, 19.738289], [-16.333489, 19.736934], [-16.334062, 19.736929], [-16.334059, 19.736658], [-16.334346, 19.736656], [-16.334348, 19.736927], [-16.335207, 19.736921], [-16.335202, 19.736379], [-16.334343, 19.736385], [-16.334339, 19.735843], [-16.332908, 19.735854], [-16.33291, 19.736125], [-16.332624, 19.736127], [-16.332626, 19.736398], [-16.33234, 19.7364], [-16.332342, 19.736671], [-16.331483, 19.736678], [-16.331474, 19.735593], [-16.330902, 19.735598], [-16.330904, 19.735869], [-16.330332, 19.735873], [-16.330336, 19.736415], [-16.33005, 19.736417], [-16.330052, 19.736688], [-16.329766, 19.73669], [-16.32977, 19.737232], [-16.329484, 19.737235], [-16.329486, 19.737506], [-16.3292, 19.737508], [-16.329207, 19.738321], [-16.329779, 19.738317], [-16.329781, 19.738588], [-16.330354, 19.738583], [-16.330356, 19.738854], [-16.330642, 19.738852], [-16.33064, 19.738581], [-16.331213, 19.738577], [-16.33121, 19.738306], [-16.331497, 19.738304], [-16.33149, 19.737491], [-16.331776, 19.737489], [-16.331774, 19.737218], [-16.33206, 19.737215], [-16.332062, 19.737486], [-16.332349, 19.737484], [-16.332351, 19.737755], [-16.332065, 19.737757], [-16.332074, 19.738842], [-16.33236, 19.738839], [-16.332362, 19.73911], [-16.332648, 19.739108], [-16.332651, 19.739379], [-16.331506, 19.739388], [-16.33151, 19.73993], [-16.331224, 19.739932], [-16.331226, 19.740203], [-16.334089, 19.740182]], [[-16.332935, 19.739106], [-16.332648, 19.739108], [-16.332646, 19.738837], [-16.332932, 19.738835], [-16.332935, 19.739106]]]}, "properties": {"layer": "meadow", "year": 2023, "sat": "S2B", "date": "2023-06-11", "area_ha": 17.37}}, {"type": "Feature", "geometry": {"type": "Polygon", "coordinates": [[[-16.495483, 19.734299], [-16.495481, 19.734028], [-16.495767, 19.734026], [-16.495762, 19.733484], [-16.496048, 19.733482], [-16.496046, 19.733211], [-16.496332, 19.733208], [-16.496329, 19.732937], [-16.496616, 19.732935], [-16.496613, 19.732664], [-16.496899, 19.732661], [-16.496889, 19.731577], [-16.497175, 19.731575], [-16.497168, 19.730762], [-16.497454, 19.73076], [-16.497451, 19.730489], [-16.497738, 19.730486], [-16.497733, 19.729944], [-16.498019, 19.729942], [-16.498011, 19.729129], [-16.498297, 19.729126], [-16.498295, 19.728855], [-16.498581, 19.728853], [-16.498576, 19.728311], [-16.498862, 19.728308], [-16.498855, 19.727495], [-16.498568, 19.727498], [-16.498571, 19.727769], [-16.498285, 19.727771], [-16.498287, 19.728042], [-16.498001, 19.728045], [-16.498006, 19.728587], [-16.49772, 19.728589], [-16.497722, 19.72886], [-16.497436, 19.728862], [-16.497444, 19.729675], [-16.497158, 19.729678], [-16.49716, 19.729949], [-16.496874, 19.729951], [-16.496879, 19.730493], [-16.496593, 19.730496], [-16.496598, 19.731038], [-16.496312, 19.73104], [-16.496317, 19.731582], [-16.49603, 19.731585], [-16.496038, 19.732398], [-16.495752, 19.7324], [-16.495759, 19.733213], [-16.495473, 19.733215], [-16.495476, 19.733486], [-16.495189, 19.733489], [-16.495197, 19.734302], [-16.495483, 19.734299]]]}, "properties": {"layer": "meadow", "year": 2023, "sat": "S2B", "date": "2023-06-11", "area_ha": 5.67}}, {"type": "Feature", "geometry": {"type": "Polygon", "coordinates": [[[-16.333467, 19.734223], [-16.333464, 19.733952], [-16.334037, 19.733948], [-16.334035, 19.733677], [-16.334321, 19.733675], [-16.334319, 19.733404], [-16.334605, 19.733402], [-16.3346, 19.73286], [-16.334887, 19.732858], [-16.334882, 19.732315], [-16.335168, 19.732313], [-16.335159, 19.731229], [-16.335446, 19.731227], [-16.335443, 19.730956], [-16.33573, 19.730954], [-16.335727, 19.730683], [-16.336013, 19.730681], [-16.336009, 19.730139], [-16.336295, 19.730137], [-16.336288, 19.729323], [-16.336575, 19.729321], [-16.33657, 19.728779], [-16.336284, 19.728781], [-16.336279, 19.728239], [-16.335993, 19.728241], [-16.335989, 19.727699], [-16.335416, 19.727704], [-16.335418, 19.727975], [-16.335132, 19.727977], [-16.335137, 19.728519], [-16.334851, 19.728521], [-16.334857, 19.729334], [-16.334571, 19.729336], [-16.334576, 19.729878], [-16.334289, 19.72988], [-16.334298, 19.730965], [-16.334012, 19.730967], [-16.334017, 19.731509], [-16.33373, 19.731511], [-16.333735, 19.732053], [-16.333449, 19.732055], [-16.333451, 19.732326], [-16.333165, 19.732328], [-16.333169, 19.73287], [-16.332883, 19.732872], [-16.332887, 19.733415], [-16.332601, 19.733417], [-16.332606, 19.733959], [-16.333178, 19.733954], [-16.33318, 19.734225], [-16.333467, 19.734223]]]}, "properties": {"layer": "meadow", "year": 2023, "sat": "S2B", "date": "2023-06-11", "area_ha": 11.07}}, {"type": "Feature", "geometry": {"type": "Polygon", "coordinates": [[[-16.499706, 19.726675], [-16.499701, 19.726133], [-16.499987, 19.726131], [-16.499984, 19.72586], [-16.500843, 19.725853], [-16.500838, 19.725311], [-16.501124, 19.725308], [-16.501122, 19.725037], [-16.501408, 19.725035], [-16.501403, 19.724493], [-16.501116, 19.724495], [-16.501114, 19.724224], [-16.500542, 19.724229], [-16.500544, 19.7245], [-16.500258, 19.724502], [-16.50026, 19.724773], [-16.499974, 19.724776], [-16.499979, 19.725318], [-16.499693, 19.72532], [-16.499698, 19.725862], [-16.499412, 19.725865], [-16.499414, 19.726136], [-16.499128, 19.726138], [-16.499133, 19.72668], [-16.499706, 19.726675]]]}, "properties": {"layer": "meadow", "year": 2023, "sat": "S2B", "date": "2023-06-11", "area_ha": 2.61}}, {"type": "Feature", "geometry": {"type": "Polygon", "coordinates": [[[-16.33712, 19.726065], [-16.337113, 19.725251], [-16.336541, 19.725256], [-16.336548, 19.726069], [-16.33712, 19.726065]]]}, "properties": {"layer": "meadow", "year": 2023, "sat": "S2B", "date": "2023-06-11", "area_ha": 0.54}}, {"type": "Feature", "geometry": {"type": "Polygon", "coordinates": [[[-16.50252, 19.721502], [-16.502517, 19.721231], [-16.502803, 19.721228], [-16.502801, 19.720957], [-16.503087, 19.720955], [-16.503089, 19.721226], [-16.503662, 19.721221], [-16.503659, 19.72095], [-16.503373, 19.720953], [-16.503363, 19.719869], [-16.502791, 19.719873], [-16.502793, 19.720144], [-16.503079, 19.720142], [-16.503082, 19.720413], [-16.502796, 19.720415], [-16.502798, 19.720686], [-16.502512, 19.720689], [-16.502515, 19.72096], [-16.502228, 19.720962], [-16.502233, 19.721504], [-16.50252, 19.721502]]]}, "properties": {"layer": "meadow", "year": 2023, "sat": "S2B", "date": "2023-06-11", "area_ha": 1.17}}, {"type": "Feature", "geometry": {"type": "Polygon", "coordinates": [[[-16.509512, 19.704097], [-16.509504, 19.703284], [-16.509218, 19.703286], [-16.509215, 19.703015], [-16.508929, 19.703018], [-16.508932, 19.703289], [-16.508645, 19.703291], [-16.508648, 19.703562], [-16.508934, 19.70356], [-16.508939, 19.704102], [-16.509512, 19.704097]]]}, "properties": {"layer": "meadow", "year": 2023, "sat": "S2B", "date": "2023-06-11", "area_ha": 0.72}}, {"type": "Feature", "geometry": {"type": "Polygon", "coordinates": [[[-16.505072, 19.719041], [-16.50507, 19.71877], [-16.504784, 19.718773], [-16.504779, 19.718231], [-16.505065, 19.718228], [-16.505062, 19.717957], [-16.505349, 19.717955], [-16.505354, 19.718497], [-16.50564, 19.718494], [-16.505637, 19.718223], [-16.505923, 19.718221], [-16.505913, 19.717137], [-16.506199, 19.717134], [-16.506194, 19.716592], [-16.506481, 19.71659], [-16.506475, 19.716048], [-16.506762, 19.716046], [-16.506754, 19.715233], [-16.50704, 19.71523], [-16.507033, 19.714417], [-16.507319, 19.714415], [-16.507311, 19.713602], [-16.507884, 19.713597], [-16.507873, 19.712513], [-16.50816, 19.71251], [-16.508154, 19.711968], [-16.508441, 19.711966], [-16.508436, 19.711424], [-16.508722, 19.711421], [-16.508717, 19.710879], [-16.509003, 19.710877], [-16.509, 19.710606], [-16.508428, 19.710611], [-16.508425, 19.71034], [-16.506708, 19.710354], [-16.506703, 19.709812], [-16.505845, 19.709819], [-16.505842, 19.709548], [-16.505556, 19.709551], [-16.505551, 19.709009], [-16.505837, 19.709006], [-16.50584, 19.709277], [-16.506126, 19.709275], [-16.506128, 19.709546], [-16.506987, 19.709539], [-16.506979, 19.708726], [-16.507552, 19.708721], [-16.507549, 19.70845], [-16.507263, 19.708452], [-16.50726, 19.708181], [-16.508119, 19.708174], [-16.508114, 19.707632], [-16.508686, 19.707627], [-16.508684, 19.707356], [-16.509542, 19.707349], [-16.50954, 19.707078], [-16.509826, 19.707076], [-16.509821, 19.706534], [-16.510107, 19.706531], [-16.510104, 19.70626], [-16.51039, 19.706258], [-16.510388, 19.705987], [-16.510674, 19.705984], [-16.510677, 19.706255], [-16.510963, 19.706253], [-16.51096, 19.705982], [-16.511246, 19.705979], [-16.511244, 19.705708], [-16.51153, 19.705706], [-16.511527, 19.705435], [-16.511814, 19.705433], [-16.511809, 19.704891], [-16.512095, 19.704888], [-16.512097, 19.705159], [-16.512383, 19.705157], [-16.512378, 19.704615], [-16.512664, 19.704612], [-16.512662, 19.704341], [-16.512948, 19.704339], [-16.512946, 19.704068], [-16.512373, 19.704073], [-16.512376, 19.704344], [-16.511517, 19.704351], [-16.51152, 19.704622], [-16.511234, 19.704624], [-16.511229, 19.704082], [-16.510656, 19.704087], [-16.510654, 19.703816], [-16.510368, 19.703819], [-16.510373, 19.704361], [-16.510659, 19.704358], [-16.510666, 19.705171], [-16.509808, 19.705178], [-16.50981, 19.70545], [-16.509524, 19.705452], [-16.509527, 19.705723], [-16.509813, 19.705721], [-16.509818, 19.706263], [-16.50896, 19.70627], [-16.508965, 19.706812], [-16.508679, 19.706814], [-16.508681, 19.707085], [-16.508109, 19.70709], [-16.508104, 19.706548], [-16.50839, 19.706546], [-16.508377, 19.705191], [-16.508091, 19.705193], [-16.508088, 19.704922], [-16.507802, 19.704924], [-16.507807, 19.705466], [-16.507521, 19.705469], [-16.507526, 19.706011], [-16.50724, 19.706013], [-16.507243, 19.706284], [-16.507529, 19.706282], [-16.507531, 19.706553], [-16.506959, 19.706558], [-16.506962, 19.706829], [-16.50782, 19.706821], [-16.507823, 19.707092], [-16.50725, 19.707097], [-16.507253, 19.707368], [-16.506967, 19.707371], [-16.506974, 19.708184], [-16.506688, 19.708186], [-16.506691, 19.708457], [-16.506404, 19.70846], [-16.506407, 19.708731], [-16.506121, 19.708733], [-16.506116, 19.708191], [-16.50583, 19.708193], [-16.505824, 19.707651], [-16.505538, 19.707654], [-16.505533, 19.707112], [-16.505247, 19.707114], [-16.50525, 19.707385], [-16.504963, 19.707388], [-16.504961, 19.707116], [-16.504675, 19.707119], [-16.504677, 19.70739], [-16.504391, 19.707392], [-16.504389, 19.707121], [-16.504102, 19.707124], [-16.504097, 19.706582], [-16.503811, 19.706584], [-16.503806, 19.706042], [-16.504092, 19.70604], [-16.504087, 19.705498], [-16.504373, 19.705495], [-16.504371, 19.705224], [-16.504657, 19.705222], [-16.504654, 19.704951], [-16.504941, 19.704948], [-16.504943, 19.705219], [-16.505229, 19.705217], [-16.505245, 19.706843], [-16.505817, 19.706838], [-16.505807, 19.705754], [-16.506093, 19.705752], [-16.506083, 19.704668], [-16.505797, 19.70467], [-16.505791, 19.704128], [-16.50665, 19.704121], [-16.506645, 19.703579], [-16.506359, 19.703581], [-16.506351, 19.702768], [-16.506637, 19.702766], [-16.506632, 19.702224], [-16.506918, 19.702221], [-16.50689, 19.69924], [-16.507177, 19.699238], [-16.507174, 19.698967], [-16.506888, 19.698969], [-16.50688, 19.698156], [-16.507166, 19.698154], [-16.507164, 19.697883], [-16.506878, 19.697885], [-16.506865, 19.69653], [-16.506579, 19.696532], [-16.506564, 19.694906], [-16.506278, 19.694909], [-16.506273, 19.694367], [-16.505986, 19.694369], [-16.505981, 19.693827], [-16.505409, 19.693832], [-16.505396, 19.692477], [-16.50511, 19.692479], [-16.505105, 19.691937], [-16.504533, 19.691942], [-16.504525, 19.691129], [-16.504239, 19.691131], [-16.504234, 19.690589], [-16.503948, 19.690592], [-16.503945, 19.690321], [-16.503373, 19.690325], [-16.503376, 19.690597], [-16.503089, 19.690599], [-16.503095, 19.691141], [-16.503381, 19.691139], [-16.503386, 19.691681], [-16.503672, 19.691678], [-16.503674, 19.691949], [-16.503388, 19.691952], [-16.503393, 19.692494], [-16.503107, 19.692496], [-16.503105, 19.692225], [-16.502819, 19.692227], [-16.502824, 19.692769], [-16.50311, 19.692767], [-16.503112, 19.693038], [-16.502826, 19.69304], [-16.502841, 19.694667], [-16.503127, 19.694664], [-16.50313, 19.694935], [-16.503416, 19.694933], [-16.503419, 19.695204], [-16.503133, 19.695206], [-16.503138, 19.695748], [-16.503424, 19.695746], [-16.503429, 19.696288], [-16.503715, 19.696285], [-16.50372, 19.696827], [-16.504006, 19.696825], [-16.504011, 19.697367], [-16.504297, 19.697365], [-16.504313, 19.698991], [-16.504599, 19.698988], [-16.504594, 19.698446], [-16.50488, 19.698444], [-16.504882, 19.698715], [-16.505168, 19.698713], [-16.505184, 19.700339], [-16.504898, 19.700341], [-16.504892, 19.699799], [-16.504606, 19.699801], [-16.504611, 19.700343], [-16.504325, 19.700346], [-16.50434, 19.701972], [-16.504054, 19.701974], [-16.504057, 19.702245], [-16.503771, 19.702248], [-16.503773, 19.702519], [-16.504059, 19.702516], [-16.504064, 19.703058], [-16.503778, 19.703061], [-16.503786, 19.703874], [-16.5035, 19.703876], [-16.503512, 19.705231], [-16.503226, 19.705234], [-16.503229, 19.705505], [-16.502943, 19.705507], [-16.502945, 19.705778], [-16.503231, 19.705776], [-16.503246, 19.707402], [-16.503533, 19.7074], [-16.50354, 19.708213], [-16.503254, 19.708215], [-16.503259, 19.708757], [-16.502973, 19.708759], [-16.502975, 19.70903], [-16.502689, 19.709033], [-16.502692, 19.709304], [-16.502978, 19.709301], [-16.502983, 19.709843], [-16.502697, 19.709846], [-16.502699, 19.710117], [-16.502413, 19.710119], [-16.502416, 19.71039], [-16.502702, 19.710388], [-16.502707, 19.71093], [-16.502993, 19.710928], [-16.502998, 19.71147], [-16.503284, 19.711467], [-16.503297, 19.712822], [-16.503583, 19.71282], [-16.503588, 19.713362], [-16.503875, 19.713359], [-16.503882, 19.714172], [-16.503596, 19.714175], [-16.503611, 19.715801], [-16.503897, 19.715799], [-16.503907, 19.716883], [-16.504194, 19.71688], [-16.504196, 19.717151], [-16.503624, 19.717156], [-16.503634, 19.71824], [-16.503348, 19.718243], [-16.50335, 19.718514], [-16.503636, 19.718511], [-16.503639, 19.718782], [-16.503925, 19.71878], [-16.503923, 19.718509], [-16.504495, 19.718504], [-16.5045, 19.719046], [-16.505072, 19.719041]], [[-16.505285, 19.711179], [-16.504999, 19.711182], [-16.504996, 19.710911], [-16.504424, 19.710916], [-16.504419, 19.710373], [-16.506136, 19.710359], [-16.506139, 19.71063], [-16.505566, 19.710635], [-16.505569, 19.710906], [-16.505283, 19.710908], [-16.505285, 19.711179]], [[-16.506713, 19.710896], [-16.506427, 19.710899], [-16.506425, 19.710628], [-16.506711, 19.710625], [-16.506713, 19.710896]], [[-16.505546, 19.708467], [-16.50526, 19.708469], [-16.505257, 19.708198], [-16.505543, 19.708196], [-16.505546, 19.708467]], [[-16.511244, 19.705708], [-16.510958, 19.705711], [-16.510955, 19.70544], [-16.511241, 19.705437], [-16.511244, 19.705708]], [[-16.508096, 19.705735], [-16.50781, 19.705737], [-16.507807, 19.705466], [-16.508093, 19.705464], [-16.508096, 19.705735]], [[-16.504087, 19.705498], [-16.503801, 19.7055], [-16.503798, 19.705229], [-16.504085, 19.705227], [-16.504087, 19.705498]], [[-16.504933, 19.704135], [-16.504647, 19.704138], [-16.504644, 19.703867], [-16.50493, 19.703864], [-16.504933, 19.704135]], [[-16.506328, 19.700329], [-16.506042, 19.700331], [-16.506032, 19.699247], [-16.505746, 19.69925], [-16.505741, 19.698708], [-16.506599, 19.698701], [-16.506612, 19.700056], [-16.506326, 19.700058], [-16.506328, 19.700329]], [[-16.503976, 19.693573], [-16.50369, 19.693575], [-16.503685, 19.693033], [-16.503971, 19.693031], [-16.503976, 19.693573]], [[-16.503685, 19.693033], [-16.503398, 19.693036], [-16.503393, 19.692494], [-16.503679, 19.692491], [-16.503685, 19.693033]]]}, "properties": {"layer": "meadow", "year": 2023, "sat": "S2B", "date": "2023-06-11", "area_ha": 98.46}}, {"type": "Feature", "geometry": {"type": "Polygon", "coordinates": [[[-16.502819, 19.692227], [-16.502816, 19.691956], [-16.503102, 19.691954], [-16.5031, 19.691683], [-16.502813, 19.691685], [-16.502811, 19.691414], [-16.502525, 19.691417], [-16.502522, 19.691146], [-16.502808, 19.691143], [-16.502803, 19.690601], [-16.503089, 19.690599], [-16.503087, 19.690328], [-16.502801, 19.69033], [-16.502798, 19.690059], [-16.502512, 19.690062], [-16.502515, 19.690333], [-16.501942, 19.690337], [-16.50195, 19.691151], [-16.502236, 19.691148], [-16.502241, 19.69169], [-16.501955, 19.691693], [-16.50196, 19.692235], [-16.502246, 19.692232], [-16.502244, 19.691961], [-16.50253, 19.691959], [-16.502532, 19.69223], [-16.502819, 19.692227]]]}, "properties": {"layer": "meadow", "year": 2023, "sat": "S2B", "date": "2023-06-11", "area_ha": 1.8}}, {"type": "Feature", "geometry": {"type": "Polygon", "coordinates": [[[-16.501325, 19.685464], [-16.50132, 19.684922], [-16.501033, 19.684924], [-16.501021, 19.683569], [-16.501307, 19.683567], [-16.501304, 19.683296], [-16.501018, 19.683298], [-16.501016, 19.683027], [-16.501302, 19.683025], [-16.501297, 19.682483], [-16.500725, 19.682488], [-16.500732, 19.683301], [-16.500446, 19.683303], [-16.500466, 19.685471], [-16.501325, 19.685464]]]}, "properties": {"layer": "meadow", "year": 2023, "sat": "S2B", "date": "2023-06-11", "area_ha": 2.16}}, {"type": "Feature", "geometry": {"type": "Polygon", "coordinates": [[[-16.476409, 19.683231], [-16.476406, 19.68296], [-16.47612, 19.682963], [-16.476113, 19.682149], [-16.476399, 19.682147], [-16.476394, 19.681605], [-16.476108, 19.681607], [-16.47611, 19.681878], [-16.475824, 19.681881], [-16.475822, 19.68161], [-16.475536, 19.681612], [-16.475548, 19.682967], [-16.475262, 19.68297], [-16.475264, 19.683241], [-16.476409, 19.683231]]]}, "properties": {"layer": "meadow", "year": 2023, "sat": "S2B", "date": "2023-06-11", "area_ha": 1.35}}, {"type": "Feature", "geometry": {"type": "Polygon", "coordinates": [[[-16.480708, 19.684009], [-16.480703, 19.683467], [-16.480417, 19.683469], [-16.4804, 19.681572], [-16.481258, 19.681565], [-16.481256, 19.681294], [-16.481542, 19.681292], [-16.481537, 19.68075], [-16.481251, 19.680752], [-16.481246, 19.68021], [-16.48096, 19.680212], [-16.480955, 19.67967], [-16.480096, 19.679677], [-16.480106, 19.680761], [-16.47982, 19.680764], [-16.479825, 19.681306], [-16.480111, 19.681303], [-16.480119, 19.682117], [-16.479832, 19.682119], [-16.479835, 19.68239], [-16.480121, 19.682388], [-16.480124, 19.682659], [-16.479837, 19.682661], [-16.479842, 19.683203], [-16.480129, 19.683201], [-16.480134, 19.683743], [-16.48042, 19.68374], [-16.480422, 19.684011], [-16.480708, 19.684009]]]}, "properties": {"layer": "meadow", "year": 2023, "sat": "S2B", "date": "2023-06-11", "area_ha": 3.87}}, {"type": "Feature", "geometry": {"type": "Polygon", "coordinates": [[[-16.501292, 19.681941], [-16.501279, 19.680586], [-16.500993, 19.680588], [-16.50098, 19.679233], [-16.500694, 19.679235], [-16.500689, 19.678693], [-16.500403, 19.678696], [-16.500418, 19.680322], [-16.500704, 19.680319], [-16.50072, 19.681946], [-16.501292, 19.681941]]]}, "properties": {"layer": "meadow", "year": 2023, "sat": "S2B", "date": "2023-06-11", "area_ha": 1.89}}, {"type": "Feature", "geometry": {"type": "Polygon", "coordinates": [[[-16.476924, 19.676993], [-16.476919, 19.676451], [-16.477205, 19.676449], [-16.477203, 19.676178], [-16.477489, 19.676175], [-16.477474, 19.674549], [-16.477188, 19.674552], [-16.477193, 19.675094], [-16.47662, 19.675098], [-16.476623, 19.675369], [-16.476909, 19.675367], [-16.476914, 19.675909], [-16.476628, 19.675911], [-16.476638, 19.676995], [-16.476924, 19.676993]]]}, "properties": {"layer": "meadow", "year": 2023, "sat": "S2B", "date": "2023-06-11", "area_ha": 1.44}}, {"type": "Feature", "geometry": {"type": "Polygon", "coordinates": [[[-16.485206, 19.675299], [-16.485201, 19.674756], [-16.484915, 19.674759], [-16.48491, 19.674217], [-16.484624, 19.674219], [-16.484622, 19.673948], [-16.484049, 19.673953], [-16.484047, 19.673682], [-16.483761, 19.673684], [-16.483756, 19.673142], [-16.48347, 19.673145], [-16.483475, 19.673687], [-16.483189, 19.673689], [-16.483196, 19.674502], [-16.483482, 19.6745], [-16.483487, 19.675042], [-16.484059, 19.675037], [-16.484062, 19.675308], [-16.484348, 19.675306], [-16.484346, 19.675035], [-16.484632, 19.675032], [-16.484634, 19.675303], [-16.485206, 19.675299]]]}, "properties": {"layer": "meadow", "year": 2023, "sat": "S2B", "date": "2023-06-11", "area_ha": 2.7}}, {"type": "Feature", "geometry": {"type": "Polygon", "coordinates": [[[-16.486336, 19.673663], [-16.486331, 19.673121], [-16.486617, 19.673119], [-16.486614, 19.672848], [-16.486328, 19.67285], [-16.486326, 19.672579], [-16.48604, 19.672581], [-16.486042, 19.672852], [-16.485756, 19.672855], [-16.485759, 19.673126], [-16.4849, 19.673133], [-16.484905, 19.673675], [-16.485191, 19.673672], [-16.485189, 19.673401], [-16.485761, 19.673397], [-16.485764, 19.673668], [-16.486336, 19.673663]]]}, "properties": {"layer": "meadow", "year": 2023, "sat": "S2B", "date": "2023-06-11", "area_ha": 1.08}}, {"type": "Feature", "geometry": {"type": "Polygon", "coordinates": [[[-16.476327, 19.674288], [-16.476324, 19.674017], [-16.476611, 19.674014], [-16.476608, 19.673743], [-16.476322, 19.673746], [-16.476319, 19.673475], [-16.476606, 19.673472], [-16.476603, 19.673201], [-16.476889, 19.673199], [-16.476882, 19.672386], [-16.477168, 19.672383], [-16.47716, 19.67157], [-16.477447, 19.671568], [-16.477434, 19.670213], [-16.477148, 19.670215], [-16.477155, 19.671028], [-16.476869, 19.671031], [-16.476877, 19.671844], [-16.476591, 19.671846], [-16.476596, 19.672388], [-16.47631, 19.67239], [-16.476317, 19.673203], [-16.476031, 19.673206], [-16.476033, 19.673477], [-16.475461, 19.673482], [-16.475464, 19.673753], [-16.476036, 19.673748], [-16.476038, 19.674019], [-16.475752, 19.674021], [-16.475755, 19.674292], [-16.476327, 19.674288]]]}, "properties": {"layer": "meadow", "year": 2023, "sat": "S2B", "date": "2023-06-11", "area_ha": 2.43}}, {"type": "Feature", "geometry": {"type": "Polygon", "coordinates": [[[-16.490886, 19.670644], [-16.490884, 19.670373], [-16.49117, 19.67037], [-16.491167, 19.670099], [-16.490595, 19.670104], [-16.490597, 19.670375], [-16.490311, 19.670378], [-16.490309, 19.670107], [-16.490023, 19.670109], [-16.490028, 19.670651], [-16.490886, 19.670644]]]}, "properties": {"layer": "meadow", "year": 2023, "sat": "S2B", "date": "2023-06-11", "area_ha": 0.54}}, {"type": "Feature", "geometry": {"type": "Polygon", "coordinates": [[[-16.496899, 19.671136], [-16.496894, 19.670594], [-16.496608, 19.670596], [-16.496606, 19.670325], [-16.49632, 19.670328], [-16.496317, 19.670057], [-16.496889, 19.670052], [-16.496892, 19.670323], [-16.497178, 19.67032], [-16.497175, 19.670049], [-16.497461, 19.670047], [-16.497459, 19.669776], [-16.496887, 19.669781], [-16.496884, 19.66951], [-16.496312, 19.669515], [-16.496314, 19.669786], [-16.495456, 19.669793], [-16.495459, 19.670064], [-16.494886, 19.670068], [-16.494884, 19.669797], [-16.494598, 19.6698], [-16.494603, 19.670342], [-16.494031, 19.670347], [-16.494028, 19.670076], [-16.49317, 19.670083], [-16.493167, 19.669812], [-16.492881, 19.669814], [-16.492884, 19.670085], [-16.491739, 19.670095], [-16.491744, 19.670637], [-16.49203, 19.670634], [-16.492028, 19.670363], [-16.492314, 19.670361], [-16.492317, 19.670632], [-16.493175, 19.670625], [-16.493177, 19.670896], [-16.493463, 19.670893], [-16.493461, 19.670622], [-16.494319, 19.670615], [-16.494322, 19.670886], [-16.495466, 19.670877], [-16.495469, 19.671148], [-16.496041, 19.671143], [-16.496038, 19.670872], [-16.496611, 19.670867], [-16.496613, 19.671138], [-16.496899, 19.671136]], [[-16.496033, 19.67033], [-16.495747, 19.670332], [-16.495745, 19.670061], [-16.496031, 19.670059], [-16.496033, 19.67033]]]}, "properties": {"layer": "meadow", "year": 2023, "sat": "S2B", "date": "2023-06-11", "area_ha": 4.86}}, {"type": "Feature", "geometry": {"type": "Polygon", "coordinates": [[[-16.486323, 19.672308], [-16.486316, 19.671495], [-16.488032, 19.671481], [-16.488035, 19.671752], [-16.488321, 19.671749], [-16.488314, 19.670936], [-16.489172, 19.670929], [-16.489167, 19.670387], [-16.489453, 19.670385], [-16.489456, 19.670656], [-16.489742, 19.670653], [-16.489737, 19.670111], [-16.489451, 19.670114], [-16.489448, 19.669843], [-16.489734, 19.66984], [-16.489732, 19.669569], [-16.488873, 19.669576], [-16.488876, 19.669847], [-16.48859, 19.66985], [-16.488587, 19.669579], [-16.488301, 19.669581], [-16.488299, 19.66931], [-16.488012, 19.669312], [-16.48801, 19.669041], [-16.487724, 19.669044], [-16.487721, 19.668773], [-16.487435, 19.668775], [-16.487438, 19.669046], [-16.487152, 19.669049], [-16.487154, 19.66932], [-16.486868, 19.669322], [-16.486871, 19.669593], [-16.486584, 19.669595], [-16.486587, 19.669866], [-16.486873, 19.669864], [-16.486876, 19.670135], [-16.487162, 19.670133], [-16.487164, 19.670404], [-16.48745, 19.670401], [-16.487453, 19.670672], [-16.487167, 19.670675], [-16.487169, 19.670946], [-16.486883, 19.670948], [-16.486881, 19.670677], [-16.486594, 19.670679], [-16.486597, 19.67095], [-16.486311, 19.670953], [-16.486313, 19.671224], [-16.485741, 19.671229], [-16.485744, 19.6715], [-16.48603, 19.671497], [-16.486037, 19.67231], [-16.486323, 19.672308]], [[-16.488314, 19.670936], [-16.488027, 19.670939], [-16.488022, 19.670397], [-16.488595, 19.670392], [-16.488592, 19.670121], [-16.488878, 19.670118], [-16.488883, 19.67066], [-16.488311, 19.670665], [-16.488314, 19.670936]], [[-16.487741, 19.670941], [-16.487455, 19.670943], [-16.487453, 19.670672], [-16.487739, 19.67067], [-16.487741, 19.670941]]]}, "properties": {"layer": "meadow", "year": 2023, "sat": "S2B", "date": "2023-06-11", "area_ha": 5.94}}, {"type": "Feature", "geometry": {"type": "Polygon", "coordinates": [[[-16.471416, 19.669178], [-16.471411, 19.668636], [-16.471697, 19.668634], [-16.47169, 19.667821], [-16.472548, 19.667814], [-16.472551, 19.668085], [-16.472837, 19.668082], [-16.472832, 19.66754], [-16.471973, 19.667547], [-16.471971, 19.667276], [-16.471399, 19.667281], [-16.471401, 19.667552], [-16.471115, 19.667554], [-16.471118, 19.667825], [-16.470831, 19.667828], [-16.470844, 19.669183], [-16.471416, 19.669178]]]}, "properties": {"layer": "meadow", "year": 2023, "sat": "S2B", "date": "2023-06-11", "area_ha": 1.98}}, {"type": "Feature", "geometry": {"type": "Polygon", "coordinates": [[[-16.475737, 19.672395], [-16.475732, 19.671853], [-16.476018, 19.671851], [-16.476014, 19.671309], [-16.475727, 19.671311], [-16.475725, 19.67104], [-16.476011, 19.671038], [-16.476009, 19.670767], [-16.476295, 19.670764], [-16.47629, 19.670222], [-16.476576, 19.67022], [-16.476563, 19.668865], [-16.477136, 19.66886], [-16.477131, 19.668318], [-16.477703, 19.668313], [-16.477698, 19.667771], [-16.477984, 19.667769], [-16.477979, 19.667227], [-16.477693, 19.667229], [-16.47769, 19.666958], [-16.477977, 19.666956], [-16.477974, 19.666685], [-16.47826, 19.666683], [-16.478253, 19.665869], [-16.47768, 19.665874], [-16.477683, 19.666145], [-16.477397, 19.666148], [-16.477399, 19.666419], [-16.477113, 19.666421], [-16.477118, 19.666963], [-16.477404, 19.666961], [-16.477407, 19.667232], [-16.476835, 19.667236], [-16.476837, 19.667507], [-16.476551, 19.66751], [-16.476553, 19.667781], [-16.47684, 19.667778], [-16.476847, 19.668591], [-16.475703, 19.668601], [-16.4757, 19.66833], [-16.475128, 19.668335], [-16.47513, 19.668606], [-16.474844, 19.668608], [-16.474847, 19.668879], [-16.475133, 19.668877], [-16.475135, 19.669148], [-16.474849, 19.66915], [-16.474854, 19.669692], [-16.47514, 19.66969], [-16.475138, 19.669419], [-16.475424, 19.669416], [-16.475421, 19.669145], [-16.475708, 19.669143], [-16.475715, 19.669956], [-16.476001, 19.669954], [-16.476006, 19.670496], [-16.47572, 19.670498], [-16.475722, 19.670769], [-16.475436, 19.670771], [-16.475441, 19.671313], [-16.475155, 19.671316], [-16.47516, 19.671858], [-16.475446, 19.671855], [-16.475451, 19.672397], [-16.475737, 19.672395]]]}, "properties": {"layer": "meadow", "year": 2023, "sat": "S2B", "date": "2023-06-11", "area_ha": 6.48}}, {"type": "Feature", "geometry": {"type": "Polygon", "coordinates": [[[-16.489413, 19.666048], [-16.489408, 19.665506], [-16.489694, 19.665504], [-16.489692, 19.665233], [-16.489119, 19.665238], [-16.489117, 19.664967], [-16.488831, 19.664969], [-16.488838, 19.665782], [-16.489124, 19.66578], [-16.489127, 19.666051], [-16.489413, 19.666048]]]}, "properties": {"layer": "meadow", "year": 2023, "sat": "S2B", "date": "2023-06-11", "area_ha": 0.63}}, {"type": "Feature", "geometry": {"type": "Polygon", "coordinates": [[[-16.456688, 19.65412], [-16.45667, 19.652223], [-16.456384, 19.652225], [-16.456392, 19.653038], [-16.456106, 19.65304], [-16.45611, 19.653582], [-16.456397, 19.65358], [-16.456399, 19.653851], [-16.456113, 19.653853], [-16.456115, 19.654124], [-16.456688, 19.65412]]]}, "properties": {"layer": "meadow", "year": 2023, "sat": "S2B", "date": "2023-06-11", "area_ha": 0.9}}, {"type": "Feature", "geometry": {"type": "Polygon", "coordinates": [[[-16.487576, 19.653054], [-16.487574, 19.652783], [-16.487288, 19.652785], [-16.487283, 19.652243], [-16.486997, 19.652245], [-16.486992, 19.651703], [-16.48642, 19.651708], [-16.486417, 19.651437], [-16.486131, 19.651439], [-16.486134, 19.65171], [-16.485847, 19.651713], [-16.48585, 19.651984], [-16.486422, 19.651979], [-16.486425, 19.65225], [-16.485566, 19.652257], [-16.485571, 19.652799], [-16.486716, 19.65279], [-16.486718, 19.653061], [-16.487576, 19.653054]]]}, "properties": {"layer": "meadow", "year": 2023, "sat": "S2B", "date": "2023-06-11", "area_ha": 1.98}}, {"type": "Feature", "geometry": {"type": "Polygon", "coordinates": [[[-16.456091, 19.651414], [-16.456081, 19.65033], [-16.456367, 19.650328], [-16.456365, 19.650057], [-16.456079, 19.650059], [-16.456074, 19.649517], [-16.455788, 19.649519], [-16.455783, 19.648977], [-16.455497, 19.64898], [-16.455492, 19.648437], [-16.455206, 19.64844], [-16.455203, 19.648169], [-16.454917, 19.648171], [-16.454922, 19.648713], [-16.454636, 19.648715], [-16.454641, 19.649258], [-16.454927, 19.649255], [-16.454929, 19.649526], [-16.454643, 19.649529], [-16.454646, 19.6498], [-16.454932, 19.649797], [-16.454937, 19.650339], [-16.455509, 19.650335], [-16.455514, 19.650877], [-16.455228, 19.650879], [-16.45523, 19.65115], [-16.455802, 19.651145], [-16.455805, 19.651416], [-16.456091, 19.651414]]]}, "properties": {"layer": "meadow", "year": 2023, "sat": "S2B", "date": "2023-06-11", "area_ha": 3.15}}, {"type": "Feature", "geometry": {"type": "Polygon", "coordinates": [[[-16.40114, 19.64914], [-16.401138, 19.648869], [-16.401424, 19.648867], [-16.401422, 19.648596], [-16.401994, 19.648592], [-16.401996, 19.648863], [-16.402282, 19.64886], [-16.402277, 19.648318], [-16.401991, 19.64832], [-16.401989, 19.648049], [-16.402275, 19.648047], [-16.402268, 19.647234], [-16.401982, 19.647236], [-16.401987, 19.647778], [-16.401415, 19.647783], [-16.401419, 19.648325], [-16.401133, 19.648327], [-16.401136, 19.648598], [-16.400849, 19.6486], [-16.400854, 19.649142], [-16.40114, 19.64914]]]}, "properties": {"layer": "meadow", "year": 2023, "sat": "S2B", "date": "2023-06-11", "area_ha": 1.35}}, {"type": "Feature", "geometry": {"type": "Polygon", "coordinates": [[[-16.402549, 19.64669], [-16.402547, 19.646419], [-16.402833, 19.646417], [-16.402831, 19.646146], [-16.403117, 19.646143], [-16.403112, 19.645601], [-16.40254, 19.645606], [-16.402542, 19.645877], [-16.402256, 19.645879], [-16.402259, 19.64615], [-16.401973, 19.646152], [-16.401975, 19.646423], [-16.402261, 19.646421], [-16.402263, 19.646692], [-16.402549, 19.64669]]]}, "properties": {"layer": "meadow", "year": 2023, "sat": "S2B", "date": "2023-06-11", "area_ha": 0.81}}, {"type": "Feature", "geometry": {"type": "Polygon", "coordinates": [[[-16.453739, 19.644386], [-16.453736, 19.644115], [-16.45345, 19.644117], [-16.453441, 19.643033], [-16.453155, 19.643036], [-16.453167, 19.644391], [-16.453739, 19.644386]]]}, "properties": {"layer": "meadow", "year": 2023, "sat": "S2B", "date": "2023-06-11", "area_ha": 0.54}}, {"type": "Feature", "geometry": {"type": "Polygon", "coordinates": [[[-16.452871, 19.643309], [-16.452861, 19.642225], [-16.453433, 19.64222], [-16.453431, 19.641949], [-16.453145, 19.641951], [-16.453137, 19.641138], [-16.452851, 19.641141], [-16.452856, 19.641683], [-16.45257, 19.641685], [-16.452585, 19.643311], [-16.452871, 19.643309]]]}, "properties": {"layer": "meadow", "year": 2023, "sat": "S2B", "date": "2023-06-11", "area_ha": 0.99}}, {"type": "Feature", "geometry": {"type": "Polygon", "coordinates": [[[-16.407928, 19.640143], [-16.407921, 19.63933], [-16.408207, 19.639327], [-16.408205, 19.639056], [-16.408491, 19.639054], [-16.408488, 19.638783], [-16.408774, 19.638781], [-16.40877, 19.638239], [-16.409056, 19.638237], [-16.409049, 19.637423], [-16.408763, 19.637426], [-16.408767, 19.637968], [-16.408481, 19.63797], [-16.408484, 19.638241], [-16.407912, 19.638245], [-16.407907, 19.637703], [-16.408193, 19.637701], [-16.408191, 19.63743], [-16.407904, 19.637432], [-16.407902, 19.637161], [-16.407616, 19.637164], [-16.407623, 19.637977], [-16.407337, 19.637979], [-16.407342, 19.638521], [-16.407056, 19.638523], [-16.407058, 19.638794], [-16.407344, 19.638792], [-16.407347, 19.639063], [-16.40706, 19.639065], [-16.40707, 19.640149], [-16.407928, 19.640143]], [[-16.407914, 19.638517], [-16.407628, 19.638519], [-16.407625, 19.638248], [-16.407912, 19.638245], [-16.407914, 19.638517]]]}, "properties": {"layer": "meadow", "year": 2023, "sat": "S2B", "date": "2023-06-11", "area_ha": 3.33}}, {"type": "Feature", "geometry": {"type": "Polygon", "coordinates": [[[-16.408763, 19.637426], [-16.408751, 19.636071], [-16.407893, 19.636077], [-16.407897, 19.636619], [-16.408183, 19.636617], [-16.408181, 19.636346], [-16.408467, 19.636344], [-16.408477, 19.637428], [-16.408763, 19.637426]]]}, "properties": {"layer": "meadow", "year": 2023, "sat": "S2B", "date": "2023-06-11", "area_ha": 0.72}}, {"type": "Feature", "geometry": {"type": "Polygon", "coordinates": [[[-16.452284, 19.641687], [-16.452279, 19.641145], [-16.452851, 19.641141], [-16.452846, 19.640599], [-16.45256, 19.640601], [-16.452556, 19.640059], [-16.45227, 19.640061], [-16.452267, 19.63979], [-16.451981, 19.639792], [-16.451974, 19.638979], [-16.451688, 19.638982], [-16.45168, 19.638169], [-16.451394, 19.638171], [-16.451392, 19.6379], [-16.451106, 19.637902], [-16.451096, 19.636818], [-16.45081, 19.63682], [-16.4508, 19.635736], [-16.450514, 19.635739], [-16.450512, 19.635468], [-16.44994, 19.635472], [-16.449942, 19.635743], [-16.450228, 19.635741], [-16.450231, 19.636012], [-16.449945, 19.636014], [-16.449947, 19.636285], [-16.450233, 19.636283], [-16.450235, 19.636554], [-16.450522, 19.636552], [-16.450524, 19.636823], [-16.450238, 19.636825], [-16.450245, 19.637638], [-16.450531, 19.637636], [-16.450526, 19.637094], [-16.450812, 19.637091], [-16.450822, 19.638176], [-16.451108, 19.638173], [-16.451111, 19.638444], [-16.450825, 19.638447], [-16.450832, 19.63926], [-16.451118, 19.639257], [-16.451125, 19.64007], [-16.451411, 19.640068], [-16.451414, 19.640339], [-16.4517, 19.640337], [-16.451702, 19.640608], [-16.451416, 19.64061], [-16.451419, 19.640881], [-16.451705, 19.640879], [-16.451707, 19.64115], [-16.451993, 19.641148], [-16.451998, 19.64169], [-16.452284, 19.641687]]]}, "properties": {"layer": "meadow", "year": 2023, "sat": "S2B", "date": "2023-06-11", "area_ha": 5.4}}, {"type": "Feature", "geometry": {"type": "Polygon", "coordinates": [[[-16.390139, 19.634047], [-16.390136, 19.633776], [-16.390994, 19.633769], [-16.39099, 19.633227], [-16.391562, 19.633223], [-16.391559, 19.632952], [-16.391846, 19.63295], [-16.391843, 19.632678], [-16.392129, 19.632676], [-16.392127, 19.632405], [-16.392413, 19.632403], [-16.392408, 19.631861], [-16.391836, 19.631865], [-16.391832, 19.631323], [-16.392118, 19.631321], [-16.392115, 19.63105], [-16.392687, 19.631046], [-16.392683, 19.630504], [-16.393255, 19.630499], [-16.393252, 19.630228], [-16.393825, 19.630224], [-16.393827, 19.630495], [-16.393541, 19.630497], [-16.393545, 19.631039], [-16.394118, 19.631035], [-16.394115, 19.630764], [-16.394401, 19.630761], [-16.394399, 19.63049], [-16.394685, 19.630488], [-16.39468, 19.629946], [-16.394966, 19.629944], [-16.394964, 19.629673], [-16.39525, 19.629671], [-16.395245, 19.629128], [-16.395531, 19.629126], [-16.395527, 19.628584], [-16.395241, 19.628586], [-16.395234, 19.627773], [-16.394948, 19.627776], [-16.394945, 19.627505], [-16.395517, 19.6275], [-16.39552, 19.627771], [-16.395806, 19.627769], [-16.395801, 19.627227], [-16.395515, 19.627229], [-16.395513, 19.626958], [-16.394941, 19.626962], [-16.394938, 19.626691], [-16.394652, 19.626694], [-16.394655, 19.626965], [-16.394369, 19.626967], [-16.394371, 19.627238], [-16.394657, 19.627236], [-16.394659, 19.627507], [-16.394087, 19.627511], [-16.394092, 19.628053], [-16.393806, 19.628055], [-16.393808, 19.628326], [-16.393522, 19.628329], [-16.393531, 19.629413], [-16.393245, 19.629415], [-16.393248, 19.629686], [-16.39239, 19.629693], [-16.392397, 19.630506], [-16.391825, 19.63051], [-16.391827, 19.630781], [-16.391541, 19.630783], [-16.391545, 19.631326], [-16.390973, 19.63133], [-16.390976, 19.631601], [-16.39069, 19.631603], [-16.390692, 19.631874], [-16.390406, 19.631876], [-16.390408, 19.632147], [-16.390122, 19.63215], [-16.390125, 19.632421], [-16.389839, 19.632423], [-16.389848, 19.633507], [-16.389562, 19.633509], [-16.389566, 19.634051], [-16.390139, 19.634047]], [[-16.391843, 19.632678], [-16.391557, 19.632681], [-16.391555, 19.63241], [-16.391841, 19.632407], [-16.391843, 19.632678]], [[-16.394394, 19.629948], [-16.393822, 19.629953], [-16.39382, 19.629682], [-16.394106, 19.629679], [-16.394104, 19.629408], [-16.39439, 19.629406], [-16.394394, 19.629948]], [[-16.393536, 19.629955], [-16.39325, 19.629957], [-16.393248, 19.629686], [-16.393534, 19.629684], [-16.393536, 19.629955]], [[-16.394676, 19.629404], [-16.39439, 19.629406], [-16.394387, 19.629135], [-16.394673, 19.629133], [-16.394676, 19.629404]], [[-16.394104, 19.629408], [-16.393817, 19.629411], [-16.393815, 19.62914], [-16.394101, 19.629137], [-16.394104, 19.629408]], [[-16.394099, 19.628866], [-16.393813, 19.628869], [-16.39381, 19.628598], [-16.394097, 19.628595], [-16.394099, 19.628866]]]}, "properties": {"layer": "meadow", "year": 2023, "sat": "S2B", "date": "2023-06-11", "area_ha": 12.42}}, {"type": "Feature", "geometry": {"type": "Polygon", "coordinates": [[[-16.393522, 19.628329], [-16.393517, 19.627787], [-16.393231, 19.627789], [-16.393224, 19.626976], [-16.392938, 19.626978], [-16.392936, 19.626707], [-16.393508, 19.626702], [-16.393506, 19.626431], [-16.393792, 19.626429], [-16.393789, 19.626158], [-16.394075, 19.626156], [-16.394068, 19.625343], [-16.393782, 19.625345], [-16.393787, 19.625887], [-16.393215, 19.625892], [-16.393217, 19.626163], [-16.392931, 19.626165], [-16.392927, 19.625623], [-16.393499, 19.625618], [-16.393496, 19.625347], [-16.392638, 19.625354], [-16.392643, 19.625896], [-16.392071, 19.6259], [-16.392092, 19.62834], [-16.392378, 19.628338], [-16.392376, 19.628067], [-16.392662, 19.628064], [-16.392659, 19.627793], [-16.392945, 19.627791], [-16.39295, 19.628333], [-16.393522, 19.628329]], [[-16.392941, 19.627249], [-16.392655, 19.627251], [-16.392652, 19.62698], [-16.392938, 19.626978], [-16.392941, 19.627249]]]}, "properties": {"layer": "meadow", "year": 2023, "sat": "S2B", "date": "2023-06-11", "area_ha": 3.96}}, {"type": "Feature", "geometry": {"type": "Polygon", "coordinates": [[[-16.414961, 19.626535], [-16.414959, 19.626264], [-16.415245, 19.626262], [-16.415237, 19.625449], [-16.415523, 19.625447], [-16.415516, 19.624633], [-16.41523, 19.624636], [-16.415223, 19.623823], [-16.415509, 19.62382], [-16.415502, 19.623007], [-16.415216, 19.62301], [-16.415211, 19.622467], [-16.414639, 19.622472], [-16.414644, 19.623014], [-16.41493, 19.623012], [-16.414947, 19.624909], [-16.414375, 19.624913], [-16.414379, 19.625456], [-16.414093, 19.625458], [-16.414096, 19.625729], [-16.414668, 19.625724], [-16.414675, 19.626537], [-16.414961, 19.626535]], [[-16.414954, 19.625722], [-16.414668, 19.625724], [-16.414663, 19.625182], [-16.414949, 19.62518], [-16.414954, 19.625722]]]}, "properties": {"layer": "meadow", "year": 2023, "sat": "S2B", "date": "2023-06-11", "area_ha": 2.7}}, {"type": "Feature", "geometry": {"type": "Polygon", "coordinates": [[[-16.396352, 19.624783], [-16.396343, 19.623699], [-16.396629, 19.623697], [-16.396612, 19.6218], [-16.39604, 19.621804], [-16.396066, 19.624785], [-16.396352, 19.624783]]]}, "properties": {"layer": "meadow", "year": 2023, "sat": "S2B", "date": "2023-06-11", "area_ha": 1.62}}, {"type": "Feature", "geometry": {"type": "Polygon", "coordinates": [[[-16.407404, 19.612771], [-16.407399, 19.612229], [-16.407685, 19.612227], [-16.40768, 19.611685], [-16.407108, 19.611689], [-16.407118, 19.612773], [-16.407404, 19.612771]]]}, "properties": {"layer": "meadow", "year": 2023, "sat": "S2B", "date": "2023-06-11", "area_ha": 0.54}}, {"type": "Feature", "geometry": {"type": "Polygon", "coordinates": [[[-16.421985, 19.612114], [-16.421981, 19.611572], [-16.422267, 19.61157], [-16.422262, 19.611028], [-16.422548, 19.611026], [-16.422546, 19.610755], [-16.422832, 19.610752], [-16.422829, 19.610481], [-16.423115, 19.610479], [-16.42311, 19.609937], [-16.423396, 19.609935], [-16.423394, 19.609664], [-16.42368, 19.609661], [-16.423675, 19.609119], [-16.423961, 19.609117], [-16.423959, 19.608846], [-16.424245, 19.608844], [-16.424242, 19.608573], [-16.424528, 19.608571], [-16.424526, 19.6083], [-16.423382, 19.608309], [-16.423384, 19.60858], [-16.423098, 19.608582], [-16.423106, 19.609395], [-16.422534, 19.609399], [-16.422538, 19.609942], [-16.422252, 19.609944], [-16.422255, 19.610215], [-16.421683, 19.610219], [-16.421697, 19.611846], [-16.421411, 19.611848], [-16.421413, 19.612119], [-16.421985, 19.612114]]]}, "properties": {"layer": "meadow", "year": 2023, "sat": "S2B", "date": "2023-06-11", "area_ha": 3.78}}, {"type": "Feature", "geometry": {"type": "Polygon", "coordinates": [[[-16.400589, 19.618516], [-16.400586, 19.618245], [-16.401444, 19.618238], [-16.401442, 19.617967], [-16.401728, 19.617965], [-16.401723, 19.617423], [-16.402009, 19.617421], [-16.402007, 19.61715], [-16.402293, 19.617148], [-16.402295, 19.617419], [-16.402581, 19.617416], [-16.402577, 19.616874], [-16.403435, 19.616868], [-16.403428, 19.616055], [-16.403714, 19.616052], [-16.403711, 19.615781], [-16.403997, 19.615779], [-16.404, 19.61605], [-16.404286, 19.616048], [-16.404283, 19.615777], [-16.404855, 19.615772], [-16.404853, 19.615501], [-16.405425, 19.615497], [-16.405418, 19.614684], [-16.405704, 19.614682], [-16.405702, 19.61441], [-16.405988, 19.614408], [-16.405983, 19.613866], [-16.405411, 19.613871], [-16.405413, 19.614142], [-16.404841, 19.614146], [-16.404846, 19.614688], [-16.404274, 19.614693], [-16.404276, 19.614964], [-16.403704, 19.614968], [-16.403707, 19.615239], [-16.403421, 19.615241], [-16.403416, 19.614699], [-16.403702, 19.614697], [-16.4037, 19.614426], [-16.404272, 19.614422], [-16.404265, 19.613609], [-16.404551, 19.613606], [-16.404548, 19.613335], [-16.40512, 19.613331], [-16.405115, 19.612789], [-16.405688, 19.612784], [-16.40569, 19.613055], [-16.406262, 19.613051], [-16.40626, 19.61278], [-16.406832, 19.612775], [-16.406822, 19.611691], [-16.407108, 19.611689], [-16.407106, 19.611418], [-16.407678, 19.611414], [-16.40768, 19.611685], [-16.407966, 19.611682], [-16.407964, 19.611411], [-16.40825, 19.611409], [-16.408245, 19.610867], [-16.408531, 19.610865], [-16.408526, 19.610323], [-16.40824, 19.610325], [-16.408236, 19.609783], [-16.40795, 19.609785], [-16.407954, 19.610327], [-16.407668, 19.610329], [-16.407673, 19.610871], [-16.407387, 19.610874], [-16.407378, 19.60979], [-16.407664, 19.609787], [-16.407661, 19.609516], [-16.407947, 19.609514], [-16.407945, 19.609243], [-16.407373, 19.609248], [-16.407371, 19.608976], [-16.407657, 19.608974], [-16.407652, 19.608432], [-16.407938, 19.60843], [-16.407936, 19.608159], [-16.408222, 19.608157], [-16.408226, 19.608699], [-16.408512, 19.608697], [-16.40851, 19.608425], [-16.409082, 19.608421], [-16.40908, 19.60815], [-16.408794, 19.608152], [-16.408791, 19.607881], [-16.408219, 19.607886], [-16.408217, 19.607615], [-16.407645, 19.607619], [-16.40765, 19.608161], [-16.407364, 19.608163], [-16.407368, 19.608705], [-16.407082, 19.608708], [-16.407087, 19.60925], [-16.406801, 19.609252], [-16.406803, 19.609523], [-16.406517, 19.609525], [-16.406522, 19.610067], [-16.406808, 19.610065], [-16.406813, 19.610607], [-16.406527, 19.610609], [-16.406534, 19.611422], [-16.406248, 19.611425], [-16.406252, 19.611967], [-16.40568, 19.611971], [-16.405683, 19.612242], [-16.405111, 19.612247], [-16.405113, 19.612518], [-16.404255, 19.612524], [-16.404257, 19.612795], [-16.403685, 19.6128], [-16.403683, 19.612529], [-16.403397, 19.612531], [-16.403395, 19.61226], [-16.402537, 19.612267], [-16.402539, 19.612538], [-16.402825, 19.612536], [-16.402827, 19.612807], [-16.403113, 19.612804], [-16.403128, 19.614431], [-16.402841, 19.614433], [-16.402844, 19.614704], [-16.402558, 19.614706], [-16.402555, 19.614435], [-16.401697, 19.614442], [-16.4017, 19.614713], [-16.401986, 19.614711], [-16.401988, 19.614982], [-16.40256, 19.614977], [-16.402563, 19.615248], [-16.401704, 19.615255], [-16.401707, 19.615526], [-16.401135, 19.61553], [-16.401128, 19.614717], [-16.401414, 19.614715], [-16.401409, 19.614173], [-16.401695, 19.614171], [-16.40169, 19.613629], [-16.402262, 19.613624], [-16.40226, 19.613353], [-16.401688, 19.613358], [-16.401686, 19.613087], [-16.401972, 19.613084], [-16.401967, 19.612542], [-16.402253, 19.61254], [-16.402248, 19.611998], [-16.401676, 19.612002], [-16.401679, 19.612273], [-16.401393, 19.612276], [-16.401395, 19.612547], [-16.401109, 19.612549], [-16.401111, 19.61282], [-16.400539, 19.612824], [-16.400542, 19.613095], [-16.400828, 19.613093], [-16.400832, 19.613635], [-16.399974, 19.613642], [-16.399977, 19.613913], [-16.399691, 19.613915], [-16.3997, 19.614999], [-16.399414, 19.615002], [-16.399419, 19.615544], [-16.399133, 19.615546], [-16.399137, 19.616088], [-16.398851, 19.61609], [-16.398856, 19.616632], [-16.39857, 19.616634], [-16.398577, 19.617448], [-16.398863, 19.617445], [-16.398861, 19.617174], [-16.399433, 19.61717], [-16.399428, 19.616628], [-16.400286, 19.616621], [-16.400284, 19.61635], [-16.401142, 19.616343], [-16.401149, 19.617156], [-16.400863, 19.617159], [-16.400865, 19.61743], [-16.401437, 19.617425], [-16.40144, 19.617696], [-16.400582, 19.617703], [-16.400584, 19.617974], [-16.400298, 19.617976], [-16.400303, 19.618518], [-16.400589, 19.618516]], [[-16.403142, 19.616057], [-16.402856, 19.616059], [-16.402846, 19.614975], [-16.403132, 19.614973], [-16.403135, 19.615244], [-16.403421, 19.615241], [-16.403423, 19.615512], [-16.403137, 19.615515], [-16.403142, 19.616057]], [[-16.400277, 19.615537], [-16.399991, 19.615539], [-16.399988, 19.615268], [-16.400274, 19.615266], [-16.400277, 19.615537]], [[-16.40056, 19.615264], [-16.400274, 19.615266], [-16.400272, 19.614995], [-16.400558, 19.614993], [-16.40056, 19.615264]], [[-16.40027, 19.614724], [-16.399984, 19.614726], [-16.399981, 19.614455], [-16.400267, 19.614453], [-16.40027, 19.614724]], [[-16.403983, 19.614153], [-16.403697, 19.614155], [-16.403695, 19.613884], [-16.403981, 19.613882], [-16.403983, 19.614153]], [[-16.401686, 19.613087], [-16.4014, 19.613089], [-16.401397, 19.612818], [-16.401683, 19.612816], [-16.401686, 19.613087]]]}, "properties": {"layer": "meadow", "year": 2023, "sat": "S2B", "date": "2023-06-11", "area_ha": 28.62}}, {"type": "Feature", "geometry": {"type": "Polygon", "coordinates": [[[-16.422522, 19.608044], [-16.422519, 19.607773], [-16.423091, 19.607769], [-16.423089, 19.607498], [-16.422803, 19.6075], [-16.422801, 19.607229], [-16.422515, 19.607231], [-16.422517, 19.607502], [-16.421659, 19.607509], [-16.421661, 19.60778], [-16.422233, 19.607776], [-16.422236, 19.608047], [-16.422522, 19.608044]]]}, "properties": {"layer": "meadow", "year": 2023, "sat": "S2B", "date": "2023-06-11", "area_ha": 0.63}}, {"type": "Feature", "geometry": {"type": "Polygon", "coordinates": [[[-16.391643, 19.60937], [-16.39164, 19.609099], [-16.392212, 19.609094], [-16.39221, 19.608823], [-16.392496, 19.608821], [-16.392494, 19.60855], [-16.391922, 19.608554], [-16.391917, 19.608012], [-16.392203, 19.60801], [-16.392198, 19.607468], [-16.391626, 19.607473], [-16.391622, 19.60693], [-16.391908, 19.606928], [-16.39191, 19.607199], [-16.392482, 19.607195], [-16.39248, 19.606924], [-16.392766, 19.606922], [-16.392763, 19.606651], [-16.391905, 19.606657], [-16.391901, 19.606115], [-16.391615, 19.606117], [-16.39161, 19.605575], [-16.391324, 19.605577], [-16.391329, 19.60612], [-16.391043, 19.606122], [-16.391045, 19.606393], [-16.390759, 19.606395], [-16.390761, 19.606666], [-16.391047, 19.606664], [-16.391052, 19.607206], [-16.391338, 19.607204], [-16.391345, 19.608017], [-16.391059, 19.608019], [-16.391061, 19.60829], [-16.391347, 19.608288], [-16.39135, 19.608559], [-16.391064, 19.608561], [-16.391066, 19.608832], [-16.391352, 19.60883], [-16.391357, 19.609372], [-16.391643, 19.60937]]]}, "properties": {"layer": "meadow", "year": 2023, "sat": "S2B", "date": "2023-06-11", "area_ha": 3.6}}, {"type": "Feature", "geometry": {"type": "Polygon", "coordinates": [[[-16.425077, 19.605856], [-16.425069, 19.605043], [-16.425355, 19.60504], [-16.425348, 19.604227], [-16.425634, 19.604225], [-16.425629, 19.603683], [-16.425058, 19.603688], [-16.425062, 19.60423], [-16.42449, 19.604234], [-16.424493, 19.604505], [-16.423921, 19.60451], [-16.423925, 19.605052], [-16.424211, 19.605049], [-16.424216, 19.605592], [-16.424502, 19.605589], [-16.424505, 19.60586], [-16.425077, 19.605856]]]}, "properties": {"layer": "meadow", "year": 2023, "sat": "S2B", "date": "2023-06-11", "area_ha": 2.25}}, {"type": "Feature", "geometry": {"type": "Polygon", "coordinates": [[[-16.422226, 19.606962], [-16.422224, 19.606691], [-16.422796, 19.606687], [-16.422793, 19.606416], [-16.423651, 19.606409], [-16.423649, 19.606138], [-16.423935, 19.606136], [-16.423933, 19.605865], [-16.424219, 19.605863], [-16.424216, 19.605592], [-16.423358, 19.605598], [-16.423363, 19.60614], [-16.422505, 19.606147], [-16.422503, 19.605876], [-16.422217, 19.605878], [-16.422214, 19.605607], [-16.4225, 19.605605], [-16.422493, 19.604792], [-16.422207, 19.604794], [-16.422205, 19.604523], [-16.422491, 19.604521], [-16.422488, 19.60425], [-16.421916, 19.604254], [-16.421914, 19.603983], [-16.4222, 19.603981], [-16.422195, 19.603439], [-16.421909, 19.603441], [-16.421907, 19.60317], [-16.421335, 19.603175], [-16.421337, 19.603446], [-16.421623, 19.603444], [-16.42163, 19.604257], [-16.420772, 19.604263], [-16.420775, 19.604534], [-16.420489, 19.604537], [-16.420486, 19.604266], [-16.419914, 19.60427], [-16.41991, 19.603728], [-16.419624, 19.60373], [-16.419621, 19.603459], [-16.419907, 19.603457], [-16.419905, 19.603186], [-16.419333, 19.603191], [-16.419335, 19.603462], [-16.419049, 19.603464], [-16.419054, 19.604006], [-16.418768, 19.604008], [-16.418773, 19.60455], [-16.418487, 19.604553], [-16.418492, 19.605095], [-16.418206, 19.605097], [-16.418217, 19.606452], [-16.418503, 19.60645], [-16.418499, 19.605908], [-16.418785, 19.605905], [-16.418782, 19.605634], [-16.419068, 19.605632], [-16.419066, 19.605361], [-16.419638, 19.605357], [-16.41964, 19.605628], [-16.419926, 19.605625], [-16.419929, 19.605896], [-16.420215, 19.605894], [-16.420224, 19.606978], [-16.42051, 19.606976], [-16.420505, 19.606434], [-16.420791, 19.606432], [-16.420794, 19.606703], [-16.421652, 19.606696], [-16.421654, 19.606967], [-16.422226, 19.606962]], [[-16.419633, 19.604815], [-16.419347, 19.604817], [-16.419342, 19.604275], [-16.419628, 19.604272], [-16.419633, 19.604815]]]}, "properties": {"layer": "meadow", "year": 2023, "sat": "S2B", "date": "2023-06-11", "area_ha": 11.79}}, {"type": "Feature", "geometry": {"type": "Polygon", "coordinates": [[[-16.426187, 19.602052], [-16.426185, 19.601781], [-16.425899, 19.601784], [-16.425894, 19.601241], [-16.425608, 19.601244], [-16.425606, 19.600973], [-16.425892, 19.60097], [-16.425889, 19.600699], [-16.425317, 19.600704], [-16.42532, 19.600975], [-16.424748, 19.60098], [-16.424752, 19.601522], [-16.42561, 19.601515], [-16.425615, 19.602057], [-16.426187, 19.602052]]]}, "properties": {"layer": "meadow", "year": 2023, "sat": "S2B", "date": "2023-06-11", "area_ha": 1.08}}, {"type": "Feature", "geometry": {"type": "Polygon", "coordinates": [[[-16.421323, 19.60182], [-16.421318, 19.601278], [-16.42189, 19.601273], [-16.421885, 19.600731], [-16.421599, 19.600733], [-16.421597, 19.600462], [-16.421311, 19.600465], [-16.421313, 19.600736], [-16.421027, 19.600738], [-16.421037, 19.601822], [-16.421323, 19.60182]]]}, "properties": {"layer": "meadow", "year": 2023, "sat": "S2B", "date": "2023-06-11", "area_ha": 0.81}}, {"type": "Feature", "geometry": {"type": "Polygon", "coordinates": [[[-16.426759, 19.602048], [-16.426757, 19.601777], [-16.427043, 19.601774], [-16.427038, 19.601232], [-16.427324, 19.60123], [-16.427322, 19.600959], [-16.427608, 19.600957], [-16.427603, 19.600415], [-16.427317, 19.600417], [-16.427319, 19.600688], [-16.427033, 19.60069], [-16.427036, 19.600961], [-16.42675, 19.600964], [-16.426754, 19.601506], [-16.426468, 19.601508], [-16.426473, 19.60205], [-16.426759, 19.602048]]]}, "properties": {"layer": "meadow", "year": 2023, "sat": "S2B", "date": "2023-06-11", "area_ha": 0.81}}, {"type": "Feature", "geometry": {"type": "Polygon", "coordinates": [[[-16.422169, 19.600458], [-16.422162, 19.599645], [-16.422448, 19.599642], [-16.422445, 19.599371], [-16.421587, 19.599378], [-16.42159, 19.599649], [-16.421876, 19.599647], [-16.421878, 19.599918], [-16.421592, 19.59992], [-16.421597, 19.600462], [-16.422169, 19.600458]]]}, "properties": {"layer": "meadow", "year": 2023, "sat": "S2B", "date": "2023-06-11", "area_ha": 0.72}}, {"type": "Feature", "geometry": {"type": "Polygon", "coordinates": [[[-16.437894, 19.599791], [-16.437889, 19.599249], [-16.438175, 19.599247], [-16.438172, 19.598976], [-16.438744, 19.598971], [-16.438742, 19.5987], [-16.438456, 19.598702], [-16.438453, 19.598431], [-16.438167, 19.598433], [-16.43817, 19.598705], [-16.437598, 19.598709], [-16.437595, 19.598438], [-16.437309, 19.59844], [-16.437319, 19.599524], [-16.437605, 19.599522], [-16.437608, 19.599793], [-16.437894, 19.599791]]]}, "properties": {"layer": "meadow", "year": 2023, "sat": "S2B", "date": "2023-06-11", "area_ha": 1.17}}, {"type": "Feature", "geometry": {"type": "Polygon", "coordinates": [[[-16.427889, 19.600413], [-16.427886, 19.600142], [-16.428172, 19.600139], [-16.42817, 19.599868], [-16.428456, 19.599866], [-16.428454, 19.599595], [-16.42874, 19.599593], [-16.428735, 19.599051], [-16.429021, 19.599048], [-16.429018, 19.598777], [-16.429304, 19.598775], [-16.429302, 19.598504], [-16.429588, 19.598502], [-16.429583, 19.59796], [-16.429869, 19.597957], [-16.42986, 19.596873], [-16.430146, 19.596871], [-16.430143, 19.5966], [-16.429571, 19.596605], [-16.429574, 19.596876], [-16.429288, 19.596878], [-16.42929, 19.597149], [-16.429004, 19.597151], [-16.429002, 19.59688], [-16.428716, 19.596882], [-16.428718, 19.597153], [-16.428432, 19.597156], [-16.428437, 19.597698], [-16.428151, 19.5977], [-16.428153, 19.597971], [-16.428439, 19.597969], [-16.428442, 19.59824], [-16.428156, 19.598242], [-16.42816, 19.598784], [-16.427874, 19.598786], [-16.427879, 19.599328], [-16.427307, 19.599333], [-16.42731, 19.599604], [-16.427596, 19.599602], [-16.427603, 19.600415], [-16.427889, 19.600413]], [[-16.429009, 19.597693], [-16.428723, 19.597695], [-16.42872, 19.597424], [-16.429006, 19.597422], [-16.429009, 19.597693]]]}, "properties": {"layer": "meadow", "year": 2023, "sat": "S2B", "date": "2023-06-11", "area_ha": 4.59}}, {"type": "Feature", "geometry": {"type": "Polygon", "coordinates": [[[-16.433289, 19.596575], [-16.433287, 19.596304], [-16.433573, 19.596302], [-16.433563, 19.595218], [-16.433849, 19.595215], [-16.433844, 19.594673], [-16.433558, 19.594676], [-16.433556, 19.594405], [-16.43327, 19.594407], [-16.433275, 19.594949], [-16.432989, 19.594951], [-16.432998, 19.596035], [-16.432426, 19.59604], [-16.432424, 19.595769], [-16.432138, 19.595771], [-16.432135, 19.5955], [-16.431849, 19.595502], [-16.431852, 19.595773], [-16.431566, 19.595776], [-16.431571, 19.596318], [-16.431857, 19.596315], [-16.431859, 19.596586], [-16.433289, 19.596575]]]}, "properties": {"layer": "meadow", "year": 2023, "sat": "S2B", "date": "2023-06-11", "area_ha": 2.52}}, {"type": "Feature", "geometry": {"type": "Polygon", "coordinates": [[[-16.428415, 19.595258], [-16.428413, 19.594987], [-16.428699, 19.594985], [-16.428694, 19.594443], [-16.42898, 19.594441], [-16.428975, 19.593899], [-16.428689, 19.593901], [-16.428692, 19.594172], [-16.428406, 19.594174], [-16.428408, 19.594445], [-16.427836, 19.59445], [-16.427841, 19.594992], [-16.428127, 19.59499], [-16.428129, 19.595261], [-16.428415, 19.595258]]]}, "properties": {"layer": "meadow", "year": 2023, "sat": "S2B", "date": "2023-06-11", "area_ha": 0.9}}, {"type": "Feature", "geometry": {"type": "Polygon", "coordinates": [[[-16.43612, 19.5933], [-16.436117, 19.593029], [-16.436403, 19.593027], [-16.436396, 19.592214], [-16.43611, 19.592216], [-16.436115, 19.592758], [-16.435829, 19.59276], [-16.435831, 19.593031], [-16.435546, 19.593033], [-16.435548, 19.593304], [-16.43612, 19.5933]]]}, "properties": {"layer": "meadow", "year": 2023, "sat": "S2B", "date": "2023-06-11", "area_ha": 0.54}}, {"type": "Feature", "geometry": {"type": "Polygon", "coordinates": [[[-16.425241, 19.592031], [-16.425238, 19.59176], [-16.425524, 19.591758], [-16.425522, 19.591487], [-16.42495, 19.591491], [-16.424948, 19.59122], [-16.42409, 19.591227], [-16.424095, 19.591769], [-16.424953, 19.591762], [-16.424955, 19.592033], [-16.425241, 19.592031]]]}, "properties": {"layer": "meadow", "year": 2023, "sat": "S2B", "date": "2023-06-11", "area_ha": 0.81}}, {"type": "Feature", "geometry": {"type": "Polygon", "coordinates": [[[-16.40278, 19.607386], [-16.402778, 19.607115], [-16.403064, 19.607113], [-16.403059, 19.606571], [-16.403345, 19.606568], [-16.403343, 19.606297], [-16.403629, 19.606295], [-16.40362, 19.605211], [-16.403906, 19.605209], [-16.403896, 19.604125], [-16.404182, 19.604122], [-16.40418, 19.603851], [-16.403894, 19.603854], [-16.403891, 19.603583], [-16.404177, 19.60358], [-16.404175, 19.603309], [-16.404747, 19.603305], [-16.404742, 19.602763], [-16.405314, 19.602758], [-16.405312, 19.602487], [-16.405598, 19.602485], [-16.405593, 19.601943], [-16.405879, 19.601941], [-16.405875, 19.601399], [-16.406161, 19.601397], [-16.406151, 19.600312], [-16.406437, 19.60031], [-16.406428, 19.599226], [-16.406142, 19.599228], [-16.406135, 19.598415], [-16.406421, 19.598413], [-16.406414, 19.5976], [-16.4067, 19.597598], [-16.40669, 19.596514], [-16.406976, 19.596511], [-16.406974, 19.59624], [-16.40726, 19.596238], [-16.407255, 19.595696], [-16.406969, 19.595698], [-16.406964, 19.595156], [-16.40725, 19.595154], [-16.407243, 19.594341], [-16.407529, 19.594339], [-16.407525, 19.593797], [-16.407811, 19.593794], [-16.407803, 19.592981], [-16.408089, 19.592979], [-16.408092, 19.59325], [-16.408378, 19.593248], [-16.40838, 19.593519], [-16.408666, 19.593517], [-16.408659, 19.592703], [-16.408087, 19.592708], [-16.408078, 19.591624], [-16.408364, 19.591622], [-16.408361, 19.591351], [-16.407789, 19.591355], [-16.407794, 19.591897], [-16.406936, 19.591904], [-16.406938, 19.592175], [-16.406652, 19.592177], [-16.406657, 19.592719], [-16.407229, 19.592715], [-16.407232, 19.592986], [-16.406946, 19.592988], [-16.406953, 19.593801], [-16.406667, 19.593803], [-16.406669, 19.594074], [-16.406383, 19.594077], [-16.406378, 19.593534], [-16.406092, 19.593537], [-16.406097, 19.594079], [-16.405811, 19.594081], [-16.405818, 19.594894], [-16.405532, 19.594896], [-16.405537, 19.595438], [-16.405251, 19.595441], [-16.40526, 19.596525], [-16.404974, 19.596527], [-16.404984, 19.597611], [-16.404698, 19.597613], [-16.404705, 19.598426], [-16.404419, 19.598429], [-16.404421, 19.5987], [-16.404135, 19.598702], [-16.40414, 19.599244], [-16.403854, 19.599246], [-16.403856, 19.599517], [-16.40357, 19.599519], [-16.403575, 19.600061], [-16.403289, 19.600064], [-16.403294, 19.600606], [-16.403008, 19.600608], [-16.403012, 19.60115], [-16.402726, 19.601152], [-16.402733, 19.601965], [-16.402447, 19.601968], [-16.402464, 19.603865], [-16.40275, 19.603863], [-16.402752, 19.604134], [-16.402466, 19.604136], [-16.402473, 19.604949], [-16.402759, 19.604947], [-16.402762, 19.605218], [-16.402476, 19.60522], [-16.402483, 19.606033], [-16.402197, 19.606035], [-16.402204, 19.606848], [-16.40249, 19.606846], [-16.402494, 19.607388], [-16.40278, 19.607386]], [[-16.403055, 19.606029], [-16.402769, 19.606031], [-16.402766, 19.60576], [-16.403052, 19.605758], [-16.403055, 19.606029]], [[-16.403045, 19.604944], [-16.402759, 19.604947], [-16.402757, 19.604676], [-16.403043, 19.604673], [-16.403045, 19.604944]], [[-16.403322, 19.603858], [-16.403036, 19.60386], [-16.403033, 19.603589], [-16.403319, 19.603587], [-16.403322, 19.603858]], [[-16.405307, 19.601945], [-16.405021, 19.601948], [-16.405012, 19.600863], [-16.405298, 19.600861], [-16.405296, 19.60059], [-16.405582, 19.600588], [-16.405589, 19.601401], [-16.405303, 19.601403], [-16.405307, 19.601945]], [[-16.403877, 19.601956], [-16.403591, 19.601959], [-16.403587, 19.601417], [-16.403873, 19.601414], [-16.403868, 19.600872], [-16.404154, 19.60087], [-16.404161, 19.601683], [-16.403875, 19.601685], [-16.403877, 19.601956]], [[-16.406151, 19.600312], [-16.405865, 19.600315], [-16.405863, 19.600044], [-16.406149, 19.600041], [-16.406151, 19.600312]], [[-16.404435, 19.600326], [-16.403863, 19.60033], [-16.403861, 19.600059], [-16.404147, 19.600057], [-16.404142, 19.599515], [-16.404428, 19.599513], [-16.404435, 19.600326]], [[-16.40586, 19.599773], [-16.405574, 19.599775], [-16.40557, 19.599233], [-16.405856, 19.599231], [-16.40586, 19.599773]], [[-16.405279, 19.598693], [-16.404993, 19.598695], [-16.404984, 19.597611], [-16.40527, 19.597609], [-16.405279, 19.598693]], [[-16.405842, 19.597604], [-16.40527, 19.597609], [-16.405267, 19.597338], [-16.405839, 19.597333], [-16.405842, 19.597604]], [[-16.406113, 19.595976], [-16.405828, 19.595978], [-16.40582, 19.595165], [-16.406106, 19.595163], [-16.406102, 19.594621], [-16.406388, 19.594619], [-16.406395, 19.595432], [-16.406109, 19.595434], [-16.406113, 19.595976]]]}, "properties": {"layer": "meadow", "year": 2023, "sat": "S2B", "date": "2023-06-11", "area_ha": 30.24}}, {"type": "Feature", "geometry": {"type": "Polygon", "coordinates": [[[-16.428963, 19.592544], [-16.428961, 19.592273], [-16.429247, 19.59227], [-16.429245, 19.591999], [-16.429816, 19.591995], [-16.429812, 19.591453], [-16.430098, 19.59145], [-16.430093, 19.590908], [-16.430379, 19.590906], [-16.430374, 19.590364], [-16.429802, 19.590369], [-16.429807, 19.590911], [-16.429521, 19.590913], [-16.429526, 19.591455], [-16.42924, 19.591457], [-16.429242, 19.591728], [-16.42867, 19.591733], [-16.428673, 19.592004], [-16.428387, 19.592006], [-16.428389, 19.592277], [-16.428675, 19.592275], [-16.428677, 19.592546], [-16.428963, 19.592544]]]}, "properties": {"layer": "meadow", "year": 2023, "sat": "S2B", "date": "2023-06-11", "area_ha": 1.62}}, {"type": "Feature", "geometry": {"type": "Polygon", "coordinates": [[[-16.427805, 19.590927], [-16.427803, 19.590656], [-16.428375, 19.590651], [-16.428372, 19.59038], [-16.428944, 19.590375], [-16.428942, 19.590104], [-16.428084, 19.590111], [-16.428086, 19.590382], [-16.427514, 19.590387], [-16.427517, 19.590658], [-16.427231, 19.59066], [-16.427233, 19.590931], [-16.427805, 19.590927]]]}, "properties": {"layer": "meadow", "year": 2023, "sat": "S2B", "date": "2023-06-11", "area_ha": 0.72}}, {"type": "Feature", "geometry": {"type": "Polygon", "coordinates": [[[-16.410633, 19.589435], [-16.41063, 19.589164], [-16.410916, 19.589162], [-16.410911, 19.58862], [-16.411197, 19.588618], [-16.41119, 19.587805], [-16.411476, 19.587803], [-16.411474, 19.587532], [-16.41176, 19.587529], [-16.411755, 19.586987], [-16.412327, 19.586983], [-16.412315, 19.585628], [-16.412029, 19.58563], [-16.412032, 19.585901], [-16.411746, 19.585903], [-16.411748, 19.586174], [-16.41089, 19.586181], [-16.410893, 19.586452], [-16.410607, 19.586454], [-16.410611, 19.586996], [-16.410039, 19.587001], [-16.410042, 19.587272], [-16.409756, 19.587274], [-16.40976, 19.587816], [-16.410046, 19.587814], [-16.410049, 19.588085], [-16.410621, 19.58808], [-16.410628, 19.588893], [-16.410342, 19.588896], [-16.410347, 19.589438], [-16.410633, 19.589435]], [[-16.410902, 19.587536], [-16.410616, 19.587538], [-16.410614, 19.587267], [-16.4109, 19.587265], [-16.410902, 19.587536]], [[-16.41033, 19.58754], [-16.410044, 19.587543], [-16.410042, 19.587272], [-16.410328, 19.587269], [-16.41033, 19.58754]]]}, "properties": {"layer": "meadow", "year": 2023, "sat": "S2B", "date": "2023-06-11", "area_ha": 4.41}}, {"type": "Feature", "geometry": {"type": "Polygon", "coordinates": [[[-16.413457, 19.585348], [-16.413447, 19.584263], [-16.413733, 19.584261], [-16.413731, 19.58399], [-16.413159, 19.583995], [-16.413166, 19.584808], [-16.41288, 19.58481], [-16.412885, 19.585352], [-16.413457, 19.585348]]]}, "properties": {"layer": "meadow", "year": 2023, "sat": "S2B", "date": "2023-06-11", "area_ha": 0.72}}, {"type": "Feature", "geometry": {"type": "Polygon", "coordinates": [[[-16.40722, 19.591631], [-16.407217, 19.59136], [-16.407503, 19.591357], [-16.407494, 19.590273], [-16.407208, 19.590275], [-16.407201, 19.589462], [-16.406915, 19.589465], [-16.406913, 19.589193], [-16.407199, 19.589191], [-16.407194, 19.588649], [-16.407766, 19.588645], [-16.407761, 19.588103], [-16.407475, 19.588105], [-16.407477, 19.588376], [-16.406906, 19.58838], [-16.406901, 19.587838], [-16.406329, 19.587843], [-16.406327, 19.587572], [-16.406041, 19.587574], [-16.406038, 19.587303], [-16.406324, 19.587301], [-16.406319, 19.586759], [-16.406891, 19.586754], [-16.406889, 19.586483], [-16.407461, 19.586479], [-16.407459, 19.586208], [-16.408031, 19.586203], [-16.408026, 19.585661], [-16.408312, 19.585659], [-16.408307, 19.585117], [-16.408879, 19.585112], [-16.408877, 19.584841], [-16.409163, 19.584839], [-16.40916, 19.584568], [-16.408874, 19.58457], [-16.40887, 19.584028], [-16.408298, 19.584033], [-16.408295, 19.583762], [-16.408581, 19.583759], [-16.408579, 19.583488], [-16.408293, 19.583491], [-16.408291, 19.58322], [-16.406861, 19.583231], [-16.406863, 19.583502], [-16.407149, 19.5835], [-16.407151, 19.583771], [-16.406865, 19.583773], [-16.40687, 19.584315], [-16.405726, 19.584324], [-16.405729, 19.584595], [-16.405157, 19.584599], [-16.405159, 19.58487], [-16.404301, 19.584877], [-16.404311, 19.585961], [-16.404025, 19.585963], [-16.404029, 19.586505], [-16.404315, 19.586503], [-16.404318, 19.586774], [-16.404032, 19.586776], [-16.404034, 19.587048], [-16.403748, 19.58705], [-16.403746, 19.586779], [-16.40346, 19.586781], [-16.403457, 19.58651], [-16.402885, 19.586514], [-16.402883, 19.586243], [-16.403455, 19.586239], [-16.403453, 19.585968], [-16.403167, 19.58597], [-16.403164, 19.585699], [-16.402592, 19.585704], [-16.402595, 19.585975], [-16.402309, 19.585977], [-16.402316, 19.58679], [-16.402602, 19.586788], [-16.402607, 19.58733], [-16.402893, 19.587327], [-16.402895, 19.587598], [-16.403181, 19.587596], [-16.403178, 19.587325], [-16.404322, 19.587316], [-16.404327, 19.587858], [-16.404613, 19.587856], [-16.404618, 19.588398], [-16.404904, 19.588396], [-16.40492, 19.590293], [-16.405492, 19.590289], [-16.40549, 19.590018], [-16.406348, 19.590011], [-16.406355, 19.590824], [-16.406641, 19.590822], [-16.406648, 19.591635], [-16.40722, 19.591631]], [[-16.406927, 19.59082], [-16.406641, 19.590822], [-16.406634, 19.590009], [-16.40692, 19.590007], [-16.406927, 19.59082]], [[-16.406917, 19.589736], [-16.406631, 19.589738], [-16.406629, 19.589467], [-16.406915, 19.589465], [-16.406917, 19.589736]], [[-16.403462, 19.587052], [-16.403176, 19.587054], [-16.403174, 19.586783], [-16.40346, 19.586781], [-16.403462, 19.587052]]]}, "properties": {"layer": "meadow", "year": 2023, "sat": "S2B", "date": "2023-06-11", "area_ha": 24.48}}, {"type": "Feature", "geometry": {"type": "Polygon", "coordinates": [[[-16.410588, 19.584286], [-16.410585, 19.584015], [-16.410871, 19.584013], [-16.410864, 19.5832], [-16.410578, 19.583202], [-16.410574, 19.58266], [-16.410002, 19.582664], [-16.409999, 19.582393], [-16.409713, 19.582395], [-16.409718, 19.582937], [-16.409432, 19.58294], [-16.409437, 19.583482], [-16.409723, 19.58348], [-16.409727, 19.584022], [-16.410299, 19.584017], [-16.410302, 19.584288], [-16.410588, 19.584286]]]}, "properties": {"layer": "meadow", "year": 2023, "sat": "S2B", "date": "2023-06-11", "area_ha": 1.98}}, {"type": "Feature", "geometry": {"type": "Polygon", "coordinates": [[[-16.415723, 19.58289], [-16.415721, 19.582619], [-16.416007, 19.582617], [-16.41599, 19.58072], [-16.415704, 19.580722], [-16.415707, 19.580993], [-16.415421, 19.580995], [-16.415437, 19.582893], [-16.415723, 19.58289]]]}, "properties": {"layer": "meadow", "year": 2023, "sat": "S2B", "date": "2023-06-11", "area_ha": 1.26}}, {"type": "Feature", "geometry": {"type": "Polygon", "coordinates": [[[-16.408858, 19.582673], [-16.408853, 19.582131], [-16.409139, 19.582129], [-16.409137, 19.581858], [-16.409995, 19.581851], [-16.409992, 19.58158], [-16.410564, 19.581576], [-16.410559, 19.581034], [-16.411131, 19.581029], [-16.411129, 19.580758], [-16.411987, 19.580751], [-16.411984, 19.58048], [-16.41227, 19.580478], [-16.412268, 19.580207], [-16.411982, 19.580209], [-16.41198, 19.579938], [-16.41055, 19.579949], [-16.410552, 19.58022], [-16.409694, 19.580227], [-16.409702, 19.58104], [-16.409416, 19.581042], [-16.409418, 19.581313], [-16.408846, 19.581318], [-16.408851, 19.58186], [-16.408565, 19.581862], [-16.408567, 19.582133], [-16.408281, 19.582136], [-16.408284, 19.582407], [-16.408569, 19.582404], [-16.408572, 19.582675], [-16.408858, 19.582673]]]}, "properties": {"layer": "meadow", "year": 2023, "sat": "S2B", "date": "2023-06-11", "area_ha": 4.14}}, {"type": "Feature", "geometry": {"type": "Polygon", "coordinates": [[[-16.413703, 19.580738], [-16.413698, 19.580196], [-16.413984, 19.580194], [-16.413977, 19.57938], [-16.413691, 19.579383], [-16.413693, 19.579654], [-16.413407, 19.579656], [-16.413412, 19.580198], [-16.41284, 19.580203], [-16.412845, 19.580745], [-16.413703, 19.580738]]]}, "properties": {"layer": "meadow", "year": 2023, "sat": "S2B", "date": "2023-06-11", "area_ha": 0.99}}, {"type": "Feature", "geometry": {"type": "Polygon", "coordinates": [[[-16.415132, 19.580727], [-16.41513, 19.580456], [-16.415416, 19.580453], [-16.415406, 19.579369], [-16.415692, 19.579367], [-16.41569, 19.579096], [-16.415118, 19.5791], [-16.415123, 19.579643], [-16.414837, 19.579645], [-16.414846, 19.580729], [-16.415132, 19.580727]]]}, "properties": {"layer": "meadow", "year": 2023, "sat": "S2B", "date": "2023-06-11", "area_ha": 0.9}}, {"type": "Feature", "geometry": {"type": "Polygon", "coordinates": [[[-16.442291, 19.579698], [-16.442288, 19.579427], [-16.44286, 19.579423], [-16.442855, 19.578881], [-16.443141, 19.578878], [-16.443136, 19.578336], [-16.442565, 19.578341], [-16.442567, 19.578612], [-16.442281, 19.578614], [-16.442283, 19.578885], [-16.441711, 19.57889], [-16.441714, 19.579161], [-16.442, 19.579159], [-16.442005, 19.579701], [-16.442291, 19.579698]]]}, "properties": {"layer": "meadow", "year": 2023, "sat": "S2B", "date": "2023-06-11", "area_ha": 1.17}}, {"type": "Feature", "geometry": {"type": "Polygon", "coordinates": [[[-16.416274, 19.580447], [-16.41625, 19.577736], [-16.415964, 19.577739], [-16.415962, 19.577468], [-16.41539, 19.577472], [-16.415392, 19.577743], [-16.415106, 19.577745], [-16.415109, 19.578016], [-16.415681, 19.578012], [-16.415683, 19.578283], [-16.415969, 19.578281], [-16.415981, 19.579636], [-16.415695, 19.579638], [-16.415699, 19.58018], [-16.415985, 19.580178], [-16.415988, 19.580449], [-16.416274, 19.580447]]]}, "properties": {"layer": "meadow", "year": 2023, "sat": "S2B", "date": "2023-06-11", "area_ha": 1.62}}, {"type": "Feature", "geometry": {"type": "Polygon", "coordinates": [[[-16.395357, 19.575731], [-16.395355, 19.57546], [-16.395927, 19.575455], [-16.395922, 19.574913], [-16.395636, 19.574915], [-16.395634, 19.574644], [-16.395062, 19.574649], [-16.395064, 19.57492], [-16.394778, 19.574922], [-16.39478, 19.575193], [-16.395066, 19.575191], [-16.395071, 19.575733], [-16.395357, 19.575731]]]}, "properties": {"layer": "meadow", "year": 2023, "sat": "S2B", "date": "2023-06-11", "area_ha": 0.9}}, {"type": "Feature", "geometry": {"type": "Polygon", "coordinates": [[[-16.427588, 19.566263], [-16.427585, 19.565992], [-16.427871, 19.56599], [-16.427869, 19.565719], [-16.428155, 19.565716], [-16.428152, 19.565445], [-16.428438, 19.565443], [-16.428436, 19.565172], [-16.428722, 19.56517], [-16.428715, 19.564357], [-16.427857, 19.564363], [-16.427859, 19.564634], [-16.427288, 19.564639], [-16.42729, 19.56491], [-16.426718, 19.564915], [-16.42672, 19.565186], [-16.426435, 19.565188], [-16.426437, 19.565459], [-16.426151, 19.565461], [-16.426153, 19.565732], [-16.426439, 19.56573], [-16.426442, 19.566001], [-16.426728, 19.565999], [-16.426725, 19.565728], [-16.427011, 19.565725], [-16.427014, 19.565996], [-16.427299, 19.565994], [-16.427302, 19.566265], [-16.427588, 19.566263]]]}, "properties": {"layer": "meadow", "year": 2023, "sat": "S2B", "date": "2023-06-11", "area_ha": 3.06}}, {"type": "Feature", "geometry": {"type": "Polygon", "coordinates": [[[-16.424717, 19.532405], [-16.424712, 19.531862], [-16.424998, 19.53186], [-16.424996, 19.531589], [-16.424424, 19.531594], [-16.424426, 19.531865], [-16.42414, 19.531867], [-16.424145, 19.532409], [-16.424717, 19.532405]]]}, "properties": {"layer": "meadow", "year": 2023, "sat": "S2B", "date": "2023-06-11", "area_ha": 0.54}}, {"type": "Feature", "geometry": {"type": "Polygon", "coordinates": [[[-16.42556, 19.530772], [-16.425553, 19.529958], [-16.426411, 19.529952], [-16.426406, 19.52941], [-16.426692, 19.529407], [-16.426687, 19.528865], [-16.426973, 19.528863], [-16.426968, 19.528321], [-16.42754, 19.528317], [-16.427538, 19.528045], [-16.427823, 19.528043], [-16.427821, 19.527772], [-16.428679, 19.527765], [-16.428676, 19.527494], [-16.428962, 19.527492], [-16.428957, 19.52695], [-16.429243, 19.526948], [-16.429229, 19.525322], [-16.429515, 19.525319], [-16.429512, 19.525048], [-16.429226, 19.525051], [-16.429224, 19.52478], [-16.428367, 19.524786], [-16.428359, 19.523973], [-16.428074, 19.523976], [-16.428071, 19.523704], [-16.427785, 19.523707], [-16.427783, 19.523436], [-16.428069, 19.523433], [-16.428064, 19.522891], [-16.427778, 19.522894], [-16.427776, 19.522623], [-16.42749, 19.522625], [-16.427492, 19.522896], [-16.427206, 19.522898], [-16.427204, 19.522627], [-16.426918, 19.522629], [-16.426911, 19.521816], [-16.426625, 19.521819], [-16.42662, 19.521276], [-16.426906, 19.521274], [-16.426904, 19.521003], [-16.426618, 19.521005], [-16.426609, 19.519921], [-16.426323, 19.519924], [-16.426318, 19.519382], [-16.426032, 19.519384], [-16.426039, 19.520197], [-16.425753, 19.520199], [-16.425763, 19.521283], [-16.425191, 19.521288], [-16.425201, 19.522372], [-16.425487, 19.52237], [-16.425506, 19.524538], [-16.425791, 19.524536], [-16.425806, 19.526162], [-16.426092, 19.52616], [-16.426089, 19.525889], [-16.426375, 19.525886], [-16.426382, 19.526699], [-16.426096, 19.526702], [-16.426094, 19.526431], [-16.425808, 19.526433], [-16.42581, 19.526704], [-16.425525, 19.526706], [-16.425529, 19.527248], [-16.425815, 19.527246], [-16.42582, 19.527788], [-16.425534, 19.52779], [-16.425541, 19.528603], [-16.425255, 19.528606], [-16.42526, 19.529148], [-16.424688, 19.529152], [-16.424691, 19.529423], [-16.424977, 19.529421], [-16.424979, 19.529692], [-16.425265, 19.52969], [-16.425267, 19.529961], [-16.424981, 19.529963], [-16.424986, 19.530505], [-16.4247, 19.530507], [-16.424703, 19.530778], [-16.42556, 19.530772]], [[-16.42753, 19.527232], [-16.427245, 19.527235], [-16.42724, 19.526693], [-16.427526, 19.52669], [-16.42753, 19.527232]], [[-16.428095, 19.526415], [-16.427523, 19.526419], [-16.427518, 19.525877], [-16.428376, 19.52587], [-16.428378, 19.526141], [-16.428093, 19.526144], [-16.428095, 19.526415]], [[-16.428374, 19.525599], [-16.428088, 19.525602], [-16.428085, 19.525331], [-16.428371, 19.525328], [-16.428374, 19.525599]], [[-16.42723, 19.525608], [-16.426944, 19.525611], [-16.426937, 19.524798], [-16.427223, 19.524795], [-16.427218, 19.524253], [-16.426932, 19.524256], [-16.426928, 19.523714], [-16.427214, 19.523711], [-16.427216, 19.523982], [-16.427788, 19.523978], [-16.427792, 19.52452], [-16.427507, 19.524522], [-16.427514, 19.525335], [-16.427228, 19.525337], [-16.42723, 19.525608]], [[-16.428081, 19.524789], [-16.427795, 19.524791], [-16.427792, 19.52452], [-16.428078, 19.524518], [-16.428081, 19.524789]]]}, "properties": {"layer": "meadow", "year": 2023, "sat": "S2B", "date": "2023-06-11", "area_ha": 24.75}}]}